{"features": ["Intel Celeron 3855U 1.60GHz, Intel HD 510 shared graphics, 4GB RAM and 16GB Flash Storage", "HD resolution, IPS technology and a low reflection 14\" anti-glare Corning Gorilla Glass 3 screen", "Up to 10 hours of battery operation", "Dual-band MIMO wireless technology - 802.11a/b/g/n/ac", "Front webcam, HDMI port, (2) USB 3.0 ports and (1) USB 3.1 por", "Maximum Power Supply Wattage 45 W"], "reviewsAspects": ["chromebook", "computer", "chrome", "low", "warranty"], "productInformation": [{"\nASIN\n": "\nB01EPZIFQG\n", "Customer Reviews": "\n\n\n\n\n\n\n3.9 out of 5 stars\n\n\n\n\n\n\n\n\n36 ratings\n\n\n\n\n\n\n3.9 out of 5 stars\n", "\nBest Sellers Rank\n": "\n\n#56,764 in Computers & Accessories (See Top 100 in Computers & Accessories)\n\n#9,578 in Traditional Laptop Computers\n\n\n", "\nDate First Available\n": "\nApril 24, 2016\n"}], "productDescription": "Product description\nThe Acer CP5-471 Chromebook starts in seconds, thousands of apps, built-in virus protection, and your stuff in the cloud. This Chromebook features an Intel Core i5-6200Uprocessor to blaze through tasks and 4GB of RAM accompanied by 16GB of eMMC flash memory to keep all of your important files close by. Get more done at the office or out in the field with the speed, simplicity of Chrome OS, long battery life and spacious 14\" displays with narrow bezel designs.", "reviews": [{"reviewerName": "Amy Walsh", "reviewerUrl": "https://www.amazon.com/gp/profile/amzn1.account.AGWHF337JQJGQG7EQAEDCKTFKXQA/ref=cm_cr_getr_d_gw_btm?ie=UTF8", "rating": "2.0 out of 5 stars", "reviewTitle": "Wrong model, buts its pretty good.", "reviewDate": "December 27, 2019", "reviewText": "  wrong computer obviousle. color, age, and size are off but its a goof computer regaredless lol.", "is_Helpful": ""}, {"reviewerName": "Paul K", "reviewerUrl": "https://www.amazon.com/gp/profile/amzn1.account.AGXLBGYBPRDZINOOWIFA5EIET4FA/ref=cm_cr_arp_d_gw_btm?ie=UTF8", "rating": "5.0 out of 5 stars", "reviewTitle": "Great for grade schoolers, crazy great battery life!", "reviewDate": "September 27, 2019", "reviewText": "  Great for grade schoolers, crazy great battery life!", "is_Helpful": ""}, {"reviewerName": "Kevin Ridenour", "reviewerUrl": "https://www.amazon.com/gp/profile/amzn1.account.AFCEUE7WORLMWKANTCHX26Q6TEFQ/ref=cm_cr_arp_d_gw_btm?ie=UTF8", "rating": "1.0 out of 5 stars", "reviewTitle": "Died in 8 months", "reviewDate": "August 14, 2019", "reviewText": "  This product was bought new for Christmas of 2018.  After 8 months, the Chromebook will not boot or charge.  A reset of Power+ Refresh has no effect.  I contacted Acer for support, and was told the unit was manufactured in 2016 and was out of warranty.  I would not recommend the Acer Brand, or the seller E-Tech Direct.", "is_Helpful": ""}, {"reviewerName": "Jason", "reviewerUrl": "https://www.amazon.com/gp/profile/amzn1.account.AFSPYHVDYO6L4PGGYBCPPFGEBFTQ/ref=cm_cr_arp_d_gw_btm?ie=UTF8", "rating": "5.0 out of 5 stars", "reviewTitle": "Worth every penny", "reviewDate": "February 27, 2019", "reviewText": "\"  Ive bought two. My only complaint is the color reproduction. Its not as good as an expensive laptop.  But for the price, these are excellent devices.\"", "is_Helpful": ""}, {"reviewerName": "Thomas A. Lilly", "reviewerUrl": "https://www.amazon.com/gp/profile/amzn1.account.AFMZC6V26DDZJ7FNVIPJ4TLFHCLA/ref=cm_cr_getr_d_gw_btm?ie=UTF8", "rating": "1.0 out of 5 stars", "reviewTitle": "Would Not Reccomend", "reviewDate": "February 3, 2019", "reviewText": "\"  After a month or so of continued use, the screen broke. It no longer displays any sort of picture. It lights up, but doesnt show anything on the screen.\"", "is_Helpful": ""}, {"reviewerName": "Chris", "reviewerUrl": "https://www.amazon.com/gp/profile/amzn1.account.AHPIZHB7DPI73ATLYFMWTWTK2WBA/ref=cm_cr_arp_d_gw_btm?ie=UTF8", "rating": "4.0 out of 5 stars", "reviewTitle": "CP5-471-C0EX", "reviewDate": "November 27, 2018", "reviewText": "\"  This is a review of the CP5-471-C0EX version of Acers Chromebook 14 for Work.\", For the price point, this might be the most powerful Chromebook on offer from any OEM. While using only a 2-core Skylake-based Celeron, it will beat most other Chromebook 2-core x86/64-based processors - including newer Apollo Lake-based Chromebooks - in mobile processor benchmarks. It might not beat a 4-core ARM-based or 4-core x86/64-based Chromebook, but those models will likely be normally priced at a notably higher price., Along with the advertised \"rugged features\" (none of which I\\ve actually tested), this Chromebook offers HDMI support without needing to use a dongle, along with full-size SD card support which makes it slightly more flexible than other Chromebooks that may only support microSD cards. This is also one of the cheapest Chromebooks that allows for USB C charging, and I have been able to successfully charge this Chromebook with multiple 5V/2A cellphone chargers (the included USB C charger that comes with the Chromebook can also charge my USB C Moto g6 phone. Bonus!), I currently dual-boot my machine with both the ChromeOS and GalliumOS (partly because of a drawback listed below; read on). The write-protect screw to enable re-flashing the BIOS is easy to spot - it\\s located near the \"A\" symbol on the mainboard. This being a Skylake-based machine, headphone and speaker audio is currently not working for GalliumOS, but I knew that before going in., \"Despite the great hardware and connectivity options packed into this machine, there are notable drawbacks. The first - and worst - of these drawbacks is the screen. This has possibly the worst TN panel Ive ever used on a laptop. Color accuracy is atrocious at its very best, and whatever colors that do appear are so washed out that you will go hunting for ridiculous vertical screen angles to get some semblance of color. In the thinnest of silver linings, you can dim the screen to a very, very low brightness (and even turn off the backlight entirely), which is fine for very dark rooms.\", \"All the other downsides are minor to me. There is a fan on this model which is audible, which seems ridiculous for a part rated for a max TDP of 15W, but I guess youre guaranteed that you will never overheat and thermal throttle this Chromebook unless you really, really, really want to. There are no internal expansion options for storage, which is a bummer, but we live in a world where Chromebooks are getting progressively more locked down on the hardware level (not sure if this is a Google thing or an OEM thing, but we somehow went from an Acer C720 which had a real m.2 SATA drive connector to storage and RAM being soldered onto the board... this is regression, NOT progression, and it is maddening). And finally, Acer made it impossible to open up the baseplate on this Chromebook without breaking at least one of the plastic retention tabs. The number of screws makes this almost a non-story, but the tab near the USB C ports is so small and flimsy that it has a dual-function as an indicator that someone opened the laptop (First they came for my cars engine - but I did not speak, because I was not a mechanic. Then they came for my computers...)\", \"At the end of the day, though, this Chromebook has been just about perfect for what I wanted it for. Im able to dip my toe into Linux (yes, its Ubuntu-based, shoot me) on a small laptop that I can easily pack into my single carry-on bag and take with me wherever (it not only fits on a Southwest tray table, but it even has room to spare for the entire recessed cupholder, and should be able to deal with someone spilling their drink on it), with USB C power to enable me to charge with almost anything, while also being able to plug into my TV for use as a competent media/streaming player.\"", "is_Helpful": "3 people found this helpful"}, {"reviewerName": "R Owens", "reviewerUrl": "https://www.amazon.com/gp/profile/amzn1.account.AF7MSKTJGCKUK4JMCFW7ANDC6FSQ/ref=cm_cr_getr_d_gw_btm?ie=UTF8", "rating": "5.0 out of 5 stars", "reviewTitle": "Great buy.", "reviewDate": "November 24, 2018", "reviewText": "  Very good deal. Working great.", "is_Helpful": ""}, {"reviewerName": "Walter Barnes", "reviewerUrl": "https://www.amazon.com/gp/profile/amzn1.account.AEXHSS5LSVDF6OBE6DPCCTIZWTBA/ref=cm_cr_getr_d_gw_btm?ie=UTF8", "rating": "1.0 out of 5 stars", "reviewTitle": "Defective", "reviewDate": "November 17, 2018", "reviewText": "  Defective", "is_Helpful": ""}, {"reviewerName": "Jose Luis", "reviewerUrl": "https://www.amazon.com/gp/profile/amzn1.account.AGLEO6K5NKOXK77FIR3OAD4O2LMA/ref=cm_cr_getr_d_gw_btm?ie=UTF8", "rating": "1.0 out of 5 stars", "reviewTitle": "The laptop never turned on. I returned it.", "reviewDate": "November 9, 2018", "reviewText": "  The laptop never turned on. I returned it.", "is_Helpful": ""}, {"reviewerName": "Tom Guerin", "reviewerUrl": "https://www.amazon.com/gp/profile/amzn1.account.AFT5HT7VHP7HRGECPSLF6RXLOXOQ/ref=cm_cr_arp_d_gw_btm?ie=UTF8", "rating": "4.0 out of 5 stars", "reviewTitle": "Nice looking machine", "reviewDate": "September 8, 2018", "reviewText": "\"  It was delivered yesterday the machine and runs smoothly and looks sleek. Although  since I am used to a desktop keyboard, this one is fine, I just need to get used to it.  Btw, we have 100 mbps wifi and this one actually goes that speed when connected (My HP laptop and netbook cannot even do half of that).  Also has quick boot time and I am up and running in under 10 seconds, which as I understand is common for Chromebooks. Theres a slight learning curve from a Microsoft Windows machine but easy to learn quickly (especially if you have used tablets before) All in all a great decision to buy this.\"", "is_Helpful": "5 people found this helpful"}, {"reviewerName": "Moirak", "reviewerUrl": "https://www.amazon.com/gp/profile/amzn1.account.AEYQZSG7IO2GZU4EWYOTGOGVBKOQ/ref=cm_cr_arp_d_gw_btm?ie=UTF8", "rating": "5.0 out of 5 stars", "reviewTitle": "Perfect laptop", "reviewDate": "September 4, 2018", "reviewText": "  Perfect laptop. Easy set up. Great price. Love it!", "is_Helpful": "One person found this helpful"}, {"reviewerName": "rVLn-4", "reviewerUrl": "https://www.amazon.com/gp/profile/amzn1.account.AFW55PSRYYZKZK2NPRLQ6Q3JG4OQ/ref=cm_cr_getr_d_gw_btm?ie=UTF8", "rating": "5.0 out of 5 stars", "reviewTitle": "Acer Chromebook 14", "reviewDate": "June 18, 2018", "reviewText": "  Acer Chromebook 14. Its a very good Chromebook.", "is_Helpful": ""}, {"reviewerName": "Melissa Araujo", "reviewerUrl": "https://www.amazon.com/gp/profile/amzn1.account.AHGKPB2YPJZCE6AFR2PY43WFIHEA/ref=cm_cr_getr_d_gw_btm?ie=UTF8", "rating": "5.0 out of 5 stars", "reviewTitle": "perfect. has all i need", "reviewDate": "May 27, 2018", "reviewText": "  perfect.  has all i need.  i highly recommend", "is_Helpful": ""}, {"reviewerName": "Timothy Dean", "reviewerUrl": "https://www.amazon.com/gp/profile/amzn1.account.AHDGCR5YPKI5ITKLACMRKOVGILRA/ref=cm_cr_arp_d_gw_btm?ie=UTF8", "rating": "5.0 out of 5 stars", "reviewTitle": "I had purchase a low cost Acer Windows computer some time ago and it was good for a door stop but my Acer Chromebook is ...", "reviewDate": "May 24, 2018", "reviewText": "  Acer seems to have stepped up to the plate with its commitment to the Chrome Operating system. I had purchase a low cost Acer Windows computer some time ago and it was good for a door stop but my Acer Chromebook is wonderful and extremely fast. I love it.", "is_Helpful": "3 people found this helpful"}, {"reviewerName": "Rajesh Soami", "reviewerUrl": "https://www.amazon.com/gp/profile/amzn1.account.AHQKVNWAENRKGFBXUNIRNMJ2Q4VQ/ref=cm_cr_arp_d_gw_btm?ie=UTF8", "rating": "4.0 out of 5 stars", "reviewTitle": "Its a very nice laptop. Minimalist", "reviewDate": "February 4, 2018", "reviewText": "  Its a very nice laptop. Minimalist, fast and light weight. I like the small bezel design., Please do your research about Chrome OS before buying., My only small problem is that only some video formats are supported. And the Chrome OS apps do not solve that.", "is_Helpful": "10 people found this helpful"}, {"reviewerName": "Donna Blank", "reviewerUrl": "https://www.amazon.com/gp/profile/amzn1.account.AHZ3L6Y5QUSROLWMNGSWZ7NYB2TA/ref=cm_cr_arp_d_gw_btm?ie=UTF8", "rating": "4.0 out of 5 stars", "reviewTitle": "Great Laptop", "reviewDate": "January 31, 2017", "reviewText": "\"  I like the ease and weight of this laptop. I like that it cant get any viruses, but it is limited to certain applications. So, if you need certain programs be sure to research that before hand. The webcam and screen display are pretty good and make it an excellent work computer for an entrepreneur or for someone who travels.\"", "is_Helpful": "5 people found this helpful"}, {"reviewerName": "NOME", "reviewerUrl": "https://www.amazon.com/gp/profile/amzn1.account.AG2DH7UIGBD7W67LZ7RHJXOTXRGA/ref=cm_cr_getr_d_gw_btm?ie=UTF8", "rating": "1.0 out of 5 stars", "reviewTitle": "Five Stars", "reviewDate": "January 28, 2017", "reviewText": "  junk", "is_Helpful": "2 people found this helpful"}, {"reviewerName": "Az buyer", "reviewerUrl": "https://www.amazon.com/gp/profile/amzn1.account.AEG7OLZ7PSG6YTQA4666UX2I7NDA/ref=cm_cr_getr_d_gw_btm?ie=UTF8", "rating": "4.0 out of 5 stars", "reviewTitle": "Wrong item but no harm done.", "reviewDate": "December 23, 2016", "reviewText": "  For the amount of time ive used this laptop it has been great. I purchased this device \"new\" but i recieved a used laptop. I have worked everything out and am now going to recieve a replacement. I love the design of the glass top and aluminum interior. It does attract fingerprints but its fine if you wipe it down often. It is light weight and a good size.", "is_Helpful": "4 people found this helpful"}, {"reviewerName": "MajickMike", "reviewerUrl": "https://www.amazon.com/gp/profile/amzn1.account.AEOZ5EUZSDTQDBOPNQXW75QXMTOQ/ref=cm_cr_getr_d_gw_btm?ie=UTF8", "rating": "3.0 out of 5 stars", "reviewTitle": "Audio jack dead :/", "reviewDate": "December 13, 2016", "reviewText": "\"  Ive had this for almost three months now, it runs wonderfully.  Im typing on it right now.  My only complaint is that the headphone jack seems to have loosened up about a month ago so I cannot plug in any headphones/speakers/microphones, as the laptops speakers still play aloud when one is plugged in.  I am trying to find warranty information currently and may attempt a self-fix if the warranty doesnt cover this long.  Great, reliable, durable, fast.  Its a chromebook, what more do you need?  Battery also lasts 10-12 hours for me.\"", "is_Helpful": "2 people found this helpful"}, {"reviewerName": "amazonshopper", "reviewerUrl": "https://www.amazon.com/gp/profile/amzn1.account.AHUCIYKSF35FGPVKIPYRWINWMXCA/ref=cm_cr_getr_d_gw_btm?ie=UTF8", "rating": "2.0 out of 5 stars", "reviewTitle": "not that good", "reviewDate": "November 11, 2016", "reviewText": "  Just received this item today. First impressions are that the build quality is decent., 1.  There is some torsional movement of the main frame with applied twist force from hands., \"2.  The track pad is bad. Its clammy/glossy making finger movement across it not smooth. My fingers actually skip from vibrations caused by this. This point is the deal breaker for me.\", 3.  Although the matte screen is nice, it\\s not bright enough. I am sitting with a window behind me and it\\s \"partly sunny\". The reflection off the matte screen combined with the low brightness makes it uncomfortable to stare at.", "is_Helpful": "4 people found this helpful"}, {"reviewerName": "chancem", "reviewerUrl": "https://www.amazon.com/gp/profile/amzn1.account.AF27ZRD5TSNZGPRBEDJAPZQ6ENTQ/ref=cm_cr_arp_d_gw_btm?ie=UTF8", "rating": "5.0 out of 5 stars", "reviewTitle": "Great Chromebook for the money", "reviewDate": "October 25, 2016", "reviewText": "  Great Chromebook for the money., If all you need is an internet browser, and google docs. chromebook is the way to go", "is_Helpful": "8 people found this helpful"}, {"reviewerName": "the redhead", "reviewerUrl": "https://www.amazon.com/gp/profile/amzn1.account.AEMD75LE5TEQU3BW3I4SZOE4GLPA/ref=cm_cr_getr_d_gw_btm?ie=UTF8", "rating": "1.0 out of 5 stars", "reviewTitle": "Four Stars", "reviewDate": "October 17, 2016", "reviewText": "  have completely lost the sound on this Chrome book and the volume controls do not work.  also did not know the return warranty was less than one month. am thoroughly disgusted.....", "is_Helpful": "6 people found this helpful"}], "qAndA": [{"question": "Is this model Play Store compatible?", "answer": "Yes it is, on the stable channel"}, {"question": "Is the screen brightness to your satisfaction?", "answer": "Yes. Like everything about it so far"}, {"question": "Is Microsoft office preinstalled", "answer": "No. Since this is a Google Chrome OS there can be NO Microsoft Office installed."}, {"question": "How is the webcam ?", "answer": "have never had a problem....."}, {"question": "Does this charge off Type C?", "answer": "Yes."}, {"question": "How do you turn on the keyboard light", "answer": "Answer not available"}, {"question": "Does it have bluetooth?", "answer": "Answer not available"}, {"question": "Is it a touch screen?", "answer": "no - I use a mouse"}, {"question": "What is the octane score?", "answer": "Answer not available"}, {"question": "Is the screen 14\" diagonally or side to side?", "answer": "Answer not available"}, {"question": "Is this ssd or emmc?", "answer": "Answer not available"}, {"question": "Can i charge this with usb type c charger? like google pixel 2 charger?", "answer": "Answer not available"}, {"question": "With Chrome End of Life policy, will this only work correctly for 3 years?", "answer": "per what I read on the internet, Chrome End of Life has been extended for 6 1/2 years. as for a direct answer to your question, suggest you call Acer and ask them. I happen to really like my laptop. I use it in my kitchen to check email and look things up. that said, I have a PC that I use for all my business work."}, {"question": "Amazon lists it as having a backlit keyboard...im assuming this is indeed false information, yes?", "answer": "Really? Do not all \"Chromebook 14 for work\" have backlit keyboards? Please confirm"}, {"question": "Does this charge off Type C?", "answer": "Answer not available"}, {"question": "Is the trackpad responsive? How does the trackpad compare to other chromebooks?", "answer": "Answer not available"}, {"question": "Does it have an SD card slot?", "answer": "yes. I have one on the right side of my acer chrome"}, {"question": "does this have microSD cad slot?", "answer": "Answer not available"}, {"question": "Is the keyboard functional and responsive?", "answer": "Answer not available"}, {"question": "Is it easy to connect to printers and print?", "answer": "Yes, it's extremely easy. I didn't even need to download any drivers"}, {"question": "I'm in australia, if i need to claim warranty will i need to ship back to us?", "answer": "Oh gosh John, I have no idea, Personally I think you will have to get in touch with the warrenty department. Sorry I couldn't be of help."}, {"question": "Does it have a dvd port", "answer": "This is a Chromebook! It does have several USB ports that external drives can be plugged into. However, the Chrome OS that runs on Chromebooks, does not support playing DVD's the way Mac and Windows based laptops do. If the movie/video is accessible from the Internet then you can view it on the Acer Chromebook."}, {"question": "Is it bluetooth capable?", "answer": "Yes it has bluetooth"}, {"question": "Does this chromebook support apps from the play store and linux applications?", "answer": "Play Store yes. Linux no."}, {"question": "does it have a backlit keyboard?", "answer": "No. It does not have a backlit keyboard"}, {"question": "Does this Chromebook flip into a tablet?", "answer": "Nope. Not a touchscreen. There is a different model that does those things."}, {"question": "Does this item really have intel celeron 3855u 1.60ghz, intel hd 510 shared graphics, 4gb ram and 16gb flash storage hd resolution, ips?", "answer": "have no idea - you would have to ask a computer geek. what I can say is that I am quite happy with this Chromebook. I use it as an adjunct to my PC."}], "time": ["09/04/2021 15:46:43"], "reviewsCountInfo": {"expRevCount": "22", "actRevCount": 22, "nonEnglishRevCount": 0}, "scrapperInfo": {"Version": "1.3.2", "Released Date": "08/04/2021"}, "productURL": "https://www.amazon.com/gp/product/B01EPZIFQG", "ASIN": "B01EPZIFQG", "title": "Acer Chromebook 14, Aluminum, 14-inch HD, Intel Celeron Dual core, 4GB LPDDR3 Ram, 16GB Memory, Black, CP5-471-C0EX", "manufacturer": " Acer Store", "currentPrice": "", "rating": "3.9", "totalRatings": "36 "}