{"features": [], "reviewsAspects": ["usb port", "year old", "microsoft office", "touch screen", "get what you pay", "works great", "waste your money", "ordered the purple", "mobile app", "easy to use", "old daughter", "office mobile", "tablet and keyboard", "slow"], "productInformation": [{"\nASIN\n": "\nB01E9TXWYS\n", "Customer Reviews": "\n\n\n\n\n\n\n3.8 out of 5 stars\n\n\n\n\n\n\n\n\n255 ratings\n\n\n\n\n\n\n3.8 out of 5 stars\n", "\nDate First Available\n": "\nApril 15, 2016\n"}], "productDescription": "", "reviews": [{"reviewerName": "Kayp", "reviewerUrl": "https://www.amazon.com/gp/profile/amzn1.account.AEMSSGK3WILSORPBW42ENXNAA7NA/ref=cm_cr_getr_d_gw_btm?ie=UTF8", "rating": "1.0 out of 5 stars", "reviewTitle": "So  upset", "reviewDate": "February 9, 2021", "reviewText": "  I Asolutely was needing this product so I never returned it in the first place. I ordered a purple one but it arrived black. We needed it for online schooling so we delt with the color. Less than a year later it stopped charging. I send in my claim thru rca for a repair, and this item has already been from a repaired claim. Altho I bought it \"brand new\" I cannot get it repaired because its past its original warranty", "is_Helpful": ""}, {"reviewerName": "MiMi", "reviewerUrl": "https://www.amazon.com/gp/profile/amzn1.account.AGQQIGTG3DARPKZXW4JOHZOTTEPQ/ref=cm_cr_getr_d_gw_btm?ie=UTF8", "rating": "5.0 out of 5 stars", "reviewTitle": "Needed for school.", "reviewDate": "June 6, 2020", "reviewText": "  With everything that happened, my daughter needed a quick fix until I could come up with something better. This was available, with prime shipping and works great.", "is_Helpful": ""}, {"reviewerName": "Sada Johnston", "reviewerUrl": "https://www.amazon.com/gp/profile/amzn1.account.AGVYGGE63F7YWVWSS65FNRWNMYNQ/ref=cm_cr_getr_d_gw_btm?ie=UTF8", "rating": "2.0 out of 5 stars", "reviewTitle": "You get what you pay for.", "reviewDate": "May 30, 2020", "reviewText": "  Bought this for my daughter for Christmas. You get what you pay for. It lasted about 5 months but not quite. If you\u2019re looking for a temporary cheap tablet then this is the one for you but if you\u2019re shopping for quality, don\u2019t purchase.", "is_Helpful": ""}, {"reviewerName": "Hector Velez", "reviewerUrl": "https://www.amazon.com/gp/profile/amzn1.account.AEYKQDWFRGIA4OYYMGURRAEXFKPQ/ref=cm_cr_getr_d_gw_btm?ie=UTF8", "rating": "5.0 out of 5 stars", "reviewTitle": "Excellent", "reviewDate": "May 28, 2020", "reviewText": "  Excellent product", "is_Helpful": ""}, {"reviewerName": "Felicia Turner", "reviewerUrl": "https://www.amazon.com/gp/profile/amzn1.account.AECUYH43SHKTQEJPHUQO3WT6T4EQ/ref=cm_cr_getr_d_gw_btm?ie=UTF8", "rating": "1.0 out of 5 stars", "reviewTitle": "No good", "reviewDate": "May 27, 2020", "reviewText": "  I got this for school and it sucks. Battery life goes very fast. This thing dies if it\u2019s not sitting on the charger constantly. Very disappointed", "is_Helpful": ""}, {"reviewerName": "Arleen Gallegos", "reviewerUrl": "https://www.amazon.com/gp/profile/amzn1.account.AFLEGMRPCV5B2VAC5AFDZ2YQY7JA/ref=cm_cr_getr_d_gw_btm?ie=UTF8", "rating": "4.0 out of 5 stars", "reviewTitle": "Do better", "reviewDate": "February 13, 2020", "reviewText": "\"  Could have a USB cant print. Volume low. Keyboard alr ady sticks\"", "is_Helpful": ""}, {"reviewerName": "Trey Helms", "reviewerUrl": "https://www.amazon.com/gp/profile/amzn1.account.AH4IXRHX5H4GBOBKYLP5IHPBZWIA/ref=cm_cr_getr_d_gw_btm?ie=UTF8", "rating": "5.0 out of 5 stars", "reviewTitle": "Kids liked it", "reviewDate": "February 6, 2020", "reviewText": "  Kids liked it", "is_Helpful": ""}, {"reviewerName": "Amazon Customer", "reviewerUrl": "https://www.amazon.com/gp/profile/amzn1.account.AE5LJZXY3AFJ5RTZENKMFKLXSJVQ/ref=cm_cr_getr_d_gw_btm?ie=UTF8", "rating": "1.0 out of 5 stars", "reviewTitle": "Viking Tablet", "reviewDate": "February 3, 2020", "reviewText": "\"  Ordered this for my 10 yr. old daughter. Was a waste of money.  When you turn it on it is stuck in the word Viking and you cannot get it to work. I tried to reset it and it did once and since then it doesnt work. Wish I could get a refund. Its just a waste.\"", "is_Helpful": ""}, {"reviewerName": "Karem kawamura", "reviewerUrl": "https://www.amazon.com/gp/profile/amzn1.account.AFFIUIYJNYOFPXPLD6B6RPGWB76Q/ref=cm_cr_getr_d_gw_btm?ie=UTF8", "rating": "4.0 out of 5 stars", "reviewTitle": "Laptop", "reviewDate": "January 27, 2020", "reviewText": "  Easy for kids", "is_Helpful": ""}, {"reviewerName": "Amazon Customer", "reviewerUrl": "https://www.amazon.com/gp/profile/amzn1.account.AH2GVCEG3IT4FNEZOIEFLAE6LITA/ref=cm_cr_getr_d_gw_btm?ie=UTF8", "rating": "3.0 out of 5 stars", "reviewTitle": "Gets the paper done..", "reviewDate": "January 9, 2020", "reviewText": "  Did alot of contemplating about buying this, its good value for the buck. Bought it for school, so mostly papers using micosoft. The keyboard could use some improvement but I like that its convenient.", "is_Helpful": ""}, {"reviewerName": "Dorothy Valenzuela", "reviewerUrl": "https://www.amazon.com/gp/profile/amzn1.account.AF4DPTQWIL4KQ4G6F6WBZETJPOBA/ref=cm_cr_getr_d_gw_btm?ie=UTF8", "rating": "5.0 out of 5 stars", "reviewTitle": "I love it", "reviewDate": "January 8, 2020", "reviewText": "  I love it", "is_Helpful": ""}, {"reviewerName": "Buyer of things", "reviewerUrl": "https://www.amazon.com/gp/profile/amzn1.account.AEGKI667LMKBGIQN2XDPTLWZWU5Q/ref=cm_cr_getr_d_gw_btm?ie=UTF8", "rating": "5.0 out of 5 stars", "reviewTitle": "good", "reviewDate": "November 17, 2019", "reviewText": "  good", "is_Helpful": ""}, {"reviewerName": "Kindle Customer", "reviewerUrl": "https://www.amazon.com/gp/profile/amzn1.account.AEF4IM5MBBKCR3FYXV5WHDLGQRNQ/ref=cm_cr_getr_d_gw_btm?ie=UTF8", "rating": "4.0 out of 5 stars", "reviewTitle": "love it", "reviewDate": "November 13, 2019", "reviewText": "  love the device used mostly for kindle app", "is_Helpful": ""}, {"reviewerName": "Mari W", "reviewerUrl": "https://www.amazon.com/gp/profile/amzn1.account.AEEN45M7P2HWW7A4ZGHSSGAL7FIQ/ref=cm_cr_getr_d_gw_btm?ie=UTF8", "rating": "4.0 out of 5 stars", "reviewTitle": "For a young woman", "reviewDate": "October 29, 2019", "reviewText": "  Bought for my niece to enjoy streaming videos as well as getting paperwork done., Would recommend this for budget minded people", "is_Helpful": "One person found this helpful"}, {"reviewerName": "William Brumlow", "reviewerUrl": "https://www.amazon.com/gp/profile/amzn1.account.AFX4YFLUXW2DEFGKTL4K2MGFAC2Q/ref=cm_cr_getr_d_gw_btm?ie=UTF8", "rating": "5.0 out of 5 stars", "reviewTitle": "The only this unit does not have is a magnetic compass and calibrated altimeter", "reviewDate": "October 25, 2019", "reviewText": "  Its the best most complete computer for its size and price on the market", "is_Helpful": ""}, {"reviewerName": "cynthia williams", "reviewerUrl": "https://www.amazon.com/gp/profile/amzn1.account.AFUB3QPHGCIRE6JMZS5Z5XFAZN6Q/ref=cm_cr_getr_d_gw_btm?ie=UTF8", "rating": "4.0 out of 5 stars", "reviewTitle": "Works great!", "reviewDate": "September 30, 2019", "reviewText": "  As of right now tablet working great. With fast internet  we have no problems!", "is_Helpful": ""}, {"reviewerName": "Lois K Grace", "reviewerUrl": "https://www.amazon.com/gp/profile/amzn1.account.AFSNRS2N3TABHAGT6COTRXDIBNWA/ref=cm_cr_getr_d_gw_btm?ie=UTF8", "rating": "1.0 out of 5 stars", "reviewTitle": "Android", "reviewDate": "September 28, 2019", "reviewText": "  Broke do not know what was wrong but the people i got it from were the best and gave great service", "is_Helpful": ""}, {"reviewerName": "Tracey Cote", "reviewerUrl": "https://www.amazon.com/gp/profile/amzn1.account.AHGAFUGLTSLY56JKKCRWEILL4WLA/ref=cm_cr_getr_d_gw_btm?ie=UTF8", "rating": "1.0 out of 5 stars", "reviewTitle": "Do not buy this laptop", "reviewDate": "September 28, 2019", "reviewText": "  I bought it for school but needed Microsoft and nothing for Microsoft was compatible with this lap top. Also every time I tried to use the laptop it would exit out of whatever I\u2019m doing and bring me back to the home screen and it took forever to load anything I tried to do, but that didn\u2019t matter cuz it would just exit out of it anyways", "is_Helpful": ""}, {"reviewerName": "Clemercy Whaley", "reviewerUrl": "https://www.amazon.com/gp/profile/amzn1.account.AFMSTLNBDZ52WRD3PQRXV7JQPFVQ/ref=cm_cr_getr_d_gw_btm?ie=UTF8", "rating": "3.0 out of 5 stars", "reviewTitle": "\"Its very slow, and the keyboard is useless, I could have saved the money I spent on it.\"", "reviewDate": "September 26, 2019", "reviewText": "\"  No, this tablet is very slow, still dont know how to work the keyboard,  I bought another more efficient one and only use this one as a backup, hate I spent the money on this one but its good to have an extra.\"", "is_Helpful": ""}, {"reviewerName": "Redhead", "reviewerUrl": "https://www.amazon.com/gp/profile/amzn1.account.AFUILLX6SVSIDEZ6VKJVYB632BNQ/ref=cm_cr_arp_d_gw_btm?ie=UTF8", "rating": "1.0 out of 5 stars", "reviewTitle": "Do Not Buy This", "reviewDate": "September 10, 2019", "reviewText": "  I have had nothing butnpriblems with this tablet and I should have just returned it.  Ever since I added a second profile, it seemed to go haywire.  It is terribly laggy, even just in turning it on and choosing a profile.  Then you finally get in and choose an app or even try to swipe to second page of homescreen and it hangs up again.  It often tells me apps are not responding and asks if I want to wait or close, and I find I have to reboot it a lot because of the lag.  Also, it stated that it came with free Microsoft Office, but I found no evidence of that.  I though the keyboard would be useful, but I often find that it is not compatible with an app or website even, maki g it cumbersome.  Plus it disconnects easily, often causing your running app to reload or crash.", "is_Helpful": ""}, {"reviewerName": "Sasacha Dyas", "reviewerUrl": "https://www.amazon.com/gp/profile/amzn1.account.AHE75Y3UM56AHEXR2KW4HNHMPWWA/ref=cm_cr_arp_d_gw_btm?ie=UTF8", "rating": "4.0 out of 5 stars", "reviewTitle": "Great Product for the Price", "reviewDate": "September 6, 2019", "reviewText": "\"  I honestly wasnt expecting much when i ordered it because it was so cheap and especially after reading all the negative reviews, but it works pretty damn well i have yet to have any serious problems with it. Its cute portable and easy to use, absolutely love it so far.\"", "is_Helpful": "9 people found this helpful"}, {"reviewerName": "Johanna Reynolds", "reviewerUrl": "https://www.amazon.com/gp/profile/amzn1.account.AGP2AOTMAS6PRRHZIPWQL2E6IWUQ/ref=cm_cr_getr_d_gw_btm?ie=UTF8", "rating": "4.0 out of 5 stars", "reviewTitle": "Well it is a 32 gb in a lot of memory has two cameras", "reviewDate": "September 5, 2019", "reviewText": "\"  I use this product for writing playing video games and several other things like going on in the internet communicating on messenger and thats about it\"", "is_Helpful": ""}, {"reviewerName": "Denis Donahoe ", "reviewerUrl": "https://www.amazon.com/gp/profile/amzn1.account.AFDY7ITETTLHOBNGBR4INT3EM5BA/ref=cm_cr_getr_d_gw_btm?ie=UTF8", "rating": "5.0 out of 5 stars", "reviewTitle": "The battery last like 4 hours", "reviewDate": "August 28, 2019", "reviewText": "  Great product", "is_Helpful": ""}, {"reviewerName": "Shadowmom", "reviewerUrl": "https://www.amazon.com/gp/profile/amzn1.account.AH6JIERHV5CN6YS5EEBZIXOMOV6Q/ref=cm_cr_arp_d_gw_btm?ie=UTF8", "rating": "5.0 out of 5 stars", "reviewTitle": "Great", "reviewDate": "August 17, 2019", "reviewText": "  My husband has one and I loved it so thought I should get one for myself.  The keyboard is there when I need it otherwise the touch screen is awesome!", "is_Helpful": "3 people found this helpful"}, {"reviewerName": "Roberta C Hicks", "reviewerUrl": "https://www.amazon.com/gp/profile/amzn1.account.AET62IU24FTR34PHJRAFLXVOZJ3A/ref=cm_cr_getr_d_gw_btm?ie=UTF8", "rating": "5.0 out of 5 stars", "reviewTitle": "Great Product", "reviewDate": "August 11, 2019", "reviewText": "  This is the third one we have purchased.  It is a great product, easy to use and very efficient.", "is_Helpful": ""}, {"reviewerName": "nycole", "reviewerUrl": "https://www.amazon.com/gp/profile/amzn1.account.AHHN3ZQQOUTIXLHSALAFKUHNC3ZA/ref=cm_cr_getr_d_gw_btm?ie=UTF8", "rating": "3.0 out of 5 stars", "reviewTitle": "Did not get the product pictured and displayed on the order....", "reviewDate": "August 8, 2019", "reviewText": "\"  It was just delivered today....after looking at it I realise I didnt get the one that is in the picture.....ummmm I guess we will see how it works out.\"", "is_Helpful": "5 people found this helpful"}, {"reviewerName": "Susan Garrison", "reviewerUrl": "https://www.amazon.com/gp/profile/amzn1.account.AF5P24IPJBRVFQBLV6TUF755IVQQ/ref=cm_cr_getr_d_gw_btm?ie=UTF8", "rating": "4.0 out of 5 stars", "reviewTitle": "Good game playing tool", "reviewDate": "August 2, 2019", "reviewText": "  Good for the grandkids", "is_Helpful": ""}, {"reviewerName": "Erahn Anderson", "reviewerUrl": "https://www.amazon.com/gp/profile/amzn1.account.AFXTKVYFEGE7SDZTCAYP3A5DB2ZQ/ref=cm_cr_getr_d_gw_btm?ie=UTF8", "rating": "5.0 out of 5 stars", "reviewTitle": "Tracking", "reviewDate": "June 28, 2019", "reviewText": "  I do dislike it", "is_Helpful": ""}, {"reviewerName": "JennBridges", "reviewerUrl": "https://www.amazon.com/gp/profile/amzn1.account.AFP5MKOGCA6RIOHEM3ZUCM62G7LA/ref=cm_cr_getr_d_gw_btm?ie=UTF8", "rating": "1.0 out of 5 stars", "reviewTitle": "sending back for repair", "reviewDate": "May 9, 2019", "reviewText": "  after just 4 months the screen wentout", "is_Helpful": ""}, {"reviewerName": "K Hutch", "reviewerUrl": "https://www.amazon.com/gp/profile/amzn1.account.AG5IBGYGUV7DXK7VSRJVSUOTIHTA/ref=cm_cr_getr_d_gw_btm?ie=UTF8", "rating": "3.0 out of 5 stars", "reviewTitle": "Something to use for now", "reviewDate": "May 7, 2019", "reviewText": "  Screen messes up easy but for the price it\u2019s ok. My 2 year old loved it but it\u2019s broken now", "is_Helpful": ""}, {"reviewerName": "kb", "reviewerUrl": "https://www.amazon.com/gp/profile/amzn1.account.AGWNVGFEUZ2D6IT4YM2VCYZC4FJQ/ref=cm_cr_getr_d_gw_btm?ie=UTF8", "rating": "5.0 out of 5 stars", "reviewTitle": "Love it", "reviewDate": "May 3, 2019", "reviewText": "  Love it so far.", "is_Helpful": ""}, {"reviewerName": "Misty Ballenger", "reviewerUrl": "https://www.amazon.com/gp/profile/amzn1.account.AF7QQ6TLSLWOCBEQPJUAXZP7NA4Q/ref=cm_cr_arp_d_gw_btm?ie=UTF8", "rating": "5.0 out of 5 stars", "reviewTitle": "Nifty little Laptop/Tablet", "reviewDate": "May 1, 2019", "reviewText": "  Pleasant surprise with this one. Ordering a second to replace older tablet. Keyboard attaches securely but easily removed as needed. Full size USB port so no adapters needed. Touchscreen responds as expected.", "is_Helpful": "2 people found this helpful"}, {"reviewerName": "AlyGraves", "reviewerUrl": "https://www.amazon.com/gp/profile/amzn1.account.AGYMN753WSFWBWLEVZSKILQZGGPA/ref=cm_cr_getr_d_gw_btm?ie=UTF8", "rating": "3.0 out of 5 stars", "reviewTitle": "It\u2019s really slow", "reviewDate": "April 17, 2019", "reviewText": "  I would love this, and I guess you get what you pay for, but it\u2019s soooooooo slooooooooow.  It\u2019s like 1992 computer slow. I only play cookie jam on it, so it\u2019s not like I have things running in the background and yet it takes forever just to load anything. I didn\u2019t expect much, but I sure didn\u2019t expect the tablet to be this slow. This is right out of the box, I charged it fully, had it about 2 weeks now so haven\u2019t made any updates. Maybe that would work.", "is_Helpful": ""}, {"reviewerName": "Joan S.", "reviewerUrl": "https://www.amazon.com/gp/profile/amzn1.account.AFVY5CJ7WMTPVB3R2JQKDC5LMGDQ/ref=cm_cr_getr_d_gw_btm?ie=UTF8", "rating": "5.0 out of 5 stars", "reviewTitle": "Everything I need", "reviewDate": "March 26, 2019", "reviewText": "  I love my tablet! Small enough to be totally portable and much easier to use that my phone! I have office, apps, email, camera, text messaging!!", "is_Helpful": ""}, {"reviewerName": "Rebekah", "reviewerUrl": "https://www.amazon.com/gp/profile/amzn1.account.AEUM4XUKE22ZZDRO2SEPQXGIZQCA/ref=cm_cr_getr_d_gw_btm?ie=UTF8", "rating": "2.0 out of 5 stars", "reviewTitle": "Very Disappointed in Tablet", "reviewDate": "March 13, 2019", "reviewText": "  I bought this to use for research and typing papers for school. Right out of the box it kept telling me I needed to update everything but also said that Google Play services weren\\t on the device even though they were. Eventually it started working. Not even 24 hours later it\\s repeatedly freezing and closing out anything I have open. It\\s also very slow. The \"charger\" that came with it is absolutely pointless as it does nothing. I had to get a regular Android charger for it., Also, the tablet and keyboard are slightly different shades of purple., The battery did last a pretty good while straight out the box and connecting to and from the keyboard is quick and easy., \"Overall, Im very disappointed as this is no better (if not worse than) the $30 RCA tablets at Wal-Mart.\"", "is_Helpful": ""}, {"reviewerName": "loralyn geggatt", "reviewerUrl": "https://www.amazon.com/gp/profile/amzn1.account.AFVPMINVVYNKHPDKH2P4DEGNRYWQ/ref=cm_cr_getr_d_gw_btm?ie=UTF8", "rating": "2.0 out of 5 stars", "reviewTitle": "Sloooooooooow", "reviewDate": "March 10, 2019", "reviewText": "\"  I bought 3 of these for Christmas. Now I understand its a tablet and not a computer but I havent seen anything this slow since dial up ugh. Constantly freezing, and out of nowhere. Email has stopped working notification every 30 seconds, pdf stopped working every minute, Horrible. Now I have to eat the money I spent on 3 of these and get new ones elsewhere\"", "is_Helpful": ""}, {"reviewerName": "Bmorina1", "reviewerUrl": "https://www.amazon.com/gp/profile/amzn1.account.AELPKU2QVPVBOVVJ7NR6LNJHCWOQ/ref=cm_cr_arp_d_gw_btm?ie=UTF8", "rating": "5.0 out of 5 stars", "reviewTitle": "Awesome", "reviewDate": "February 19, 2019", "reviewText": "  Awesome tablet. Got it for my daughter for her birthday, shes 8. She has games and a couple movies played on it. We also bought a mouse and mousepad for easier play. No complaints!", "is_Helpful": "7 people found this helpful"}, {"reviewerName": "Chernika L Corbett", "reviewerUrl": "https://www.amazon.com/gp/profile/amzn1.account.AGMVCWWDNO3QFLMDEFCICIQZ4LWQ/ref=cm_cr_getr_d_gw_btm?ie=UTF8", "rating": "1.0 out of 5 stars", "reviewTitle": "Could be better", "reviewDate": "January 11, 2019", "reviewText": "\"  Unfortunately this item didnt work so I had to return it screen kept freezing. The amount was decent\"", "is_Helpful": ""}, {"reviewerName": "John Reed", "reviewerUrl": "https://www.amazon.com/gp/profile/amzn1.account.AGWO7T7XYQCSVZT5FB552IKDYC2Q/ref=cm_cr_getr_d_gw_btm?ie=UTF8", "rating": "4.0 out of 5 stars", "reviewTitle": "Ok", "reviewDate": "December 30, 2018", "reviewText": "  Ok", "is_Helpful": ""}, {"reviewerName": "Cristina Moreno", "reviewerUrl": "https://www.amazon.com/gp/profile/amzn1.account.AHF37ZHVLF52UGA4YS3BJPQRAYOQ/ref=cm_cr_getr_d_gw_btm?ie=UTF8", "rating": "5.0 out of 5 stars", "reviewTitle": "Great buy!", "reviewDate": "December 26, 2018", "reviewText": "\"  I bought this for my 8 year old daughter and she says its very easy to use...she uses this for gaming only so IDK how it performance with anything else... Also the tablet has a usb port so we were able to connect a wireless mouse :)\"", "is_Helpful": ""}, {"reviewerName": "Josh", "reviewerUrl": "https://www.amazon.com/gp/profile/amzn1.account.AGLNFJ5ZGI6J2I6Z4VG3CAC2JUBA/ref=cm_cr_getr_d_gw_btm?ie=UTF8", "rating": "5.0 out of 5 stars", "reviewTitle": "Fast", "reviewDate": "December 19, 2018", "reviewText": "\"  Works really well for what my daughter uses it for, Ive used it a couple of times its fast not much lag even when you have a couple apps running handles all the android games she has thrown at it.\"", "is_Helpful": ""}, {"reviewerName": "Vonnie", "reviewerUrl": "https://www.amazon.com/gp/profile/amzn1.account.AFZKKRLWG6V7RUTK65P2LSOIYY6Q/ref=cm_cr_getr_d_gw_btm?ie=UTF8", "rating": "5.0 out of 5 stars", "reviewTitle": "Christmas present", "reviewDate": "December 19, 2018", "reviewText": "  Love it", "is_Helpful": ""}, {"reviewerName": "isjamai hayward", "reviewerUrl": "https://www.amazon.com/gp/profile/amzn1.account.AEI246PAAW6GWNBIZUZCK3LVA5NA/ref=cm_cr_getr_d_gw_btm?ie=UTF8", "rating": "1.0 out of 5 stars", "reviewTitle": "How to fix my problem dont buy used", "reviewDate": "December 9, 2018", "reviewText": "\"  I cant use to product I brought. It was used and is locked to the Google account that was previously one the system\"", "is_Helpful": ""}, {"reviewerName": "CeCe D.", "reviewerUrl": "https://www.amazon.com/gp/profile/amzn1.account.AGJO5J4NDDHTHAEFVEB35VG6TTRA/ref=cm_cr_getr_d_gw_btm?ie=UTF8", "rating": "3.0 out of 5 stars", "reviewTitle": "You get what you pay for.", "reviewDate": "December 3, 2018", "reviewText": "  Purchased purple viking pro received a pink one.", "is_Helpful": ""}, {"reviewerName": "Annette Payette", "reviewerUrl": "https://www.amazon.com/gp/profile/amzn1.account.AEIMDF6MXBUSRRUKCRA4RRZ63UWQ/ref=cm_cr_getr_d_gw_btm?ie=UTF8", "rating": "2.0 out of 5 stars", "reviewTitle": "Good price bad setup", "reviewDate": "November 29, 2018", "reviewText": "  My sister couldn\u2019t connect to the internet plus tried the factory reset and it still asks for password which neither one of us can remember", "is_Helpful": ""}, {"reviewerName": "andrea", "reviewerUrl": "https://www.amazon.com/gp/profile/amzn1.account.AHNCT4LHZQ4P2MKPYPDWD5GV45ZQ/ref=cm_cr_getr_d_gw_btm?ie=UTF8", "rating": "5.0 out of 5 stars", "reviewTitle": "Great product", "reviewDate": "November 16, 2018", "reviewText": "  Great product", "is_Helpful": ""}, {"reviewerName": "Debra Friend", "reviewerUrl": "https://www.amazon.com/gp/profile/amzn1.account.AEV4YBPQDKTDYXAHA4N2SQRLXT3Q/ref=cm_cr_getr_d_gw_btm?ie=UTF8", "rating": "1.0 out of 5 stars", "reviewTitle": "Did not last will no longer work", "reviewDate": "September 29, 2018", "reviewText": "  This has already stopped working,  will not turn,", "is_Helpful": "One person found this helpful"}, {"reviewerName": "Koolbreeze64", "reviewerUrl": "https://www.amazon.com/gp/profile/amzn1.account.AH2WDN5XNCXKKJWOPJL4LF72VDIA/ref=cm_cr_getr_d_gw_btm?ie=UTF8", "rating": "5.0 out of 5 stars", "reviewTitle": "My 2 and 4 year old each have one. They love it", "reviewDate": "September 18, 2018", "reviewText": "  Like everything", "is_Helpful": ""}, {"reviewerName": "Faataualofa mauigoa", "reviewerUrl": "https://www.amazon.com/gp/profile/amzn1.account.AHB4BAGAITDWXSKTAZ5YMNFCTWJA/ref=cm_cr_getr_d_gw_btm?ie=UTF8", "rating": "4.0 out of 5 stars", "reviewTitle": "It\u2019s great", "reviewDate": "September 10, 2018", "reviewText": "  I love it", "is_Helpful": ""}, {"reviewerName": "Your Royal Highness", "reviewerUrl": "https://www.amazon.com/gp/profile/amzn1.account.AGKTQ6KDOKLJYF2EN3F7QQ4XIHPA/ref=cm_cr_getr_d_gw_btm?ie=UTF8", "rating": "4.0 out of 5 stars", "reviewTitle": "Review", "reviewDate": "September 3, 2018", "reviewText": "  Good buy.", "is_Helpful": ""}, {"reviewerName": "hddsq", "reviewerUrl": "N/A", "rating": "1.0 out of 5 stars", "reviewTitle": "        , Do not recommend,", "reviewDate": "August 30, 2018", "reviewText": "\"  This product is one month old and cant even start it up at all anymore. Tried to go through amazon for an exchange and they wont even help. Do not buy it!!!!! Now its a $180 paperweight.\"", "is_Helpful": "One person found this helpful"}, {"reviewerName": "johnie chalmers", "reviewerUrl": "https://www.amazon.com/gp/profile/amzn1.account.AE6A7LFICI7O45PABNMJ2SMTRXZQ/ref=cm_cr_getr_d_gw_btm?ie=UTF8", "rating": "4.0 out of 5 stars", "reviewTitle": "Great Buy", "reviewDate": "August 14, 2018", "reviewText": "  Everything about this is good except for 1 thing. The reason i gave it 4 stars is the camera. If i could give it 4 1/2 stars i would. The keyboard is good and the tablet also. worth every penny. i recomend buying this if you are looking for a tablet.", "is_Helpful": ""}, {"reviewerName": "Louis Lopez", "reviewerUrl": "https://www.amazon.com/gp/profile/amzn1.account.AEST7OCELPOWAF2TJNX7NFYFVQYA/ref=cm_cr_getr_d_gw_btm?ie=UTF8", "rating": "5.0 out of 5 stars", "reviewTitle": "Works as intended", "reviewDate": "August 2, 2018", "reviewText": "  Steaming YouTube,playing on apps or browsing the web. Works good.", "is_Helpful": ""}, {"reviewerName": "Papa in CA.", "reviewerUrl": "https://www.amazon.com/gp/profile/amzn1.account.AESFBYCQZVUD5F6OQBQ5QV2YBFRQ/ref=cm_cr_getr_d_gw_btm?ie=UTF8", "rating": "5.0 out of 5 stars", "reviewTitle": "Very nice", "reviewDate": "July 26, 2018", "reviewText": "\"  My Grand Child loves it. I thinks its great\"", "is_Helpful": ""}, {"reviewerName": "mariomolina", "reviewerUrl": "https://www.amazon.com/gp/profile/amzn1.account.AE2NLRGCOIHQQNXS2LY7RS4FRUTQ/ref=cm_cr_getr_d_gw_btm?ie=UTF8", "rating": "3.0 out of 5 stars", "reviewTitle": "It\u2019s not ment for any actual work.", "reviewDate": "July 21, 2018", "reviewText": "  It\u2019s fairly small. The screen when it\u2019s docked doesn\u2019t have much of an angle. It does not come with office mobile app. It\u2019s android 5.0 and the camera quality is bad. It\u2019s not for school or for any actual work it\u2019s more like a stream videos or play games kind of system. It\u2019s not too bad but it\u2019s not great. The system so far has not crashed and does not lag.", "is_Helpful": ""}, {"reviewerName": "Mrs~B~Havin", "reviewerUrl": "https://www.amazon.com/gp/profile/amzn1.account.AHLRFSIRMWYEETPLEPIB4Z5NFHVA/ref=cm_cr_getr_d_gw_btm?ie=UTF8", "rating": "4.0 out of 5 stars", "reviewTitle": "Nice", "reviewDate": "June 26, 2018", "reviewText": "  Works really good. Lots of memory and storage. But slow to start up and opening apps", "is_Helpful": ""}, {"reviewerName": "Andrew Halstead", "reviewerUrl": "https://www.amazon.com/gp/profile/amzn1.account.AGOXELOBM2RVQL5W2YAUZZLZZDLQ/ref=cm_cr_getr_d_gw_btm?ie=UTF8", "rating": "1.0 out of 5 stars", "reviewTitle": "Do not buy!!", "reviewDate": "June 24, 2018", "reviewText": "\"  Awful. Even with with keyboard attached and the tablet closed... It scratched the screen to pieces and its unusable. .\"", "is_Helpful": ""}, {"reviewerName": "sherry stewart", "reviewerUrl": "https://www.amazon.com/gp/profile/amzn1.account.AFBQU46PRQIVSSHWR3NSCKTJYJDA/ref=cm_cr_getr_d_gw_btm?ie=UTF8", "rating": "5.0 out of 5 stars", "reviewTitle": "\"You cant go wrong with this tablet \ud83d\ude0a\ud83d\ude4c\u2764\u270b\ud83d\udc4d\u270c\"", "reviewDate": "June 21, 2018", "reviewText": "  I love my tablet a lot I use it every day \ud83d\ude0a\ud83d\ude4c\u2764\u270b\ud83d\udc4d\u270c", "is_Helpful": "5 people found this helpful"}, {"reviewerName": "TINA", "reviewerUrl": "https://www.amazon.com/gp/profile/amzn1.account.AHNLJ7RFCONEPPQSB7RONQN2JYNA/ref=cm_cr_getr_d_gw_btm?ie=UTF8", "rating": "1.0 out of 5 stars", "reviewTitle": "One Star", "reviewDate": "June 14, 2018", "reviewText": "  Charger does not work", "is_Helpful": ""}, {"reviewerName": "Nicole", "reviewerUrl": "https://www.amazon.com/gp/profile/amzn1.account.AH7KBGP4WPOOQWJIPBBMTRBTPSUA/ref=cm_cr_getr_d_gw_btm?ie=UTF8", "rating": "5.0 out of 5 stars", "reviewTitle": "Five Stars", "reviewDate": "May 29, 2018", "reviewText": "  Love it.", "is_Helpful": "One person found this helpful"}, {"reviewerName": "LC ", "reviewerUrl": "https://www.amazon.com/gp/profile/amzn1.account.AE3GR2JUKSIWRNIHPQIVIWVAZNRQ/ref=cm_cr_getr_d_gw_btm?ie=UTF8", "rating": "4.0 out of 5 stars", "reviewTitle": "Does the job", "reviewDate": "April 11, 2018", "reviewText": "  Gets the job done if you need to check emails, browse, or use android apps.", "is_Helpful": ""}, {"reviewerName": "Xenophile", "reviewerUrl": "https://www.amazon.com/gp/profile/amzn1.account.AH3S3J6EP3GADICOFLV2VRLJKZNA/ref=cm_cr_getr_d_gw_btm?ie=UTF8", "rating": "4.0 out of 5 stars", "reviewTitle": "Nice, light, and compact.", "reviewDate": "March 18, 2018", "reviewText": "\"  This is working well, though I have not figured out how to work the most part. Right now I have to do everything by touch screen. Otherwise its quite nice.\"", "is_Helpful": "One person found this helpful"}, {"reviewerName": "Tommy", "reviewerUrl": "https://www.amazon.com/gp/profile/amzn1.account.AGUMCYND4VNWS4UD45NNUFJDY5BQ/ref=cm_cr_getr_d_gw_btm?ie=UTF8", "rating": "5.0 out of 5 stars", "reviewTitle": "Five Stars", "reviewDate": "February 28, 2018", "reviewText": "  good", "is_Helpful": ""}, {"reviewerName": "Heather M. Ivey", "reviewerUrl": "https://www.amazon.com/gp/profile/amzn1.account.AED7Q6N7IBBOGJROIRMOCP4N5O2A/ref=cm_cr_arp_d_gw_btm?ie=UTF8", "rating": "2.0 out of 5 stars", "reviewTitle": "Slow screen but nice size", "reviewDate": "February 26, 2018", "reviewText": "\"  I like the size and color of the device, but for the life of me, I cant figure out how to get the screen to respond quicker.  This is a good BASIC tablet, maybe for a teen, but if youre wanting it for business, I recommend paying the extra money and going with something like a Galaxy Tab.\"", "is_Helpful": "6 people found this helpful"}, {"reviewerName": "Judy Hoffman", "reviewerUrl": "https://www.amazon.com/gp/profile/amzn1.account.AHW6E5QO7S2RF3GDXLXRWCZEHOMQ/ref=cm_cr_getr_d_gw_btm?ie=UTF8", "rating": "5.0 out of 5 stars", "reviewTitle": "I like it because it has a keyboard and it is ...", "reviewDate": "January 31, 2018", "reviewText": "\"  I like it because it has a keyboard and it is easy to use.  Purple is my favorite color.  I have another one for 2 years and it is starting to act funny.  I got this one for a backup in case the other one bombs.  I havnt really tried to do much on it yet.  I use Facebook a lot.  Am going to try and see if I can get Farmville 2 on it.  My daughter loves her.\"", "is_Helpful": ""}, {"reviewerName": "Amazon Customer", "reviewerUrl": "https://www.amazon.com/gp/profile/amzn1.account.AFKSJEH5FWYL6CNPKM2UEJXYG3CA/ref=cm_cr_getr_d_gw_btm?ie=UTF8", "rating": "5.0 out of 5 stars", "reviewTitle": "Five Stars", "reviewDate": "January 27, 2018", "reviewText": "  Grand daughter loves it", "is_Helpful": ""}, {"reviewerName": "ValStewart", "reviewerUrl": "https://www.amazon.com/gp/profile/amzn1.account.AF3VHMHNOC7TZTNNKBYP5RQ7XDDA/ref=cm_cr_getr_d_gw_btm?ie=UTF8", "rating": "5.0 out of 5 stars", "reviewTitle": "Five Stars", "reviewDate": "January 10, 2018", "reviewText": "  I Love this little computer so easy to take camping.", "is_Helpful": "One person found this helpful"}, {"reviewerName": "Valerie Long", "reviewerUrl": "https://www.amazon.com/gp/profile/amzn1.account.AF5WSZB2SHFSSS72WNAQ7AOSWFCQ/ref=cm_cr_arp_d_gw_btm?ie=UTF8", "rating": "5.0 out of 5 stars", "reviewTitle": "Daughter loves it", "reviewDate": "December 31, 2017", "reviewText": "  Got it for our 10 year old daughter for Christmas. She loves it and uses it all the time. It is nice to have the keyboard and take it off if you want. Works great so far. Hopefully it lasts a while. Our 12 year old wants one now.", "is_Helpful": "18 people found this helpful"}, {"reviewerName": "Dawn Peterson", "reviewerUrl": "https://www.amazon.com/gp/profile/amzn1.account.AEWEBYJLS6Y7FSUODSUH3VXPEWAA/ref=cm_cr_getr_d_gw_btm?ie=UTF8", "rating": "2.0 out of 5 stars", "reviewTitle": "Chrome stops.. Slow.. No Microsoft Office etc.", "reviewDate": "December 27, 2017", "reviewText": "\"  I got this as a Christmas gift. The Chrome quit working after a day; the speaker doesnt work well;  there is no Microsoft office and its just very glitchy. Im disappointed. \ud83d\ude22\"", "is_Helpful": "One person found this helpful"}, {"reviewerName": "Karen Conley", "reviewerUrl": "https://www.amazon.com/gp/profile/amzn1.account.AHNFMXNBBERKD22SFFWJ3MDILB5Q/ref=cm_cr_getr_d_gw_btm?ie=UTF8", "rating": "4.0 out of 5 stars", "reviewTitle": "Larger screen", "reviewDate": "December 16, 2017", "reviewText": "  This is a work item and the keyboard makes it easier to use. Also the screen is larger, good investment.", "is_Helpful": ""}, {"reviewerName": "Amanda corrado", "reviewerUrl": "https://www.amazon.com/gp/profile/amzn1.account.AGOM62BC4BSE6A4DGYBTA2ZDDKVQ/ref=cm_cr_getr_d_gw_btm?ie=UTF8", "rating": "3.0 out of 5 stars", "reviewTitle": "Last RCA did so I was disappointed with this one", "reviewDate": "December 11, 2017", "reviewText": "  Was not able to run my day daughters program for homeschool. Last RCA did so I was disappointed with this one not", "is_Helpful": "One person found this helpful"}, {"reviewerName": "Amazon Customer", "reviewerUrl": "https://www.amazon.com/gp/profile/amzn1.account.AHK22O52WGNLIYU7QST35HDIHFRQ/ref=cm_cr_getr_d_gw_btm?ie=UTF8", "rating": "1.0 out of 5 stars", "reviewTitle": "Cons: The mini HDMI port is defective and does ...", "reviewDate": "November 29, 2017", "reviewText": "  Cons:, The mini HDMI port is defective and does not work with any cord or any device., The USB port is defective and does not work with any cord or device., Must repeatedly install applications because they are uninstalled every time the device is turned off., Does not keep installed applications on the device, even with a SD card., Pros:, It is purple.", "is_Helpful": "4 people found this helpful"}, {"reviewerName": "william mahan", "reviewerUrl": "https://www.amazon.com/gp/profile/amzn1.account.AGEHVKZ7I7ZM446DLR2UPWZQ4YSA/ref=cm_cr_getr_d_gw_btm?ie=UTF8", "rating": "5.0 out of 5 stars", "reviewTitle": "Five Stars", "reviewDate": "November 8, 2017", "reviewText": "  Thanks", "is_Helpful": ""}, {"reviewerName": "KGP", "reviewerUrl": "https://www.amazon.com/gp/profile/amzn1.account.AHCV4TIRMGVJSGUEXH4CXQNFS4FA/ref=cm_cr_getr_d_gw_btm?ie=UTF8", "rating": "1.0 out of 5 stars", "reviewTitle": "I ordered mine in June and now the screen has ...", "reviewDate": "October 23, 2017", "reviewText": "  I ordered mine in June and now the screen has red and blue lines up and down it. Not happy", "is_Helpful": ""}, {"reviewerName": "Marla eldridge", "reviewerUrl": "https://www.amazon.com/gp/profile/amzn1.account.AFRIIRNHHNXJK7RJQAYWMONC7EWQ/ref=cm_cr_getr_d_gw_btm?ie=UTF8", "rating": "5.0 out of 5 stars", "reviewTitle": "Durable & easy to use", "reviewDate": "September 29, 2017", "reviewText": "  Bought for my daughter,  durable and easy to use.", "is_Helpful": "One person found this helpful"}, {"reviewerName": "Sharon", "reviewerUrl": "https://www.amazon.com/gp/profile/amzn1.account.AEHDAZHI4QAFSNKPXAI7BIHFCRKQ/ref=cm_cr_getr_d_gw_btm?ie=UTF8", "rating": "5.0 out of 5 stars", "reviewTitle": "Awesome tablet", "reviewDate": "September 24, 2017", "reviewText": "\"  Awesome tablet and mini laptop. Takes up to 64gb cards. Camera isnt the best but its ok. Some of the bloatware is removable too!\"", "is_Helpful": "5 people found this helpful"}, {"reviewerName": "Mr Sparkle", "reviewerUrl": "https://www.amazon.com/gp/profile/amzn1.account.AFQ36YU73WMXKHSZEQSQIWG6UMOA/ref=cm_cr_arp_d_gw_btm?ie=UTF8", "rating": "3.0 out of 5 stars", "reviewTitle": "Happy camper", "reviewDate": "July 24, 2017", "reviewText": "\"  Great tablet. We. Ought it for our daughter. Shes very please. She uses it for games and school and works great for her needs. When we originally ordered it we ordered the purple version and unfortunately we received a blue one. We contacted the seller and they offered to exchange it for the correct color or give us a partial refund. We opted for the partial refund. The seller was quick to respond and quick to issue the refund. It was semi annoying that the order was messed up. It we are please at their quick response and quick action.\"", "is_Helpful": "25 people found this helpful"}, {"reviewerName": "Julian_Ikon", "reviewerUrl": "https://www.amazon.com/gp/profile/amzn1.account.AE5UA63N6PSPKNJDS7ACP6Y2GEAQ/ref=cm_cr_getr_d_gw_btm?ie=UTF8", "rating": "4.0 out of 5 stars", "reviewTitle": "Great product, wrong color.", "reviewDate": "July 17, 2017", "reviewText": "\"  Everything works great, looks good, and very happy with it. BUT I ordered the purple one and the one I received was blue.. I dont know how that happened, but I hope they dont do it often! Would have been 5 stars if it came in the correct color!\"", "is_Helpful": "2 people found this helpful"}, {"reviewerName": "Miguel Iturralde", "reviewerUrl": "https://www.amazon.com/gp/profile/amzn1.account.AEEGYKW6KAZHW7EBP4Q2XH5PVPXA/ref=cm_cr_getr_d_gw_btm?ie=UTF8", "rating": "2.0 out of 5 stars", "reviewTitle": "Very misleading and the camera sucks!!", "reviewDate": "May 21, 2017", "reviewText": "  This item is just a tablet, nothing 2in1 about this device. Also, it does NOT come with any MICROSOFT software. Very misleading and the camera sucks!!!", "is_Helpful": "2 people found this helpful"}, {"reviewerName": "curtis mccallister", "reviewerUrl": "https://www.amazon.com/gp/profile/amzn1.account.AFG3WGOAPYYY2Z6CXOCGARWF22ZQ/ref=cm_cr_getr_d_gw_btm?ie=UTF8", "rating": "4.0 out of 5 stars", "reviewTitle": "Four Stars", "reviewDate": "March 3, 2017", "reviewText": "\"  Its very good.\"", "is_Helpful": "One person found this helpful"}, {"reviewerName": "velma", "reviewerUrl": "https://www.amazon.com/gp/profile/amzn1.account.AEXLPDHF3C2WTPISK6SVP65MJT2A/ref=cm_cr_getr_d_gw_btm?ie=UTF8", "rating": "2.0 out of 5 stars", "reviewTitle": "Two Stars", "reviewDate": "February 2, 2017", "reviewText": "\"  Didnt like it very very slow\"", "is_Helpful": "2 people found this helpful"}, {"reviewerName": "Amazon Customer", "reviewerUrl": "https://www.amazon.com/gp/profile/amzn1.account.AH4QFSIMKRO7ROKH6JMUJCQIGWBQ/ref=cm_cr_getr_d_gw_btm?ie=UTF8", "rating": "1.0 out of 5 stars", "reviewTitle": "I purchased this tablet as a Christmas gift for my ...", "reviewDate": "January 13, 2017", "reviewText": "  I  purchased this tablet as a Christmas gift for my daughter  during Black Friday .  Christmas Day she opened up her gift and the screen had a crack in it. So I was a little upset about the screen and that was the only issue I had.", "is_Helpful": "One person found this helpful"}, {"reviewerName": "Jennifer Givens", "reviewerUrl": "https://www.amazon.com/gp/profile/amzn1.account.AG3TUJKRT2JLY7SU67JOTH3L2ZXQ/ref=cm_cr_arp_d_gw_btm?ie=UTF8", "rating": "1.0 out of 5 stars", "reviewTitle": "\"in a very sturdy case and the touch screen doesnt work well now\"", "reviewDate": "January 8, 2017", "reviewText": "\"  I purchased 4 of these one for each of my 4 children for xmas.  One only worked for a few hours and was returned the day after xmas.  One started freezing up and shutting down a few days later and was returned.  One somehow got a cracked screen, in a very sturdy case and the touch screen doesnt work well now. One of them is still working fine.  I dont think 1/4 is good odds!  Dont waste your money!!\"", "is_Helpful": "10 people found this helpful"}, {"reviewerName": "michael sharp", "reviewerUrl": "https://www.amazon.com/gp/profile/amzn1.account.AHDGYBBKWXMVYSMK75XDUWD7UQLQ/ref=cm_cr_getr_d_gw_btm?ie=UTF8", "rating": "4.0 out of 5 stars", "reviewTitle": "Four Stars", "reviewDate": "December 27, 2016", "reviewText": "\"  Its great my wife loves it.\"", "is_Helpful": ""}, {"reviewerName": "MARY M BROWN", "reviewerUrl": "https://www.amazon.com/gp/profile/amzn1.account.AFERSNNDMRVWJBWQD2JDY5OCBPNQ/ref=cm_cr_getr_d_gw_btm?ie=UTF8", "rating": "5.0 out of 5 stars", "reviewTitle": "NICE THRO. VERY HAPPY", "reviewDate": "December 21, 2016", "reviewText": "\"  CANT GET WI FI ON IT OR PRINTING. NICE THRO. VERY HAPPY. CAN  YOU HELP?\"", "is_Helpful": "One person found this helpful"}, {"reviewerName": "kathi harris", "reviewerUrl": "https://www.amazon.com/gp/profile/amzn1.account.AEXFGX2T4FWVY4VJY6K4Z5UO3HTQ/ref=cm_cr_getr_d_gw_btm?ie=UTF8", "rating": "4.0 out of 5 stars", "reviewTitle": "Good for inbetween use.", "reviewDate": "December 12, 2016", "reviewText": "  lightweight and has lots of needed apps and programs. I was looking for  something small as a back up to my laptop. this is good. I think it would be excellent for givimg to a non computer user to let them check email and sho, apping, facebook , and easy games., The biggest CON is that it is very slow after using top of the live computers. And Imall. But then I was looking for a small liught have longg fingers and find the keyboard somewhat small.", "is_Helpful": ""}, {"reviewerName": "julie", "reviewerUrl": "https://www.amazon.com/gp/profile/amzn1.account.AEZSPGTRK4SF2G2TWJ5YCXVORKSA/ref=cm_cr_getr_d_gw_btm?ie=UTF8", "rating": "5.0 out of 5 stars", "reviewTitle": "Five Stars", "reviewDate": "December 9, 2016", "reviewText": "  Love it, but it came to me in Blue not the Purple.", "is_Helpful": "One person found this helpful"}, {"reviewerName": "latina lockwood", "reviewerUrl": "https://www.amazon.com/gp/profile/amzn1.account.AG2KLPF3YEZQR656LOQSN7TONXHA/ref=cm_cr_getr_d_gw_btm?ie=UTF8", "rating": "5.0 out of 5 stars", "reviewTitle": "easily re-moveable keyboard", "reviewDate": "November 17, 2016", "reviewText": "\"  Came when expected, easily re-moveable keyboard, dont make snap noise like u almost broke it, for the price its well worth it!!\"", "is_Helpful": "One person found this helpful"}, {"reviewerName": "Lyndsey C.", "reviewerUrl": "https://www.amazon.com/gp/profile/amzn1.account.AFKN2GIE5LDSFJ2GEJQNT3AQDAHA/ref=cm_cr_getr_d_gw_btm?ie=UTF8", "rating": "4.0 out of 5 stars", "reviewTitle": "Was able to get it set up very easily. The keyboard is easy to remove but not ...", "reviewDate": "November 16, 2016", "reviewText": "\"  Just got this today. Was able to get it set up very easily. The keyboard is easy to remove but not too easy. I love that it has a usb port! As of right now the only thing I dislike about it is I wasnt able to find a place to update the software and the current version of Android device manager isnt compatible. Otherwise, I believe this will meet my needs.\"", "is_Helpful": "5 people found this helpful"}, {"reviewerName": "Erin", "reviewerUrl": "https://www.amazon.com/gp/profile/amzn1.account.AGCYAWRGXF5SHS3E5O4KLUNXYTOQ/ref=cm_cr_getr_d_gw_btm?ie=UTF8", "rating": "1.0 out of 5 stars", "reviewTitle": "WiFi Connection Issues after 3 months", "reviewDate": "October 23, 2016", "reviewText": "  After only a few months, this tablet has started to act up. It is frequently unable connect to the internet and requires a factory reset just to be able to connect to wifi again. I would not recommend this product to anyone who needs internet access with their tablet.", "is_Helpful": "15 people found this helpful"}, {"reviewerName": "Tere U.", "reviewerUrl": "https://www.amazon.com/gp/profile/amzn1.account.AGL2MJY5ERAAVNPCJDKTR3HVAROA/ref=cm_cr_getr_d_gw_btm?ie=UTF8", "rating": "5.0 out of 5 stars", "reviewTitle": "Winner for sure", "reviewDate": "October 13, 2016", "reviewText": "\"  Excellent tablet, you cant beat the price! Large size, 32 GB of memory, removable keyboard, etc. This is the 3rd one I have purchased,  two of them being gifts.\"", "is_Helpful": "2 people found this helpful"}, {"reviewerName": "Brenda", "reviewerUrl": "https://www.amazon.com/gp/profile/amzn1.account.AHMP47DAWWBKPNXNYUC7HRPZKRYQ/ref=cm_cr_getr_d_gw_btm?ie=UTF8", "rating": "3.0 out of 5 stars", "reviewTitle": "After a few weeks the screen has a crack inside ...", "reviewDate": "October 10, 2016", "reviewText": "\"  After a few weeks the screen has a crack inside that you cant feel a touch screen so it doesnt work well\"", "is_Helpful": "2 people found this helpful"}, {"reviewerName": "Karri", "reviewerUrl": "https://www.amazon.com/gp/profile/amzn1.account.AGWQLTZLXLEAVSLTPCYF7OX6OIUQ/ref=cm_cr_getr_d_gw_btm?ie=UTF8", "rating": "1.0 out of 5 stars", "reviewTitle": "No thank you", "reviewDate": "October 3, 2016", "reviewText": "\"  My daughters and I were really excited and loved this tablet but after only 2 months it wont even charge.  Dont waste your money.\"", "is_Helpful": "8 people found this helpful"}, {"reviewerName": "Fran", "reviewerUrl": "https://www.amazon.com/gp/profile/amzn1.account.AH2S2TXSBZEHQUKHFZ2CCIEXTTIA/ref=cm_cr_getr_d_gw_btm?ie=UTF8", "rating": "4.0 out of 5 stars", "reviewTitle": "Android based. Good \"spare\" computer.", "reviewDate": "September 20, 2016", "reviewText": "  You get what you pay for. This is an actual computer (tablet & keyboard) under 100 dollars. Its also an intro to ANDROID before you invest in a 400 phone.", "is_Helpful": "5 people found this helpful"}, {"reviewerName": "Shantel Kelley", "reviewerUrl": "https://www.amazon.com/gp/profile/amzn1.account.AFA5S4NMJQUPLUM5ITQCEUXRBJ4A/ref=cm_cr_getr_d_gw_btm?ie=UTF8", "rating": "5.0 out of 5 stars", "reviewTitle": "In love", "reviewDate": "September 19, 2016", "reviewText": "  My daughter is very happy with it just hope nobody breaks it this time around.", "is_Helpful": ""}, {"reviewerName": "Katie Henshaw", "reviewerUrl": "https://www.amazon.com/gp/profile/amzn1.account.AFDEMBPMTLYPR5Z6BVWMPMJOZX4Q/ref=cm_cr_arp_d_gw_btm?ie=UTF8", "rating": "3.0 out of 5 stars", "reviewTitle": "cautious but hopeful.", "reviewDate": "September 16, 2016", "reviewText": "  First part of the rating is that I just opened the box and plugged it in.  various places say it takes between 1-3 hrs to charge and 6-7 hrs to charge.  probably depends on which plug you use.  I am using the provided plug and it is slow.  be prepared to wait.  also the advertisement says it comes WITH Office Mobile App and shows the Microsoft Office Suite icons.  please note that nowhere does it actually say \"Microsoft\"  it says word, excel, power point, note.  It came with WPS Office Suite and Open Office included.  i had to download the Free version of Microsoft Office myself.  Not starting off in the most trustworthy way there.  I do like the color though it was the same as my monitor showed so you see what you are getting.  the USB port does accept a USB 2.0 plug, but have not tried to swap info using it yet.  it is in the middle of updating the apps and downloading the apps i use the most.  I will update this Rating as I get more in tune with the machine.  I will say that out of the box the cradle holds very securely but does not fight you when you try to dock/ undock.  it holds its position without a fuss and the screen appears very clear.  I plan to put it through its paces this weekend.", "is_Helpful": "48 people found this helpful"}, {"reviewerName": "Donnalee Bowden", "reviewerUrl": "https://www.amazon.com/gp/profile/amzn1.account.AFRF43RJKJDYNE7MST4Q3TWL662Q/ref=cm_cr_getr_d_gw_btm?ie=UTF8", "rating": "5.0 out of 5 stars", "reviewTitle": "Five Stars", "reviewDate": "September 16, 2016", "reviewText": "  Love it I will be purchasing another soon for my mother", "is_Helpful": "3 people found this helpful"}, {"reviewerName": "Bridgette", "reviewerUrl": "https://www.amazon.com/gp/profile/amzn1.account.AFFXVXVHSVL5PXCSWZNI2YMDGC5Q/ref=cm_cr_getr_d_gw_btm?ie=UTF8", "rating": "4.0 out of 5 stars", "reviewTitle": "Bought Two!", "reviewDate": "September 14, 2016", "reviewText": "  I have one and my daughter has one in college. Very convenient and easy to use for our studies. We love it!", "is_Helpful": "One person found this helpful"}, {"reviewerName": "Amazon Customer", "reviewerUrl": "https://www.amazon.com/gp/profile/amzn1.account.AEEEFH5SZKRGPOA47VIMYWKHXAKA/ref=cm_cr_getr_d_gw_btm?ie=UTF8", "rating": "1.0 out of 5 stars", "reviewTitle": "The speakers were blown already...", "reviewDate": "August 29, 2016", "reviewText": "  I like this table, the only problem is that the speakers where crackling when I put the volume up half way. I am going to order another one when my account is credited for the return. If there is no problem with the next one I will change my review.", "is_Helpful": "5 people found this helpful"}, {"reviewerName": "Sharon Boughner", "reviewerUrl": "https://www.amazon.com/gp/profile/amzn1.account.AHKZJX3SZ2JQS6YYT35V3I5KDQKQ/ref=cm_cr_getr_d_gw_btm?ie=UTF8", "rating": "5.0 out of 5 stars", "reviewTitle": "Five Stars", "reviewDate": "August 5, 2016", "reviewText": "  very happy with the tablet, it works really well", "is_Helpful": "One person found this helpful"}, {"reviewerName": "Educatedndangerous", "reviewerUrl": "https://www.amazon.com/gp/profile/amzn1.account.AEPLQBEQTRRSEQMMFDUXLNANJ4NQ/ref=cm_cr_getr_d_gw_btm?ie=UTF8", "rating": "4.0 out of 5 stars", "reviewTitle": "Great Device for a great price.", "reviewDate": "July 23, 2016", "reviewText": "\"  I love it, its everything I needed and more.\"", "is_Helpful": "One person found this helpful"}, {"reviewerName": "SW", "reviewerUrl": "https://www.amazon.com/gp/profile/amzn1.account.AEIASV5NCYUSTRFSNKLYOY37XLRQ/ref=cm_cr_getr_d_gw_btm?ie=UTF8", "rating": "2.0 out of 5 stars", "reviewTitle": "False advertising", "reviewDate": "June 17, 2016", "reviewText": "  The Amazon ad for this product lies about one thing--there is no Office Mobile app or free subscriptions to Office online on the tablet I received.", "is_Helpful": "4 people found this helpful"}, {"reviewerName": "me", "reviewerUrl": "https://www.amazon.com/gp/profile/amzn1.account.AGJIHXZXQELT3OF3GZUB7F7A5YJQ/ref=cm_cr_getr_d_gw_btm?ie=UTF8", "rating": "5.0 out of 5 stars", "reviewTitle": "Five Stars", "reviewDate": "June 13, 2016", "reviewText": "  Love it", "is_Helpful": ""}, {"reviewerName": "Marie Mill", "reviewerUrl": "https://www.amazon.com/gp/profile/amzn1.account.AFJWRP4ZQOGCE5IKKQK6BBIPC5BQ/ref=cm_cr_getr_d_gw_btm?ie=UTF8", "rating": "4.0 out of 5 stars", "reviewTitle": "Four Stars", "reviewDate": "June 9, 2016", "reviewText": "  i love my RCA Tablet, only issue the battery drains fast. but its very nice tablet", "is_Helpful": "One person found this helpful"}, {"reviewerName": "Amazon Customer", "reviewerUrl": "https://www.amazon.com/gp/profile/amzn1.account.AGMIZ7V2C2TNBNHJLSN6RHYBH7TQ/ref=cm_cr_getr_d_gw_btm?ie=UTF8", "rating": "5.0 out of 5 stars", "reviewTitle": "Five Stars", "reviewDate": "June 3, 2016", "reviewText": "  Not bad for the price.", "is_Helpful": "One person found this helpful"}, {"reviewerName": "James and Pennie", "reviewerUrl": "https://www.amazon.com/gp/profile/amzn1.account.AEWA4T43YM5Q25PQKSNTLXVCOM6A/ref=cm_cr_getr_d_gw_btm?ie=UTF8", "rating": "1.0 out of 5 stars", "reviewTitle": "Glorified, Expensive Toy", "reviewDate": "May 25, 2016", "reviewText": "\"  I am not very happy with this device.  It was advertised to have office and a USB port.  However, I have not been able to use a USB flash drive to save my documents to the drive so I can then transfer my work to my desktop. It only reads sticks but does not write to them. Why on earth was this thing provided with a USB port? To attach more games and entertainment to it?  Neither does the tablet recognize my computer or vice versa.  Dont give me the song and dance that there is cloud.  I will NOT use cloud or any other program that puts security and privacy at risk. Yet that is all that seems to be useful on this tablet--things that share information and violate privacy.  Otherwise, it is a glorified toy that pretends to do work for you, but is only useful for play, entertainment and Hollywood.  I feel like I have been scammed, by false advertisement and false utilities.\", \"UPDATE:  I finally realized that the USB ports were probably defective. In talking to an Amazon representative, he confirmed my fears and made arrangements to return our tablets (my husbands does not work either).  So far my experience has found Amazon very good, in fact excellent, about their return policy.\"", "is_Helpful": "15 people found this helpful"}, {"reviewerName": "Ashley HARRIS", "reviewerUrl": "https://www.amazon.com/gp/profile/amzn1.account.AFS32UTZDVCKQTBJTKG4B7YXQTAA/ref=cm_cr_getr_d_gw_btm?ie=UTF8", "rating": "1.0 out of 5 stars", "reviewTitle": "Cheap", "reviewDate": "May 16, 2016", "reviewText": "  Horrible tablet not for me and the cursur sticks", "is_Helpful": "One person found this helpful"}, {"reviewerName": "Eddieenehej je tack", "reviewerUrl": "https://www.amazon.com/gp/profile/amzn1.account.AE5FLD6GFUX4GX64KDA7JR5ZXS2Q/ref=cm_cr_getr_d_gw_btm?ie=UTF8", "rating": "5.0 out of 5 stars", "reviewTitle": "Five Stars", "reviewDate": "April 29, 2016", "reviewText": "  Excellent for writing emails and surfing the web. Not so good for gaming. Perfect for my son.", "is_Helpful": "6 people found this helpful"}, {"reviewerName": "HighTech", "reviewerUrl": "https://www.amazon.com/gp/profile/amzn1.account.AHDJ5GQJYHPQYMYF7EGABN4J5UJA/ref=cm_cr_getr_d_gw_btm?ie=UTF8", "rating": "5.0 out of 5 stars", "reviewTitle": "cheap 2-in-1 laptop with mobile office app and detachable keyboard", "reviewDate": "April 18, 2016", "reviewText": "  Great value products,, *Price is good,less than $150, *Detachable keyboard with usb and MicroHDMI , easy to use, *Mobile office app is free on this device,word excel, PowerPoint ,also onenote,that is perfect ,great bouns., *IPS display., *microSD card slot, so far it is perfect for everyday use as a backup computer,recommend!", "is_Helpful": "15 people found this helpful"}], "qAndA": [{"question": "does it have a built in mic?", "answer": "Yes it does have a mic on the side\nThe same side as the buttons are located"}, {"question": "Does this come with a Charger?", "answer": "yes"}, {"question": "Need help. Tablet will not turn on or charge. purchased 6/5/2018. Can anyone help?", "answer": "Maybe it died, which is why I no longer have my tablet."}, {"question": "Would Fl Studio work?", "answer": "Not ideal. The PROCESSOR is the most important. Prioritize faster"}, {"question": "Is the mobile office totally free or just a temp subscription?", "answer": "MS offers a 30-day trial process, Linda C. after that it will request that in order to keep it you pay for the subscription to keep the mobile office app. The cost will vary according to your need, either pay a yr or monthly."}, {"question": "What cord connects the keyboard?", "answer": "None. It attaches onto the keyboard via prongs like an aux jack."}, {"question": "Can you use a mouse", "answer": "If it has the same fitting on you, tablet to plug it in ,why not"}, {"question": "Does it have Ethernet connection?", "answer": "No, WiFi only, though a USB to ethernet adapter might work."}, {"question": "Does it have a front screen camera?", "answer": "yes dual camera."}, {"question": "Does it have GPS?", "answer": "there is a RCA user manual in the settings it gives you all the answer about the tablet"}, {"question": "Hi , where it says \"lithium battery required\", does that mean i have to buy one? and if so can i buy here on Amazon?", "answer": "It comes with battery"}, {"question": "Is the keyboard included? It says it isnt.", "answer": "I ordered 5 for my classroom. It does include the keyboard."}, {"question": "Can you play games on it", "answer": "Probably if you download the app of the game"}, {"question": "Can I transfer photos and videos from my LG tribute 5 smart phone to this tablet then to flash drive for safe storage thank you..", "answer": "Not sure if u can or can't. Sorry."}, {"question": "Are the keyboard keys small size like a mobile phone?", "answer": "These are commonly called a couple Keyboard. The width is the full 10.1 inches of the tablet and the keys are sized to match. They are not full size, but very comfortable to use. Also there is a built in glide pad as well. We now have 5 of these in our family and will purchase more for our Non-profit organization."}, {"question": "Does this have an hdmi", "answer": "Yes it does"}, {"question": "Do pens work on the touch screen?", "answer": "Stylus pens yes."}, {"question": "Is it good for school like has microsoft office and i can watch live semiars with it i need it to have the adorb flash thing so i can do that ?", "answer": "I got it for my 11yr old granddaughter so I don\u2019t really know"}, {"question": "Why does it make you choose a 10\" for the Purple tablet but then says in the description that it's a 10.1\"?", "answer": "Answer not available"}, {"question": "Can you play cd's", "answer": "NO. Thisis not computer it is a medium sized tablet. Very good for anyone who wants something for email, games and general searches."}, {"question": "Can this run programs like Microsoft word?", "answer": "It is an android operating system. It can run programs similar to word"}, {"question": "what is the largest sd card you can put in this?", "answer": "10.1-inch high-resolution (1280x800) IPS display and a detachable foldable keyboard.\nARM Cortex-A7 quad-core MT8127 processor, 1GB DDR3L of system memory,32GB onboard storage memory, additional memory via microSD card slot can be expanded to 64GB.\nmicroUSB 2.0 port, USB 2.0 port, miniHDMI port, headphone jack, microp\u2026 see more"}, {"question": "can you buy a replacement screenfor it? mine hroke and wont wrk", "answer": "U can have it replaced.."}, {"question": "If I send a .doc document from an Apple, can it download and read it?", "answer": "If you download the free Word app."}, {"question": "Is the free subscription for the office programs good in Canada?", "answer": "Answer not available"}, {"question": "can you use a mouse with this?", "answer": "Yes usb or wireless"}, {"question": "How to get it to stay connected to WiFi?", "answer": "Sorry, but I don't know. Mine states connected."}, {"question": "Can you hook up a printer to this note pad", "answer": "Answer not available"}, {"question": "Can ituse a 128gb card?", "answer": "I don't know I having tried"}, {"question": "Can this play Netflix", "answer": "Yes it can just install the app"}, {"question": "How long does the computer have to charge because it was plugged in to the wall for well over 3 hours? And that it will not turn back on?", "answer": "we plug ours into a surge suppressor. That way it's protected from any electric spike. That may be your problem."}, {"question": "Does this viking pro flagship have flash player. the other viking pro with a 1.3 ghz processor did not have flash player.", "answer": "Answer not available"}, {"question": "Does it have an integrated webcam?", "answer": "Don't know it was a gift for a friend ,"}, {"question": "Are parental controls easy to manage?", "answer": "Yes"}, {"question": "I have episode on my phone, could I download it on this?", "answer": "I'm not 100% sure, but I've never had any problems downloading apps onto my tablet."}, {"question": "Can you insert a cd or DVD?", "answer": "There is no CD or DVD port, but there is an USB port"}, {"question": "Does it have a built in mouse.sd card slot", "answer": "it has a mouse pad. i believe it has a card slot not if its for an sd or not?"}, {"question": "Is this considered to be a lap top? I\u2019m trying to download turbo tax for computers", "answer": "It is not a laptop. You can download turbo tax only if it runs on the version of Android on your tablet. Try to download a version for a mobile device and check on which version of Android it requires."}, {"question": "Can i really use it like a regular laptop.?", "answer": "Yes but detaches easy"}, {"question": "Can i skype?", "answer": "yes"}, {"question": "Would this be good for a 6 year old?", "answer": "Yes if this 62 year old Grandmother can it should be really great for a 6 year old."}, {"question": "Can you play Fortnite on it", "answer": "It's android so if you have the space for the device then you can you can play it"}, {"question": "can i use aol on it?", "answer": "Yes, you can use AOL on your tablet. Just obtain an Internet connection, open your Explorer or Google Chrome, and open a tab with www.aol.com and you will be connected. Good luck to you, and enjoy your tablet! \ud83d\ude0a"}, {"question": "how long does it take to fully charge?", "answer": "If u change it correctly the first time, with it turned off- i belive maybe after that 4hrs"}, {"question": "Is it easy to set the tablet up without expert setup??", "answer": "Super easy if you already have a gmail you can log in with it and it sets everything up for you! I got this for my 8 year old ahe already has a phone so i just used her phones gmail"}, {"question": "Can it print to a wireless printer?", "answer": "Yes"}, {"question": "Can I get Minecraft and roblox on it?", "answer": "I don't see any problems with your games."}, {"question": "What antivirus can i put on it", "answer": "Answer not available"}, {"question": "what is in the box?", "answer": "Tablet and power cord."}, {"question": "This does connect to wifi right?", "answer": "Yes"}, {"question": "Is this a dual voltage device? Will I need a voltage converter if I bring abroad?", "answer": "Answer not available"}, {"question": "I forgot the username/password how can u reset", "answer": "Google make and model and it will tell you how to reset. Had to do that with my hp"}, {"question": "does it use Microsoft word", "answer": "Answer not available"}, {"question": "Can I draw on the screen with a stylus and drawing program/", "answer": "Answer not available"}, {"question": "Will it run art programs like Paint.Net or Sai?", "answer": "I'm not sure of that. I do like it very handy to take camping"}, {"question": "Does this have a Hdmi port?", "answer": "Yes. Mine has a mini hdmi Port. I haven't used it yet."}, {"question": "Can you run words on this offline ?", "answer": "Depends just note save yes"}, {"question": "Can you hookup hdmi cable to it. If so which one do i need", "answer": "No"}, {"question": "Is it Bluetooth headphone capable", "answer": "Yes and my daughter loves it really nice for the price"}, {"question": "Has anyone tried to download Microsoft Word to this computer? Does it work and if so how much did it cost?", "answer": "It's not a Windows OS. It is Android. Microsoft Word for Android is free to install, but you can pay for additional features."}, {"question": "Can you edit videos", "answer": "Yes you can"}, {"question": "Is it really touchscreen", "answer": "yes it is a touch screen tablet with a docking keyboard."}, {"question": "Does it have Windows on it", "answer": "No this does not have windows. However, it comes with Word, Excel, PowerPoint, etc. This is a tablet with an attachable keyboard. It is not a laptop!!!"}, {"question": "can you send and receive phone calls?", "answer": "Probably through like FB Messenger or other Internet calls, but to get a call like from a phone you would need a provider, so it is a question for the provider to answer if they will give your tablet a number. It is possible because I have seen providers offer tablets."}, {"question": "Can you download comic book reader to this and then add cbr files to be read on it? I'm looking for a 10\" tablet to old comics on", "answer": "Answer not available"}, {"question": "Does it have a camera", "answer": "Yes. This does have a camera and I love mine and use it all the time. You can't go wrong with this."}, {"question": "Can I game on this as well? Like use steam or any other game launchers?o", "answer": "Yes u can although u have to download a launcher"}, {"question": "I need to purchase extended warranty", "answer": "Answer not available"}, {"question": "Does it have a backlit keyboard?", "answer": "I don't believe it has a light on the keyboard."}, {"question": "Can you run words on this offline ?", "answer": "I don't know. Ours is used for my daughter to play games."}, {"question": "Does it come with a word processor?", "answer": "Answer not available"}, {"question": "Can you use a mouse with this?", "answer": "yes, you can use a mouse with USB."}, {"question": "It will not let me login or use anything I type in my google account info and it logs in and right back to google account info type in, cant use atall", "answer": "See if you can reset to factory sa settings. Try cntl + alt + del to see if it helps. I've had to do it once on ours."}, {"question": "Can a sim card be used so to have mobile data through a cellular company?", "answer": "I do not believe so. You can not open the back up as that voids your warranty and the is only the normal ports on the side. having said that it is wifi and bluetooth capable, so you can use your phone as a hotpsot or use public internet services where available."}, {"question": "Does it have a usb port?", "answer": "Yes it has one"}, {"question": "does RCA support adobe flash player. have a web camera or double camera and good video pictures?", "answer": "Answer not available"}, {"question": "Does it recognize the ipod nano 5th gen?", "answer": "YES"}, {"question": "Does it have a mic?", "answer": "Yes"}, {"question": "Can the os be upgraded to Android 6.0?", "answer": "No"}, {"question": "is it worth it.and a good xmas presant", "answer": "I've had this tablet for about three months now and I really like it. It's not super fancy like an iPad or a note tablet, but it gets the job done. Runs pretty fast, nice battery life. I'm a college student and I use it for school mostly"}, {"question": "How do i get a new charger?", "answer": "USB works"}, {"question": "can you send and receive phone calls?", "answer": "You probably can"}, {"question": "What does it mean when it won\u2019t turn back on", "answer": "Answer not available"}, {"question": "My grandbaby lost the letter I on her tablet. Where can I get another one?", "answer": "Answer not available"}, {"question": "I have misplaced my charging cord. Can I buy one separately?", "answer": "You should be able to on Amazon"}, {"question": "does the rca support adobe flash player", "answer": "only grand fatherd in devices can run adobe flash players ."}], "time": ["09/04/2021 15:14:35"], "reviewsCountInfo": {"expRevCount": "109", "actRevCount": 109, "nonEnglishRevCount": 0}, "scrapperInfo": {"Version": "1.3.2", "Released Date": "08/04/2021"}, "productURL": "https://www.amazon.com/gp/product/B01E9TXWYS", "ASIN": "B01E9TXWYS", "title": "RCA Viking Pro Purple Edition 10.1 Touchscreen 2 In 1 Tablet Laptop, Detachable Keyboard, Free Office Moblie APP, Quad-Core Processor,32G storage, IPS Display, Android 5.0 Lollipop", "manufacturer": "Brand: RCA", "currentPrice": "", "rating": "3.8", "totalRatings": "255 "}