{"features": ["This Certified Refurbished product is certified factory refurbished, shows limited or no wear, and includes all original accessories plus a 90-day warranty.", "Intel HD", "ComfyView", "1 USB 3.0 port, 1 USB 2.0 port, HDMI", "Limited Warranty agreement applies."], "reviewsAspects": ["laptop", "charger", "chromebook", "computer", "broken", "hour", "later"], "productInformation": [{"\nASIN\n": "\nB01F5PSKGA\n", "Customer Reviews": "\n\n\n\n\n\n\n3.9 out of 5 stars\n\n\n\n\n\n\n\n\n576 ratings\n\n\n\n\n\n\n3.9 out of 5 stars\n", "\nBest Sellers Rank\n": "\n\n#380 in Computers & Accessories (See Top 100 in Computers & Accessories)\n\n#39 in Traditional Laptop Computers\n\n\n", "\nDate First Available\n": "\nMay 4, 2016\n"}], "productDescription": "Product description\nThe Acer C720 is small but powerful. It's easy to pop in your bag, yet packs the latest Intel processor based on the Haswell micro-architecture, plus up to 8.5 hours of battery life for smooth sailing all day.The C720 makes life easier for you. It starts within 7 seconds, so you can wait less and do more. The C720 is the most powerful 11\" Chromebook you can get, thanks to the latest Intel processor based on the Haswell micro-architecture. Like most Chromebooks, this computer runs Google's Chrome OS instead of Windows or Mac OS.", "reviews": [{"reviewerName": "Walter Zawrotny", "reviewerUrl": "https://www.amazon.com/gp/profile/amzn1.account.AE67P5RDHB75A4ZS643KJRPPCN3A/ref=cm_cr_getr_d_gw_btm?ie=UTF8", "rating": "1.0 out of 5 stars", "reviewTitle": "Outdated", "reviewDate": "July 2, 2021", "reviewText": "\"  Wont even load the latest version of Chome... they dont tell you that\"", "is_Helpful": ""}, {"reviewerName": "james managhan", "reviewerUrl": "https://www.amazon.com/gp/profile/amzn1.account.AFTV6JPE4QZURADAWQ7DCSOMMY6A/ref=cm_cr_getr_d_gw_btm?ie=UTF8", "rating": "4.0 out of 5 stars", "reviewTitle": "Was second one I bought", "reviewDate": "July 2, 2021", "reviewText": "  It was a gift", "is_Helpful": ""}, {"reviewerName": "Ashleigh Miller-Hayes", "reviewerUrl": "https://www.amazon.com/gp/profile/amzn1.account.AEMQ2F4RLMSJWF6V7HRBL67UXLFQ/ref=cm_cr_getr_d_gw_btm?ie=UTF8", "rating": "4.0 out of 5 stars", "reviewTitle": "Try to buy new instead of used", "reviewDate": "July 2, 2021", "reviewText": "  I bought the product already used, was just looking for something relatively cheap at the time. My screen does not register touch at all, some of the keyboard has been replaced so my letter \"o\" key is actually an \"a\" key. Also I\\ve never tried gaming on it, nor do I think this type of computer is properly specced to run most games I\\d like to play. Get an actual gaming laptop for gaming, desktop is even better. For general everyday use it gets the job done and holds a charge for a great amount of time. Works as intended, nothing special.", "is_Helpful": ""}, {"reviewerName": "Amazon Customer", "reviewerUrl": "https://www.amazon.com/gp/profile/amzn1.account.AGOCAEG6XJNBGYTKL4MIMTAV64YQ/ref=cm_cr_getr_d_gw_btm?ie=UTF8", "rating": "3.0 out of 5 stars", "reviewTitle": "Chromebook dead ...what to do now", "reviewDate": "July 1, 2021", "reviewText": "  When I received the Chromebook today it had about 25 percent battery power. About an hour later it ran out of battery ., I connected the adapter to the Chromebook and plugged it in the outlet to charge it., Then I found out it was not charging. I tried different electric outlet and still not charging the Chromebook. So I will assume the electric plug adapter is bad ...., \"What will the owner do now or whats me to do?\", \"I cant use this Chromebook. So disappointed \u2639\ufe0f.\"", "is_Helpful": ""}, {"reviewerName": "Miracle zachery", "reviewerUrl": "https://www.amazon.com/gp/profile/amzn1.account.AHKHR2V3SF4DWM3UYPDVZE7Y6KJA/ref=cm_cr_getr_d_gw_btm?ie=UTF8", "rating": "1.0 out of 5 stars", "reviewTitle": "Not what i thought It was", "reviewDate": "July 1, 2021", "reviewText": "  I wasn\u2019t new it\u2019s was use", "is_Helpful": ""}, {"reviewerName": "Sophia Williams", "reviewerUrl": "https://www.amazon.com/gp/profile/amzn1.account.AEV5QAGSI4Y4UKY24E6BJNR4RKOA/ref=cm_cr_getr_d_gw_btm?ie=UTF8", "rating": "5.0 out of 5 stars", "reviewTitle": "Awesome chrombook", "reviewDate": "June 28, 2021", "reviewText": "  Great item! Good way to save money", "is_Helpful": ""}, {"reviewerName": "michelledphillips18", "reviewerUrl": "https://www.amazon.com/gp/profile/amzn1.account.AGAJIUSDNTWSY247B5CCG6JXTETQ/ref=cm_cr_getr_d_gw_btm?ie=UTF8", "rating": "5.0 out of 5 stars", "reviewTitle": "Awesome great purchase speedy delivery", "reviewDate": "June 22, 2021", "reviewText": "  Loved everything", "is_Helpful": ""}, {"reviewerName": "Francis ", "reviewerUrl": "https://www.amazon.com/gp/profile/amzn1.account.AFTYBBEAQF4VLPC6QBKBDPENRFOQ/ref=cm_cr_getr_d_gw_btm?ie=UTF8", "rating": "4.0 out of 5 stars", "reviewTitle": "Great Value for the price", "reviewDate": "June 21, 2021", "reviewText": "  It\u2019s great for someone who\u2019s looking for a simple laptop. I\u2019m not technologically confident so my review would mean much I\u2019m happy with it. Get mouse to go with it. Im not a gamer", "is_Helpful": ""}, {"reviewerName": "AW", "reviewerUrl": "https://www.amazon.com/gp/profile/amzn1.account.AGJSRLRDHPGUWNUKGL3YYHRZBXSQ/ref=cm_cr_getr_d_gw_btm?ie=UTF8", "rating": "1.0 out of 5 stars", "reviewTitle": "Used-looks old", "reviewDate": "June 20, 2021", "reviewText": "  This laptop is very USED and it is noticeable. Some of the buttons don\u2019t work. It has so many users on there Saved that I can\u2019t delete for some reason.", "is_Helpful": ""}, {"reviewerName": "Dale Kepner", "reviewerUrl": "https://www.amazon.com/gp/profile/amzn1.account.AG4ABIAFC23BA75TIKJMPFVMM32Q/ref=cm_cr_getr_d_gw_btm?ie=UTF8", "rating": "1.0 out of 5 stars", "reviewTitle": "Probably a good product, just ordered by mistake.", "reviewDate": "June 19, 2021", "reviewText": "  Ordered by mistake and when canceled, they said it was already to ship.", "is_Helpful": ""}, {"reviewerName": "Amazon Customer", "reviewerUrl": "https://www.amazon.com/gp/profile/amzn1.account.AEXZYKHWLERGSWSICVSFG2TLKKHQ/ref=cm_cr_getr_d_gw_btm?ie=UTF8", "rating": "5.0 out of 5 stars", "reviewTitle": "Works great", "reviewDate": "June 19, 2021", "reviewText": "  Our daughter loves it", "is_Helpful": ""}, {"reviewerName": "Corvon Farris", "reviewerUrl": "https://www.amazon.com/gp/profile/amzn1.account.AFWBWB4MZBW7QTUDJ5DFI3JBZXUA/ref=cm_cr_getr_d_gw_btm?ie=UTF8", "rating": "5.0 out of 5 stars", "reviewTitle": "Shipped same day great for college student", "reviewDate": "June 12, 2021", "reviewText": "  Was exactly what I needed", "is_Helpful": ""}, {"reviewerName": "Russell Diminuco", "reviewerUrl": "https://www.amazon.com/gp/profile/amzn1.account.AGPLI2IC3XLG6CMFMXMYAVCFAL4Q/ref=cm_cr_getr_d_gw_btm?ie=UTF8", "rating": "4.0 out of 5 stars", "reviewTitle": "Yy", "reviewDate": "June 11, 2021", "reviewText": "  Yyu", "is_Helpful": ""}, {"reviewerName": "Chris Q", "reviewerUrl": "https://www.amazon.com/gp/profile/amzn1.account.AH4DQEPYDCPCQHWBH3IGDHBZPX5Q/ref=cm_cr_getr_d_gw_btm?ie=UTF8", "rating": "2.0 out of 5 stars", "reviewTitle": "Not what I expected", "reviewDate": "June 11, 2021", "reviewText": "  It was not a touch screen", "is_Helpful": ""}, {"reviewerName": "Becky Schoepfer", "reviewerUrl": "https://www.amazon.com/gp/profile/amzn1.account.AGRXYF6UWI5CDQTNRS4KWLF4ZTWQ/ref=cm_cr_getr_d_gw_btm?ie=UTF8", "rating": "5.0 out of 5 stars", "reviewTitle": "easy to use", "reviewDate": "June 9, 2021", "reviewText": "  Got it for my elderly mother., She uses it daily and loves it.", "is_Helpful": ""}, {"reviewerName": "Martha Becraft", "reviewerUrl": "https://www.amazon.com/gp/profile/amzn1.account.AFSVB6ODVDFFKBUADTFONPXK4U5A/ref=cm_cr_getr_d_gw_btm?ie=UTF8", "rating": "5.0 out of 5 stars", "reviewTitle": "Good lil computer, small but works well", "reviewDate": "June 9, 2021", "reviewText": "\"  Its small but a nice little computer and great to take places\"", "is_Helpful": ""}, {"reviewerName": "paul", "reviewerUrl": "https://www.amazon.com/gp/profile/amzn1.account.AG53WAYYO6MTN36QSAHHODSRJ53Q/ref=cm_cr_getr_d_gw_btm?ie=UTF8", "rating": "5.0 out of 5 stars", "reviewTitle": "The mouse does not work, at first", "reviewDate": "June 8, 2021", "reviewText": "\"  This Acers mouse did not work at first, for some reason, it would not move with my fingertip movements.  I could not use the computer, so I left it charging and walked away angry.  Continued using my old larger laptop and came back to it hours later.  Low and behold it was working fine and has worked fine since.  Id say highly recommend seller.  Great price for a backup laptop.  In great cosmetic condition, and functionality.\"", "is_Helpful": ""}, {"reviewerName": "William C Taylor", "reviewerUrl": "https://www.amazon.com/gp/profile/amzn1.account.AFCUUKQIHSU3LK4NMJFQB3KWLJAA/ref=cm_cr_getr_d_gw_btm?ie=UTF8", "rating": "1.0 out of 5 stars", "reviewTitle": "bad charging port..!!", "reviewDate": "June 3, 2021", "reviewText": "  Quit charging after a month. Very poor design for charger!!", "is_Helpful": ""}, {"reviewerName": "Carson", "reviewerUrl": "https://www.amazon.com/gp/profile/amzn1.account.AHZMQB5YRRSCC2KQMJMX64BE7K7Q/ref=cm_cr_getr_d_gw_btm?ie=UTF8", "rating": "1.0 out of 5 stars", "reviewTitle": "find something els", "reviewDate": "May 29, 2021", "reviewText": "\"  Bottom was messed up a little like it was dropped and cant do alot with it.\"", "is_Helpful": ""}, {"reviewerName": "AnneMarie Capp", "reviewerUrl": "https://www.amazon.com/gp/profile/amzn1.account.AGCXNN4EMB3TINJXN4FFTGTDSSPA/ref=cm_cr_getr_d_gw_btm?ie=UTF8", "rating": "5.0 out of 5 stars", "reviewTitle": "My Son  loves it", "reviewDate": "May 26, 2021", "reviewText": "  Nothing to dislike", "is_Helpful": ""}, {"reviewerName": "Michelle Hatfield", "reviewerUrl": "https://www.amazon.com/gp/profile/amzn1.account.AH6TMRTJFPRSD3V4N3FFG4NJ34CQ/ref=cm_cr_getr_d_gw_btm?ie=UTF8", "rating": "1.0 out of 5 stars", "reviewTitle": "Received JUNK", "reviewDate": "May 24, 2021", "reviewText": "  Received first laptop and the \u201cH\u201d button only worked half the time. Received a replacement and the mouse wouldn\u2019t work. Both laptops were chipped around edges. First one was dirty when I opened it like there was food in it!! Be aware when buying!!!", "is_Helpful": ""}, {"reviewerName": "Jacob Calloway", "reviewerUrl": "https://www.amazon.com/gp/profile/amzn1.account.AEAZS4EXNM2LCQ5SEK4EFUEUN4PQ/ref=cm_cr_getr_d_gw_btm?ie=UTF8", "rating": "2.0 out of 5 stars", "reviewTitle": "Not the best even at price point.", "reviewDate": "May 23, 2021", "reviewText": "  Performs so much slower than expected.", "is_Helpful": ""}, {"reviewerName": "Sara Tucker", "reviewerUrl": "https://www.amazon.com/gp/profile/amzn1.account.AGBNYX4PFPMI4MBL3QMOT4EKMDSQ/ref=cm_cr_getr_d_gw_btm?ie=UTF8", "rating": "1.0 out of 5 stars", "reviewTitle": "Perfect for kids", "reviewDate": "May 14, 2021", "reviewText": "\"  This laptop has tons of firewalls. Basically parental rights embedded in it. As an adult I have no use for this cause any pg13 material would be blocked. You cant even visit the website. So with children it would be perfect. You know they are safe.\"", "is_Helpful": ""}, {"reviewerName": "Mocha", "reviewerUrl": "https://www.amazon.com/gp/profile/amzn1.account.AHPSQTRMSY4SNDPKAMF53ERIWJKQ/ref=cm_cr_getr_d_gw_btm?ie=UTF8", "rating": "1.0 out of 5 stars", "reviewTitle": "Looks like a mini laptop", "reviewDate": "May 11, 2021", "reviewText": "  Laptop was old n scratched up around surfaces", "is_Helpful": ""}, {"reviewerName": "BlackBeautyBird", "reviewerUrl": "https://www.amazon.com/gp/profile/amzn1.account.AGXBQIXJ64MKSZI5ZO3VCR6HIYMA/ref=cm_cr_getr_d_gw_btm?ie=UTF8", "rating": "1.0 out of 5 stars", "reviewTitle": "Not satisfied", "reviewDate": "May 11, 2021", "reviewText": "\"  Not happy with the product. I cant download any games or apps. Thats what I get for buying used things.\"", "is_Helpful": ""}, {"reviewerName": "Steve", "reviewerUrl": "https://www.amazon.com/gp/profile/amzn1.account.AEG7GRFQ6BRVI77TE3U4YGXLIK2A/ref=cm_cr_getr_d_gw_btm?ie=UTF8", "rating": "1.0 out of 5 stars", "reviewTitle": "Spend more to get what you want", "reviewDate": "May 10, 2021", "reviewText": "  Not worth the money", "is_Helpful": ""}, {"reviewerName": "Justine", "reviewerUrl": "https://www.amazon.com/gp/profile/amzn1.account.AEHWXPCYUDL2CDT4DGPHJVIBSO7A/ref=cm_cr_getr_d_gw_btm?ie=UTF8", "rating": "1.0 out of 5 stars", "reviewTitle": "Not good at all", "reviewDate": "May 7, 2021", "reviewText": "  This product came broken, it does not go past set up screen. This was the worst. Definitely not satisfied. I lost my work from home job because of this.", "is_Helpful": ""}, {"reviewerName": "andy larkowich", "reviewerUrl": "https://www.amazon.com/gp/profile/amzn1.account.AHKDCXAMCTYVDN27IVAJJ6XPYECA/ref=cm_cr_getr_d_gw_btm?ie=UTF8", "rating": "3.0 out of 5 stars", "reviewTitle": "Do Your Homework", "reviewDate": "May 5, 2021", "reviewText": "  The machine has less capability than I expected. Needed to research specific capability more.", "is_Helpful": ""}, {"reviewerName": "Tammie Dattalo", "reviewerUrl": "https://www.amazon.com/gp/profile/amzn1.account.AGDPWCSJ7HDCXHZY5ULLXATFVUVQ/ref=cm_cr_getr_d_gw_btm?ie=UTF8", "rating": "4.0 out of 5 stars", "reviewTitle": "Needs chrome updates", "reviewDate": "May 5, 2021", "reviewText": "  The computer works great, except I keep getting alert that chrome is no longer supported on this Chromebook, there is no way to update it anymore.", "is_Helpful": ""}, {"reviewerName": "Gr8g8ts", "reviewerUrl": "https://www.amazon.com/gp/profile/amzn1.account.AGWH4ZX5K2WGZ5VQABCKTFSPOMEQ/ref=cm_cr_getr_d_gw_btm?ie=UTF8", "rating": "5.0 out of 5 stars", "reviewTitle": "Terrific!", "reviewDate": "May 2, 2021", "reviewText": "\"  Very pleased with my new (refurbished) laptop!  Arrived in perfect condition including charger.  It was already charged 80% and only took a few minutes to complete the charge.  This laptop does everything I need and more, Im very pleased.  Bye bye Firefox!\"", "is_Helpful": ""}, {"reviewerName": "Moe", "reviewerUrl": "https://www.amazon.com/gp/profile/amzn1.account.AEWOIAGF45CYWOORY76IGMVUBAGA/ref=cm_cr_getr_d_gw_btm?ie=UTF8", "rating": "5.0 out of 5 stars", "reviewTitle": "Great gift", "reviewDate": "April 30, 2021", "reviewText": "  Got it for my little brother, it\u2019s awesome he never gets off of it", "is_Helpful": ""}, {"reviewerName": "Cole m", "reviewerUrl": "https://www.amazon.com/gp/profile/amzn1.account.AGLIMP7RUJ72KKF5QBC6QCZ7GDTQ/ref=cm_cr_arp_d_gw_btm?ie=UTF8", "rating": "4.0 out of 5 stars", "reviewTitle": "Works but cheap charger they sent with it does not", "reviewDate": "April 29, 2021", "reviewText": "  So far son uses it everyday and everything seems to work just fine like new as stated and battery seems to be on par like the rest of the cromebooks in the house my only complaint is the cheap garbage charger that came with never worked since day one out the box at first when got all of it I thought the computer was defecting until I used an ome acre charger and it power up just fine and then realized that it was the cord they sent with it was cheap trash", "is_Helpful": ""}, {"reviewerName": "Tee", "reviewerUrl": "https://www.amazon.com/gp/profile/amzn1.account.AEFLFCS7RG4XE3JGFDQ67TXHGLOA/ref=cm_cr_getr_d_gw_btm?ie=UTF8", "rating": "1.0 out of 5 stars", "reviewTitle": "Poor Condition", "reviewDate": "April 19, 2021", "reviewText": "\"  I knew that it was used..But I didnt know it was scratched and damage like it is ..Very disappointing\"", "is_Helpful": "One person found this helpful"}, {"reviewerName": "Partheniaharding", "reviewerUrl": "https://www.amazon.com/gp/profile/amzn1.account.AGZMI2KBD3F22DMAPXGBS6QH67PQ/ref=cm_cr_getr_d_gw_btm?ie=UTF8", "rating": "1.0 out of 5 stars", "reviewTitle": "Don\u2019t waste your money.", "reviewDate": "April 17, 2021", "reviewText": "  Couldn\u2019t do anything with it. Plus it had been discontinued for a long time. Should\u2019ve done more research before buying it. It\u2019s a nice device, just couldn\u2019t do anything with it. So, I had to buy another one.", "is_Helpful": "2 people found this helpful"}, {"reviewerName": "Nakeetha Williams", "reviewerUrl": "https://www.amazon.com/gp/profile/amzn1.account.AGWTAC4RTEKAVADUD57KAFLZYJXQ/ref=cm_cr_getr_d_gw_btm?ie=UTF8", "rating": "5.0 out of 5 stars", "reviewTitle": "Can complete all tasks.", "reviewDate": "April 16, 2021", "reviewText": "  Great product and nice price.", "is_Helpful": ""}, {"reviewerName": "Oleksiy Khoroshenko", "reviewerUrl": "https://www.amazon.com/gp/profile/amzn1.account.AG6Q73G7D6W2HRSGTW657NQO6Z4Q/ref=cm_cr_getr_d_gw_btm?ie=UTF8", "rating": "5.0 out of 5 stars", "reviewTitle": "Cool.", "reviewDate": "April 10, 2021", "reviewText": "  I love it. Use for school.", "is_Helpful": ""}, {"reviewerName": "stephanie", "reviewerUrl": "https://www.amazon.com/gp/profile/amzn1.account.AER2XUWM5EK5DXI4O6XJ63RUBVXQ/ref=cm_cr_getr_d_gw_btm?ie=UTF8", "rating": "2.0 out of 5 stars", "reviewTitle": "Not happy", "reviewDate": "April 8, 2021", "reviewText": "  It have Ava have all over it I won\u2019t a new one but they gave me a you\u2019d one and not happy with it", "is_Helpful": ""}, {"reviewerName": "Pamela Cross", "reviewerUrl": "https://www.amazon.com/gp/profile/amzn1.account.AHEG7I7VQI2JWTZBIQQAH35WWJYA/ref=cm_cr_getr_d_gw_btm?ie=UTF8", "rating": "5.0 out of 5 stars", "reviewTitle": "Great for school", "reviewDate": "April 6, 2021", "reviewText": "  This Chromebook is great for a small child to operates. Light weight but yet great quality.", "is_Helpful": ""}, {"reviewerName": "Chiquita cook", "reviewerUrl": "https://www.amazon.com/gp/profile/amzn1.account.AHP2LJWDB5552G6NYOCSKO4VHNRQ/ref=cm_cr_getr_d_gw_btm?ie=UTF8", "rating": "2.0 out of 5 stars", "reviewTitle": "Regret buying this laptop", "reviewDate": "April 3, 2021", "reviewText": "  I would not buy a laptop again on here unless its new poor service from the person who sold it to me", "is_Helpful": "One person found this helpful"}, {"reviewerName": "Dollie DelaGarza", "reviewerUrl": "https://www.amazon.com/gp/profile/amzn1.account.AF4VXTPBCRAISLNVQLVML5IO6UDA/ref=cm_cr_getr_d_gw_btm?ie=UTF8", "rating": "2.0 out of 5 stars", "reviewTitle": "Google app will not open up", "reviewDate": "March 31, 2021", "reviewText": "\"  Its a nice chrome book but it will not let you open any google apps.\"", "is_Helpful": ""}, {"reviewerName": "Tommy", "reviewerUrl": "https://www.amazon.com/gp/profile/amzn1.account.AFL4ASOZLOHVISUWRYCQKRAXQG2A/ref=cm_cr_getr_d_gw_btm?ie=UTF8", "rating": "2.0 out of 5 stars", "reviewTitle": "I don\u2019t recommend", "reviewDate": "March 29, 2021", "reviewText": "  I would not recommend it\u2019s hard to find apps", "is_Helpful": ""}, {"reviewerName": "Kimberly", "reviewerUrl": "https://www.amazon.com/gp/profile/amzn1.account.AFZSBY3XLBWNA4Z42GBCFKSE4URA/ref=cm_cr_getr_d_gw_btm?ie=UTF8", "rating": "3.0 out of 5 stars", "reviewTitle": "Disappointed", "reviewDate": "March 22, 2021", "reviewText": "  The charger stopped working", "is_Helpful": ""}, {"reviewerName": "Evelyn James", "reviewerUrl": "https://www.amazon.com/gp/profile/amzn1.account.AHWRPEOFVFG5XBRJVI4N2F3LLZ4A/ref=cm_cr_getr_d_gw_btm?ie=UTF8", "rating": "3.0 out of 5 stars", "reviewTitle": "meh item", "reviewDate": "March 19, 2021", "reviewText": "\"  okay so at first I gave this four stars because in my haste I wanted to review it right away. Ive since dropped it to three, because it is really not a highly functional product. I didnt realize that you couldnt play Roblox on it, and that was part of the reason I bought it at all (for my daughter). Its a pretty basic device. If you are looking for something that is just for internet surfing and some basic stuff, this would be a good device. if you need more, I recommend investing in a better item.\"", "is_Helpful": ""}, {"reviewerName": "Ann", "reviewerUrl": "https://www.amazon.com/gp/profile/amzn1.account.AHX6JLST4CQDGEOSLV4BLYYXSQYA/ref=cm_cr_getr_d_gw_btm?ie=UTF8", "rating": "5.0 out of 5 stars", "reviewTitle": "Nice", "reviewDate": "March 17, 2021", "reviewText": "  My son liked it", "is_Helpful": ""}, {"reviewerName": "Ricardo Joseph", "reviewerUrl": "https://www.amazon.com/gp/profile/amzn1.account.AHHRWW4NVQASQ3C6MIQTFI7RKEUA/ref=cm_cr_arp_d_gw_btm?ie=UTF8", "rating": "1.0 out of 5 stars", "reviewTitle": "Sold with incompatible power supply", "reviewDate": "March 16, 2021", "reviewText": "  Comes with an incompatible power supply. The head jack is thinner than the hole.", "is_Helpful": "3 people found this helpful"}, {"reviewerName": "Jim McGrath", "reviewerUrl": "https://www.amazon.com/gp/profile/amzn1.account.AFWVWKKS5P2BUDXQJMT65676VULA/ref=cm_cr_getr_d_gw_btm?ie=UTF8", "rating": "2.0 out of 5 stars", "reviewTitle": "Learning curve", "reviewDate": "March 13, 2021", "reviewText": "\"  I love this notebook but had a learning curve with it... I informed the company that I could not use the USB Port for some reason and they never responded back to me... Im  content with the purchase, just wish the USB port worked.\"", "is_Helpful": ""}, {"reviewerName": "Evelyn Lorenzo", "reviewerUrl": "https://www.amazon.com/gp/profile/amzn1.account.AEGHJXAVM45ETLXD25CKA7DTDWNA/ref=cm_cr_getr_d_gw_btm?ie=UTF8", "rating": "3.0 out of 5 stars", "reviewTitle": "Great speed", "reviewDate": "March 8, 2021", "reviewText": "  This is great product but i cant hear the sound", "is_Helpful": ""}, {"reviewerName": "Terry Taggart", "reviewerUrl": "https://www.amazon.com/gp/profile/amzn1.account.AE5T6QNRSGJSS25HG5GJT2UU7TCQ/ref=cm_cr_getr_d_gw_btm?ie=UTF8", "rating": "4.0 out of 5 stars", "reviewTitle": "Here you go", "reviewDate": "March 7, 2021", "reviewText": "  Not what I needed for the programs that I run and work with", "is_Helpful": ""}, {"reviewerName": "Kala Young", "reviewerUrl": "https://www.amazon.com/gp/profile/amzn1.account.AHIBEDDV26CARU675XMZPS57NXCA/ref=cm_cr_getr_d_gw_btm?ie=UTF8", "rating": "5.0 out of 5 stars", "reviewTitle": "Overall great", "reviewDate": "March 4, 2021", "reviewText": "  Just as described, can not tell anyone ever owned this before me! Needed an affordable computer for online classes and this is perfect- fast operating system as well!", "is_Helpful": "2 people found this helpful"}, {"reviewerName": "Sherry", "reviewerUrl": "https://www.amazon.com/gp/profile/amzn1.account.AHUPBOOKXATF7NYQJ32YMCNCISZQ/ref=cm_cr_getr_d_gw_btm?ie=UTF8", "rating": "5.0 out of 5 stars", "reviewTitle": "Very fast delivery", "reviewDate": "February 19, 2021", "reviewText": "  VERY NICE .WAS A GIFT FOR MY DAD HE LOVES IT .MAY GET ANOTHER FOR MYSELF. ADDED LATER MY DAD TRIES TO USE ITS USED HE CANT GET ON IS TRYING TO HAVE SOMEONE TO HELP HIM CLEAR IT TO GET ON.", "is_Helpful": ""}, {"reviewerName": "John R.", "reviewerUrl": "https://www.amazon.com/gp/profile/amzn1.account.AFIDKETWO5PQXNBWMRZO5YRZNEYQ/ref=cm_cr_arp_d_gw_btm?ie=UTF8", "rating": "2.0 out of 5 stars", "reviewTitle": "Cast quit working", "reviewDate": "February 19, 2021", "reviewText": "\"  Since in was a renewed product there was no warranty. I called ACER and they gave me a tech support number to call. I was on the phone for just over an hour (cost $50) and they didnt know as much as I did. Issue unresolved so Chromebook is no good to me.\"", "is_Helpful": "14 people found this helpful"}, {"reviewerName": "eliza schermerhorn", "reviewerUrl": "https://www.amazon.com/gp/profile/amzn1.account.AEEIFKXQSKHZWYC4NAW7JX6LMWOQ/ref=cm_cr_getr_d_gw_btm?ie=UTF8", "rating": "5.0 out of 5 stars", "reviewTitle": "It\u2019s great", "reviewDate": "February 17, 2021", "reviewText": "  Everything I expect", "is_Helpful": "One person found this helpful"}, {"reviewerName": "angie Plourde", "reviewerUrl": "https://www.amazon.com/gp/profile/amzn1.account.AHFTIEJIHGZJS2YK3YDYDPO4FA6A/ref=cm_cr_getr_d_gw_btm?ie=UTF8", "rating": "1.0 out of 5 stars", "reviewTitle": "Poor quality, wasn\u2019t the same, completely destroyed", "reviewDate": "January 26, 2021", "reviewText": "  I ordered this from Christmas, the laptop wasn\u2019t the same as I ordered, came completely damaged, looks used, the laptop\u2019s border completely destroyed, screen scratched. I do not recommend", "is_Helpful": "2 people found this helpful"}, {"reviewerName": "Pammie Tinsley", "reviewerUrl": "https://www.amazon.com/gp/profile/amzn1.account.AG27AKON45NET6KFCJQQSQH2RGTA/ref=cm_cr_getr_d_gw_btm?ie=UTF8", "rating": "1.0 out of 5 stars", "reviewTitle": "\"Dont buy refurbished unless u r guaranteed it will work\"", "reviewDate": "January 20, 2021", "reviewText": "\"  It didnt work and has been returned\"", "is_Helpful": ""}, {"reviewerName": "A Happy Amazon Customer/Member", "reviewerUrl": "https://www.amazon.com/gp/profile/amzn1.account.AEQITXYOHDH7HSAZA4TWJOLYDQ4Q/ref=cm_cr_getr_d_gw_btm?ie=UTF8", "rating": "1.0 out of 5 stars", "reviewTitle": "\"Purchased Item Didnt Work; I Had To Return The Laptop\"", "reviewDate": "January 5, 2021", "reviewText": "\"  The laptop didnt work. The computer screen was frozen, and displayed a list of search engines. When I inseeted a flash-drive, same thing. Also, the box the laptop was delivered in was not up to delivery standards.\"", "is_Helpful": "2 people found this helpful"}, {"reviewerName": "Mr Everette", "reviewerUrl": "https://www.amazon.com/gp/profile/amzn1.account.AGYRYLZURM2AKENF2R7STGZDSBAQ/ref=cm_cr_arp_d_gw_btm?ie=UTF8", "rating": "5.0 out of 5 stars", "reviewTitle": "Acer laptop", "reviewDate": "January 1, 2021", "reviewText": "  I  didnt know this one had a touch screen hey how do I active that feature but all in all I love my laptop works like a charm", "is_Helpful": "10 people found this helpful"}, {"reviewerName": "DR WATSON", "reviewerUrl": "https://www.amazon.com/gp/profile/amzn1.account.AHW6BOK2EMRPOAZODB2LMID75O2A/ref=cm_cr_getr_d_gw_btm?ie=UTF8", "rating": "1.0 out of 5 stars", "reviewTitle": "\"BAD  WHEN YOU GIVE A REFERB, PRODUCT THAT DONT WORK -DAMAGED\"", "reviewDate": "December 31, 2020", "reviewText": "  DAMAGED  WHEN RECIEVED  -RETURN FOR CREDIT OR REPLACEMENT", "is_Helpful": "One person found this helpful"}, {"reviewerName": "Jeremy flowers", "reviewerUrl": "https://www.amazon.com/gp/profile/amzn1.account.AHO6IML5OWQDJSE7KZ7MIY6BJ45A/ref=cm_cr_arp_d_gw_btm?ie=UTF8", "rating": "1.0 out of 5 stars", "reviewTitle": "A laptop with no charger wow", "reviewDate": "December 22, 2020", "reviewText": "  They gave a laptop with nothing charger no nothing just a laptop im very very disappointed in them I thiught I was getting a full set know im going to have to go to a different store to buy me a new laptop wow thanks alot", "is_Helpful": "17 people found this helpful"}, {"reviewerName": "JNSherwood", "reviewerUrl": "https://www.amazon.com/gp/profile/amzn1.account.AGY2B5UQHS7G52SGMAAXJV7MBCFA/ref=cm_cr_getr_d_gw_btm?ie=UTF8", "rating": "5.0 out of 5 stars", "reviewTitle": "Great price and quality!", "reviewDate": "December 18, 2020", "reviewText": "  Seems to be exactly what I needed for online school!", "is_Helpful": "3 people found this helpful"}, {"reviewerName": "Ellen B", "reviewerUrl": "https://www.amazon.com/gp/profile/amzn1.account.AEZWBQDIOZH3DHF3H6SQU5JKYH6A/ref=cm_cr_getr_d_gw_btm?ie=UTF8", "rating": "5.0 out of 5 stars", "reviewTitle": "Good product", "reviewDate": "October 4, 2020", "reviewText": "  Good product", "is_Helpful": "2 people found this helpful"}, {"reviewerName": "Christopher", "reviewerUrl": "https://www.amazon.com/gp/profile/amzn1.account.AFLS7VPTHHJFHRAHHIR6HA76ILVQ/ref=cm_cr_getr_d_gw_btm?ie=UTF8", "rating": "1.0 out of 5 stars", "reviewTitle": "Ok", "reviewDate": "September 4, 2020", "reviewText": "  It was all scratched up", "is_Helpful": ""}, {"reviewerName": "Amazon Customer", "reviewerUrl": "https://www.amazon.com/gp/profile/amzn1.account.AFGPECTAZLFTR5G2W5MMNK3KLBWA/ref=cm_cr_getr_d_gw_btm?ie=UTF8", "rating": "2.0 out of 5 stars", "reviewTitle": "Too out of date?", "reviewDate": "August 5, 2020", "reviewText": "  We bought this for school for my son. We could not load Zoom on this computer. Useless.", "is_Helpful": "One person found this helpful"}, {"reviewerName": "Armando Cordon", "reviewerUrl": "https://www.amazon.com/gp/profile/amzn1.account.AFZNKWFKGZIXEI3UOOSFKFC5AFFQ/ref=cm_cr_getr_d_gw_btm?ie=UTF8", "rating": "5.0 out of 5 stars", "reviewTitle": "the onli a i mising is the dvd player", "reviewDate": "July 21, 2020", "reviewText": "  i love this product i feel like is a toy", "is_Helpful": ""}, {"reviewerName": "Beverly Franklin", "reviewerUrl": "https://www.amazon.com/gp/profile/amzn1.account.AH5YHCXN6MPFSXCCO4OFRWX74SMQ/ref=cm_cr_arp_d_gw_btm?ie=UTF8", "rating": "5.0 out of 5 stars", "reviewTitle": "Great Deal!", "reviewDate": "July 21, 2020", "reviewText": "  I love my acer it does every thing I need and want!", "is_Helpful": "9 people found this helpful"}, {"reviewerName": "Brandon ellison", "reviewerUrl": "https://www.amazon.com/gp/profile/amzn1.account.AGYCVOYSS2A5UAMYOOZE7HBUQ5ZQ/ref=cm_cr_arp_d_gw_btm?ie=UTF8", "rating": "5.0 out of 5 stars", "reviewTitle": "Great item", "reviewDate": "July 13, 2020", "reviewText": "  I love it use it everyday \ud83d\ude0d\ud83d\udc99\ud83d\ude0d\ud83d\udc99\u2764\ufe0f\ud83d\ude0d\u2764\ufe0f", "is_Helpful": "9 people found this helpful"}, {"reviewerName": "brie", "reviewerUrl": "https://www.amazon.com/gp/profile/amzn1.account.AFZA5CPEB7S2VHJNZNEYVJE2NKQQ/ref=cm_cr_getr_d_gw_btm?ie=UTF8", "rating": "2.0 out of 5 stars", "reviewTitle": "Be careful with used electronics", "reviewDate": "July 4, 2020", "reviewText": "\"  I bought it for my son and Im unimpressed overall. It has a lot of wear and tear and not much you could do with it.\"", "is_Helpful": ""}, {"reviewerName": "Milya", "reviewerUrl": "https://www.amazon.com/gp/profile/amzn1.account.AFMMLUW7RRQH6CZ7VYZKNWR4QWHQ/ref=cm_cr_getr_d_gw_btm?ie=UTF8", "rating": "5.0 out of 5 stars", "reviewTitle": "My daughter needs it for school", "reviewDate": "June 12, 2020", "reviewText": "\"  Used for school and loved the easy accessibility and dislike the 11 inch size, would have prefer a 14 inch, but it works great so were happy!\"", "is_Helpful": "4 people found this helpful"}, {"reviewerName": "Mercedes", "reviewerUrl": "https://www.amazon.com/gp/profile/amzn1.account.AGCH5R6AWV2R5KTFPIOG5RVXONZQ/ref=cm_cr_arp_d_gw_btm?ie=UTF8", "rating": "2.0 out of 5 stars", "reviewTitle": "Broken charger", "reviewDate": "May 21, 2020", "reviewText": "  I was very disappointed that the charger was broken everytime i took the chrager out the laptop it powered all the way off DONT SPEND YOUR MONEY ON THIS!!! ITS NOT WORTH IT", "is_Helpful": "23 people found this helpful"}, {"reviewerName": "Lovely Teddy", "reviewerUrl": "https://www.amazon.com/gp/profile/amzn1.account.AF5QM4PYUJJGWWDEKLHAUJLC3AGQ/ref=cm_cr_arp_d_gw_btm?ie=UTF8", "rating": "1.0 out of 5 stars", "reviewTitle": "Don\u2019t buy it", "reviewDate": "May 14, 2020", "reviewText": "  I don\u2019t want to give it a star it doesn\u2019t keep a charge every time I go to open after it been on the charger for an hour it\u2019s still not charged", "is_Helpful": "10 people found this helpful"}, {"reviewerName": "Aaron", "reviewerUrl": "https://www.amazon.com/gp/profile/amzn1.account.AGSUQPO32UTQHCXBVM3YRQNDBONQ/ref=cm_cr_arp_d_gw_btm?ie=UTF8", "rating": "1.0 out of 5 stars", "reviewTitle": "Arrived Non-operational.", "reviewDate": "May 11, 2020", "reviewText": "  Arrived with a broken charger and unable to be turned on. Was a gift for my daughter, her first computer. She is really disappointed.", "is_Helpful": "27 people found this helpful"}, {"reviewerName": "Helen", "reviewerUrl": "https://www.amazon.com/gp/profile/amzn1.account.AHO7USNUBJ4GADSBYXOIQVLJGAHA/ref=cm_cr_getr_d_gw_btm?ie=UTF8", "rating": "3.0 out of 5 stars", "reviewTitle": "Three Stars", "reviewDate": "November 13, 2016", "reviewText": "\"  cant print\"", "is_Helpful": ""}, {"reviewerName": "David K.", "reviewerUrl": "https://www.amazon.com/gp/profile/amzn1.account.AGA4MYCUHOWKYNUI736JSRERPQBA/ref=cm_cr_getr_d_gw_btm?ie=UTF8", "rating": "5.0 out of 5 stars", "reviewTitle": "Five Stars", "reviewDate": "October 1, 2016", "reviewText": "  Works great, Thank you", "is_Helpful": "5 people found this helpful"}, {"reviewerName": "FirstMan", "reviewerUrl": "https://www.amazon.com/gp/profile/amzn1.account.AGWS7I5T6RHQYGNBBG2FDRMBOBUQ/ref=cm_cr_getr_d_gw_btm?ie=UTF8", "rating": "5.0 out of 5 stars", "reviewTitle": "A Bargain", "reviewDate": "August 7, 2016", "reviewText": "  second C720 that I have bought. No Windows nightmares, works well, fast boot up, and I can set restrictions for my kids account.", "is_Helpful": "6 people found this helpful"}], "qAndA": [{"question": "Is this a touchscreen?", "answer": "NO"}, {"question": "does it have to be hoked to the internet ?", "answer": "Yes wi fi"}, {"question": "Does it have mic & camera,?", "answer": "The new one I have does. I don't know about the used/refurbished acer"}, {"question": "Does this chromebook have the google play store?", "answer": "No it doesn\u2019t have a Google play store I"}, {"question": "Can memory be upgraded, if so, what kind?", "answer": "Answer not available"}, {"question": "Can you download the google app store to thw Acer??", "answer": "No, this model does not support the Google Play store app."}, {"question": "Does thos support jpay app?", "answer": "Answer not available"}, {"question": "Puedo tomar mis clases aser tarea inprimir mi tarea", "answer": "Answer not available"}, {"question": "Does it have a Lighted keyboard", "answer": "No"}, {"question": "Does it have a built in camera?", "answer": "Yes"}, {"question": "Does it have windows 10?", "answer": "It has chrome OS but not windows 10"}, {"question": "Can i hook it up to a printer", "answer": "Yes."}, {"question": "Does it have word?", "answer": "Chromebook uses Google Docs which can be downloaded as a Word document."}, {"question": "Does this laptop have bluetooth", "answer": "Yes, it does, but it is a chromebook only, only can access internet."}, {"question": "Does this computer have a hdmi port?", "answer": "It does have a HDMI port and an SD slot"}, {"question": "Is it touch screan", "answer": "No, not touchscreen."}, {"question": "Someone said this can't print?", "answer": "If you have a HP printer, you can, just use HP Smart from webstore"}, {"question": "can you 3cx app?? if not what meeting app can i use?", "answer": "I could never get it to work so I returned it"}, {"question": "Does it have an sd slot?", "answer": "Yes, it has one."}, {"question": "Not received looking every day not come yet", "answer": "MINE CAME QUICKLY BUT HAS BEEN USED AND WE CANNOT GET INTO IT"}, {"question": "Can i make calls", "answer": "On Skype or something yeah"}, {"question": "Does it have a sd card slot?", "answer": "It has a micro sd slot"}, {"question": "how big can expandble storage be", "answer": "Answer not available"}, {"question": "Es touch screen?", "answer": "No it isn't sorry"}, {"question": "Does it print", "answer": "No, it is a chromebook, not printer."}, {"question": "viene con su cargador ..", "answer": "Si lo tiene"}, {"question": "Where did be you put it", "answer": "Answer not available"}, {"question": "Does it have a sd card slot?", "answer": "NOT SURE .I BOUGHT THIS FOR MY DAD AND WE STILL CANT GET INTO IT .ITS BEEN USED ITS A PAIN .WE HAVE TO TAKE IT TO SOMEBODY TO CLEAR IT AND TRY TO GET HIM SETUP .I DONT RECOMMEND"}, {"question": "Does it come with a charger?", "answer": "Yes it comes with a charger."}, {"question": "Does it have disc player", "answer": "No, it does not. This computer has been discontinued also. You can not do a lot with it."}, {"question": "Can you Video conference ? Which app?", "answer": "Yes it has a web camera"}, {"question": "Does it have wlan", "answer": "of course."}, {"question": "Will it connect to DSL internet connection?9", "answer": "Yes it does without any problems"}, {"question": "Is it small?", "answer": "NO"}, {"question": "can i listen to music on a chromebook?", "answer": "Yes on YouTube"}, {"question": "is this touch screen?", "answer": "NO IT ISNT TOUCH SCREEN . MY DAD CANT GET INTO IT IT WAS USED"}, {"question": "Acer C720 11.6in Chromebook (Renewed) is touchscreen or not? answers are inconsistent", "answer": "Acer C720 is definitely not a touchscreen model Chromebook."}, {"question": "La latop viene lista para usar", "answer": "Si viene con el cargador"}, {"question": "Can i use office 365 with this acer c720 11.6in chromebook intel celeron 1.40ghz dual core processor, 2gb ram, 16gb w/chrome os ?", "answer": "I think so Try it out and see"}, {"question": "Does this one have cd player", "answer": "Nope. It doesn't have anything. The only thing I can do on it is video chat through Facebook Messanger. This computer is no good."}, {"question": "Can it run game applications like steam?", "answer": "With this particular model...I have only played web based games on it. As far as games are concerned, you can play the games that are on the web store. I haven't ventured with anything else. Make sure you check the specs if you purchase. My Chromebook wasn't a 16 gig Chromebook"}], "time": ["05/07/2021 19:20:49"], "reviewsCountInfo": {"expRevCount": 73, "actRevCount": 73, "nonEnglishRevCount": 5}, "scrapperInfo": {"ScrapperType": "Non-Headless", "Version": "1.4.1", "Released Date": "30-june-2021"}, "breadcrumb": {"breadcrumb": "Electronics\u203aComputers & Accessories\u203aComputers & Tablets\u203aLaptops\u203aTraditional Laptops"}, "productURL": "https://www.amazon.com/gp/product/B01F5PSKGA", "ASIN": "B01F5PSKGA", "title": "Acer C720 11.6in Chromebook Intel Celeron 1.40GHz Dual Core Processor, 2GB RAM, 16GB W/Chrome OS (Renewed)", "manufacturer": " Amazon Renewed Store", "currentPrice": [], "rating": "3.9", "totalRatings": "576 "}