{"features": ["Intel Celeron N3060 processor with 2GB memory, 16GB SSD", "Simple and secure Google Chrome OS", "11.6\u201d HD Anti-Reflective Display with image enhancer", "Work or play for up to 11 hours on a single charge", "Spill-resistant keyboard protects against accidental damage", "Includes: Adapter, Power Code, Paper Sheets - Quick Strart, Software Guide, Warranty Card"], "reviewsAspects": ["battery life", "year old", "chromebook", "great buy", "use for school", "chromebook", "laptop", "computer", "download", "chromebooks", "college", "google", "runs", "videos", "everyday", "internet", "normally"], "productInformation": [{"\nASIN\n": "\nB01MS79M6Y\n", "Customer Reviews": "\n\n\n\n\n\n\n4.5 out of 5 stars\n\n\n\n\n\n\n\n\n517 ratings\n\n\n\n\n\n\n4.5 out of 5 stars\n", "\nBest Sellers Rank\n": "\n\n#22,990 in Computers & Accessories (See Top 100 in Computers & Accessories)\n\n#3,577 in Traditional Laptop Computers\n\n\n", "\nDate First Available\n": "\nFebruary 2, 2017\n"}], "productDescription": "\n\nSpecifications:\nOperating System: Chrome OS\nProcessor: Intel Celeron N3060\nSystem Memory: 2GB LPDDR3\nStorage: 16GB eMMC\nDisplay: 11.6\u201d HD LED (1366 x 768)\nSamsung Chromebook 3 11.6\u201d\nSimplicity meets value in the Samsung Chromebook 3, the browsing device the whole family will love. The durable frame handles whatever you and your family dish out\u2014even an occasional spill. Watch YouTube videos, research for homework or check social media to your heart\u2019s content, thanks to a long-lasting battery that lasts up to 11 hours.* It\u2019s everything you need and nothing you don\u2019t.\nSamsung quality. Amazing value.\nThe Chromebook 3 is a quality device. But then you\u2019d expect nothing less from a leading technology brand like Samsung.\nEverything at your fingertips\nBuilt-in security features ensure you\u2019re protected from viruses and malware. No setup or long load times\u2014simply log in with a Google account, and you\u2019re in. Navigate your world with Chrome OS. Get the best of Google, Gmail, Maps, Docs and Pics, and back everything up safely in the cloud. And since your Chromebook gets free updates automatically, it will only get better.\nUp for anything\nThe strong design you\u2019d expect from a reliable brand like Samsung. Go ahead, let the kids use it to watch movies during snack time, or keep it in the kitchen without worrying about accidents thanks to a water-resistant keyboard.\nGo light.\nWeighing only 2.54 pounds, its lightweight and slim design makes carrying it from room to room easy. Use as a traditional notebook or recline 180 degrees to share your view.", "reviews": [{"reviewerName": "\"The Perrys\"", "reviewerUrl": "https://www.amazon.com/gp/profile/amzn1.account.AGQTCYK2TDWW7F3EQMF4TBNNGL4A/ref=cm_cr_getr_d_gw_btm?ie=UTF8", "rating": "5.0 out of 5 stars", "reviewTitle": "Great buy", "reviewDate": "December 1, 2020", "reviewText": "\"  Cant keep my 8 and 10 year old off them.  Also this product was not intended to be use for school but COVID hit and now the grand kids are using these units for school.  Great buy for under $150.00\"", "is_Helpful": ""}, {"reviewerName": "rsor8", "reviewerUrl": "https://www.amazon.com/gp/profile/amzn1.account.AH24ZLP5DBTZL22R74D3FVJA3YHQ/ref=cm_cr_getr_d_gw_btm?ie=UTF8", "rating": "1.0 out of 5 stars", "reviewTitle": "Stopped Charging", "reviewDate": "November 30, 2020", "reviewText": "\"  It was okay while it lasted - i.e., for less than six months. Purchased for my son for virtual school last spring, and it stopped charging properly a few weeks ago. I didnt buy a protection plan and its probably not worth the money to have it fixed. Very frustrating.\"", "is_Helpful": ""}, {"reviewerName": "Umdray Lamb", "reviewerUrl": "https://www.amazon.com/gp/profile/amzn1.account.AG6AKKCHJDHEAFN4ZMHBTZ7EEWLQ/ref=cm_cr_getr_d_gw_btm?ie=UTF8", "rating": "2.0 out of 5 stars", "reviewTitle": "\"I wouldnt buy another one\"", "reviewDate": "October 30, 2020", "reviewText": "  Too small and is a refurbished laptop", "is_Helpful": ""}, {"reviewerName": "Patty", "reviewerUrl": "https://www.amazon.com/gp/profile/amzn1.account.AFXP34DCWHTSZOCNMQBGJLJO2VEA/ref=cm_cr_getr_d_gw_btm?ie=UTF8", "rating": "1.0 out of 5 stars", "reviewTitle": "Ms", "reviewDate": "October 22, 2020", "reviewText": "  Does not have Ms, office", "is_Helpful": ""}, {"reviewerName": "Tim Mueller", "reviewerUrl": "https://www.amazon.com/gp/profile/amzn1.account.AEERK6KJFPPW4ANV43UDPNS4J3BQ/ref=cm_cr_getr_d_gw_btm?ie=UTF8", "rating": "2.0 out of 5 stars", "reviewTitle": "Slow Slow Slow Slow Sllllooooooowwwwww", "reviewDate": "October 15, 2020", "reviewText": "\"  You definitely get what you pay for. Had the previous Chromebook version and really liked it. Nothing flashy but was great for work. Thought Id have the same luck with this version. Man was I wrong. Thing is super slow to refresh an open tab (and thats with only 4 tabs open). Ive uninstalled everything that I dont need in hopes to speed things up but to no avail. This Chromebook is cheap, light, compact and looks good. But way too slow.\"", "is_Helpful": "2 people found this helpful"}, {"reviewerName": "Rhiannon Fox", "reviewerUrl": "https://www.amazon.com/gp/profile/amzn1.account.AHMQKELSAABCKJPPBN7DXC6XC5SQ/ref=cm_cr_arp_d_gw_btm?ie=UTF8", "rating": "1.0 out of 5 stars", "reviewTitle": "\"Slowest Laptop Youll Ever Own\"", "reviewDate": "August 1, 2020", "reviewText": "\"  This computer runs INCREDIBLY slow. Dont waste your money, just get a tablet if you want something this small that works. I use this laptop as a paperweight these days because thats all its good for. It takes 10 minutes to load 1 webpage and heaven forbid you click on something because youll have to wait another 10 minutes for it to load something again. It cant even load netflix/youtube/hulu videos unless they are under a minute. The best thing this laptop is for is probably just reading articles or books that it doesnt have to put much work into loading. Its cheap for a reason I guess. I saw Samsung and thought it would be decent quality, and Inlove how light weight chromebooks software is, but this is ridiculous and an embarrassing product to even put out on the market honestly.\"", "is_Helpful": ""}, {"reviewerName": "Jocelyn", "reviewerUrl": "https://www.amazon.com/gp/profile/amzn1.account.AG3SDVATHV7R5SAH5KKSCFPERCZA/ref=cm_cr_getr_d_gw_btm?ie=UTF8", "rating": "5.0 out of 5 stars", "reviewTitle": "Perfect size, runs fast, strong battery", "reviewDate": "June 30, 2020", "reviewText": "  I don\u2019t normally write reviews but I LOVE this chromebook!! I was worried because it was so cheaply priced that it seemed too good to be true but I am so impressed! The battery life is great, it runs quickly, and it\u2019s perfect for watching Netflix haha. I also love how small it is, it\u2019s so cute!!", "is_Helpful": ""}, {"reviewerName": "mandi_pandi", "reviewerUrl": "https://www.amazon.com/gp/profile/amzn1.account.AETHH3MQ5KR45ZUVVDL4GIGGLHOQ/ref=cm_cr_getr_d_gw_btm?ie=UTF8", "rating": "5.0 out of 5 stars", "reviewTitle": "i will buy again", "reviewDate": "June 15, 2020", "reviewText": "  great laptop", "is_Helpful": ""}, {"reviewerName": "Hmera", "reviewerUrl": "https://www.amazon.com/gp/profile/amzn1.account.AGJRGBFRUPBFMZLUC4WVIYLXNFQQ/ref=cm_cr_getr_d_gw_btm?ie=UTF8", "rating": "4.0 out of 5 stars", "reviewTitle": "\"Doesnt download certain apps:( not good for certain online schools\"", "reviewDate": "June 10, 2020", "reviewText": "\"  This is not good for certain schools this will not download certain apps but is great for other apps Im not happy with this product if youre in college or online school please get a different computer overall if you are not in online schools this is great\"", "is_Helpful": ""}, {"reviewerName": "Kindle Customer", "reviewerUrl": "https://www.amazon.com/gp/profile/amzn1.account.AHXDVB4SVTOZTJF5OWYTEFUJZWEQ/ref=cm_cr_getr_d_gw_btm?ie=UTF8", "rating": "3.0 out of 5 stars", "reviewTitle": "\"Its very slow...but does the job\"", "reviewDate": "June 4, 2020", "reviewText": "\"  This was purchased for my 6-year-old son to work on his schoolwork since we started distance learning classes.  Its very slow and thats okay for my son, but it drives me crazy, and it had documents saved on it that we never saved.  For the price and the purpose it worked, but cant give more stars.\"", "is_Helpful": ""}, {"reviewerName": "Valerie Dowe", "reviewerUrl": "https://www.amazon.com/gp/profile/amzn1.account.AGOMCRN7J3IHX6IQPPKNRMEL5XNQ/ref=cm_cr_getr_d_gw_btm?ie=UTF8", "rating": "3.0 out of 5 stars", "reviewTitle": "Not worth the money, very disappointed", "reviewDate": "June 3, 2020", "reviewText": "  When trying to use the pointer to select something, 80% of the time it has disappeared and you have to reboot it to get it back", "is_Helpful": ""}, {"reviewerName": "Amazon Customer", "reviewerUrl": "https://www.amazon.com/gp/profile/amzn1.account.AFFZHCKQRGP6PHE6C5COR6WAUATA/ref=cm_cr_getr_d_gw_btm?ie=UTF8", "rating": "5.0 out of 5 stars", "reviewTitle": "Works perfectly", "reviewDate": "May 27, 2020", "reviewText": "  Works perfectly", "is_Helpful": ""}, {"reviewerName": "Jon houghtaling", "reviewerUrl": "https://www.amazon.com/gp/profile/amzn1.account.AEIH4OIB6XYB3PGQOYGPN6KQQX6A/ref=cm_cr_getr_d_gw_btm?ie=UTF8", "rating": "1.0 out of 5 stars", "reviewTitle": "Defective product. Horrible company.", "reviewDate": "May 23, 2020", "reviewText": "\"  They obviously dont check their products before sending them out. Columbia Micro has no means to communicate this issue either. Only after I filled out all my information into the product, did it crash. Save your money and your time!\"", "is_Helpful": ""}, {"reviewerName": "Scott D. Brown", "reviewerUrl": "https://www.amazon.com/gp/profile/amzn1.account.AHKBNOHMLQ52D4LV5ENPU6RW652A/ref=cm_cr_getr_d_gw_btm?ie=UTF8", "rating": "5.0 out of 5 stars", "reviewTitle": "A lot smaller than anticipated!", "reviewDate": "April 30, 2020", "reviewText": "  So much smaller the anticipated, have issues staying connected to the internet. Jury is still out on this laptop.", "is_Helpful": ""}, {"reviewerName": "Amazon Customer", "reviewerUrl": "https://www.amazon.com/gp/profile/amzn1.account.AFM4KKXQKRPWIYDHKVNFXWTRN56A/ref=cm_cr_getr_d_gw_btm?ie=UTF8", "rating": "5.0 out of 5 stars", "reviewTitle": "My daughter likes it", "reviewDate": "April 21, 2020", "reviewText": "  Fantastic value for the price I paid! Fortunately, i bought this Chrome Book before school shut down and my 16 yo daughter is happy with it. She says the battery lasts all day (for school work).", "is_Helpful": ""}, {"reviewerName": "Kenny", "reviewerUrl": "https://www.amazon.com/gp/profile/amzn1.account.AGDO2HJFLUZTFZ6DSRG7YLUSFDVA/ref=cm_cr_getr_d_gw_btm?ie=UTF8", "rating": "3.0 out of 5 stars", "reviewTitle": "\"Its not working screen just went out\"", "reviewDate": "April 19, 2020", "reviewText": "\"  Do I have a warranty on this item its less than 6 months old\"", "is_Helpful": ""}, {"reviewerName": "Dinky", "reviewerUrl": "https://www.amazon.com/gp/profile/amzn1.account.AE4KADWYXWJ66ZFFCT7TW3LVEBTQ/ref=cm_cr_getr_d_gw_btm?ie=UTF8", "rating": "5.0 out of 5 stars", "reviewTitle": "\"Its a great little laptop\"", "reviewDate": "April 17, 2020", "reviewText": "\"  I bought this for my 12 year old daughter. She was able to log right in after receiving it in the mail. We havent had any issues. She loves it.\"", "is_Helpful": ""}, {"reviewerName": "Jessica S Nuhn", "reviewerUrl": "https://www.amazon.com/gp/profile/amzn1.account.AGUROD64I63PP4YGPA6IE3YJMLWA/ref=cm_cr_getr_d_gw_btm?ie=UTF8", "rating": "1.0 out of 5 stars", "reviewTitle": "Did not work.", "reviewDate": "April 6, 2020", "reviewText": "  Purchase this to do online work with the children. Camera got so hot it burned my hand the first time we used it.", "is_Helpful": ""}, {"reviewerName": "Ospreym", "reviewerUrl": "https://www.amazon.com/gp/profile/amzn1.account.AEHVYM4A5MLOZ3BN5MZQJNXOE7OA/ref=cm_cr_getr_d_gw_btm?ie=UTF8", "rating": "5.0 out of 5 stars", "reviewTitle": "Works perfect...super long battery life", "reviewDate": "April 4, 2020", "reviewText": "  Purchased to use for reservation system for my restaurant host stand...my hostess loves it...", "is_Helpful": ""}, {"reviewerName": "LTejada(Reward)", "reviewerUrl": "https://www.amazon.com/gp/profile/amzn1.account.AH4UBUGQ6XDOSBFO3ETJN6JP4JWA/ref=cm_cr_getr_d_gw_btm?ie=UTF8", "rating": "4.0 out of 5 stars", "reviewTitle": "Like it!", "reviewDate": "March 20, 2020", "reviewText": "  Nice computer.", "is_Helpful": ""}, {"reviewerName": "JEE HONG KIM", "reviewerUrl": "https://www.amazon.com/gp/profile/amzn1.account.AEP64V5JY2NACCU5HC6TXYR4JCGQ/ref=cm_cr_getr_d_gw_btm?ie=UTF8", "rating": "4.0 out of 5 stars", "reviewTitle": "Excellent", "reviewDate": "March 20, 2020", "reviewText": "  Good", "is_Helpful": ""}, {"reviewerName": "Nonna Donna", "reviewerUrl": "https://www.amazon.com/gp/profile/amzn1.account.AFEYWS2LJ7WMZFEWX37JD3NXFZYQ/ref=cm_cr_getr_d_gw_btm?ie=UTF8", "rating": "5.0 out of 5 stars", "reviewTitle": "Happy With The Chromebook", "reviewDate": "February 28, 2020", "reviewText": "  I use this mostly to watch prime videos, check email, and play the occasional game., I tend to google things on my Samsung phone because it is faster than the chrome book .", "is_Helpful": ""}, {"reviewerName": "christopher", "reviewerUrl": "https://www.amazon.com/gp/profile/amzn1.account.AGAKO3DDXWAU4P6OXN6HJ5QZWWSQ/ref=cm_cr_getr_d_gw_btm?ie=UTF8", "rating": "5.0 out of 5 stars", "reviewTitle": "Worth the money", "reviewDate": "February 27, 2020", "reviewText": "  My 13 yr old son loves it and it was cheap. Does what it says.", "is_Helpful": ""}, {"reviewerName": "Amazon Customer", "reviewerUrl": "https://www.amazon.com/gp/profile/amzn1.account.AEMYPYQSUY7TBWN3WHI5Y52SVO6Q/ref=cm_cr_getr_d_gw_btm?ie=UTF8", "rating": "5.0 out of 5 stars", "reviewTitle": "Great value", "reviewDate": "February 17, 2020", "reviewText": "  Like the easy use and setup", "is_Helpful": ""}, {"reviewerName": "Jacqueline", "reviewerUrl": "https://www.amazon.com/gp/profile/amzn1.account.AFG2BN6TDJRTMCXXLGU2ZUNUSSDQ/ref=cm_cr_getr_d_gw_btm?ie=UTF8", "rating": "5.0 out of 5 stars", "reviewTitle": "Very easy to use.", "reviewDate": "February 17, 2020", "reviewText": "  Love this chromebook.", "is_Helpful": ""}, {"reviewerName": "Mrs.Kierra Johnson", "reviewerUrl": "https://www.amazon.com/gp/profile/amzn1.account.AEEZUZYTKHAYLBA2OR2E4C4KWTJA/ref=cm_cr_getr_d_gw_btm?ie=UTF8", "rating": "5.0 out of 5 stars", "reviewTitle": "it works great", "reviewDate": "February 14, 2020", "reviewText": "  like alot", "is_Helpful": ""}, {"reviewerName": "jaxjc82", "reviewerUrl": "https://www.amazon.com/gp/profile/amzn1.account.AFSMZRJ6QNWU26NJAMIFEDUF6H2Q/ref=cm_cr_arp_d_gw_btm?ie=UTF8", "rating": "5.0 out of 5 stars", "reviewTitle": "Great Chromebook for the Price", "reviewDate": "February 11, 2020", "reviewText": "  For the price point, this is a great notebook. I use this primarily as a client to connect to a virtual desktop at work and never have any issues. We also use this for the kids homework. If you are looking for a budget notebook, I would recommend this Chromebook. However, if you are expecting a top of the line notebook, this Chromebook is not for you. This should be used for basic everyday computing (i.e. checking email, browsing the internet, streaming movies, etc.)", "is_Helpful": "One person found this helpful"}, {"reviewerName": "B H", "reviewerUrl": "https://www.amazon.com/gp/profile/amzn1.account.AF3FTDCT5SNZ7REL7N65BQLKU32Q/ref=cm_cr_getr_d_gw_btm?ie=UTF8", "rating": "4.0 out of 5 stars", "reviewTitle": "Poor speakers, chunky", "reviewDate": "February 9, 2020", "reviewText": "\"  Ive had many Chromebooks and really appreciate their simplicity and functionality. This particular model is no exception. After two weeks of use my only gripes are that it feels heavier than the stated weight and I think its just because its chunky and not thin. Battery life so far is good but Ive never been blown away by battery life in Chromebooks but that said they are miles better than windows based laptops. Lastly the two speakers on this unit are on the underside so in any setting your sound volume will be muffled which seems like a stupid design. So if this thing is sitting in my lap the sound is muffled like its covered by a pillow. Cmon guys\"", "is_Helpful": "One person found this helpful"}, {"reviewerName": "Shayla", "reviewerUrl": "https://www.amazon.com/gp/profile/amzn1.account.AHKGK3V2YTKK2BHQOLSIPLPCHNZQ/ref=cm_cr_getr_d_gw_btm?ie=UTF8", "rating": "5.0 out of 5 stars", "reviewTitle": "Great Buy Great Price!", "reviewDate": "February 8, 2020", "reviewText": "  My daughter loves this Chromebook she will not put it down and was perfect for her coding!", "is_Helpful": ""}, {"reviewerName": "Street Glide Nation", "reviewerUrl": "https://www.amazon.com/gp/profile/amzn1.account.AES25A77JUQZ4PJOWAKUJP7TZQIA/ref=cm_cr_getr_d_gw_btm?ie=UTF8", "rating": "5.0 out of 5 stars", "reviewTitle": "Outstanding. and Simple", "reviewDate": "January 31, 2020", "reviewText": "  Use this to work on loading data for shot shells, ordering parts, supply\u2019s and how to videos when gun smithing at my bench.", "is_Helpful": ""}, {"reviewerName": "Yariel", "reviewerUrl": "https://www.amazon.com/gp/profile/amzn1.account.AHRXGK5TX3V2O6O4WVZTZI7YN72Q/ref=cm_cr_getr_d_gw_btm?ie=UTF8", "rating": "5.0 out of 5 stars", "reviewTitle": "Good", "reviewDate": "January 30, 2020", "reviewText": "  So far, so good", "is_Helpful": ""}, {"reviewerName": "Charlie R Parker", "reviewerUrl": "https://www.amazon.com/gp/profile/amzn1.account.AEZOY4W253IGNUKYCPF2CY36H3UQ/ref=cm_cr_getr_d_gw_btm?ie=UTF8", "rating": "5.0 out of 5 stars", "reviewTitle": "Kids friendly", "reviewDate": "January 15, 2020", "reviewText": "  Awesome for the price.", "is_Helpful": ""}, {"reviewerName": "Sunshine", "reviewerUrl": "https://www.amazon.com/gp/profile/amzn1.account.AHQC3F6A4YV6A2LX22CSN74BEERQ/ref=cm_cr_getr_d_gw_btm?ie=UTF8", "rating": "5.0 out of 5 stars", "reviewTitle": "The Best", "reviewDate": "January 12, 2020", "reviewText": "  The speakers are loud very nice.", "is_Helpful": ""}, {"reviewerName": "Ronald R", "reviewerUrl": "https://www.amazon.com/gp/profile/amzn1.account.AGFTQQAWO4GLBAEJ7BDSWNUM44FA/ref=cm_cr_getr_d_gw_btm?ie=UTF8", "rating": "5.0 out of 5 stars", "reviewTitle": "I bought them for the Grandkids...", "reviewDate": "January 9, 2020", "reviewText": "  \u2026 and they use them every day. They love them.", "is_Helpful": ""}, {"reviewerName": "Dovid Mann", "reviewerUrl": "https://www.amazon.com/gp/profile/amzn1.account.AEUEFKU7K32PPWVIDXRES4ULYACQ/ref=cm_cr_getr_d_gw_btm?ie=UTF8", "rating": "5.0 out of 5 stars", "reviewTitle": "Recommend", "reviewDate": "January 9, 2020", "reviewText": "  Just great!!", "is_Helpful": ""}, {"reviewerName": "Amazon Customer", "reviewerUrl": "https://www.amazon.com/gp/profile/amzn1.account.AESUDE5EM7OGU3ZUVTSL7BV6BR6Q/ref=cm_cr_getr_d_gw_btm?ie=UTF8", "rating": "5.0 out of 5 stars", "reviewTitle": "Great value", "reviewDate": "January 2, 2020", "reviewText": "  Got this on a black friday for kids homeschool work.  Great value.", "is_Helpful": ""}, {"reviewerName": "lacy", "reviewerUrl": "https://www.amazon.com/gp/profile/amzn1.account.AF2LGOMOZ4HX3BXG3TAQWVCX3OMA/ref=cm_cr_getr_d_gw_btm?ie=UTF8", "rating": "3.0 out of 5 stars", "reviewTitle": "Not touch screen", "reviewDate": "January 1, 2020", "reviewText": "\"  I bought 3 for Christmas. One I spend an hour on trying to update it. My son busted screen on his 2 days after getting it so I threw it away. I thought they were touch screens but not. Also i thought all chrome books used c chargers. These do not. I have 2 left Ill see how long they last. Arrived on time.\"", "is_Helpful": "One person found this helpful"}, {"reviewerName": "ashley", "reviewerUrl": "https://www.amazon.com/gp/profile/amzn1.account.AGZ5DN5TD4BWDLNU3ME3I7IKTPOA/ref=cm_cr_getr_d_gw_btm?ie=UTF8", "rating": "5.0 out of 5 stars", "reviewTitle": "Laptop", "reviewDate": "December 31, 2019", "reviewText": "  My daughter loved it", "is_Helpful": ""}, {"reviewerName": "Nick", "reviewerUrl": "https://www.amazon.com/gp/profile/amzn1.account.AG7VLK5UY44XVFIDCRMAMXRLRHWQ/ref=cm_cr_getr_d_gw_btm?ie=UTF8", "rating": "5.0 out of 5 stars", "reviewTitle": "Great", "reviewDate": "December 31, 2019", "reviewText": "  Perfect for what we needed!", "is_Helpful": ""}, {"reviewerName": "Trina R.", "reviewerUrl": "https://www.amazon.com/gp/profile/amzn1.account.AGZLUHJLAGFJRRFJ3DTR2LYQDC5A/ref=cm_cr_getr_d_gw_btm?ie=UTF8", "rating": "4.0 out of 5 stars", "reviewTitle": "Na", "reviewDate": "December 30, 2019", "reviewText": "  It was a gift. I haven\u2019t really seen it up and running", "is_Helpful": "One person found this helpful"}, {"reviewerName": "Steve D.", "reviewerUrl": "https://www.amazon.com/gp/profile/amzn1.account.AEUOPS6DZQG7BAVYVRK4E5HL6EHA/ref=cm_cr_getr_d_gw_btm?ie=UTF8", "rating": "5.0 out of 5 stars", "reviewTitle": "Good quality great price", "reviewDate": "December 30, 2019", "reviewText": "  Daughter loves it, she uses it every day", "is_Helpful": ""}, {"reviewerName": "Amazon Customer", "reviewerUrl": "https://www.amazon.com/gp/profile/amzn1.account.AH75SPA5UWOLH7KSQY4R3MDIYGJA/ref=cm_cr_getr_d_gw_btm?ie=UTF8", "rating": "5.0 out of 5 stars", "reviewTitle": "Easy to use", "reviewDate": "December 30, 2019", "reviewText": "  Got two of these for my young daughters and they ate sturdy and easy to use.", "is_Helpful": ""}, {"reviewerName": "Brad Turner", "reviewerUrl": "https://www.amazon.com/gp/profile/amzn1.account.AFXG3BCEVHV7P3XXLUPDNZSO2DPA/ref=cm_cr_getr_d_gw_btm?ie=UTF8", "rating": "5.0 out of 5 stars", "reviewTitle": "Great buy", "reviewDate": "December 30, 2019", "reviewText": "  For a 100 dollar laptop, works great and does most things.  Great battery life and surfs the net nicely.", "is_Helpful": ""}, {"reviewerName": "Hamish", "reviewerUrl": "https://www.amazon.com/gp/profile/amzn1.account.AGW4SRRVN3HUCUI277RYYUXAJ6CQ/ref=cm_cr_getr_d_gw_btm?ie=UTF8", "rating": "5.0 out of 5 stars", "reviewTitle": "Everything you need.", "reviewDate": "December 29, 2019", "reviewText": "  Nice n fast. Does the simple things well. Very satisfied.", "is_Helpful": ""}, {"reviewerName": "Phubu", "reviewerUrl": "https://www.amazon.com/gp/profile/amzn1.account.AFQE2SE6MHQHL7DEE3SHQXSLUNFQ/ref=cm_cr_getr_d_gw_btm?ie=UTF8", "rating": "5.0 out of 5 stars", "reviewTitle": "Great laptop", "reviewDate": "December 27, 2019", "reviewText": "\"  Christmas gift for both my kids, and they love them so Im happy. Great quality and performance for students.\"", "is_Helpful": ""}, {"reviewerName": "Kimber block", "reviewerUrl": "https://www.amazon.com/gp/profile/amzn1.account.AHBYMKNOLXMSKGZUHWZ7CIOHRUPA/ref=cm_cr_getr_d_gw_btm?ie=UTF8", "rating": "5.0 out of 5 stars", "reviewTitle": "Granddaughters smile", "reviewDate": "December 25, 2019", "reviewText": "  Bought for my Granddaughter,  she loves it", "is_Helpful": ""}, {"reviewerName": "jamie gomez", "reviewerUrl": "https://www.amazon.com/gp/profile/amzn1.account.AF3YPMMVY4IB6CPMDZXSXRXOCMXA/ref=cm_cr_getr_d_gw_btm?ie=UTF8", "rating": "5.0 out of 5 stars", "reviewTitle": "Its plays robloks", "reviewDate": "December 25, 2019", "reviewText": "  Love it", "is_Helpful": ""}, {"reviewerName": "dodaddy", "reviewerUrl": "https://www.amazon.com/gp/profile/amzn1.account.AFB2PNPO4Z7SLBBWYK66NJJJOC5Q/ref=cm_cr_getr_d_gw_btm?ie=UTF8", "rating": "5.0 out of 5 stars", "reviewTitle": "Great for high school kids", "reviewDate": "December 25, 2019", "reviewText": "  Great product my granddaughter is very happy with it", "is_Helpful": ""}, {"reviewerName": "Shanita Speaks", "reviewerUrl": "https://www.amazon.com/gp/profile/amzn1.account.AFJMG3GQICPAYRSWUZUJAQABLC7Q/ref=cm_cr_getr_d_gw_btm?ie=UTF8", "rating": "4.0 out of 5 stars", "reviewTitle": "I can\u2019t wait to see my sons face", "reviewDate": "December 22, 2019", "reviewText": "  Just as described", "is_Helpful": ""}, {"reviewerName": "Mary", "reviewerUrl": "https://www.amazon.com/gp/profile/amzn1.account.AGQYSSWKHZ2QQMSR55DTIXE4W6MA/ref=cm_cr_getr_d_gw_btm?ie=UTF8", "rating": "5.0 out of 5 stars", "reviewTitle": "Great product", "reviewDate": "December 18, 2019", "reviewText": "  Everything I expected it to be and more!  Would definitely order again.", "is_Helpful": ""}, {"reviewerName": "Maor", "reviewerUrl": "https://www.amazon.com/gp/profile/amzn1.account.AGNGUNGTGZ2ONL4UOW3ILJ6ICYKA/ref=cm_cr_getr_d_gw_btm?ie=UTF8", "rating": "5.0 out of 5 stars", "reviewTitle": "Cheap deal", "reviewDate": "December 15, 2019", "reviewText": "  It is cheap., So... Why not?", "is_Helpful": ""}, {"reviewerName": "Jessica Bobadilla", "reviewerUrl": "https://www.amazon.com/gp/profile/amzn1.account.AFW6PVSV4ZAIHQQCMCQDAREGEXGA/ref=cm_cr_getr_d_gw_btm?ie=UTF8", "rating": "5.0 out of 5 stars", "reviewTitle": "Great Deal!", "reviewDate": "December 6, 2019", "reviewText": "  Love it !!!!!", "is_Helpful": ""}, {"reviewerName": "Cynthia Fulbright", "reviewerUrl": "https://www.amazon.com/gp/profile/amzn1.account.AEK4U4ZSP2UWSZIQH5KOHICRSWVA/ref=cm_cr_getr_d_gw_btm?ie=UTF8", "rating": "2.0 out of 5 stars", "reviewTitle": "Android only users", "reviewDate": "December 3, 2019", "reviewText": "  Had to return because I was buying a new computer to store my music and photos on my iPhone however you can\u2019t use ITunes on chrome book. Easy return but beware", "is_Helpful": "One person found this helpful"}, {"reviewerName": "Robin Bingham", "reviewerUrl": "https://www.amazon.com/gp/profile/amzn1.account.AGZYRT5ZDKAJNPIER7L4EAVMLI7A/ref=cm_cr_getr_d_gw_btm?ie=UTF8", "rating": "5.0 out of 5 stars", "reviewTitle": "Worth the money", "reviewDate": "August 31, 2019", "reviewText": "  Perfect for grandson", "is_Helpful": ""}, {"reviewerName": "Arturo Gonzalez", "reviewerUrl": "https://www.amazon.com/gp/profile/amzn1.account.AFSYH5P6WDWJABAMBLDUOY6XIZ5Q/ref=cm_cr_getr_d_gw_btm?ie=UTF8", "rating": "5.0 out of 5 stars", "reviewTitle": "Great product and price!!", "reviewDate": "August 29, 2019", "reviewText": "\"  I bought this Chrome book for my 9 year old daughter for her birthday. Its  Perfect for her in a year or 2 shell get a new one she gets older but for now its awesome she can play her games watch your videos.  I would definitely recommend this for any of your children. I got it for 99.00 with prime  It arrive promptly. No dents no scratches looks brand new.\"", "is_Helpful": "2 people found this helpful"}, {"reviewerName": "Amazon Customer", "reviewerUrl": "https://www.amazon.com/gp/profile/amzn1.account.AFYCV7SWQV7RYGHFTZ4X3MYJ3MYQ/ref=cm_cr_getr_d_gw_btm?ie=UTF8", "rating": "5.0 out of 5 stars", "reviewTitle": "Nice value", "reviewDate": "August 26, 2019", "reviewText": "  Works great", "is_Helpful": ""}, {"reviewerName": "Kscheehl", "reviewerUrl": "https://www.amazon.com/gp/profile/amzn1.account.AFMFXG2I7M7QTWRBWQI6FZBUC64Q/ref=cm_cr_getr_d_gw_btm?ie=UTF8", "rating": "5.0 out of 5 stars", "reviewTitle": "Very pleased for the price!", "reviewDate": "August 16, 2019", "reviewText": "\"  The packaging was secure, the time frame for receipt was excellent, the item appears to be in excellent condition and it seems to work well.  I havent put it to the real test but so far so good.\"", "is_Helpful": "One person found this helpful"}, {"reviewerName": "Jenn Ridgeway", "reviewerUrl": "https://www.amazon.com/gp/profile/amzn1.account.AGR577LFUSHBG2ECJ7PG35MV6U4Q/ref=cm_cr_getr_d_gw_btm?ie=UTF8", "rating": "5.0 out of 5 stars", "reviewTitle": "Exactly as described", "reviewDate": "August 6, 2019", "reviewText": "  Booted up right out of the box. Fast and easy to use. Excellent battery life.", "is_Helpful": "One person found this helpful"}, {"reviewerName": "jenna wright", "reviewerUrl": "https://www.amazon.com/gp/profile/amzn1.account.AFXECPU42XHMQJ6L63PQF75RWCHQ/ref=cm_cr_arp_d_gw_btm?ie=UTF8", "rating": "5.0 out of 5 stars", "reviewTitle": "Great Chromebook", "reviewDate": "August 5, 2019", "reviewText": "  So, let me start by saying that this VERY different than a regular laptop, but in my opinion its not in a bad way. This is my first Chromebook and I was really apprehensive to get it after reading some of the reviews. I did just receive it today so i will update as time goes by. I purchased this Chromebook to use for college and so far it looks like it will work just fine. You can use Microsoft products on this Chromebook, you just have to know how. In my opinion the interface is easy once you learn how to use it. It is pretty small, but I actually think this is great for me because I will be taking it to work with me everyday to use for school work. So, its a great travel computer. Its super cost efficient. I will update after more use, but for now I would really recommend it!", "is_Helpful": "11 people found this helpful"}, {"reviewerName": "Wilson223", "reviewerUrl": "https://www.amazon.com/gp/profile/amzn1.account.AGJA3X4VBHT4YF72S5NRNFMJDBDA/ref=cm_cr_getr_d_gw_btm?ie=UTF8", "rating": "5.0 out of 5 stars", "reviewTitle": "Perfect", "reviewDate": "July 31, 2019", "reviewText": "  Excellent out of the box. Chromebook,  wall charger,  quick start manual. Arrived as promised.", "is_Helpful": "One person found this helpful"}, {"reviewerName": "Edmond", "reviewerUrl": "https://www.amazon.com/gp/profile/amzn1.account.AHSHVWR7HZAJYPXJB42NOAJTCHXA/ref=cm_cr_getr_d_gw_btm?ie=UTF8", "rating": "5.0 out of 5 stars", "reviewTitle": "Just like pic", "reviewDate": "July 13, 2019", "reviewText": "  Awesome", "is_Helpful": "One person found this helpful"}, {"reviewerName": "Amazon Customer", "reviewerUrl": "https://www.amazon.com/gp/profile/amzn1.account.AFNAEX6XHR4PDP6R4ZYVMD4CK7DA/ref=cm_cr_getr_d_gw_btm?ie=UTF8", "rating": "5.0 out of 5 stars", "reviewTitle": "Practical.", "reviewDate": "June 22, 2019", "reviewText": "  Easy to use", "is_Helpful": ""}, {"reviewerName": "Roberts Family", "reviewerUrl": "https://www.amazon.com/gp/profile/amzn1.account.AHUSLPDFZCINEL7JNGFWP5CQQNFA/ref=cm_cr_getr_d_gw_btm?ie=UTF8", "rating": "5.0 out of 5 stars", "reviewTitle": "Perfect Laptop", "reviewDate": "June 10, 2019", "reviewText": "  Has been working great for me for over two years now.", "is_Helpful": "3 people found this helpful"}, {"reviewerName": "Ac G", "reviewerUrl": "https://www.amazon.com/gp/profile/amzn1.account.AEZM7NFVBXQLQITJJUZ7RAMIJRJQ/ref=cm_cr_getr_d_gw_btm?ie=UTF8", "rating": "5.0 out of 5 stars", "reviewTitle": "Good for children and grandparents", "reviewDate": "May 27, 2019", "reviewText": "  Not compatible with Minecraft or ROBLOX. No Microsoft word. This is a good internet surfing computer. Lightweight and looks good. Runs fast. Multiple user account options and works with Google Family Link.", "is_Helpful": "3 people found this helpful"}, {"reviewerName": "Nicole", "reviewerUrl": "https://www.amazon.com/gp/profile/amzn1.account.AHW3JJOD733LV4PDF5H2IUAQYWPQ/ref=cm_cr_getr_d_gw_btm?ie=UTF8", "rating": "5.0 out of 5 stars", "reviewTitle": "Wonderfully Simple", "reviewDate": "May 22, 2019", "reviewText": "  Excellent chromebook. Just like the ones my kids use in school, so there is no learning curve, for them. Light, fast, charges quickly, and holds its charge fairly well, even in use.", "is_Helpful": ""}, {"reviewerName": "Amy Peterson", "reviewerUrl": "https://www.amazon.com/gp/profile/amzn1.account.AGXNSGQZVNRS6ZLFBT36ES4DO6XA/ref=cm_cr_getr_d_gw_btm?ie=UTF8", "rating": "1.0 out of 5 stars", "reviewTitle": "Screen black within months:(", "reviewDate": "April 18, 2019", "reviewText": "  Worked really well, until the other day the screen just went black, and has not worked since.  Only had it for 5 months.", "is_Helpful": "2 people found this helpful"}, {"reviewerName": "craig hall", "reviewerUrl": "https://www.amazon.com/gp/profile/amzn1.account.AHOTHHNQXPVTRTPK3VOIHDOUTFTA/ref=cm_cr_getr_d_gw_btm?ie=UTF8", "rating": "2.0 out of 5 stars", "reviewTitle": "it makes you wonder what they told you about chrome books", "reviewDate": "February 22, 2019", "reviewText": "\"  it wasnt what I xpected\"", "is_Helpful": ""}, {"reviewerName": "Matt Neubauer", "reviewerUrl": "https://www.amazon.com/gp/profile/amzn1.account.AET3KPWR3B2CN2B5J3EWRGJJ7ZUQ/ref=cm_cr_getr_d_gw_btm?ie=UTF8", "rating": "5.0 out of 5 stars", "reviewTitle": "Great Product", "reviewDate": "February 15, 2019", "reviewText": "  These are great laptops at an affordable price. Perfect for what it was bought for.", "is_Helpful": ""}, {"reviewerName": "Veronica", "reviewerUrl": "https://www.amazon.com/gp/profile/amzn1.account.AGY4SYTHHMGPKRTMKHUUAIIDNDOQ/ref=cm_cr_getr_d_gw_btm?ie=UTF8", "rating": "5.0 out of 5 stars", "reviewTitle": "Very light", "reviewDate": "February 12, 2019", "reviewText": "  I use the laptop for school and i love it. I have back problems so i was looking for a light laptop that i can carry around and this is it!!! Good quality picture and sound. You can download apps as well", "is_Helpful": "One person found this helpful"}, {"reviewerName": "DR BRIAN MARKS", "reviewerUrl": "https://www.amazon.com/gp/profile/amzn1.account.AG6SU7TWYKJQDID4UK574VJS4PIA/ref=cm_cr_getr_d_gw_btm?ie=UTF8", "rating": "3.0 out of 5 stars", "reviewTitle": "Mehhhh", "reviewDate": "January 13, 2019", "reviewText": "  If you have an iPad or tablet DO NOT GET THIS you will be disappointed", "is_Helpful": "3 people found this helpful"}, {"reviewerName": "Amazon Customer", "reviewerUrl": "https://www.amazon.com/gp/profile/amzn1.account.AH4UGIHBM276WEUACIOOCF6VJ3MA/ref=cm_cr_getr_d_gw_btm?ie=UTF8", "rating": "5.0 out of 5 stars", "reviewTitle": "Good quality for the price!", "reviewDate": "January 3, 2019", "reviewText": "  A treat for me!, I am not a gamer but a shopper!, \"So its ideal for me!\"", "is_Helpful": ""}, {"reviewerName": "Takesia  Stubbs", "reviewerUrl": "https://www.amazon.com/gp/profile/amzn1.account.AHO5GMZSIUARP6KSLYR3S7EKFY4A/ref=cm_cr_getr_d_gw_btm?ie=UTF8", "rating": "5.0 out of 5 stars", "reviewTitle": "Great product", "reviewDate": "December 31, 2018", "reviewText": "  Prefect Christmas gift for my daughter.", "is_Helpful": ""}, {"reviewerName": "Alex", "reviewerUrl": "https://www.amazon.com/gp/profile/amzn1.account.AERAEI2M6ZZ5J7ZYTP3V2IILMJQQ/ref=cm_cr_getr_d_gw_btm?ie=UTF8", "rating": "5.0 out of 5 stars", "reviewTitle": "Highly recommended !!!", "reviewDate": "November 27, 2018", "reviewText": "  Fantastic works super fast", "is_Helpful": ""}, {"reviewerName": "HRH Countess Cane", "reviewerUrl": "https://www.amazon.com/gp/profile/amzn1.account.AGYFREAMCKBEOVTWZBOHY66SIXLQ/ref=cm_cr_arp_d_gw_btm?ie=UTF8", "rating": "4.0 out of 5 stars", "reviewTitle": "Great netbook, BUT...", "reviewDate": "November 8, 2018", "reviewText": "\"  I purchased my first Samsung Chromebook in 2014 & could not kill it no matter how tough I was on it, so wanted to get another when the time came. The older one used to freeze every so often, so I would shut it down & reboot. My new SC freezes nearly every time I am on it -- way more often than the older SC I had. Thats my only complaint. Otherwise, my last experience was great and I hope for a replay.\"", "is_Helpful": "18 people found this helpful"}, {"reviewerName": "Twyla Sherman", "reviewerUrl": "https://www.amazon.com/gp/profile/amzn1.account.AEGGRXUEM4CHISBVDMG62XVCL3WQ/ref=cm_cr_getr_d_gw_btm?ie=UTF8", "rating": "4.0 out of 5 stars", "reviewTitle": "Hard to use", "reviewDate": "November 3, 2018", "reviewText": "  I thought I bought a touch screen. Hard to get used to using touch at to use!", "is_Helpful": ""}, {"reviewerName": "Lindsey  nava", "reviewerUrl": "https://www.amazon.com/gp/profile/amzn1.account.AHH4VJPOH5KEUNJSNV3IUKICK4FA/ref=cm_cr_arp_d_gw_btm?ie=UTF8", "rating": "4.0 out of 5 stars", "reviewTitle": "\"Would not recommend to college students as it cant download Microsoft office ...\"", "reviewDate": "August 3, 2018", "reviewText": "\"  It does your basic laptop necessities, looking up stuff/ info. Would not recommend to college students as it cant download Microsoft office or excel.\"", "is_Helpful": "32 people found this helpful"}, {"reviewerName": "L. Aldredge", "reviewerUrl": "https://www.amazon.com/gp/profile/amzn1.account.AFAZV3HMOI7LBUQH7RSSYPOMOWOA/ref=cm_cr_getr_d_gw_btm?ie=UTF8", "rating": "1.0 out of 5 stars", "reviewTitle": "DOES NOT WORK WITH QUICKBOOKS DESKTOP", "reviewDate": "June 29, 2018", "reviewText": "  I bought this item thinking it would be like a normal PC and I could run QB, I was wrong! Do not make the same mistake.", "is_Helpful": "5 people found this helpful"}, {"reviewerName": "Amazon Customer", "reviewerUrl": "https://www.amazon.com/gp/profile/amzn1.account.AGXWP2RGX53QMO5SOSK53N3ZP7TA/ref=cm_cr_getr_d_gw_btm?ie=UTF8", "rating": "4.0 out of 5 stars", "reviewTitle": "Four Stars", "reviewDate": "May 12, 2018", "reviewText": "  just what I wanted", "is_Helpful": "2 people found this helpful"}, {"reviewerName": "Jennifer Lee", "reviewerUrl": "https://www.amazon.com/gp/profile/amzn1.account.AHVFDCG5B474DABRV7DPFNXZSOUQ/ref=cm_cr_getr_d_gw_btm?ie=UTF8", "rating": "4.0 out of 5 stars", "reviewTitle": "Four Stars", "reviewDate": "April 21, 2018", "reviewText": "  Good product, but wished it can save and download like other computers. It does save files, but not all.", "is_Helpful": ""}, {"reviewerName": "Amazon Customer", "reviewerUrl": "https://www.amazon.com/gp/profile/amzn1.account.AEXJCG3ZIGDDXTFEATB6GSVULDGA/ref=cm_cr_getr_d_gw_btm?ie=UTF8", "rating": "1.0 out of 5 stars", "reviewTitle": "One Star", "reviewDate": "April 15, 2018", "reviewText": "\"  Returned it couldnt do anything on it not even download the apps in there store\"", "is_Helpful": ""}, {"reviewerName": "David Nelson", "reviewerUrl": "https://www.amazon.com/gp/profile/amzn1.account.AFTT5GUV7VHAN5YNZMUT7C2NUWEA/ref=cm_cr_getr_d_gw_btm?ie=UTF8", "rating": "5.0 out of 5 stars", "reviewTitle": "Five Stars", "reviewDate": "March 30, 2018", "reviewText": "  Love it", "is_Helpful": "One person found this helpful"}, {"reviewerName": "Vito Caruso", "reviewerUrl": "https://www.amazon.com/gp/profile/amzn1.account.AHYSWDDDURDCKOAWFJAMCMB3KS5Q/ref=cm_cr_getr_d_gw_btm?ie=UTF8", "rating": "4.0 out of 5 stars", "reviewTitle": "Four Stars", "reviewDate": "March 15, 2018", "reviewText": "  GRAND CHILDREN LIKE IT", "is_Helpful": ""}, {"reviewerName": "Jamean Graves", "reviewerUrl": "https://www.amazon.com/gp/profile/amzn1.account.AERFPNN3LPEZ7TTV2BTW5ANOLGUQ/ref=cm_cr_arp_d_gw_btm?ie=UTF8", "rating": "5.0 out of 5 stars", "reviewTitle": "Five Stars", "reviewDate": "March 13, 2018", "reviewText": "\"  Although I love my chrome book, I am learning it doesnt completely operate the same as a laptop\"", "is_Helpful": "17 people found this helpful"}, {"reviewerName": "Beautiful USA", "reviewerUrl": "https://www.amazon.com/gp/profile/amzn1.account.AF24L25THIPB3NUOD6PHCVAGETQQ/ref=cm_cr_arp_d_gw_btm?ie=UTF8", "rating": "5.0 out of 5 stars", "reviewTitle": "Great Buy", "reviewDate": "March 4, 2018", "reviewText": "  Awesome Computer, Super Fast, Great Graphics & Color, Lite - Weight , but durable", "is_Helpful": "20 people found this helpful"}, {"reviewerName": "tracey", "reviewerUrl": "https://www.amazon.com/gp/profile/amzn1.account.AF2OKAZUGHO743VFQAO2Q4DY43OA/ref=cm_cr_getr_d_gw_btm?ie=UTF8", "rating": "4.0 out of 5 stars", "reviewTitle": "Four Stars", "reviewDate": "February 14, 2018", "reviewText": "  SO FAR SO GOOD", "is_Helpful": ""}, {"reviewerName": "AB", "reviewerUrl": "https://www.amazon.com/gp/profile/amzn1.account.AHQLUOWCTBVGLHLRG66VWP27MZYA/ref=cm_cr_getr_d_gw_btm?ie=UTF8", "rating": "4.0 out of 5 stars", "reviewTitle": "Four Stars", "reviewDate": "February 10, 2018", "reviewText": "  My son loves it!", "is_Helpful": "3 people found this helpful"}, {"reviewerName": "juan", "reviewerUrl": "https://www.amazon.com/gp/profile/amzn1.account.AHA2SI2T6TVZBCRGQDPGM7IPR3CQ/ref=cm_cr_getr_d_gw_btm?ie=UTF8", "rating": "1.0 out of 5 stars", "reviewTitle": "One Star", "reviewDate": "February 1, 2018", "reviewText": "\"  I didnt like anything bout it sucked\"", "is_Helpful": ""}, {"reviewerName": "nuke96", "reviewerUrl": "https://www.amazon.com/gp/profile/amzn1.account.AE4KFK5MPKCSKAQCSZD4AFV53RWA/ref=cm_cr_getr_d_gw_btm?ie=UTF8", "rating": "5.0 out of 5 stars", "reviewTitle": "Love this little beast", "reviewDate": "January 20, 2018", "reviewText": "  Love this little beast!  So fast and easy to set up.  Half the weight of my laptop which has about the same limitations(no optical drive).  I\u2019ve been able to do all I need for work without carrying a heavier device.", "is_Helpful": "4 people found this helpful"}, {"reviewerName": "Wish", "reviewerUrl": "https://www.amazon.com/gp/profile/amzn1.account.AFHK7T36ZQIRUPO6H6AID3JFGZMQ/ref=cm_cr_getr_d_gw_btm?ie=UTF8", "rating": "5.0 out of 5 stars", "reviewTitle": "Works great", "reviewDate": "January 16, 2018", "reviewText": "  My son loves it. Works great", "is_Helpful": "One person found this helpful"}, {"reviewerName": "Kindle Customer", "reviewerUrl": "https://www.amazon.com/gp/profile/amzn1.account.AHZSWOZKCNIV2DXIHA65YAGLV74A/ref=cm_cr_getr_d_gw_btm?ie=UTF8", "rating": "1.0 out of 5 stars", "reviewTitle": "i hate the damn thing", "reviewDate": "January 15, 2018", "reviewText": "  i hate the damn thing!!!!!  If your like me and so not computer literate...you\"ll hate it too!!!!  It\\s sooo not user friendly.  i am going back to my kindel fire.  It\\s so much better, amazing that it\\s less expensive", "is_Helpful": "One person found this helpful"}, {"reviewerName": "orlando", "reviewerUrl": "https://www.amazon.com/gp/profile/amzn1.account.AHCJUMJ6XPSCB6YPZMIBDGGQBPIA/ref=cm_cr_getr_d_gw_btm?ie=UTF8", "rating": "5.0 out of 5 stars", "reviewTitle": "Five Stars", "reviewDate": "January 14, 2018", "reviewText": "  Excellent product would purchase again.", "is_Helpful": "One person found this helpful"}, {"reviewerName": "Spirit57", "reviewerUrl": "https://www.amazon.com/gp/profile/amzn1.account.AE2YA4RKHEMHFPKQ33KADFG3GPZQ/ref=cm_cr_getr_d_gw_btm?ie=UTF8", "rating": "5.0 out of 5 stars", "reviewTitle": "I absolutely love it.", "reviewDate": "January 8, 2018", "reviewText": "  This is my very first laptop.  I absolutely love it.", "is_Helpful": "10 people found this helpful"}, {"reviewerName": "azucena", "reviewerUrl": "https://www.amazon.com/gp/profile/amzn1.account.AHBR7TCMA6L777WR6CXQWBMK4JMA/ref=cm_cr_arp_d_gw_btm?ie=UTF8", "rating": "5.0 out of 5 stars", "reviewTitle": "Five Stars", "reviewDate": "December 12, 2017", "reviewText": "  I bought this for my 9 year old and she is loving it.", "is_Helpful": "11 people found this helpful"}, {"reviewerName": "masahiko ohta", "reviewerUrl": "https://www.amazon.com/gp/profile/amzn1.account.AH5OOWQECDEHKI2LQ6SYIZ5NAW6Q/ref=cm_cr_arp_d_gw_btm?ie=UTF8", "rating": "4.0 out of 5 stars", "reviewTitle": "As our 2nd chromebook, it is working well in ...", "reviewDate": "November 5, 2017", "reviewText": "  As our 2nd chromebook, it is working well in the living room mainly for UTube to connect to TV., Once in a while, headphone does not work but comes back after starting all over again. We are, tired to contact technical center for further help and we are using it as is.", "is_Helpful": "13 people found this helpful"}, {"reviewerName": "Ronald Edwardson", "reviewerUrl": "https://www.amazon.com/gp/profile/amzn1.account.AETCVXZCHH6ZUS7YDDTKX74KIWVA/ref=cm_cr_arp_d_gw_btm?ie=UTF8", "rating": "4.0 out of 5 stars", "reviewTitle": "A solid chromebook.", "reviewDate": "September 19, 2017", "reviewText": "  I bought the Chromebook 3 to replace a 2 year old Acer Chromebook which I keep as a backup. The Samsung 3 works fine but the keys have a cheap feel and they make a noise when typing. The noise sounds like plastic on plastic. While the Chromebook 3 functions normally, the Acer, which has the weaker N2840 chip, is just as good and seems to be a little faster than the new Samsung which has the N3060. But, the Samsung 3 does the job.", "is_Helpful": "30 people found this helpful"}, {"reviewerName": "Shirley Dunn", "reviewerUrl": "https://www.amazon.com/gp/profile/amzn1.account.AHQXMNZG5PVVTO2VLKTYK6KTZ5EA/ref=cm_cr_getr_d_gw_btm?ie=UTF8", "rating": "5.0 out of 5 stars", "reviewTitle": "\"If you dont HAVE to run Microsoft Office, do it!\"", "reviewDate": "August 30, 2017", "reviewText": "  I traded up from a Samsung Chromebook 2, because the Google ecosystem barely fits in 2-GB RAM - I was getting \"out of memory\" Chrome errors at least two or three times per week. You really want the 4GB version, and a lot of Chromebooks still come with 2 GB - I like Samsung, but if you get something else, make sure it has at least 4 GB of RAM., \"Amazon has good prices on this, but I bought mine at Best Buy, because they are the only people I could find selling a 32-GB SSD version - thats not even listed as a configuration on the Samsung website, but mine has it. I wanted that, to have plenty of room to install a Linux version as well. If youre not interested in running Linux, 16 GB worked fine for me (Google Drive is your friend).\"", "is_Helpful": "9 people found this helpful"}, {"reviewerName": "Nick", "reviewerUrl": "https://www.amazon.com/gp/profile/amzn1.account.AHUEXZTNUIVEYUFLDM7VNZVLTRJQ/ref=cm_cr_getr_d_gw_btm?ie=UTF8", "rating": "3.0 out of 5 stars", "reviewTitle": "NO Android apps", "reviewDate": "August 16, 2017", "reviewText": "  It does not have a Play Store Wish Shad access to Android apps. The Store has limited apps !", "is_Helpful": "2 people found this helpful"}, {"reviewerName": "Marcia Florke", "reviewerUrl": "https://www.amazon.com/gp/profile/amzn1.account.AEJJD77MJ5SU4IMBPGSBXRLINTGA/ref=cm_cr_getr_d_gw_btm?ie=UTF8", "rating": "5.0 out of 5 stars", "reviewTitle": "Five Stars", "reviewDate": "August 15, 2017", "reviewText": "\"  Ordered this for the Husband and he thinks its Awesome!\"", "is_Helpful": "4 people found this helpful"}, {"reviewerName": "Sandy", "reviewerUrl": "https://www.amazon.com/gp/profile/amzn1.account.AEJ5HVINLZTFCM33OAFWFA52VV7A/ref=cm_cr_getr_d_gw_btm?ie=UTF8", "rating": "2.0 out of 5 stars", "reviewTitle": "\"I got this computer for a reason and now I feel like I just wasted my money on a lap top that doesnt save my work !\"", "reviewDate": "July 1, 2017", "reviewText": "\"  I maybe over exaggerating but I got this computer for a reason and it doesnt save my work !\"", "is_Helpful": "6 people found this helpful"}, {"reviewerName": "arizonahd", "reviewerUrl": "https://www.amazon.com/gp/profile/amzn1.account.AHATDCHQIYGAHPVTUJU72PIN3DIQ/ref=cm_cr_getr_d_gw_btm?ie=UTF8", "rating": "2.0 out of 5 stars", "reviewTitle": "\"I cant say I would recommend it, it has been a very clunky machine\"", "reviewDate": "June 27, 2017", "reviewText": "\"  I was given one of these as a gift and its my first Chromebook. I cant say I would recommend it, it has been a very clunky machine. For starters, it randomly freezes on websites. Say I am browsing Facebook and a video pulls up, its not uncommon for the machine to freeze for about 30 seconds before letting me continue scrolling. That is on a good day. On a bad day (which is everyday with this device), the computer will freeze and the screen will go black and never recover until I cold reboot. I powerwashed twice, and tried in guest mode and the same results would appear. I disabled flash and I will say that has helped but it does happen every so often, despite only having 1-3 tabs open. I just cant believe this would be so finicky. I also hate that they put a search button where the caps lock normally would be (not sure if this is a Chromebook or Samsung issue but I hate the layout none the less) and lack of secondary click. The track pad does work very well and I like that it has the click option in case you dont want tap to click. Battery life is not bad, I go about 5-6 hours between charges. Overall, if the freezing wasnt happening so frequently, I would rate it 5 stars because despite some of the design issues, its a great price for a computer.\"", "is_Helpful": "17 people found this helpful"}, {"reviewerName": "Alex V", "reviewerUrl": "https://www.amazon.com/gp/profile/amzn1.account.AFPC6FBNBYTFBVRWOXN3EUKSOGYA/ref=cm_cr_getr_d_gw_btm?ie=UTF8", "rating": "5.0 out of 5 stars", "reviewTitle": "Great product!", "reviewDate": "June 24, 2017", "reviewText": "\"  Love it so far. No issues as of yet or any problems. Love how fast and responsive it is. Wish Office was compatible however, though knew it wasnt coming in. Think however that signatures should be required when dropping off!\"", "is_Helpful": "16 people found this helpful"}], "qAndA": [{"question": "Can I use it to watch movies from Amazon prime", "answer": "Yes. with internet/wifi connection."}, {"question": "USB port for flash drives??", "answer": "3 of them"}, {"question": "Can you upload bowling bracket software T-Brac 2006 on this chromebook from an external hard drive?", "answer": "It has limited memory but it has the ability to run any program and it's connected straight through Google to the cloud and the whole planet so it's probably best to run a 2006 program directly from the external hard drive"}, {"question": "Can I download window office?", "answer": "You cannot download any software on a Chromebook."}, {"question": "at start up will it load stuff from my previous chrome", "answer": "I don't know if it will work for you but mine did. I did not have to add anything it was just already there. I did not have to go through the hassle of setting it up like I did when I bought my original Chromebook. So maybe because my login information is the same everything was stored. I hope this helps."}, {"question": "Can i send documents to a printer such as an hp or cannon?", "answer": "Yes. This is a laptop computer. You can network a printer or use a cloud based printing platform."}, {"question": "Will this work with abeloton live?", "answer": "Answer not available"}, {"question": "Is this made in China, Korea, or Vietnam?", "answer": "This is made by Samsung in Korea."}, {"question": "Does it have hdmi port and support external monitor?", "answer": "Yes it does have a hdmi port."}, {"question": "Hdmi port", "answer": "If you are asking if this specific Chromebook has a HDMI port then yes, it has a full size HDMI port."}, {"question": "Do i need to install the OS or is it preloaded?", "answer": "It is preloaded with Chrome"}, {"question": "How much is a new screen?", "answer": "More than u paid for it."}, {"question": "What operating system?", "answer": "Chrome OS"}, {"question": "Can you steam on this laptop ...can you video chat on this.", "answer": "Yes"}, {"question": "Does it have a warranty?", "answer": "I believe it only has a 30 day warranty for doa"}, {"question": "Can I download window office?", "answer": "Yes"}, {"question": "Is linex already on this chromebook?", "answer": "No. Uses the Chrome OS."}, {"question": "Does it come with a charger ?", "answer": "Yes"}, {"question": "What wireless printer is capable with this?", "answer": "Any of them"}, {"question": "Would this be good for watching you tube videos and playing games like skywars and Minecraft?", "answer": "My kids play videos and minecraft on them."}, {"question": "Can you download/play Steam games on this chromebook? Thanks for answering!", "answer": "This laptop is not good for gaming... bought one for my stepson who is a young gamer and he doesn't use it because it runs slowly"}, {"question": "can my son play roblox on this?", "answer": "I'm sorry, I have no idea what Roblox is."}, {"question": "Does this laptop come in the official box and with a owners manual?", "answer": "Depends on where you buy from. I got a refurbished model and while not in the original box, still came with the original instructions."}, {"question": "Can I type documents on it?", "answer": "Yes, you can make documents with Google Docs. You then have to print them using a wireless printer."}, {"question": "Is there a chromebook that runs on 3g? i need it for students in africa. no wifi.", "answer": "Answer not available"}, {"question": "Is windows 10 installed or any free downloadable promotion?", "answer": "This machine uses Chrome OS."}, {"question": "5g wifi 802. 11ac? Or cat 5 8pin ethernet nic?", "answer": "Not sure haven't activated"}, {"question": "Is it touchscreen?", "answer": "No it is not touchscreen"}, {"question": "Can you steam on this laptop ...can you video chat on this.", "answer": "Streaming is excellent haven't tried video chat yet but my granddaughter says it does"}, {"question": "can I put pictures on it from my older chrome", "answer": "This unit is my first chromebook....so no direct relevance, BUT I could not transfer photos from my Android tablet ...or have not figured out how ,....yet"}, {"question": "Does this support kids learning apps like Dreambox, Lexia or abc mouse?", "answer": "I have this computer in white and it is a great computer it's a Chromebook and it is fast and works fantastic basically it's similar to like your phone you go and you find the app you want and then you download it and then it goes on to a main screen where you can choose from that apps that you have available and you c\u2026 see more"}, {"question": "If i get the chromebook, can i still use it to access my outlook email and my kindle books?", "answer": "Yes you can access both Outlook and your Kindle library. The books will be through Kindle cloud reader."}, {"question": "Does this Chromebook have a normal size keyboard?", "answer": "No, since it is a 11.6 inch model."}, {"question": "Can i pay in monthly payments for 6 months or less", "answer": "Yes"}, {"question": "Does it have touch screen?", "answer": "Some do, but the Samsung 3 does not."}, {"question": "Can more ram be added?", "answer": "No."}, {"question": "Please recommend printer (xe500c13-k05us) from amazon.", "answer": "I reccomend you buy ,\nan H.P. all in one Printer / Copier / Scanner , with WiFi and Blue-Tooth"}, {"question": "Does this have Bluetooth and a Webcam?", "answer": "Yes and yes."}, {"question": "what is the largest micro sd card you can use?", "answer": "I've got a 4gig memory,with 16 gig aux.memory and I had a spare 16gig micro as card I installed..But that's not the answer to your question..I would guess 32 or 64, wait a while,someone with a 2gig main memory will come up with the answer.."}, {"question": "What's the warranty on the chromebook", "answer": "I do not know as i sent it back. My son was concerned about his daughter getting to much for Christmas and not being grateful"}, {"question": "is a charger included?", "answer": "Yes, the charging cable is included. The battery charge lasts at least 12 hours."}, {"question": "What kids' headphones will fit this model? Our previous headphones used with other chromebooks do not fit this one.", "answer": "It uses 3.5mm plug and with trrs plug but i use Bluetooth headphones."}, {"question": "Does it have flash drive capability", "answer": "Yes"}, {"question": "If I type in a dollar sign, etc, it is coming up with another sign such as an asterisk?", "answer": "We don't have that issue."}, {"question": "has anyone used this to control a Samsung SmartTV? Wanted to stream Xfinity through the web (via this Chromebook) onto a Samsung TV... thanks", "answer": "It has a hdmi just connect it to you're tv."}, {"question": "is the hdmi 4k", "answer": "HDMI 1.4 supported 4K resolutions, yes, but only at 24 or 30 frames per second. That works fine for movies, but isn't useful for gaming and many TV broadcasts, which require 50 or 60 fps. Also HDMI 1.4 limited 4K Ultra HD content to 8-bit color, though it is capable of 10 or 12-bit color. Thank you and have a great day!"}, {"question": "Need new charging cord. Suggestions on replacement?", "answer": "Order one on Amazon."}, {"question": "Does it support the online version on M/S Office?", "answer": "If you prefer to run Microsoft software programs it's probably best that you buy a computer with a Microsoft operating system..."}, {"question": "Can netflix be downloaded to a USB?", "answer": "Yes"}, {"question": "What is the Auto Update Expiration date for this item?", "answer": "Updates are scheduled to continue until June 2022. However, you might receive more. I had Series 3 Chromebookfrom 2012 that Google sent updates to for a full year after the formal update deadline had passed."}, {"question": "Can the RAM be upgraded, ie 2gb to 4gb?", "answer": "Answer not available"}, {"question": "Does this have blue light block feature", "answer": "Answer not available"}, {"question": "Is this good for games because when I added a filter for gaming this showed up. And if not what is the maximum amount of ram this can hold?", "answer": "Doubtful."}, {"question": "Does it come with a charger?", "answer": "Yes, it comes with a charger, brand new and a manual."}, {"question": "Would this be good for kids under 10?", "answer": "Yes it is great for my 10 year old. He has severe dislexcia. Reading is very difficult for him. This chrome book has been great for him. All the programs he needs to help his learning and reading issues are up and running. He is able to slide into his backpack knowing he has a great resource that he did not have last year."}, {"question": "Will it run Microsoft Excel", "answer": "No. However it can run google sheets (I use this) and access lite features of microsoft excel on google chrome."}, {"question": "is it easy to start up", "answer": "It is very easy and fast."}, {"question": "Does it have Windows 10 as an operating system?", "answer": "No"}, {"question": "Does increased memory make sense?", "answer": "Yes, the chromebook will be a lot faster, regardless of what you do with it."}, {"question": "Does this have and HDMI port?", "answer": "Yes."}, {"question": "What year was this made?", "answer": "2018"}, {"question": "can i upload images from my phone...is there and adapter for this purpose ???", "answer": "I took a pic then emailed it to myself and downloaded on the chromebook. If there is a simpler way, I don't know."}, {"question": "Does it have a memory card slot?", "answer": "Yes"}, {"question": "Can I print to my wi-fi printer with this", "answer": "Yes. The printer must be Wi-Fi enabled."}, {"question": "Can i download and play ALL games from google play store? roblox? sims?", "answer": "Google play you are good to go. I am not familiar with roblox & sims. The chromebook is all google based."}, {"question": "does it come silver", "answer": "Not this one"}, {"question": "May I return my order? I have not opened box containing the computer.", "answer": "Amazon has an excellent return policy. I would say yes."}, {"question": "Will this work well with Google classroom? We are doing a lot of virtual school and neex an extra device.", "answer": "this would be perfect since this a chrome based platform. Everything on this is google based. I would suggest a case for this, but my son is hard on his chromebook and phones. In a nut shell, I was so impressed with Chromebooks that I bought one and use one for my daily laptop and work from it almost 15 hours a day."}, {"question": "Does it come with a charger?", "answer": "Yes"}, {"question": "Will an external hard drive work with this?", "answer": "not sure but it should"}, {"question": "can use it on your data plan or it has to be on wifi?", "answer": "You can also use it via a cable that runs from the router. I am not sure what \"your data plan\" refers to."}, {"question": "does this come with a video camera?", "answer": "Yes it does, but from what I have seen it is not the best quality."}, {"question": "Can you download things from the play store?", "answer": "Yes it android system so what ever you can do on your phone you can do on this chrome book."}, {"question": "Does it have a web cam ??", "answer": "Yes"}, {"question": "is it good for games?", "answer": "This device is not for games. Do not buy if you intend to play video games on it."}, {"question": "Is this suitable for running a drawing tablet?", "answer": "Yes."}, {"question": "How long is the delivery ?", "answer": "2 days amazon prime"}, {"question": "Can you plug in a separate Usb keyboard and a monitor?", "answer": "Yes it has a hdmi port."}, {"question": "The description says 1.6 GHz to 2.48GHz, is the 4gb ram 2.48ghz??", "answer": "Yes. If you buy this laptop I really recommend the 4gb version!"}, {"question": "Can you upgrade the ram or ssd", "answer": "No."}, {"question": "Se puede poner programas de inform\u00e1tica", "answer": "Answer not available"}, {"question": "Can I download Microsoft office on rhis", "answer": "It\u2019s a Chromebook. Runs with Google products such as Google docs. You can use Microsoft products and covert to Google docs (which includes word, excel, powerpoint, etc)."}, {"question": "Does it have a disc drive?", "answer": "No, it does not."}, {"question": "Does it connect to printer? Which is the best one?", "answer": "Answer not available"}, {"question": "does it have a expandable storage opyion?", "answer": "Yes, you can use a thumb drive or a mini SD card."}, {"question": "Does it have a built in jack for headphones?", "answer": "Yes."}, {"question": "Does it have a camera for Google Meets?", "answer": "Yes"}, {"question": "does this chrome book has built-in microphone?", "answer": "Yes, it has an internal microphone as well as internal webcam."}, {"question": "Can i download apps", "answer": "Yes"}, {"question": "Does this have a USB port?", "answer": "Yes it does."}, {"question": "What is the maximum capacity for micro sd card for this Chromebook?", "answer": "Sadly I cannot answer this question as haven't had to use it. This chromebook can support multiple simultaneous windows however and I've found it to be a fast reliable machine especially for browsing the internet. Hope this helps..."}, {"question": "Does the Chromebook 3 have a Gloss screen or Matte screen ?'", "answer": "Matte screen"}, {"question": "Can you play minecraft on it", "answer": "Yes my son could play minecraft on a chromebook"}, {"question": "Can you steam on this laptop ...can you video chat on this.", "answer": "depending on the model, yes. most of them do."}, {"question": "Can you print from it", "answer": "Yes. You will need a wireless printer. I don't believe you can plug the USB from printer into the Chromebook."}, {"question": "Can you download Facebook Messenger onto this computer?", "answer": "Yes, my daughter uses this all the time for Facebook and messenger"}, {"question": "what year did this come out? With Google stopping updates on older machines, I want to get 5 years out of this.", "answer": "I still have an ancient Samsung Series 3 from 2013 which was scheduled (according to Google) to stop receiving updates well over a year ago. But the updates just keep coming!"}, {"question": "can you play Roblox on this computer?", "answer": "Yes you definitely can very comfortably."}, {"question": "Can i download a video from a flash drive?", "answer": "Yes u can."}, {"question": "Does this come with Play Store", "answer": "Yes it does."}, {"question": "On the wireless it says bluetooth. Wat does that mean. Is it the same as wifi?", "answer": "No. Wifi and bluetooth are two completely separate types of technology. The Chromebook has wifi capabilities. As for bluetooth, it offers a way to wirelessly connect and use hardware devices with your computer."}, {"question": "Is there a chromebook that runs on 3g? i need it for students in africa. no wifi.", "answer": "You can buy a 3g internet dongle at eny cell phone company like tmobile."}, {"question": "Can microsoft works be installed on this?", "answer": "What is Microsoft Works? I have not heard of that one. Chromebooks come with the google versions of Excel, Word, etc. The google versions of those MS apps allow documents to be saved as Microsoft files/extensions."}, {"question": "Does this have google play store?", "answer": "yes. along with many other google apps too. I love mine."}, {"question": "Is this a new chromebook?", "answer": "Yes"}, {"question": "lap tops for stem activities", "answer": "We use it for online homeschooling."}, {"question": "Does it work the same as my regular laptop for printing", "answer": "Unfortunately no. You need a special wifi printer for a Chromebook. That is the biggest disadvantage to using a Chromebook."}, {"question": "how does a person play candy crush on this?? my basic up/down controls do not work nor does the touch pad... whats the secret??", "answer": "No its very basic"}, {"question": "Is this good for a college student who wants to use it to take notes during class? Does it run google docs or microsoft word?", "answer": "Hello Marshy! Yes this would be an ideal way (and less costly way) of taking notes for class. It does run Google Docs - you would have to add the Microsoft Word program on this laptop. You can find free word type programs online btw! Good luck!"}, {"question": "Se puede cambiar el idioma de ingl\u00e9s al espa\u00f1ol", "answer": "Yes, you can choose Spanish when you set it up."}, {"question": "Is the keyboard backlit?", "answer": "No, but it's a great little notebook. I love it !"}, {"question": "compatible with a external cd drive?", "answer": "Yes, but for read only of compatible file types."}, {"question": "Would this be good for streaming movies and shows on Netflix?", "answer": "I would get more ram than just 2 GB."}, {"question": "Does it run android apps.?", "answer": "Yes, it comes with the Play Store which has them all."}, {"question": "can you transfer everything from your older chrome that will not turn on anymore", "answer": "Anything in the cloud stays in the cloud and will transfer"}, {"question": "Can I download audible books to an mp3?", "answer": "I have not tried that yet"}, {"question": "Please first of all.... excuse my stupidity!! i an new to electronics. is this touch screen?? like kindle fire?? or do i need a mouse????", "answer": "I was confused about this too and kind of disappointed. It is not a touch screen. If you look at the specs on down it will tell you. I didn't go that far down but wish I had because I wanted a touch screen but am willing to settle for this. The lower price equals the lack of some of the fancy stuff."}, {"question": "Does this chromebook has google play store?", "answer": "A Chromebook is a laptop or tablet running the Linux-based Chrome operating system. The devices are primarily used to perform a variety of tasks using the Google Chrome browser...\n\nTherefore , YES , it has google apps as well as samsung Apps..."}, {"question": "Can this computer be hooked to a monitor and an external keyboard ?", "answer": "Yes"}, {"question": "Can I edit and upload videos to YouTube on ?", "answer": "Yes but they will not be super fast. You need a better one in the 200 dollar range. The lavino chromebook is a good one."}, {"question": "does this chromebook have an audio jack so I can listen to my audiobook?", "answer": "It has a combo headphone/mic jack (1/8\")"}, {"question": "Is this a touch screan", "answer": "Nope, it's a Google book that basically surfs the web and is Google OS so it doesn't run apps or do anything like a normal computer. No it's not touchscreen. It basically surfs the web and you can save pic's. It is your E-mail machine and not much else."}], "time": ["16/06/2021 20:45:30"], "reviewsCountInfo": {"expRevCount": 101, "actRevCount": 101, "nonEnglishRevCount": 1}, "scrapperInfo": {"Version": "1.3.7", "Released Date": "10-may-2021"}, "breadcrumb": {"breadcrumb": "Electronics\u203aComputers & Accessories\u203aComputers & Tablets\u203aLaptops\u203aTraditional Laptops"}, "productURL": "https://www.amazon.com/gp/product/B01MS79M6Y", "ASIN": "B01MS79M6Y", "title": "Samsung Chromebook 3 2GB RAM, 16GB eMMC, 11.6\" Chromebook", "manufacturer": " SAMSUNG Store", "currentPrice": "$259.0", "rating": "4.5", "totalRatings": "517 "}