{"features": ["Windows 10 HomeNVIDIA GeForce GTX 1060 6GB dedicated graphics; 7th Gen Intel\u00ae Core i7-7700HQ processor; 15.6\" display; 8GB memory; 256GB solid state drive; Bluetooth; HDMI output; DVD/CD drive not included"], "reviewsAspects": ["gaming", "games", "computer", "drive", "keyboard"], "productInformation": [{"\nASIN\n": "\nB077QXGF6R\n", "Customer Reviews": "\n\n\n\n\n\n\n3.8 out of 5 stars\n\n\n\n\n\n\n\n\n46 ratings\n\n\n\n\n\n\n3.8 out of 5 stars\n", "\nBest Sellers Rank\n": "\n\n#21,453 in Computers & Accessories (See Top 100 in Computers & Accessories)\n\n#3,305 in Traditional Laptop Computers\n\n\n", "\nDate First Available\n": "\nNovember 25, 2017\n"}], "productDescription": "Product description\nLenovo Legion Y520 Laptop: Play your favorite games from virtually anywhere with this Lenovo Legion gaming laptop. Rear-placed thermal vents and thoughtfully situated fans help to keep this device cool through intense gaming sessions, while next-generation graphics allow for smooth gameplay. Featuring Lenovo Nerve Sense, this Lenovo Legion gaming laptop lets you customize your preferred networks, audio levels and active keys for effortless operation.", "reviews": [{"reviewerName": "dinesh velhal", "reviewerUrl": "https://www.amazon.com/gp/profile/amzn1.account.AGMR3KYLDEZX36VVJGTBTU3O4OWQ/ref=cm_cr_getr_d_gw_btm?ie=UTF8", "rating": "5.0 out of 5 stars", "reviewTitle": "Robust machine", "reviewDate": "February 20, 2021", "reviewText": "  I am using it since 2017 for my personal programming work. It has performed consistently well., I run heavy applications like Docker for windows, WSL2 regularly. The laptop is quite fast for all the work.", "is_Helpful": ""}, {"reviewerName": "Amazon Customer", "reviewerUrl": "https://www.amazon.com/gp/profile/amzn1.account.AF2JDNOK355YPYF4GS5KFVLKPGKA/ref=cm_cr_getr_d_gw_btm?ie=UTF8", "rating": "1.0 out of 5 stars", "reviewTitle": "Terrible price.", "reviewDate": "December 24, 2020", "reviewText": "  For this price you can build a pc that delivers 5x more performance. Look up best 1000 dollar pc build if needed. Terrible exchange from price", "is_Helpful": ""}, {"reviewerName": "alexian", "reviewerUrl": "https://www.amazon.com/gp/profile/amzn1.account.AFA6E5HXHUL32LR2W3QV6HTR3JGQ/ref=cm_cr_getr_d_gw_btm?ie=UTF8", "rating": "4.0 out of 5 stars", "reviewTitle": "Price Vs Gaming", "reviewDate": "October 31, 2020", "reviewText": "  Great computer for many things including recording. Advertised as a gaming computer and does great running games. I would recommend getting a SSHD if you\u2019re worried about money as it has space in it. You may also want to upgrade the RAM if you have any issues with your game. For my purposes it does just fine", "is_Helpful": "One person found this helpful"}, {"reviewerName": "Pascal Bronnimann", "reviewerUrl": "https://www.amazon.com/gp/profile/amzn1.account.AG4QPFATLTPCY5OQMX75RLGCPMUA/ref=cm_cr_getr_d_gw_btm?ie=UTF8", "rating": "4.0 out of 5 stars", "reviewTitle": "Good high FPS laptop and i recommend it to everbody.", "reviewDate": "October 22, 2020", "reviewText": "  i Liked the high FPS. I disliked the battery dying quick. I liked that you can take it places.", "is_Helpful": ""}, {"reviewerName": "Scott Hobbs", "reviewerUrl": "https://www.amazon.com/gp/profile/amzn1.account.AFDZAR7CVK2AS53NF2NQJUXQSUZA/ref=cm_cr_arp_d_gw_btm?ie=UTF8", "rating": "1.0 out of 5 stars", "reviewTitle": "Poor, Poor product..", "reviewDate": "August 23, 2020", "reviewText": "\"  Right from the start I had trouble..little did I know that it was over a year old when I bought. First  the hard drive went out in the 3monts, next it was a power supply.. this last time its unknown..they cant fix it..thank God I bought the warranty from Asurion..they are refunding the full price, that I bought it for. All this has happened within the first 9 months of ownership. STAY AWAY!!\"", "is_Helpful": "One person found this helpful"}, {"reviewerName": "Julie P.", "reviewerUrl": "https://www.amazon.com/gp/profile/amzn1.account.AHPUISWOMR6E4KS75I4FETA4CNIA/ref=cm_cr_arp_d_gw_btm?ie=UTF8", "rating": "1.0 out of 5 stars", "reviewTitle": "\"If you like blue screen of death youll love this laptop\"", "reviewDate": "June 16, 2020", "reviewText": "\"  We had this laptop for just two months for gaming when the trouble started. Games started crashing and the laptop was unresponsive to any type of troubleshooting. Uninstalling said games didnt help as the laptop continued to crash and give error codes. Each time the computer went to a blue screen and would then provide a different error code from the last. Whether this was a software issue or hardware issue we ended up taking it into be serviced and the freaking mother board is trashed. Not cool and my son is heartbroken. AND to add salt to the wound, only 30 days to be able to return this now paper weight and we are beyond that 30 days return policy by 15 days. Almost $1000 of a purchase (including being serviced now) out the window. With the amount of time and money we DO spend on Amazon and being Prime Members, we should have better return options, especially on technology purchases.\"", "is_Helpful": "4 people found this helpful"}, {"reviewerName": "Carmelo Martinez", "reviewerUrl": "https://www.amazon.com/gp/profile/amzn1.account.AEGWASDTSNCJPWXIWJKMQDXTUUNQ/ref=cm_cr_getr_d_gw_btm?ie=UTF8", "rating": "5.0 out of 5 stars", "reviewTitle": "What it used for", "reviewDate": "March 2, 2020", "reviewText": "  My boys used it for games", "is_Helpful": ""}, {"reviewerName": "alex", "reviewerUrl": "https://www.amazon.com/gp/profile/amzn1.account.AFAQX3PWFK6FBAT3YU7BEZLHUBFQ/ref=cm_cr_getr_d_gw_btm?ie=UTF8", "rating": "3.0 out of 5 stars", "reviewTitle": "Defective?", "reviewDate": "January 3, 2020", "reviewText": "  Almost constantly at 100 percent disk usage since day 1 have run several different antivirus programs and nothing has come up.", "is_Helpful": "One person found this helpful"}, {"reviewerName": "Michael powers", "reviewerUrl": "https://www.amazon.com/gp/profile/amzn1.account.AHPWSBI4TJSWVL4Q5W6ZNS3E3IKQ/ref=cm_cr_getr_d_gw_btm?ie=UTF8", "rating": "5.0 out of 5 stars", "reviewTitle": "Great value", "reviewDate": "November 28, 2019", "reviewText": "\"  I use this laptop for editing, and its great. Using fairlight effects on divinci resolve 16, which is GPU heavy, and it was a little laggy. Reguardless, It is a great laptop for the price and I have yet to regret it.\"", "is_Helpful": ""}, {"reviewerName": "Elijah", "reviewerUrl": "https://www.amazon.com/gp/profile/amzn1.account.AFBZBJGXOSGTLIB4LPVME7DTLYMQ/ref=cm_cr_getr_d_gw_btm?ie=UTF8", "rating": "4.0 out of 5 stars", "reviewTitle": "Decent overall", "reviewDate": "September 23, 2019", "reviewText": "  Works fine, I highly recommend the M.2, makes a big difference. Good for multitasking, handles moderate games well. Good temperature control.", "is_Helpful": ""}, {"reviewerName": "VN ELECTRONICS LLC", "reviewerUrl": "https://www.amazon.com/gp/profile/amzn1.account.AG5JTVLQJYHBKDHDPWZEDLH6BZRQ/ref=cm_cr_arp_d_gw_btm?ie=UTF8", "rating": "1.0 out of 5 stars", "reviewTitle": "Sucks at gaming", "reviewDate": "August 18, 2019", "reviewText": "  I bought this laptop because i thought it would run games good since it has a gtx 1060 and a i7 but i was wrong. The pc is good, doesn\u2019t overheat, the screen is good but it sucks at gaming. Im returning it to buy a better one. Would highly recommend it if you play easy to run games", "is_Helpful": "2 people found this helpful"}, {"reviewerName": "Amazon Customer", "reviewerUrl": "https://www.amazon.com/gp/profile/amzn1.account.AFWA4D3RT73UDPSNKENGMADIOIHQ/ref=cm_cr_arp_d_gw_btm?ie=UTF8", "rating": "5.0 out of 5 stars", "reviewTitle": "Great Laptop! Great Value!", "reviewDate": "July 27, 2019", "reviewText": "  Great Laptop with backlit keyboard and full size directional keys and a separate number pad. Plenty of power for work applications and casual gaming.", "is_Helpful": "5 people found this helpful"}, {"reviewerName": "Gretchen W.", "reviewerUrl": "https://www.amazon.com/gp/profile/amzn1.account.AHVOEGMXZ3RYNLXSDTCVJ3MLVOGQ/ref=cm_cr_arp_d_gw_btm?ie=UTF8", "rating": "5.0 out of 5 stars", "reviewTitle": "Fast! awesome graphics!", "reviewDate": "June 19, 2019", "reviewText": "\"  I use this computer for my photography business. I love it! Its so fast and the graphics are wonderful. I do wish it had a DVD player. I also wish it had a slot for an SD card. The SSD drive could be larger; but I knew the size of it when I purchased and it was a great price! Im very happy!\"", "is_Helpful": "5 people found this helpful"}, {"reviewerName": "William Theodore Clemmons", "reviewerUrl": "https://www.amazon.com/gp/profile/amzn1.account.AE3QTGD6SUTK4CIRT6S2CVCNOWVA/ref=cm_cr_arp_d_gw_btm?ie=UTF8", "rating": "4.0 out of 5 stars", "reviewTitle": "Solid But Not Great", "reviewDate": "April 19, 2019", "reviewText": "  This is a good machine for the money. The specs are all that they should be. That said, it is not as fast as some other laptops with the same setup. It is also rather heavy, more so than similar boxes. The red color of the keyboard is odd and offputting. You can do better for this amount of money.", "is_Helpful": "7 people found this helpful"}, {"reviewerName": "Anna Schmidt", "reviewerUrl": "https://www.amazon.com/gp/profile/amzn1.account.AFNDK5XCJQQVQUSN4M27ZTRHGFCQ/ref=cm_cr_arp_d_gw_btm?ie=UTF8", "rating": "5.0 out of 5 stars", "reviewTitle": "Good laptop", "reviewDate": "April 14, 2019", "reviewText": "\"  It works wellso far, for the moderate gaming and web browsing Ive needed it for. And its a HUGE improvement over my ancient, creaky, 6 year old laptop that it replaced. All its missing is a disk drive.\"", "is_Helpful": "7 people found this helpful"}, {"reviewerName": "David", "reviewerUrl": "https://www.amazon.com/gp/profile/amzn1.account.AFPWKPCADTCCIEHOOT3CEIOGXUAA/ref=cm_cr_arp_d_gw_btm?ie=UTF8", "rating": "1.0 out of 5 stars", "reviewTitle": "Slow system for being a Intel 7 processor", "reviewDate": "April 11, 2019", "reviewText": "\"  It is a fairly slow system for being a Intel 7 processor.  The keyboard is horrible for gaming as the keys are very slick and you mistype frequently due to that; and they also seem to be misplaced (at least compared to the previous laptops Ive had).  The system is slow for being an I7, 16gb RAM, 6gb vid (supposedly)... Battery seems to be around 4 hours plus.\"", "is_Helpful": "7 people found this helpful"}, {"reviewerName": "Dean", "reviewerUrl": "https://www.amazon.com/gp/profile/amzn1.account.AFOAT7NE476WWJWNDDUZRQYHDTXA/ref=cm_cr_getr_d_gw_btm?ie=UTF8", "rating": "1.0 out of 5 stars", "reviewTitle": "Not a gaming laptop", "reviewDate": "April 9, 2019", "reviewText": "\"  This computer is good at everything but playing games. Dont bother. Freezes mid game constantly. Cant handle gun fights in pubg, apex, scum, and some lower teir games. Frame rates drop so low it could be mistaken for lag. Cant hardly even play modded Minecraft. Solid 10 fps with computer freezing. Bleh\"", "is_Helpful": "3 people found this helpful"}, {"reviewerName": "Darleen", "reviewerUrl": "https://www.amazon.com/gp/profile/amzn1.account.AG5PCQUN3UHQPLPL5SOHHW55UI3A/ref=cm_cr_arp_d_gw_btm?ie=UTF8", "rating": "5.0 out of 5 stars", "reviewTitle": "Overall Great", "reviewDate": "January 4, 2019", "reviewText": "  Had it for 6 weeks now. So far it is great. Boots up fast, downloads fast, runs several different tasks without slowing down. As others have mentioned, the mouse pad buttons are finicky, but I use a wireless mouse mostly and for small tasks it works fine. Colors are fantastic, screen is big, video runs like a charm.", "is_Helpful": "14 people found this helpful"}], "qAndA": [{"question": "Tell me what type of plug in charging?", "answer": "Answer not available"}, {"question": "What type usb ports does this have? does it support usb3.1 drives and does it process info at 5g/s or 10g/s?", "answer": "No\n\n\n?"}, {"question": "Does it support optical drive? if so, hdd or ssd?", "answer": "you can use external optical drive.Thanks!"}, {"question": "how long does the battery last?", "answer": "It changes up depending on how active it is, but it isn't stellar. I'd say around 1.5 hours to 4, depending on power mode (High Performance vs Battery Saver) and sound and stuff."}, {"question": "Does this come with the fortnite bundle?", "answer": "no"}, {"question": "How many USB ports does it have?", "answer": "One on the left, two on the right"}, {"question": "Is the model with gtx 1060 right ? and is os already included ?", "answer": "Yes and yes"}, {"question": "does it support 32gb ram?", "answer": "Answer not available"}, {"question": "How much hard disk space does it have", "answer": "256 GB SSD"}, {"question": "would this be good for video editing ?", "answer": "Yea"}, {"question": "Is it good for both autocad and revit?", "answer": "No, bogs down on revit"}, {"question": "Is the laptop support dvd or not", "answer": "There is no DVD drive"}, {"question": "Can you swap out the sdd with one of higher memory like a 512gb sdd?", "answer": "Yes"}, {"question": "Hi, can i order without the ram? do you send to new zealand?", "answer": "No comes with ram why would you need without ram. I imagine they could ship to New Zealand"}, {"question": "what about warranty", "answer": "I believe it is 1 year"}, {"question": "Is there a displayport connection available? Or is it strictly hdmi?", "answer": "Hdmi. Buy an adapter"}, {"question": "Does this laptop have a dual-band wi-fi adapter? wired-ethernet port? if so, is the ethernet port gigabit?", "answer": "yes, it does come with Gigabit Ethernet connector and the dual-band wi-fi adapter. Thank you!"}, {"question": "will you recommend this for MR and VR? is this lap covered under the international warranty?", "answer": "I don't know about the warranty, but the laptop is quit fine for VR. However, I think MSI is way better with the product quality"}, {"question": "what is the brand of the RAM and hard drive?", "answer": "you should search them on google or in lenovo site."}, {"question": "Trying to help out a friend. Can this laptop be used to stream?", "answer": "Answer not available"}, {"question": "Is there space to install an additional hdd?", "answer": "Internal or external? Of course you can always buy an external USB interface hard drive to get more storage."}, {"question": "Does this laptop has/ with Microsoft office ?", "answer": "Yes"}, {"question": "Can this play 4x ganesike hoi4 stellaris at a decent pace. Whats the limit of games i could also play on it.", "answer": "Probably . Never not played a game for me"}, {"question": "What are the accessories ?", "answer": "What's Included: Laptop and ac adapter"}, {"question": "what is the warranty and how long?", "answer": "Answer not available"}, {"question": "Support CDs?", "answer": "you can use external optical drive (not included)."}, {"question": "It's the screen 120hhz?", "answer": "Answer not available"}, {"question": "Does this laptop have a mini display port?", "answer": "HDMI only"}, {"question": "Can you add more SSD?", "answer": "Yes and no you can only have 1 pcie ssd but you could add 1 ssd to the 2.5\u201d hd slot"}, {"question": "Can idd hdd and ssd at the same time ?", "answer": "I'm not sure about the SSD, but for the HDD, you will need to buy a caddy for it"}, {"question": "can i upgrade the graphics card?", "answer": "No"}, {"question": "Is the keyboard rgb?", "answer": "no"}, {"question": "Does it come with a season 2 fortnite account?", "answer": "Nope."}, {"question": "Does have usb 3 and hdmi ports?", "answer": "yes, it come with usb 3 and hdmi ports. Thanks!"}, {"question": "Import duty if i want the item to be delivered in India?", "answer": "Ask your country"}, {"question": "\u00bfCual es la capidad de la memoria ram? En algunas partes dice 8 gb y luego veo 16 gb, no esta claro.", "answer": "Answer not available"}, {"question": "Does it comes with gtx 1060 or gtx 1060 max-Q?", "answer": "Important: All Lenovo Y520 comes with gtx 1060 Max-Q version due to the design. Max-Q version. The power consumption of the Max-Q design is notably lower than the normal GTX 1060 for laptops which helps manufacturer build the laptops more slim and beautiful."}, {"question": "Is there really 16gb of ram in this laptop?", "answer": "yes, it is. Thanks!"}, {"question": "Does it work with Qatar\u2019s power plug ?", "answer": "yes, but you will need to buy a plug adapter from US to EU"}, {"question": "How loud is this laptop? less than a blow dryer? same as a personal fan? microwave? need a comparison and how recommended is a cooling pad", "answer": "It\u2019s quite until you put it on maximum cooling then it\u2019s almost as loud as a hair dryer. I don\u2019t see the need for a cooling pad. But you may"}, {"question": "Where can i get/what type of charger does it need? because i need eu not us", "answer": "Buy an adapter it\u2019ll probably take 220v"}, {"question": "Can i use an egpu with this?", "answer": "Answer not available"}, {"question": "does it support 32gb ram?", "answer": "I believe so but check out crucial.com"}, {"question": "Does it have manufacturer warranty? Will I get certificate?", "answer": "Yes and no I did not"}, {"question": "Is there a slot for a second internal drive?", "answer": "there is one 2.5\" standard hdd slot available, but you need to purchase a hdd caddy and cable to make it work. as the compute does not come with the hdd caddy and cable ."}, {"question": "is the screen 144hz?", "answer": "no"}, {"question": "Is it a 144hz monitor", "answer": "no"}, {"question": "Is there a displayport connection available? Or is it strictly hdmi?", "answer": "My grandson has is up at the college he is attending, so I can't answer that question, sorry."}, {"question": "Only 256 gb ssd? no Hdd?", "answer": "yes, 256gb ssd only. no hdd."}, {"question": "how long does the battery last?", "answer": "Depends on applications being used 45 minutes to 1.75 hours"}, {"question": "Can this run Minecraft?", "answer": "Yeah but if you download fortnite the computer bursts into rainbow colored flames"}, {"question": "Run modded skyrim?", "answer": "Answer not available"}, {"question": "Can you give a list of all the ports and type specifics pls? (usb w/ versions, sd, hdmi, ethernet)", "answer": "Answer not available"}], "time": ["09/04/2021 17:49:22"], "reviewsCountInfo": {"expRevCount": 18, "actRevCount": 18, "nonEnglishRevCount": 1}, "scrapperInfo": {"Version": "1.3.2", "Released Date": "08/04/2021"}, "productURL": "https://www.amazon.com/gp/product/B077QXGF6R", "ASIN": "B077QXGF6R", "title": "Lenovo Legion Y520 Gaming Laptop - i7-7700HQ, 16GB RAM, 256GB PCIe SSD, NVIDIA GTX 1060 (6GB), FHD IPS 1920x1080", "manufacturer": " Lenovo Store", "currentPrice": "$923.97", "rating": "3.8", "totalRatings": "46 "}