{"features": ["15.6 in Full HD IPS (1920 x 1080), NVIDIA GeForce GTX 1060 6GB GDDR5", "Intel 6-Core i7-8750H 9MB cache, 2.20 GHz up to 4.10 GHz, 802.11ac, Bluetooth 5.0, Backlit Keyboard", "1 6GB 2400 MHz DDR4 Memory for fast processing (Maximum Memory Capacity 32GB), 1TB HDD + 8GB SSD.", "2 USB Type-A (USB 3.1 Gen 1), 1 USB 3.1 Gen 2, 1 HDMI 2.0, 1 Mini DisplayPort 1.3, 1 Thunderbolt 3 (Supports DisplayPort)", "Windows 10 Home 64 bit, 1 Year Warranty, 1 x 1/8\" / 3.5 mm Headphone/Microphone Input/Output"], "reviewsAspects": ["computer", "drive", "gaming", "ssd", "dell", "machine", "boot", "slow", "fps", "desktop", "games", "graphics", "laptops", "playing", "purpose", "runs", "smooth"], "productInformation": [{"\nASIN\n": "\nB07BPQY9Q8\n", "Customer Reviews": "\n\n\n\n\n\n\n4.2 out of 5 stars\n\n\n\n\n\n\n\n\n71 ratings\n\n\n\n\n\n\n4.2 out of 5 stars\n", "\nBest Sellers Rank\n": "\n\n#49,827 in Computers & Accessories (See Top 100 in Computers & Accessories)\n\n#8,251 in Traditional Laptop Computers\n\n\n", "\nDate First Available\n": "\nMarch 16, 2018\n"}], "productDescription": "\nMeticulously Designed To Deliver A Knockout Performance\nThe new Alienware 15 is for consumers looking for a gaming notebook that prioritizes gaming performance with balanced portability features and specs. The Alienware 15 is VR-capable and will have VR-certified configurations available. Performance-wise, the new generation of Alienware laptops are engineered to support NVIDIA\u2019s GeForce GTX 1060 graphics, the new Intel Core, and 16GB 2400 MHz DDR4 memory. This new generation introduces the 8th generation Intel CPUs with the Core i7 H-series processors supporting dynamic overclocking.\nThe Nvidia GeForce GTX 1060 graphics card is loaded with innovative new gaming technologies, making it the perfect choice for the latest high-definition games. Powered by NVIDIA Pascal\u2014the most advanced GPU architecture ever created\u2014the GeForce GTX 1060 delivers brilliant performance that opens the door to virtual reality and beyond.\nOur industrial design includes materials ranging from anodized aluminum, magnesium alloy, steel reinforced keys, and copper thermal modules. The choices have been made to deliver high quality construction, where high performance is expected, and the ultimate experience is desired.\nNew Alienware Command Center\nCalibrate Your Controls\nNow you have control over your hardware and software environments. Not only can you tailor the hardware for each and every game you play, you can personalize the space and setup to make your software look and feel precisely the way you want it, without interfering with your gameplay or other activities.\nAce Library Science\nThe easy-to-use interface links all your various system settings with a gaming library, making it simple to access gaming information. No matter what the source, the command center gives you easy access to your games and the ability to fine-tune settings for each one. Create a unique game profile and it stays just how you want it, no matter where you launch.\nAlienFX Lighting\nSave new themes, assign them to your games and edit peripheral settings with new AlienFX hardware and software, featuring support for full RGB values and up to 16.8 million colors. Included is a new user interface to create and map new system-level effects so you can manage lighting and settings from the same controls. Select systems and hardware also offer settings for group keyboard key colors.\nGet Dangerously Deep In The Game\nThe chassis design delivers increased total system ventilation and enables a higher TDP with most of the thermal dissipation occurring towards the rear. Our hinge-forward design has enabled more rear I/O, improved audio, larger internal fans with improved acoustic pitch and a 25% thinner Alienware 15. Even the speaker design and audio quality has improved thanks to the design approach.\nThe steel-reinforced Alienware TactX keyboard is designed for uniform feedback while typing plus 5 programmable keys designed to help the gamer feel at home, and in control, wherever they are. The TactXkeyboard has an optimized RGB LED lighting articulation designed for a better lighting than the predecessor and each key has a full 2.2mm of gaming-grade travel.\nThis top cover incorporates anodized aluminum and features the iconic Alien head. The Alienware 15 includes 13 programmable AlienFX lighting zones which can also be used by supported game titles.\nDesigned For VR\nDive into mind-bending virtual reality experiences with a VR-ready system that passes the Oculus Ready and Vive Optimized certifications.\nYou\u2019ll experience the latest AAA game titles and VR content the way they were meant to be seen. Achieve a new level of presence powered by NVIDIA VRWorks technology. Realistic visuals, sound, touch interactions and simulated environments are your new virtual reality .And with NVIDIA GeForce 10-series graphics and the latest, greatest CPUs, the Alienware 15 goes beyond what\u2019s expected.", "reviews": [{"reviewerName": "Austin Schwint", "reviewerUrl": "https://www.amazon.com/gp/profile/amzn1.account.AEVGOM3J2UBMANL7XZOAQAWLDAOA/ref=cm_cr_arp_d_gw_btm?ie=UTF8", "rating": "1.0 out of 5 stars", "reviewTitle": "Super Slow", "reviewDate": "November 8, 2020", "reviewText": "\"  Slowest laptop Ive ever owned i will never buy an Alienware pc again. Bought this because is was a previous model and it was on a special but ill go with a desktop next time I want a pc\"", "is_Helpful": ""}, {"reviewerName": "Natalia Cayla", "reviewerUrl": "https://www.amazon.com/gp/profile/amzn1.account.AFEDCUNHCR7EZJT4UUQIZWJ2QI2A/ref=cm_cr_getr_d_gw_btm?ie=UTF8", "rating": "1.0 out of 5 stars", "reviewTitle": "Will not work too long, not a good product", "reviewDate": "July 9, 2020", "reviewText": "  If you buy a battery for less than a year, it will not work anymore. It will shut down after leaving the power supply. It takes 15 minutes to boot up. You will never buy any electronic products on Amazon. There is no guarantee.", "is_Helpful": ""}, {"reviewerName": "mason", "reviewerUrl": "https://www.amazon.com/gp/profile/amzn1.account.AHTWZUTPHK4HN6RTPEB6QQYSYPYQ/ref=cm_cr_getr_d_gw_btm?ie=UTF8", "rating": "2.0 out of 5 stars", "reviewTitle": "Dead battery", "reviewDate": "June 12, 2020", "reviewText": "  Mine came broken \u201cbattery permanent failure\u201d straight out of the box. I can run games and stuff and it\u2019s great but I can\u2019t unplug it or it shuts off, but other than that\u2019s it\u2019s amazing I love it... u will have to get more SSD\u2019s tho it only comes with 100 gigs and that is half taken up by pre downloaded software", "is_Helpful": ""}, {"reviewerName": "Jrw", "reviewerUrl": "https://www.amazon.com/gp/profile/amzn1.account.AFLKY4CIU4FIL5QKO525EZAVLMJQ/ref=cm_cr_getr_d_gw_btm?ie=UTF8", "rating": "5.0 out of 5 stars", "reviewTitle": "Worth it", "reviewDate": "April 23, 2020", "reviewText": "  It was a present for my husband and he loves it. It runs all of his games ubisoft, Blizzard and microsoft. He has abandoned his ps4 pro....lol", "is_Helpful": ""}, {"reviewerName": "Fredy", "reviewerUrl": "https://www.amazon.com/gp/profile/amzn1.account.AHWNFZ27OAGAZV6AVYW4MTICGSVA/ref=cm_cr_getr_d_gw_btm?ie=UTF8", "rating": "5.0 out of 5 stars", "reviewTitle": "Great", "reviewDate": "April 22, 2020", "reviewText": "  Great", "is_Helpful": ""}, {"reviewerName": "Kindle Customer", "reviewerUrl": "https://www.amazon.com/gp/profile/amzn1.account.AFYW5RHUG5C5VMWQAYB2BMDNOBUA/ref=cm_cr_getr_d_gw_btm?ie=UTF8", "rating": "5.0 out of 5 stars", "reviewTitle": "good", "reviewDate": "March 23, 2020", "reviewText": "  great", "is_Helpful": ""}, {"reviewerName": "Michelle Whiteside", "reviewerUrl": "https://www.amazon.com/gp/profile/amzn1.account.AF2OV2D4YXA2VBLLU3LFUE6PMLCA/ref=cm_cr_getr_d_gw_btm?ie=UTF8", "rating": "5.0 out of 5 stars", "reviewTitle": "Like the speed", "reviewDate": "March 20, 2020", "reviewText": "  Pleased so far", "is_Helpful": ""}, {"reviewerName": "Amazon Customer", "reviewerUrl": "https://www.amazon.com/gp/profile/amzn1.account.AGH5GFA7JM3H6B4JZVAX5BZORV5A/ref=cm_cr_getr_d_gw_btm?ie=UTF8", "rating": "5.0 out of 5 stars", "reviewTitle": "\ud83d\udcaa\ud83d\udc4d\ud83d\udc4d", "reviewDate": "February 14, 2020", "reviewText": "  \ud83d\udcaa\ud83d\udc4d\ud83d\udc4d", "is_Helpful": ""}, {"reviewerName": "Amazon Customer", "reviewerUrl": "https://www.amazon.com/gp/profile/amzn1.account.AEYIF4PJ6PV2LVR64464J4OBX2LQ/ref=cm_cr_getr_d_gw_btm?ie=UTF8", "rating": "5.0 out of 5 stars", "reviewTitle": "Awesome Gaming Laptop", "reviewDate": "January 9, 2020", "reviewText": "  My 14 year old got this for Christmas . He loves it very smooth, a bit heavy but very good Price ! I would recommend upgrading ssd to 1 Tb for faster  speed .", "is_Helpful": ""}, {"reviewerName": "Trevar S.", "reviewerUrl": "https://www.amazon.com/gp/profile/amzn1.account.AE24FWYNQFNYALCIJQQ6HVQ3JNJA/ref=cm_cr_getr_d_gw_btm?ie=UTF8", "rating": "1.0 out of 5 stars", "reviewTitle": "Two Defective Devices", "reviewDate": "January 2, 2020", "reviewText": "  Received two defective products. Maybe a bad batch idk but ended up returning both.", "is_Helpful": ""}, {"reviewerName": "Russell", "reviewerUrl": "https://www.amazon.com/gp/profile/amzn1.account.AFLGA5PZI723BM3UAJJAZYT6BM2Q/ref=cm_cr_getr_d_gw_btm?ie=UTF8", "rating": "3.0 out of 5 stars", "reviewTitle": "return it because the size", "reviewDate": "November 2, 2019", "reviewText": "  size is too big and too heavy for the businessman, but I had to said its not the seller fault, just choose the wrong laptop for me .", "is_Helpful": ""}, {"reviewerName": "TIna Seydel", "reviewerUrl": "https://www.amazon.com/gp/profile/amzn1.account.AHAAL3Q7SV5XTN3Y6H4WYSIY7VMA/ref=cm_cr_arp_d_gw_btm?ie=UTF8", "rating": "1.0 out of 5 stars", "reviewTitle": "BUYER BEWARE", "reviewDate": "October 7, 2019", "reviewText": "\"  I bought this BRAND NEW $1249.00 computer and received a USED computer. Its DIRTY, has someone elses login, and has dirty finger prints EVERYWHERE!!!\"", "is_Helpful": "2 people found this helpful"}, {"reviewerName": "Wilburt Pratt", "reviewerUrl": "https://www.amazon.com/gp/profile/amzn1.account.AHPFP3YTBRQEA7DYYGQLH2UUIOKQ/ref=cm_cr_arp_d_gw_btm?ie=UTF8", "rating": "5.0 out of 5 stars", "reviewTitle": "Always wanted", "reviewDate": "August 31, 2019", "reviewText": "  I knew what I was getting into when I wanted this, the heating problems and all, \"other than my own mistakes which thank god I was able to correct on my own I havent had much trouble if any with it\", if I did I waited for the next update that usually fixed the problem, I have never used the original hard drive with its original OS on it, \"its a mechanical drive I bought it this way on purpose to upgrade the drives myself\", instead, once I bought my two one terabyte M.2 drives, I cloned the original on to it never having so much as started it up, the original drive is in my gun safe where it will stay if I ever need it, ;), next repaste the processor and graphics chips already have the new paste just waiting for time to do it, \"and yes mine runs pretty warm high 80s low 90s C while gaming\"", "is_Helpful": "2 people found this helpful"}, {"reviewerName": "Nick medina", "reviewerUrl": "https://www.amazon.com/gp/profile/amzn1.account.AEFU2D24QEYT2UZK2Y6WDZKCCVHA/ref=cm_cr_getr_d_gw_btm?ie=UTF8", "rating": "1.0 out of 5 stars", "reviewTitle": "Dosnt work!!", "reviewDate": "August 30, 2019", "reviewText": "  Came to me broken in mail computer memory chip was faulty and screen was completely black had dont buy!!!!", "is_Helpful": "One person found this helpful"}, {"reviewerName": "Eder John Pina", "reviewerUrl": "https://www.amazon.com/gp/profile/amzn1.account.AEP2RRLI4Q4M7NZ2M5OAD43LPVBA/ref=cm_cr_getr_d_gw_btm?ie=UTF8", "rating": "5.0 out of 5 stars", "reviewTitle": "The machine!", "reviewDate": "August 20, 2019", "reviewText": "  The best laptop ever.", "is_Helpful": ""}, {"reviewerName": "SamP", "reviewerUrl": "https://www.amazon.com/gp/profile/amzn1.account.AFCZOZANYVITC6WF2MUMU6SEOBVA/ref=cm_cr_getr_d_gw_btm?ie=UTF8", "rating": "1.0 out of 5 stars", "reviewTitle": "Seriously, don\u2019t bother", "reviewDate": "August 16, 2019", "reviewText": "  When we turned it on it said the battery had failed. Returned it. Now it\u2019s taking forever to get a replacement", "is_Helpful": "2 people found this helpful"}, {"reviewerName": "Kurt", "reviewerUrl": "https://www.amazon.com/gp/profile/amzn1.account.AHMALLYI7THPORUIULAUANG6YNMA/ref=cm_cr_getr_d_gw_btm?ie=UTF8", "rating": "4.0 out of 5 stars", "reviewTitle": "Battery life", "reviewDate": "July 22, 2019", "reviewText": "  Everything is good except the battery. I get only one hour and 30 mins? Is it just me or the battery is bad?", "is_Helpful": ""}, {"reviewerName": "Brian Dunn", "reviewerUrl": "https://www.amazon.com/gp/profile/amzn1.account.AFKNFUV3VIUDDNIBAQCCGDY6TV3A/ref=cm_cr_getr_d_gw_btm?ie=UTF8", "rating": "3.0 out of 5 stars", "reviewTitle": "\"Its decent once you figure out how to fully work it.\"", "reviewDate": "July 18, 2019", "reviewText": "\"  Decent little machine, sometimes Itll give you a pain. Ive had numerous problems with it, but its been working smooth so far. Great for playing 60-100 FPS on max settings, but it does get a little toasty.\"", "is_Helpful": ""}, {"reviewerName": "Maggie", "reviewerUrl": "https://www.amazon.com/gp/profile/amzn1.account.AEODL5WJK2SV662SD3G5KS3AWW3A/ref=cm_cr_getr_d_gw_btm?ie=UTF8", "rating": "5.0 out of 5 stars", "reviewTitle": "very good", "reviewDate": "July 16, 2019", "reviewText": "  very good. everything is fine except the battery life.", "is_Helpful": ""}, {"reviewerName": "Don Williams", "reviewerUrl": "https://www.amazon.com/gp/profile/amzn1.account.AEDB5VIQ7PJO33F46F4GQQZEGV3A/ref=cm_cr_getr_d_gw_btm?ie=UTF8", "rating": "5.0 out of 5 stars", "reviewTitle": "Good Value", "reviewDate": "May 19, 2019", "reviewText": "  This replaced another older Alien for my grandson, he is very happy with it!", "is_Helpful": "One person found this helpful"}, {"reviewerName": "Bob Ross", "reviewerUrl": "https://www.amazon.com/gp/profile/amzn1.account.AHHJOPH4FW447KBZ3KGSOLTV4SBQ/ref=cm_cr_getr_d_gw_btm?ie=UTF8", "rating": "1.0 out of 5 stars", "reviewTitle": "\"Dell Wouldnt Post My Review So Im Posting Here\"", "reviewDate": "May 16, 2019", "reviewText": "  Right when I purchased this device, I was in love with the performance! However, that quickly changed when I started having the black screen boot issue, CPU throttling, and overheating issues. The boot issue, I\\d say, happens around 1 out of every 4-5 times you boot. Basically, it boots into a black screen and you cannot do anything unless you hard-reset the device. As for me, I\\m someone that shuts my laptop off every night and cold boots it every day. So, I run into this a lot and it\\s extremely annoying and can\\t be good for the hard drive. Support told me \"Oh, it\\s the Nvidea drivers!\" Yeah, well, I\\ve rolled back the drivers, updated to newer drivers, downloaded drivers directly from Nvidea\\s site and the issue still happens. As for the throttling and overheating, I have a laptop cooling pad that I use (which has helped slightly), but the laptop gets so incredibly hot if you\\re not using a cooling pad and runs at 100+ degrees Celsius very frequently. I was Googling the issue and Dell has stated some generic response of \"Oh, our devices are optimized to run that hot!\" No... just, no. I\\ve had, on many occasions, terrible throttling and FPS drops which lead to game crashes. I have the same games on my desktop and never had that issue. I really wish I could return the device, but I have been hesitant because I know Dell\\s policy has to be garbage on that. I was thinking about selling it on Craigslist/eBay/etc., but who is going to buy a laptop that boots into a black screen and overheats?", "is_Helpful": "7 people found this helpful"}, {"reviewerName": "John C.", "reviewerUrl": "https://www.amazon.com/gp/profile/amzn1.account.AHAUNKT7FTCFAGUEQ4DFA2PX5FPQ/ref=cm_cr_arp_d_gw_btm?ie=UTF8", "rating": "1.0 out of 5 stars", "reviewTitle": "Problems out of the box", "reviewDate": "March 26, 2019", "reviewText": "  Wireless card is littered with problems. The entire machine was littered with problems.", "is_Helpful": "3 people found this helpful"}, {"reviewerName": "ealeen", "reviewerUrl": "https://www.amazon.com/gp/profile/amzn1.account.AFJ5MLMMVN4UNXBMRCPZM2G5XYWA/ref=cm_cr_arp_d_gw_btm?ie=UTF8", "rating": "4.0 out of 5 stars", "reviewTitle": "I like this laptop a lot but its too heavy", "reviewDate": "March 6, 2019", "reviewText": "\"  I like this laptop a lot! Im an architecture student and the speed and graphics are awesome!\", There are some things that concerns me a bit, it gets too warm while running it, sometimes it makes a beep sound and freezes out of nowhere. The last thing was solved by contacting dell and changing the configuration., If you are looking for a laptop to carry around with you, this is not it! Its pretty heavy.", "is_Helpful": "2 people found this helpful"}, {"reviewerName": "AKN", "reviewerUrl": "https://www.amazon.com/gp/profile/amzn1.account.AEYSOUL3X42LVYQSZ2N3YSR4SNLA/ref=cm_cr_arp_d_gw_btm?ie=UTF8", "rating": "4.0 out of 5 stars", "reviewTitle": "Alienware beauty with a few issues", "reviewDate": "January 30, 2019", "reviewText": "\"  I have two Alienware laptops, a 13 inch and a 17 inch, both purchased and used daily since about four years ago.  Ive never had a problem or complaint about either one.  Theyve both been workhorses and absolute joys to own and use.\", I was eager to get a new one just as a backup, extra laptop, and wanted this intermediate size laptop.  Of course I wanted another Alienware, since I have been so happy with my other two., I had to return this unfortuately, and very reluctantly.  Here are the pros and cons:, PROS:, \"1. This machine is gorgeous.  The lights and ability to set the exact lighting scheme and colors make this a very fun laptop to own.  The colors of the lights are beautiful.  Its a work of art to look at.\", 2. Amazingly beautiful screen, vibrant colors, wonderful detail, and an incredible experience to watch movies and videos on., 3. Very easy to set up and use out of the box.  I found this to be a very nice experience and was using this on the internet within ten minutes of unboxing it., Cons:, 1. I am a touch typist. I use my right thumb to press the space bar.  While the keyboard was silent like my other Alienwares, the space bar made a loud clicking sound each time I used it.  If I pressed it very gently there was no sound but trying to type on this as usual using touch typing made it a terrible experience.  I had to listen to the constant non- stop clicking of the space bar.  It was impossible not to be distracted by the sound., 2.  The keys on the keyboard are a tiny bit wider spaced apart than the keys on my older Alienwares, and also they are slightly harder to depress.  I found it very hard to make the adjustment to using more hand strength to touchtype on the keyboard., \"3. The trackpad is not slippery enough.  I felt like I was pulling on the skin on my fingers while trying to slide my fingers over it.  I tried setting the trackpad to its most sensitive setting, which didnt help.  I was pressing my fingers down hard on the trackpad and in the process felt my skin being pulled on it.\", \"4. I found System Restore didnt work.  I tried to set a restore point, and when I tried to get back to it, it wasnt there.\", \"I tried restoring the laptop to its original settings three times, and each time got a message that something was wrong and it wouldnt work.\", \"5. Incredibly heavy.  I found this felt like it was twice the weight of my older Alienwares, which are not light machines.  I consider this a desktop replacement, not a truly portable laptop, due to the weight.\", \"It was with a heavy heart that I had to send this back to Amazon.  I had loved the laptop, its beauty and ease of setup, but it didnt have the amazingly smooth action on the keyboard and trackpad, and the lack of a working System Restore was the final dealbreaker for me.\", \"I dont know if the keyboard and trackpad is like this on all of these, or I just got a bad one.  For me it was not usable for typing and that was the main reason I loved my older Alienwares.\"", "is_Helpful": "6 people found this helpful"}, {"reviewerName": "Adam Bowlen", "reviewerUrl": "https://www.amazon.com/gp/profile/amzn1.account.AEWN2DUTH6RZVF56XA5O7BL3VTTA/ref=cm_cr_getr_d_gw_btm?ie=UTF8", "rating": "5.0 out of 5 stars", "reviewTitle": "4/5", "reviewDate": "January 27, 2019", "reviewText": "  Good product but it gets hot and low battery life but expect with the quality", "is_Helpful": ""}, {"reviewerName": "idoitfor", "reviewerUrl": "https://www.amazon.com/gp/profile/amzn1.account.AHBZHQHUILCNYXL4O76XZHHYTXJA/ref=cm_cr_arp_d_gw_btm?ie=UTF8", "rating": "1.0 out of 5 stars", "reviewTitle": "BEWARE - poor computer, worse service", "reviewDate": "November 11, 2018", "reviewText": "  I bought this computer barely a month ago, and have already suffered a hardware malfunction that has fried the motherboard. Upon contacting Dell, the only option made available was to wait for a box to be sent to me, to send the computer back to them, to be repaired. For a $1,500 computer, I expect much better from them. This is putting me out of work, which in essence doubled the cost of this computer, assuming I get it back in the estimated week they offered. Frankly, I find it incredible they can\u2019t offer anything more customer-friendly for a computer that is 5 weeks old, and cost this much.", "is_Helpful": "22 people found this helpful"}, {"reviewerName": "Jennifer C.", "reviewerUrl": "https://www.amazon.com/gp/profile/amzn1.account.AHFJTLL453ZEEN76OYS5OUMBOT6A/ref=cm_cr_getr_d_gw_btm?ie=UTF8", "rating": "5.0 out of 5 stars", "reviewTitle": "Perfect item", "reviewDate": "November 6, 2018", "reviewText": "  Freaking beautiful machine.", "is_Helpful": "One person found this helpful"}, {"reviewerName": "A. Ma", "reviewerUrl": "https://www.amazon.com/gp/profile/amzn1.account.AEW2WEK2ATXJEHHRPCOC2TYALU5A/ref=cm_cr_arp_d_gw_btm?ie=UTF8", "rating": "4.0 out of 5 stars", "reviewTitle": "Good but one flaw", "reviewDate": "September 28, 2018", "reviewText": "  I bought this as a gaming only computer mostly to play World of Warcraft. I do not use it for any other purpose., I have been playing same game on HP Omen and 2106 MacBook Pro., What I like:, 1. The auto detect graphic setting is ultra, so good out of the bag. Depend on the zone I get 40-70 FPS on ultra, so the graphic power is acceptable for the price., 2. The sound with headset on is spectacular with my low end Beats over the ear. I believ this is the highlight of the machine., What is not so impressive:, 1. The screen. MacBook Pro and HP Omen screens beat the pants off this model. The color is a little muted, overall there is no pop in the graphics., 2. The keyboard is surprisingly flimsy for a thick heavy gaming laptop., Final Verdict:, A good buy and I will enjoy it for at least 3 years. But the screen is a deal breaker and I will buy a different model/make.", "is_Helpful": "28 people found this helpful"}, {"reviewerName": "Enrique", "reviewerUrl": "https://www.amazon.com/gp/profile/amzn1.account.AEEAEGZEOPPAHX3WDU5NKZIASAVQ/ref=cm_cr_arp_d_gw_btm?ie=UTF8", "rating": "5.0 out of 5 stars", "reviewTitle": "love it", "reviewDate": "August 21, 2018", "reviewText": "\"  If you want a laptop to work and play, its an excellent option! Now if you are looking for something portable to carry around and support it on your legs for 4 hours, I recommend you to see other DELL laptops, smaller and lighter.\", Like:, The quality of the materials, With an SSD it is very fast! excellent for working and gaming, Alienware software, Keyboard with hotkeys (Configurable colors ... you never get bored), Screen with a lot of brightness and practically without bleed, Silent, even playing!, stays always cold., Configuration is high-end for its price, Everyone likes its design ... definitely an Alienware :), Dislike:, It is big and heavy, \"Came with a badly armed key, now its fine\", Charger is giant and with an uncomfortable cable, Drivers gave conflicts and errors, but after updating it is already working very well, The hard disk is very slow, I recommend installing an SSD, No card reader! why!?, \"Short battery life, but its not the purpose to use it unplugged\"", "is_Helpful": "22 people found this helpful"}, {"reviewerName": "Matt S", "reviewerUrl": "https://www.amazon.com/gp/profile/amzn1.account.AGKTUCZ2AXNI54YNZJYQHECKSNXA/ref=cm_cr_arp_d_gw_btm?ie=UTF8", "rating": "4.0 out of 5 stars", "reviewTitle": "Great machine with some questionable parts", "reviewDate": "August 4, 2018", "reviewText": "  Let me first say that this machine is great. Gaming performance is really good as I was having a constant 60 fps in overwatch. Build quality is fantastic. It feels sturdy. Love the premium materials used and love the ability to customize the lighting. But there are a couple of issues I have with this. First, the original storage this comes with is way too slow. I\u2019d recommend getting an SSD (either m.2 or sata ssd) to help with performance. I bought a 500 GB Samsung 970 evo to use as my boot drive. Used Samsung data migration to clone the OS to it and it works perfectly. Secondly, the hybrid drive listed on this page is not a hybrid drive. I looked at the HDD and found it it is a 1TB 5400 RPM drive which explains the very slow performance out of the box. To me that\u2019s false advertising and I feel people should be aware. Overall this is a great machine when you move to an ssd. Performance is terrific with gaming. But I feel it\u2019s time to stop using HDD\u2019s for premium gaming laptops. They are too slow for what\u2019s needed today.", "is_Helpful": "60 people found this helpful"}], "qAndA": [{"question": "The windows 10 is installed on 8 gb ssd?", "answer": "Mine was a 256GB SSD. I\u2019d assume it\u2019s 8 of ram but again mine came with 16GB Ram"}, {"question": "Which graphic card does this have", "answer": "GTX 1060"}, {"question": "How are the speakers?", "answer": "Answer not available"}, {"question": "is this with the new thin design for Alienware laptops?", "answer": "No, the new Alienware M15 gaming laptop is the one with the thin design. ^KRN"}, {"question": "Disponible en windows 10 en espa\u00f1ol?", "answer": "Answer not available"}, {"question": "will this play flt sim 2020 and how well ?", "answer": "Yes, the hardware on this system will support the Microsoft Flight Simulator 2020."}, {"question": "Do you have a tobii eyetraking feature", "answer": "Hi,\nUnfortunately, this system does not include the Tobii Eye-tracking technology."}, {"question": "If i order it, how long till it reaches philippines?", "answer": "Bro I live I \ud83c\uddfa\ud83c\uddf8"}, {"question": "I am contemplating between this laptop and acer helios 300 and i live far in Nigeria, Africa so i can't make a mistake. How's the thermals for this la", "answer": "Brother Alienware 17 R 5 wY to go if your gaming"}, {"question": "Is this VR ready?", "answer": "Yes"}, {"question": "does this have one stick of 16 GB or two of 8 gB?", "answer": "It is configured with 2 x 8 GB RAM sticks. ^KRN"}, {"question": "Tiene thunderbolt, hdmi, usb", "answer": "HDMI y USB TIENE, thunderbolt no"}, {"question": "how much ssd it has, is it seriously 8 gb ?", "answer": "Don\u2019t have ssd... this is false"}, {"question": "What about the battery life?", "answer": "Battery life is pretty decent for a laptop mine usually last around 4-5 hours"}, {"question": "Does this laptop have an ethernet port?", "answer": "Yes, the Dell Alienware 15 R4 Notebook system does come with an Ethernet(RJ-45) port. ^RG"}, {"question": "8gb ssd?!? Is it really only 8gb?", "answer": "This system is shipped with a 1TB (+8GB SSD) Hybrid Drive. It is a Solid State Hybrid Drive which is nothing but a Hard Drive with a small amount of Solid state storage built-in. ^RG"}, {"question": "is the screen matte or glossy.???", "answer": "I think it's matte"}, {"question": "Does the keyboard light up?", "answer": "Yes, multiple colors in several zones."}, {"question": "Is this better than the acer predator helios 300 & the dell G7?", "answer": "Answer not available"}, {"question": "What is the wattage of the charger?", "answer": "Answer not available"}, {"question": "So, are you guys gonna ever ship my order?", "answer": "Answer not available"}, {"question": "How long does it take for you guys to ship?", "answer": "Answer not available"}, {"question": "What is the ram speed on this unit? Is it 2400mhz or 2666mhz?", "answer": "This system is shipped with 16GB DDR4 at 2400MHz (2x8GB) RAM. ^RG"}, {"question": "How long does it take for you guys to ship?", "answer": "I can ship the next day via usps priority Mail. Which takes 1-3 days to receive three package"}, {"question": "I bought this over 2 weeks ago and i really need this laptop. everyday i go to check if it comes but it's pending. where is my laptop?", "answer": "Call support"}, {"question": "Does this have a G-sync", "answer": "Hi,\nNo, as per the configuration specified on the description, the LCD panel does not include G-sync."}, {"question": "What about the battery?", "answer": "Maximum 2h if u using for gaming"}, {"question": "Where is the fingerprint sensor?", "answer": "Answer not available"}, {"question": "I want to order one internationally. what is the warranty that comes with it? also, is the seller legitimate (duru electronics)?", "answer": "This one comes with 1 Year Hardware Service with Onsite/In-Home Service After Remote Diagnosis warranty. After purchase, you can upgrade to premium support warranty to get international support. ^KRN"}, {"question": "does this one come with windows hello? (dual camera)", "answer": "Windows Hello is a feature of Windows 10. If you update and run Windows 10 on your Alienware (which mine came preloaded)."}, {"question": "What's the major difference between alienware 15r4 and alienware 17 r4 apart from screen size?", "answer": "Hi,\nThe Alienware 17 R4 also comes with the Tobii IR camera, the 15 R4 does not."}, {"question": "does it has a free slot for m.2 nvme ssd?", "answer": "Hi,\nThis system comes with two full-size M.2 PCIe/SATA drives. Since the system already comes with a HDD/SSD, there should a free M.2 SSD slot."}, {"question": "if this is the same config as in dell\u2019s website, it should come with g-sync... right..?", "answer": "This model does not have G-Sync."}, {"question": "Is Screen good", "answer": "The screen is of very good quality. The picture is great and the colors pop."}, {"question": "Dose this lcd panel is 72%ntsc?", "answer": "Yes, it has 72 % NTSC Color Gamut. ^KRN"}, {"question": "Does this laptop support WoW and path of Exile?", "answer": "Yes"}, {"question": "Can this laptop support wow and path of exile?", "answer": "Yes, it can run both games. ^KRN"}, {"question": "La computadora es nueva ?", "answer": "Have no clue don\u2019t speak Spanish"}, {"question": "Is this touchscreen?", "answer": "No"}, {"question": "son 8 gb de estado solido ssd?", "answer": "Answer not available"}, {"question": "Does this have a thunderbolt port?", "answer": "The Dell Alienware 15R4 comes with the following USB ports,\nOne USB 3.1 Gen 2 (Type-C) port\nOne USB 3.1 Gen 1 port with PowerShare \u2026 see more"}, {"question": "Can it wirelessly connect to an 4k hdtv?", "answer": "Probably"}, {"question": "What is the refresh rate?", "answer": "Hi,\nThe refresh rate is 60Hz."}, {"question": "cual es la memoria ram de la laptop? y La laptop cuenta con sensores oculares?", "answer": "Answer not available"}, {"question": "Can it connect to a smart tv wirelessly?", "answer": "Never tried but I would think it can"}, {"question": "Is it comes with dual camera?", "answer": "I have Alienware 17 r 5 u can\u2019t honestly answer but my BigAss laptop rocks"}, {"question": "Does it come qith microsoft office?", "answer": "No, this system does not come with MS Office. ^RG"}, {"question": "What year did this model come out ?", "answer": "About 3 years ago"}, {"question": "Can i use it back to china? can the seller update to the chinese system before shipment?and is it global warranty?", "answer": "Answer not available"}, {"question": "Hello ... you can send orders to indonesia ... if possible, i will order. thank you", "answer": "Not for me to answer"}, {"question": "Does this laptop have dedicated graphics", "answer": "Yes"}, {"question": "Can I play Big Chungus on it?", "answer": "I assume you can. My kids play assorts of games on it"}, {"question": "This one does have Discrete Graphics?", "answer": "This system is shipped with an NVIDIA\u00ae GeForce\u00ae GTX 1060 with 6GB GDDR5 discrete Graphics card. ^RG"}, {"question": "Do you deliver in saipan? Northern mariana island zip code 96950?", "answer": "Answer not available"}, {"question": "What is the use of 8gb ssd?", "answer": "Supposedly the SSD is faster than the Hard drive. I don't know why (my brother is the computer wiz). I just drive the tank, I don't know what makes it go."}, {"question": "Is this comes with ssd", "answer": "This system is shipped with a 1TB (+8GB SSD) Hybrid Drive. ^RG"}, {"question": "Does it have bluetooth", "answer": "Yes"}, {"question": "Does this laptop support the samsung evo 960?", "answer": "It has two M.2 2280 slots and one M.2 2242 slot. Please check with Samsung for compatibility on its SSD. The slots can either have SATA or PCIe NVMe interface. ^KRN"}, {"question": "can we upgrade this laptop with ssd in the future ?", "answer": "Yes, you can later upgrade the storage to SSD. ^KRN"}, {"question": "Does it have G-sync", "answer": "Hi,\nNo, as per the configuration specified on the description, the LCD panel does not include G-sync."}, {"question": "What is the battery rating of this AW, is it99w", "answer": "It is configured with 4-Cell 68W Hour Battery. ^KRN"}, {"question": "Is this really the 8th generation, 6 core model? i see all other alienwares in amazon as 7th or 6th gen. is the product description really correct?", "answer": "This system is shipped with an 8th Generation Intel\u00ae Core\u2122 i7-8750H (6-Core, 9MB Cache, up to 4.1GHz w/ Turbo Boost) processor. ^RG"}, {"question": "Is this comes with ssd or hdd", "answer": "Hi,\nIt comes with both a 1 TB Hybrid HDD and an 8 GB SSD."}, {"question": "Does this laptop have headset jacks?", "answer": "Yes , it has headset jack + mic ."}, {"question": "Is the Nvidia 1060 Integrated or Dedicated?", "answer": "The graphics card is a dedicated one but soldered to the motherboard. ^KRN"}, {"question": "For shipping this product internationally, are all the charges(such as import, packaging) included at checkout?", "answer": "Answer not available"}, {"question": "Does this laptop have nvidia gtx 1060 gpu,as it is showing only uhd gpu?", "answer": "Yes it does have a 1060 6GB GPU - it looks like another seller changed the title. We will submit a request to Amazon to have the title corrected."}, {"question": "Is there an external optical drive anyone can recommend that would work well with this?", "answer": "Unfortunately I dont use one. Anything with a usb 3.0 will work just fine"}, {"question": "Does this have a G-sync?", "answer": "Hi,\nNo, as per the configuration specified on the description, the LCD panel does not include G-sync."}, {"question": "What Does this have ssd ?", "answer": "The model referenced has a hybrid HDD. 1 TB HD with an 8 GB SSD."}, {"question": "Does this have a display port, mini display port, or hdmi?", "answer": "I actually removed this product several times. Not sure why its still showing. My apology"}, {"question": "for seller, may i ask for your wechat or whatsapp? i want to talk more detail.", "answer": "No clue what that is"}, {"question": "How much hours of battery life does it have", "answer": "4-5 hours but all depends on what you\u2019re running and playing"}, {"question": "How does this run WoW on high settings?", "answer": "This system meets the Game's Hardware requirements to run World of Warcraft. However, you may please contact the game developer for more details. ^RG"}, {"question": "Anyone used this laptop for machine learning projects", "answer": "Machine learning is a resource extensive process. The Alienware is fully capable, however, depending on your data sets and model complexity you may quickly realize you need more RAM than the 16 GB standard."}, {"question": "How much usbs does it have?", "answer": "The Dell Alienware 15R4 Gaming Notebook system comes with the following USB ports,\n1. One USB 3.1 Gen 2 (Type-C) port\n2. One USB 3.1 Gen 1 port with PowerShare \u2026 see more"}, {"question": "Is this r4 or r5? 17.6 or 15.6 in screen with frame? 8gb or 16gb? It\u2019s so confusing...", "answer": "This is an Alienware 15 R4 that is configured with a 15.6\" FHD (1920 x 1080) 60Hz IPS Display and 16GB DDR4 at 2400MHz (2x8GB) RAM. ^RG"}, {"question": "Hi, it has thundebolt 3 in? Tks", "answer": "Yes, this model comes with Thunderbolt 3, though the adapter required to connect to an external display is sold separately."}, {"question": "Max resolution hdmi out", "answer": "Hi, via either HDMI 2.0 or Thunderbolt 3 it can support >4K Max resolution and multiple 4K displays."}, {"question": "Dose it support opengl 4.3 and opencl 1.1 ?", "answer": "Yes, it does support both opengl 4.3 and opencl 1.1. ^KRN"}, {"question": "64 bit operating system?", "answer": "Yes ,it is"}, {"question": "When i opened the laptop it had no command center from alien- ware. how can i control the light without a command center.?", "answer": "You will get a message in your notification box located down right corner on the screen tells you to make updates After updates you make it will let you do changes you like ."}, {"question": "Does the 15.6 have a side number keyboard", "answer": "Yes, it does."}], "time": ["09/04/2021 20:29:14"], "reviewsCountInfo": {"expRevCount": 30, "actRevCount": 30, "nonEnglishRevCount": 2}, "scrapperInfo": {"Version": "1.3.2", "Released Date": "08/04/2021"}, "productURL": "https://www.amazon.com/gp/product/B07BPQY9Q8", "ASIN": "B07BPQY9Q8", "title": "Dell Alienware R4 15.6\" Full HD Gaming Laptop, 8th Gen Intel Core i7-8750H, 16GB Memory, 1TB HDD + 8GB SSD, NVIDIA GeForce GTX 1060 6GB, Windows 10", "manufacturer": " Alienware Store", "currentPrice": "", "rating": "4.2", "totalRatings": "71 "}