{"features": ["Processor: 8th Generation intel(r) core(tm) i7-8750H Processor, 6-Core, 2.2GHz up to 4.1GHz.", "Video Graphics: NVIDIA GeForce GTX 1050 Ti (4 GB GDDR5 dedicated).", "Display: 17.3-Inch diagonal Full HD IPS Anti-Glare WLED-backlit (1920 x 1080) with 120Hz refresh rate.", "Memory: 12 GB DDR4-2666 SDRAM (upgradable with 2 accessible Memory Slots).", "Hard Drive and solid-state drive: 1 TB 7200 RPM SATA hard drive + 128 GB PCIe NVMe M.2 Solid State Drive.", "Battery life: up to 12 hours and 15 minutes (mixed usage); up to 8 hours and 30 minutes (video playback); up to 6 hours and 45 minutes (wireless streaming).", "Dimensions AND weight (unpackaged): 16.65 inches (W) x 11.97 inches (D) x 1.30 inch (H); 8.33 pounds.", "Operating System: Windows 10 Home."], "reviewsAspects": ["best buy", "gaming laptop", "ram", "ssd", "keyboard", "memory", "windows", "games", "graphics", "runs", "specs", "upgrade", "desktop", "installed", "machine", "max", "owned", "packaging", "playing"], "productInformation": [{"\nASIN\n": "\nB07D99KFP7\n", "Customer Reviews": "\n\n\n\n\n\n\n4.6 out of 5 stars\n\n\n\n\n\n\n\n\n91 ratings\n\n\n\n\n\n\n4.6 out of 5 stars\n", "\nBest Sellers Rank\n": "\n\n#46,655 in Computers & Accessories (See Top 100 in Computers & Accessories)\n\n#7,592 in Traditional Laptop Computers\n\n\n", "\nDate First Available\n": "\nJune 6, 2018\n"}], "productDescription": "\nSpecifications Highlighted features Additional features\nCutting-edge graphics High-resolution display Audio by Bang & Olufsen Single-panel access\nCompare HP Gaming Laptops\nLearn more\nCurrently viewing\nLearn more\nDisplay size (diagonal)\n15.6 inches\nDisplay size (diagonal)\n17.3 inches\nDisplay size (diagonal)\n17.3 inches\nGaming & entertainment machine\nFast, smooth entertainment with discrete graphics\nPowerful performance\nHigh-performance cooling in your arsenal for even the most intensive AAA titles\nOverclocked performance\nPower stays cool with advanced thermals, so you can play demanding games\nNarrow bezel display\nGet lost in an immersive display with 1080p\nEvery last detail in sight\nBring the combat closer with a 1080p display\nEvery last detail in sight\nBring the combat closer with a 1080p display\nBacklit keyboard\nDistinct acid green LED lighting makes a statement\nZoned backlit keyboard\nCustomizable macros and 26-key rollover anti-ghosting detect multiple keystrokes\nMechanical backlit keyboard\n2.5mm travel, N-key rollover, and customizable key maps for ultimate control\nVR capable\nCompatible with a Windows Mixed Reality headset (sold separately)\nOne-panel access to internals\nLevel up to the latest hardware and make upgrading a breeze\nOne-panel access to internals\nLevel up to the latest hardware and make upgrading a breeze\nRecommended OMEN by HP Laptop Accessories\nLearn more\nLearn more\nLearn more\nLearn more\nLearn more\nLearn more\nWhy buy\n35\" diagonal UWQHD monitor Blue mechanical switches Multi-dimensional audio DPI levels from 800-12,000 A massive playing field Distinct protection\nCompatibility\nDisplayPort; HDMI; USB 3.0 Windows 7/8/10 and USB 3.5mm audio output Windows 7/8/10 and USB N/A Display up to 17.3\" diagonal\nDimensions\n32.80 x 12.95 x 16.14 inches 17.7 x 5.9 x 1.56 inches 8.07 x 8.58 x 4.49 inches 5.04 x 2.92 x 1.62 inches 35.43 x 15.74 x 0.15 inches 19.69 x 14.96 x 2.36 inches\nWeight\n26.55 lb 2.18 Ib 0.95 lb 0.29 lb 1.65 lb 1.98 lb\nPower\nExternal AC N/A N/A N/A N/A N/A", "reviews": [{"reviewerName": "Caleb Donner", "reviewerUrl": "https://www.amazon.com/gp/profile/amzn1.account.AHOSDMPFEXD6LJ52UWZLEC2HQHWQ/ref=cm_cr_getr_d_gw_btm?ie=UTF8", "rating": "5.0 out of 5 stars", "reviewTitle": "Fast", "reviewDate": "June 4, 2020", "reviewText": "  Suoer fast large screen get FPS and playing everything on max ultra setting no lag.", "is_Helpful": ""}, {"reviewerName": "Amazon Customer", "reviewerUrl": "https://www.amazon.com/gp/profile/amzn1.account.AGXB6XLGI64J2ONGIBG3WZKR4KJQ/ref=cm_cr_getr_d_gw_btm?ie=UTF8", "rating": "5.0 out of 5 stars", "reviewTitle": "I love my daughter", "reviewDate": "February 27, 2020", "reviewText": "  My daughter loved her birthday gift", "is_Helpful": ""}, {"reviewerName": "Brian", "reviewerUrl": "https://www.amazon.com/gp/profile/amzn1.account.AG33DBE2CYS7ILOKAR5V3AUG3WPA/ref=cm_cr_getr_d_gw_btm?ie=UTF8", "rating": "4.0 out of 5 stars", "reviewTitle": "Keyboard cannot be used with trackpad!", "reviewDate": "January 13, 2020", "reviewText": "  Not a good investment for a 1050. What sucks is that Amazon only offered this high priced laptop for a monthly payment option. I needed a laptop quick though with college happening, as my last one decided to bite the dust. Runs good and no issues yet. Can play medium/high graphics- depending on game. Keyboard cannot be used with trackpad when playing games!!! This was a big dent in stars for me. What\u2019s the point I\u2019m having a portable rig, if you have to hookup external hardware to use properly? Good for Diablo games and other ones like it.", "is_Helpful": ""}, {"reviewerName": "nick", "reviewerUrl": "https://www.amazon.com/gp/profile/amzn1.account.AFPAHM5VQ5B6GMFTLASMJ6DGXEMQ/ref=cm_cr_getr_d_gw_btm?ie=UTF8", "rating": "3.0 out of 5 stars", "reviewTitle": "really nice and amazing laptop.", "reviewDate": "December 27, 2019", "reviewText": "  awesome computer though I already need to up my ram so can design with my adobe programs and it not freeze up. the description lies though. you can not get 4.1 on the processor due to hp blocking the overclock feature and can only set refresh rate to max of 60 not 120.", "is_Helpful": ""}, {"reviewerName": "Chelley", "reviewerUrl": "https://www.amazon.com/gp/profile/amzn1.account.AFVCWK7NWK2DIMNGQTGF7QVA3QIQ/ref=cm_cr_getr_d_gw_btm?ie=UTF8", "rating": "5.0 out of 5 stars", "reviewTitle": "1 year Review", "reviewDate": "December 15, 2019", "reviewText": "  I purchased this computer last Christmas for my son.  He says it still performs excellent.  He absolutely loves this computer and says he has no complaints.  I paid about 1100.00 for this which was about 400 less than Best Buy and other home shopping channels.  So we were extremely happy about that.  I can say after one year this computer is still performing well.", "is_Helpful": ""}, {"reviewerName": "virginia", "reviewerUrl": "https://www.amazon.com/gp/profile/amzn1.account.AF376524KJ2LNCM2RPOTRGHWTWNA/ref=cm_cr_getr_d_gw_btm?ie=UTF8", "rating": "1.0 out of 5 stars", "reviewTitle": "\"only a good gaming computer if youre color blind\"", "reviewDate": "November 9, 2019", "reviewText": "\"  dont buy this the coloring is awful for games\"", "is_Helpful": ""}, {"reviewerName": "Laney", "reviewerUrl": "https://www.amazon.com/gp/profile/amzn1.account.AGHH7BLOYGXHVVEBZ6KWWRSMYRQA/ref=cm_cr_getr_d_gw_btm?ie=UTF8", "rating": "4.0 out of 5 stars", "reviewTitle": "Good computer but not a lot of memory", "reviewDate": "November 2, 2019", "reviewText": "\"  Its a great computer and it runs really well but there is such little memory on it that I always have to delete things to make room. But other than the memory its great, I game and record, and stream on it and havent run into any problems yet.\"", "is_Helpful": ""}, {"reviewerName": "Nicholas Aikins", "reviewerUrl": "https://www.amazon.com/gp/profile/amzn1.account.AHYMHYS5ZD5P556BTLZBNPJDVG3A/ref=cm_cr_getr_d_gw_btm?ie=UTF8", "rating": "4.0 out of 5 stars", "reviewTitle": "Certainly not bad", "reviewDate": "November 2, 2019", "reviewText": "\"  I mostly use this laptop for my college work, but because Im a computer major, some projects require me to simulate another Windows environment; meaning I need something with decent power. This laptop definitely does what I need it to, but it doesnt run games as well as Id like... Then again, my custom-built gaming desktop has made me picky, though. My main complaint is that, upon examining hardware information on it, it turns out the there are two DIFFERENT RAM modules installed (one 8GB the other 4GB). Anyone who knows about RAM would immediately point out that modules need to be identical to run in dual-channel mode; which can drastically increase performance. This being said, it seems like the RAM could be bottlenecking the system, though I need to investigate further before I can say for certain. Also, users should keep in mind that, for a laptop, this thing is bulky and heavy. I take it to classes with no problem, but some may prefer something thinner and lighter for the purpose it serves me.\"", "is_Helpful": ""}, {"reviewerName": "Sean Justice", "reviewerUrl": "https://www.amazon.com/gp/profile/amzn1.account.AGMJ3L7F6G6VEKX7VRVUEQENA3LA/ref=cm_cr_getr_d_gw_btm?ie=UTF8", "rating": "5.0 out of 5 stars", "reviewTitle": "Worth the buy.", "reviewDate": "October 29, 2019", "reviewText": "  More powerful than you might think just looking at the specs alone. Upgrade the RAM when you can and this laptop will soar.", "is_Helpful": ""}, {"reviewerName": "divediveanddive", "reviewerUrl": "https://www.amazon.com/gp/profile/amzn1.account.AFEFKU4DOYAVZJUFZBBLKZRNW47A/ref=cm_cr_getr_d_gw_btm?ie=UTF8", "rating": "3.0 out of 5 stars", "reviewTitle": "the speakers suck", "reviewDate": "October 26, 2019", "reviewText": "  seriously, for this money, the bang and crap name, I really expected punching sound. there are no speakers, so bad.", "is_Helpful": "One person found this helpful"}, {"reviewerName": "Em", "reviewerUrl": "https://www.amazon.com/gp/profile/amzn1.account.AGON7M3J5XHSYBY6A6PQLKRQY3BQ/ref=cm_cr_arp_d_gw_btm?ie=UTF8", "rating": "5.0 out of 5 stars", "reviewTitle": "Brilliant", "reviewDate": "October 16, 2019", "reviewText": "\"  So far love it.  I had a desktop that was so slow it was agonising. Despite being new.  I could not do the things I enjoy like minecraft or skype with family.  Normal browsing of the web was at a snails pace.  So I splurged on a pricer item after reviewing lots of models.  Now, everything is quick and easy, with great quality, graphics and sound.  Anyone experiencing different either has too high standards, is unrealistic, super rich to find a thousand dollar laptop lower end, or got a fluke dodgy one.  Maybe some were buying used.  Mine is new.  This works great.\"", "is_Helpful": "One person found this helpful"}, {"reviewerName": "C. Culver", "reviewerUrl": "https://www.amazon.com/gp/profile/amzn1.account.AFAOMAVJWOQLUAQQ3SQXMH43JOXA/ref=cm_cr_getr_d_gw_btm?ie=UTF8", "rating": "5.0 out of 5 stars", "reviewTitle": "Super laptop", "reviewDate": "October 15, 2019", "reviewText": "\"  I really like my Omen laptop. I run FSX and can now max out the graphics and it runs seamlessly. Its quiet, does not overheat and is quick. Great buy!\"", "is_Helpful": ""}, {"reviewerName": "a991103", "reviewerUrl": "https://www.amazon.com/gp/profile/amzn1.account.AG3ZXPIBTPYA4VU3INE7WBZD6XDA/ref=cm_cr_getr_d_gw_btm?ie=UTF8", "rating": "1.0 out of 5 stars", "reviewTitle": "garbage PC", "reviewDate": "October 3, 2019", "reviewText": "\"  cant even edit in 1080p I dont know what its good for. Maybe for playing cod6 but other than that its useless, its better off being tossed in a trash can.\"", "is_Helpful": ""}, {"reviewerName": "Sara", "reviewerUrl": "https://www.amazon.com/gp/profile/amzn1.account.AEITWDCGA4RX7IBIEVLIGFKBF3AQ/ref=cm_cr_arp_d_gw_btm?ie=UTF8", "rating": "1.0 out of 5 stars", "reviewTitle": "Bought it, Returning it", "reviewDate": "September 22, 2019", "reviewText": "  I was so excited and did months of research to find the best laptop with the most storage and great graphics for my photography editing.  I am sad to say it is back in the box and headed back to Amazon., \"Storage...only if you can find it. Why should I be expected to jump through hoops to get 20 photos saved? No storage, low storage, youre out of storage. Would you like to clear space? Sorry you have nothing that can be deleted. Ok, great, now what. I see there is a drive D with 1 tb of storage empty...can not figure out how to get to it.\", Stupid, just stupid., When I want to save my photos just put them where there is room. Why do I have to draw a map., I give up. I have cussed and cursed and cried. I am done. Take back your useless laptop. I will find one that is user friendly and actually does what it advertises to do.", "is_Helpful": "One person found this helpful"}, {"reviewerName": "rs", "reviewerUrl": "https://www.amazon.com/gp/profile/amzn1.account.AHAVTYOK3CDW3FERGEOHZWZ2S2ZA/ref=cm_cr_getr_d_gw_btm?ie=UTF8", "rating": "5.0 out of 5 stars", "reviewTitle": "17 inches of pure joy", "reviewDate": "August 28, 2019", "reviewText": "  love it but battery needs improvement", "is_Helpful": ""}, {"reviewerName": "andrew", "reviewerUrl": "https://www.amazon.com/gp/profile/amzn1.account.AGXKRF3GKKCC6SZCG7SB7X6AIUXA/ref=cm_cr_getr_d_gw_btm?ie=UTF8", "rating": "2.0 out of 5 stars", "reviewTitle": "Over priced and slow", "reviewDate": "August 26, 2019", "reviewText": "  A slow and utterly over priced paper weight. Save your money and stay away from hp garbage.", "is_Helpful": ""}, {"reviewerName": "neilsok001", "reviewerUrl": "https://www.amazon.com/gp/profile/amzn1.account.AFTOSO6EUXJVZQPCP7N7W5F6ETPQ/ref=cm_cr_getr_d_gw_btm?ie=UTF8", "rating": "5.0 out of 5 stars", "reviewTitle": "HP", "reviewDate": "July 29, 2019", "reviewText": "  Always a reliable product, 10 yrs of service is not unusual.", "is_Helpful": ""}, {"reviewerName": "Melinda", "reviewerUrl": "https://www.amazon.com/gp/profile/amzn1.account.AEF4O7SGN2LEPECEE6M2HAX4JVQQ/ref=cm_cr_getr_d_gw_btm?ie=UTF8", "rating": "5.0 out of 5 stars", "reviewTitle": "Great product great value", "reviewDate": "July 28, 2019", "reviewText": "  After two rotten returns to Best Buy, my son opted to order his gaming laptop from amazon.  It was a Christmas present.  Now as we reach the end of July, it is still working.  Very happy with this purchase.", "is_Helpful": ""}, {"reviewerName": "stephyork", "reviewerUrl": "https://www.amazon.com/gp/profile/amzn1.account.AFD3MAOKFGPMJXKIPCYS522IGVIQ/ref=cm_cr_getr_d_gw_btm?ie=UTF8", "rating": "5.0 out of 5 stars", "reviewTitle": "Really impressed", "reviewDate": "July 26, 2019", "reviewText": "  Best gaming laptop for the money on the market", "is_Helpful": "One person found this helpful"}, {"reviewerName": "Timothy A Bannister", "reviewerUrl": "https://www.amazon.com/gp/profile/amzn1.account.AF5LA7WWLNMSWVGGKQMTSSDPJSGQ/ref=cm_cr_getr_d_gw_btm?ie=UTF8", "rating": "5.0 out of 5 stars", "reviewTitle": "Great", "reviewDate": "July 21, 2019", "reviewText": "  Love it", "is_Helpful": ""}, {"reviewerName": "WCC", "reviewerUrl": "https://www.amazon.com/gp/profile/amzn1.account.AH2ZV2HJBTVHCMOFIEVFIJGXHRSA/ref=cm_cr_getr_d_gw_btm?ie=UTF8", "rating": "5.0 out of 5 stars", "reviewTitle": "Good", "reviewDate": "July 17, 2019", "reviewText": "  Fast", "is_Helpful": ""}, {"reviewerName": "Larry H.", "reviewerUrl": "https://www.amazon.com/gp/profile/amzn1.account.AHBEJLJDYE6BGJZB2FMM453BIPWQ/ref=cm_cr_getr_d_gw_btm?ie=UTF8", "rating": "5.0 out of 5 stars", "reviewTitle": "The speed is awesome", "reviewDate": "July 14, 2019", "reviewText": "  Customer loved it", "is_Helpful": ""}, {"reviewerName": "Sam", "reviewerUrl": "https://www.amazon.com/gp/profile/amzn1.account.AFAP74EWFTYC7WLK5K2LNI4RL6CA/ref=cm_cr_getr_d_gw_btm?ie=UTF8", "rating": "5.0 out of 5 stars", "reviewTitle": "Would buy again", "reviewDate": "July 10, 2019", "reviewText": "  Every thing I wanted", "is_Helpful": ""}, {"reviewerName": "JW Aiken", "reviewerUrl": "https://www.amazon.com/gp/profile/amzn1.account.AFDR76E4FRJ2PGIPBGXRPY56UFRA/ref=cm_cr_getr_d_gw_btm?ie=UTF8", "rating": "5.0 out of 5 stars", "reviewTitle": "Superpowered!", "reviewDate": "June 25, 2019", "reviewText": "  Runs Autocad software seamlessly and with ease.", "is_Helpful": ""}, {"reviewerName": "Donald W Haberkamp", "reviewerUrl": "https://www.amazon.com/gp/profile/amzn1.account.AG2IQ277AHZRPMPLMIMICLHSEJPQ/ref=cm_cr_getr_d_gw_btm?ie=UTF8", "rating": "5.0 out of 5 stars", "reviewTitle": "A very good computer", "reviewDate": "June 24, 2019", "reviewText": "\"  This is the first gaming computer that i have purchased and it has lived up to its reviews. I have had no problems with its operation.\"", "is_Helpful": ""}, {"reviewerName": "Perryn", "reviewerUrl": "https://www.amazon.com/gp/profile/amzn1.account.AFFQGJ3NG4ROUHBHWRZE6JFNKZNA/ref=cm_cr_getr_d_gw_btm?ie=UTF8", "rating": "4.0 out of 5 stars", "reviewTitle": "Very Good For The Money", "reviewDate": "June 19, 2019", "reviewText": "  Nothing to dislike, very high quality computer. Received on time and great packaging. No problems!", "is_Helpful": ""}, {"reviewerName": "Vel M", "reviewerUrl": "https://www.amazon.com/gp/profile/amzn1.account.AFJMH4TSIDEGMOTXCJQFNXLMBEDQ/ref=cm_cr_getr_d_gw_btm?ie=UTF8", "rating": "4.0 out of 5 stars", "reviewTitle": "Love this machine.", "reviewDate": "June 12, 2019", "reviewText": "  Love this machine.", "is_Helpful": ""}, {"reviewerName": "Miguel Alberto", "reviewerUrl": "https://www.amazon.com/gp/profile/amzn1.account.AEGWDA4L5IB7UA6YZ3VYVJERQB3Q/ref=cm_cr_arp_d_gw_btm?ie=UTF8", "rating": "5.0 out of 5 stars", "reviewTitle": "Excellent Laptop for Photography Post-processing & Editing", "reviewDate": "June 5, 2019", "reviewText": "  Why did I purchase the \u201cHP OMEN 17-inch Gaming Laptop\u201d for Photography Post-Processing and Editing purposes?, Due to its technical specs: If a laptop or PC can handle 3D video games, then it can handle post-processing/editing photography., CPU: 8th Gen Intel \u00ae Core \u2122 i7-8750H, 6 Cores Processor (2.2 to 4.1 GHz), Memory: 12 GB DDR4-2666 RAM, Video: NVIDIA GeForce GTX 1050 Ti (4 GB GDDR5 Video RAM), Screen: 17.3-in. diagonal Full HD IPS Anti-Glare WLED-backlit, 1920x1080, 120Hz refresh rate Screen, Bonus: RGB backlit keyboard.  (Not needed but looks awesome), I just worked in graduation today taking portraits (with the camera connected to the laptop with a tethering cable), post-processing, printing and delivering at the moment with the HP OMEN.  It performed excellently and very fast., Excellent investment!", "is_Helpful": "One person found this helpful"}, {"reviewerName": "Baumach", "reviewerUrl": "https://www.amazon.com/gp/profile/amzn1.account.AFRLMF4XFR37HADKMS6ALGRDPNLA/ref=cm_cr_getr_d_gw_btm?ie=UTF8", "rating": "5.0 out of 5 stars", "reviewTitle": "Awesome Computer", "reviewDate": "May 21, 2019", "reviewText": "\"  I didnt buy this for gaming, but to replace a sluggish laptop used to run CAD/CAM software.  This laptop was a nice upgrade and runs our software without any hiccups.  Nice screen and fast at a great price.  Would recommend.\"", "is_Helpful": "2 people found this helpful"}, {"reviewerName": "BigR", "reviewerUrl": "https://www.amazon.com/gp/profile/amzn1.account.AEI6KQHNEYR3B73CHCVTLKRXKDUA/ref=cm_cr_getr_d_gw_btm?ie=UTF8", "rating": "2.0 out of 5 stars", "reviewTitle": "OS not found", "reviewDate": "May 4, 2019", "reviewText": "  I have had this for less than 6 months and occasionally get an error message with a black screen that it cannot find the operating system and have to shut down and restart. I expect for the kind of money that I spent on this machine that it would perform better than this.", "is_Helpful": ""}, {"reviewerName": "danno", "reviewerUrl": "https://www.amazon.com/gp/profile/amzn1.account.AHFB6PYNPN3Y4NO3OWI3DDRYAD5A/ref=cm_cr_arp_d_gw_btm?ie=UTF8", "rating": "5.0 out of 5 stars", "reviewTitle": "great computer!", "reviewDate": "April 14, 2019", "reviewText": "\"  This laptop is huge!  With my external monitor, keyboard, and mouse, I frankly dont need a desktop computer anymore; this is it!!!  Its very powerful and it does everything I need it to do.  Im not a gamer, but I am a PC Technician that does a lot of work with databases (particularly Filemaker Pro), animation with 3ds Max, and VMs with Virtualbox.  This PC handles all of my applications at once with ease.\", \"One caveat though, the 128GB NVMe drive that ships with this PC is just way too small.  With Windows 10 Professional (I had to upgrade because Windows 10 Home doesnt cut for me) and my applications installed I was quickly running out of hard drive space on my C: drive.  I had to move my standard Windows folders like My Documents, Videos, Downloads, etc., to the D: drive which is 1TB, but this was just a band aid.  I ended up replacing the original NVMe drive with this Crucial P1 1TB 3D NAND NVMe PCIe M.2 SSD - CT1000P1SSD8, that I bought here from amazon.\", Upgrading the NVMe drive with a bigger one was super easy to do.  All you need is an NVMe external enclosure that you plug in via USB 3.1, and run the AOMEI Backupper software to clone the original 128GB NVMe to the bigger 1TB NVMe drive.  Then run the AOMEI Partition Assist Standard software to repartition the 1TB NVMe drive to utilize the entire capacity of the drive, instead of the original 128GB partition.  ALL OF THIS SOFTWARE WAS FREE!!!  The software was free and incredibly simple to use.  This is just too easy and cheap of an upgrade not to do., \"Now my Windows OS pops up on the screen like nobodys business!  My Virtualbox VMs are so fast, you would think they are the actual physical computer!  This is a great computer; love it!!!\"", "is_Helpful": "5 people found this helpful"}, {"reviewerName": "Michel", "reviewerUrl": "https://www.amazon.com/gp/profile/amzn1.account.AEZME44DPQW2T2CCX3PQGWPDEQLA/ref=cm_cr_getr_d_gw_btm?ie=UTF8", "rating": "5.0 out of 5 stars", "reviewTitle": "awesome laptop", "reviewDate": "March 29, 2019", "reviewText": "  great laptop for gaming and animation. it runs really well ans games look awesome on it, just really bulky", "is_Helpful": ""}, {"reviewerName": "Dakota Taylor", "reviewerUrl": "https://www.amazon.com/gp/profile/amzn1.account.AETFAA7ZYFZ6LWMA6WFCAECXFSHQ/ref=cm_cr_getr_d_gw_btm?ie=UTF8", "rating": "5.0 out of 5 stars", "reviewTitle": "\"Best laptop Ive ever owned\"", "reviewDate": "March 19, 2019", "reviewText": "  This laptop is perfect for someone who is not trying to break the bank but still wants a quality laptop. The dual drive allows me to have a super fast OS while still having a full TB for storage. As a college student, this literally gives me the best of both worlds.", "is_Helpful": ""}, {"reviewerName": "Venge", "reviewerUrl": "https://www.amazon.com/gp/profile/amzn1.account.AFNAAGHQCCBNOHLEA3SLO3IS72EA/ref=cm_cr_getr_d_gw_btm?ie=UTF8", "rating": "5.0 out of 5 stars", "reviewTitle": "A good - not perfect- but good machine", "reviewDate": "March 14, 2019", "reviewText": "  Having just received this little powerhouse a few hours ago, this is only an initial assessment.  Let me start off with a little bit of honesty; I am not a big fan of laptops, I have built several desktops over the years from the ground up and find it gives me a great deal of pride when complete.  I bought this one only because I need portability., That being said, the machine was well packaged and did inspire a twinkle in my eye as the final foam covering was removed, revealing the sleek ,stream-lined case.  I found the laptop itself heavier than expected - a plus from my point of view.  The instructions clearly advise plugging in the laptop before turning it on for the first time, a good thing because I was about to fire it up without the plug in to check the state of he battery.  Within 20 minutes the battery was  at 100% - it started off with a decent charge to begin with., The graphics and sound were as expected.  Although I have yet to pu t it through its paces, I run an Nvidea 2070 in my desktop and expect the 1050ti to be a bit slower but not noticeably so unless gaming.  ., Pros:, It is a little beast - set up to do whatever job you have for it., Keyboard has large highly visible lettering, Runs very quiet and at least so far remains cool - we shall see what happens when tested under pressure., Capable of easy upgrade, Cons:, The ssd is ridiculously small and will need to be replaced soon, Whoever thought up a touch-pad should be shot, So far I am impressed.  I recommend without hesitation.", "is_Helpful": "30 people found this helpful"}, {"reviewerName": "Carolinagal67", "reviewerUrl": "https://www.amazon.com/gp/profile/amzn1.account.AFPUORE5PNKTSGQ5GMVXKSP2UHPA/ref=cm_cr_getr_d_gw_btm?ie=UTF8", "rating": "5.0 out of 5 stars", "reviewTitle": "Beautiful machine", "reviewDate": "March 9, 2019", "reviewText": "  I purchased this for my husband and he loves it. The only complaint is that it required a bunch of updating before he could actually use it.", "is_Helpful": "One person found this helpful"}, {"reviewerName": "Kitura", "reviewerUrl": "https://www.amazon.com/gp/profile/amzn1.account.AHJV2Y4EMDSTXC2SKJ2OBMP3O6HA/ref=cm_cr_getr_d_gw_btm?ie=UTF8", "rating": "4.0 out of 5 stars", "reviewTitle": "Happy", "reviewDate": "February 28, 2019", "reviewText": "  \ud83d\udc4d", "is_Helpful": ""}, {"reviewerName": "josbur63", "reviewerUrl": "https://www.amazon.com/gp/profile/amzn1.account.AEDUGJIYJWSWPHEEVOP4RQCHWMZA/ref=cm_cr_arp_d_gw_btm?ie=UTF8", "rating": "5.0 out of 5 stars", "reviewTitle": "Fast and Fun", "reviewDate": "February 24, 2019", "reviewText": "  Been looking for a 17\" laptop with great specs for around a $1k.This is the one.Arrived as promised with poor  Amazon packaging,excellent HP packaging.The laptop is fairly heavy,with a gorgeous finish.The first thing you notice when powering on is the beautiful,lighted,quad colored keyboard.This is the first laptop I have owned with a lighted keyboard,one of the options I was looking for,and I would never go back,it helps tremendously when typing in low light conditions.The computer is super fast when browsing the web,and while playing movies on Netflix and Prime the picture is crystal clear.The sound is crystal clear,not particularly loud,but is the better than most.Since my laptop generally stays put,I have paired my laptop with Klipsch 2.1 promedia speakers for incredible sound for another $100 or so dollars.I went with the 1050ti graphics option because at this resolution and screen size,that configuration should be more than sufficient for all games and videos,and I have heard the more stout offerings tend to run a little warmer.The latop connected instantly to my 5ghz router 2 rooms away,and has an excellent connection.I use a mouse with mine,never liking the touchscreen mouse on any laptop,and it keeps the laptop clean and relatively smudge free.I am extremely pleased with price,performance,and quality of this laptop,and highly recommend it.", "is_Helpful": "17 people found this helpful"}, {"reviewerName": "Bobbie Halchishak", "reviewerUrl": "https://www.amazon.com/gp/profile/amzn1.account.AGNGOUD7QLCREWU6WMPZD6ONKVBQ/ref=cm_cr_arp_d_gw_btm?ie=UTF8", "rating": "5.0 out of 5 stars", "reviewTitle": "\"My First Gaming Laptop and its Worth Every Penny But Beware of Putting Anything on the SSD\"", "reviewDate": "February 20, 2019", "reviewText": "\"  Im hard on laptops; I travel a lot, I do A LOT of work on them and tend to drop them a lot. None of which bodes well for them lasting for me; which is why Ive always bought a warranty withe every laptop Ive ever owned. Usually every 3 or 4 years, Im buying a new one, right on the nose. And Ive almost always bought them at Best Buy because Ive always managed to find a good deal. This time though, when my Toshiba died a rather ignominious and somewhat sudden death, I was left with the decision of what in the world to buy. I knew I wanted a solid state drive, at least a small one, and I knew I needed something that could handle my moderate gaming marathons with my wife and the kid. And with all the photo editing I do for work and myself, it had to have a killer screen. And this laptop was perfect. Especially since it gave me back the ONE feature I was pissed at losing in the last two laptops Ive owned: a matte screen!!!\", \"I fell in love with this thing the moment I saw it online and read the specs and reviews. And ever since I pulled it out of the box, I am ecstatic I finally broke down and spent some decent money on a laptop. Dont get me wrong this thing is big and heavy and its going to be a challenge to travel with when my field season starts up. But the speed, the power and the screen on this thing make up for any inconvenience I may experience.\", \"One thing to note for future purchasers, you have to pay attention to what you install onto the SSD; it comes with the operating system installed on it and almost no room for much else. In our research, my wife and I discovered that because of the nature of solid state drives, its best for their stability to leave some of the memory open; similar to not using all the space on the memory card in your camera. So putting anything else onto the SSD of THIS computer is probably NOT a good idea. However, the SSD is set to the default or C: drive. So youll have to make some adjustments and change your saving settings to avoid accidentally putting anything else on it. Also another wonderful thing we discovered is that if you use Photoshop, you cant put it on this computer. All Adobe programs default to the C: drive and you CANT change that, they dont even give you the option. Adobe is well aware of this but has yet to fix it. There are plenty of other photo editing options out there to choose from that are just as good so dont let that be a deal breaker unless you just cant do without Photoshop. But I had to cancel my subscription to CC and I figured that letting other people know of this annoying issue with Adobe might be useful.\"", "is_Helpful": "48 people found this helpful"}, {"reviewerName": "Greg", "reviewerUrl": "https://www.amazon.com/gp/profile/amzn1.account.AFFICCZ7R2RTABLI5CJ6DWTWY6JA/ref=cm_cr_getr_d_gw_btm?ie=UTF8", "rating": "5.0 out of 5 stars", "reviewTitle": "Killer laptop", "reviewDate": "February 11, 2019", "reviewText": "\"  This laptop has everything I needed, its fast, the screen is clear, the keys are great, and it handles the programs I need.\"", "is_Helpful": ""}, {"reviewerName": "Levi Waltimyer", "reviewerUrl": "https://www.amazon.com/gp/profile/amzn1.account.AFI2LIG55ENSMAE7EWCVKSRDCSFQ/ref=cm_cr_getr_d_gw_btm?ie=UTF8", "rating": "5.0 out of 5 stars", "reviewTitle": "Perfect buy", "reviewDate": "February 4, 2019", "reviewText": "  Amazing computer.  Love how well it runs", "is_Helpful": ""}, {"reviewerName": "Daphne", "reviewerUrl": "https://www.amazon.com/gp/profile/amzn1.account.AFRDQYGIHSQK47G4W3OSQ66VWQLQ/ref=cm_cr_getr_d_gw_btm?ie=UTF8", "rating": "5.0 out of 5 stars", "reviewTitle": "Impressed", "reviewDate": "January 26, 2019", "reviewText": "  This was a gift and he loves it.  My little cousin is a casual gamer but said this computer is fast and I like the look of it.", "is_Helpful": ""}, {"reviewerName": "Emeka S. Obe", "reviewerUrl": "https://www.amazon.com/gp/profile/amzn1.account.AH3DF2ZVBCPKOODKFUISIYITMPJA/ref=cm_cr_getr_d_gw_btm?ie=UTF8", "rating": "4.0 out of 5 stars", "reviewTitle": "Omen by HP", "reviewDate": "January 17, 2019", "reviewText": "  This product is very good. Only that other HP adapters that I was using in HP Envy does not seem to work with it. Needs a higher capacity adapter. Overall I like what I got", "is_Helpful": ""}, {"reviewerName": "lifeisgood", "reviewerUrl": "https://www.amazon.com/gp/profile/amzn1.account.AG6CUAYYYGYM3ZARU5NUPEXUF4EA/ref=cm_cr_arp_d_gw_btm?ie=UTF8", "rating": "5.0 out of 5 stars", "reviewTitle": "\"My Grandsons gaming computer\"", "reviewDate": "January 15, 2019", "reviewText": "  On advice of friends, I gave this to my Grandson for Christmas.  I guess he likes it, never see him anymore, \"he\\s in his bedroom on hs computer.", "is_Helpful": "7 people found this helpful"}, {"reviewerName": "william b.", "reviewerUrl": "https://www.amazon.com/gp/profile/amzn1.account.AEIYFLBX4CME4CMYBDOIW56FKCGQ/ref=cm_cr_getr_d_gw_btm?ie=UTF8", "rating": "5.0 out of 5 stars", "reviewTitle": "Quality and value", "reviewDate": "January 7, 2019", "reviewText": "  big screen fast and good price", "is_Helpful": ""}, {"reviewerName": "Findley Flanagan", "reviewerUrl": "https://www.amazon.com/gp/profile/amzn1.account.AFVYYCFTQWJGD5BNFEPJFBRP7JGQ/ref=cm_cr_getr_d_gw_btm?ie=UTF8", "rating": "5.0 out of 5 stars", "reviewTitle": "Speed, reliability", "reviewDate": "December 22, 2018", "reviewText": "  Great laptop,  in use it for trading and it easily keeps up with the work load.", "is_Helpful": ""}, {"reviewerName": "Douglas", "reviewerUrl": "https://www.amazon.com/gp/profile/amzn1.account.AFI2SI7MEWCVKZAUQW6JF4WPK6FQ/ref=cm_cr_getr_d_gw_btm?ie=UTF8", "rating": "1.0 out of 5 stars", "reviewTitle": "\"I dont know whats wrong with this, but screen stopped somtimes\"", "reviewDate": "December 22, 2018", "reviewText": "\"  Not only once. Screen looks like jammed when it lagged, and it happens every 15 min. I installed windows again, clean up the drive, but it never works. Also some of windows key(for example: Window key+TAB) never works either. Dont buy this. My last one was ASUS, but that one was better.\"", "is_Helpful": "One person found this helpful"}, {"reviewerName": "Yevhen Bratushenko", "reviewerUrl": "https://www.amazon.com/gp/profile/amzn1.account.AGMUC5NKVXNH7NE35L3L7BRNNNNA/ref=cm_cr_getr_d_gw_btm?ie=UTF8", "rating": "5.0 out of 5 stars", "reviewTitle": "Perfect", "reviewDate": "December 11, 2018", "reviewText": "  Everything perfect", "is_Helpful": ""}, {"reviewerName": "real yt? good like awesome", "reviewerUrl": "https://www.amazon.com/gp/profile/amzn1.account.AG4O3VUGAYRS7UALU6RZMUC4L4PA/ref=cm_cr_arp_d_gw_btm?ie=UTF8", "rating": "5.0 out of 5 stars", "reviewTitle": "Wicked Fast", "reviewDate": "November 27, 2018", "reviewText": "\"  So Im not sure what the other reviewer is talking about, this did come with 128gb SSD and 1 TB Baracudda drive. I replaced the drives with a 1TB NVMe Drive and 2TB Firecuda extra drive and dropped in 32GB Ram. This things well packaged, gorgeous, black brushed metal, and wicked fast. Everything just worked, booted right up after upgrades and nothing stops it with instant loads. My last HP was an HP Envy and it was also remarkably well built so I stepped up to Omen.\"", "is_Helpful": "25 people found this helpful"}, {"reviewerName": "Kaylee Padgett", "reviewerUrl": "https://www.amazon.com/gp/profile/amzn1.account.AHT26RGMRGDSBNYGFLZSWRYCRB4Q/ref=cm_cr_getr_d_gw_btm?ie=UTF8", "rating": "1.0 out of 5 stars", "reviewTitle": "This is not what I expected to surprise my husband with.", "reviewDate": "October 1, 2018", "reviewText": "  This does not have 1 TB of memory as advertised!!", "is_Helpful": "9 people found this helpful"}, {"reviewerName": "rue rue", "reviewerUrl": "https://www.amazon.com/gp/profile/amzn1.account.AEOT3ZQJ7V7DL2JUKJMDFIN2LKYA/ref=cm_cr_getr_d_gw_btm?ie=UTF8", "rating": "5.0 out of 5 stars", "reviewTitle": "bad ass", "reviewDate": "September 22, 2018", "reviewText": "  shipping and packing was great.  For the price with free shipping and the specs on this laptop very good deal.", "is_Helpful": "3 people found this helpful"}, {"reviewerName": "Dana S. Ballard", "reviewerUrl": "https://www.amazon.com/gp/profile/amzn1.account.AFXK3ANHSDLQQ7QEN3MUMUPNJQOA/ref=cm_cr_arp_d_gw_btm?ie=UTF8", "rating": "3.0 out of 5 stars", "reviewTitle": "Roughed Up Box but Happy Graduate", "reviewDate": "September 16, 2018", "reviewText": "  The small sheet of brown paper in the box is all that was used for packaging. Fortunately, computer manufacturers pack their items very well. You would think spending $1100 on something meant you could get at least a little bubble wrap or a couple of air packs., The laptop itself is fine, thank goodness. The size, graphics, memory is everything my son wanted/needed to start his music production/engineering career. The screen and sound quality are virtually perfect.", "is_Helpful": "16 people found this helpful"}, {"reviewerName": "Matias Dabo", "reviewerUrl": "https://www.amazon.com/gp/profile/amzn1.account.AE4JZLMDMQS2PLPZ6TZJNNM2LEEQ/ref=cm_cr_arp_d_gw_btm?ie=UTF8", "rating": "5.0 out of 5 stars", "reviewTitle": "Nice", "reviewDate": "September 11, 2018", "reviewText": "  Despite some inconveniences at the begining of the process it arrived in perfect state and just in time", "is_Helpful": "7 people found this helpful"}], "qAndA": [{"question": "I want to upgrade memory to 32 gb. can someone point tosomething that will fit this? crucial site not finding this model. thanks", "answer": "Can\u2019t help"}, {"question": "What is the refresh rate?", "answer": "I am not going to be overly helpful here either."}, {"question": "It support 32 gb ram ???", "answer": "It does have the extra slots I believe so you can have two 16GB"}, {"question": "Why does the power plu that goes into the computer keep slipping out? Does anyone else have this problem?", "answer": "Not me"}, {"question": "What is the screen response time?", "answer": "Yes"}, {"question": "what is the height of the screen?", "answer": "Display area without the screen frame: 8 5/8 in. (H) x 15 3/16 in. (W),\nHeigth from desk to the top of the screen open: 12 3/16 in.\nDiagonal screen measure: 17 in."}, {"question": "Does this laptop have a back lit keyboard?", "answer": "Yes, this model has a backlit keyboard!"}, {"question": "Does it have a CD burner?", "answer": "No it doesn\u2019t. I bought an exterior Blu-ray dvd CD burner player for $120 at the same time which I tested and works perfectly as does the rest of it. I am surprised at how little i need one though."}, {"question": "Can you play Fortnite", "answer": "i don't play fortnite but you can play it i dont see why not"}, {"question": "Is this laptop able to handle vr?", "answer": "Yes, it's VR ready."}, {"question": "How many HZ is the display?", "answer": "120 Hz"}, {"question": "Is the screen 120hz?", "answer": "Informational panel says 120hz, however in options menus your selection will be 60hz and 40hz, I'm familiar with tech but not a master so i hope you'll know why that is."}, {"question": "Will this also play blu-ray DVDs?", "answer": "Yes of course, if you get an external blu-ray player, because it doesn't have one built in."}, {"question": "Does the omen design on the cover illuminate?Thanks.", "answer": "No"}, {"question": "What is the capacity of the adapter? Is it 20V/5A or below?", "answer": "On the cord it says 7A 125V~. The Amazon website page for the adapter says the DC output is 19.5V ~7.7A 150W. The part number for the adapter is 917677-001."}, {"question": "how many herz has the model 17 an110nr screen?", "answer": "120 HZ"}, {"question": "Can this play mount and blade 2 bannerlord???", "answer": "My husband uses this to play World of war craft, it\u2019s amazing."}, {"question": "este producto estaba disponible para ser enviado a chile y ahora no a que se debe el cambio?", "answer": "Answer not available"}, {"question": "Can i upgrade the hdd from 1tb to 2tb ?", "answer": "yes"}, {"question": "Would sims 4 work good on this?", "answer": "Yes, it will!"}, {"question": "Max Ram supported?", "answer": "32gb"}, {"question": "Hi, what is the voltage range of the power brick? i travel a great deal and need something which can work in the us (110v) and europe (220v). thanks!", "answer": "110"}, {"question": "Windows version license number written somewhere on laptop, on box or anywhere there...?", "answer": "No"}, {"question": "Four-zone island-style backlit keyboard backlight four independent zones with different rgb lighting. wasd keys are outlined to highlight key controls?", "answer": "yes"}, {"question": "what is the monitor refresh rate??", "answer": "60hz"}, {"question": "Is the 128 ssd drive nvme?", "answer": "Yes"}, {"question": "What is the refresh rate of this display?", "answer": "Informational panel says 120hz, however in options menus your selection will be 60hz and 40hz, I'm familiar with tech but not a master so i hope you'll know why that is."}, {"question": "Hola, la arquitectura de la laptop es de 64 o 32 bits ?", "answer": "La arquitectura 64 bits con Windows 10 Home."}, {"question": "Does this have an RGB keyboard?", "answer": "Yes. It has an RGB keyboard...\n\nMike"}, {"question": "Es tactil?", "answer": "No es tactil"}, {"question": "What is the max screen hz for this computer?", "answer": "60hz for the integrated led screen."}, {"question": "Where do i get the ram memory to upgrade this to say 16 or 32gb? and what kind is it?", "answer": "Why can't I see the whole conversation here?"}, {"question": "does charger support 220v...?", "answer": "If you buy it from the US Amazon's website it will come with a 120v power supply, I don't know if the 220v version is available from an international or European Amazon's website."}, {"question": "Can you upgrade the gpu or anything else on this?", "answer": "The GPU and CPU are soldered onto the motherboard and cannot be replaced, you can upgrade the RAM or storage."}, {"question": "Is this good for VR?", "answer": "This laptop is very goog"}, {"question": "is this 32 bits or 64bits", "answer": "64 bits!!!"}, {"question": "Is this laptop good for vr", "answer": "Yes, it's VR ready."}, {"question": "Does it support jumbo frames?", "answer": "If you;re referring to monitors as long as they accept an HDMI cable, if you're referring to the frame rate of vidya games I can run such games as GTA V and Assassin's Creed Syndicate pretty much maxed out, upgrade the ram and this thing will fly"}, {"question": "Would this be sufficient to edit 4k Videos? Or would it Lag?", "answer": "It handles graphic intensive games fairly well so you may be able to, would definitely upgrade the Ram and keep it plugged in."}, {"question": "Is the screen refresh rate 144hz on this?", "answer": "The integrated LED screen panel is 60Hz, but I don't know about the video card running external monitors."}, {"question": "Can you do vr on this? would it run skyrim well?", "answer": "Yes. It runs every on the highest settings as well as VR."}, {"question": "Please how many watts is the charger /adapter? 60watt or 90w", "answer": "150w"}, {"question": "How is the sound quality of the speakers? Do they get pretty loud?", "answer": "I wouldn\u2019t say pretty loud. They\u2019re great for watching videos and at a good sound. They\u2019re loud enough. It\u2019s definitely an upgrade for me personally."}, {"question": "does it have an extra m.2 slot?", "answer": "There is not an extra M.2 slot on this laptop."}, {"question": "Is this laptop made of aluminum?", "answer": "This model features composite plastic material and aluminum."}, {"question": "Why do none of these laptop tell nothing of usb ports? Extremly important info.", "answer": "The OMEN HP 17-inch Gaming Laptop (17-an110nr, Black) has three USB Gen 3.1 and one USB Gen 3.1 Type-C ports. The USB Ports are shown and identified in the pictures."}, {"question": "The aus gl703 i currently have has an issue with heat. what cooling system does this use?", "answer": "This computer uses a copper piped fan-cooled heatsink."}, {"question": "Does windows os boot from ssd or hdd?", "answer": "The OS boots from the SSD."}, {"question": "Why does it say im out of harddrive space. when its suppose to be 1tb and i havr only used 31.9 gb. it also shows 2 hard drives not one hard drives?", "answer": "The computer is using the solid-state drive (C: drive) to boot up and store information on. The secondary storage is the 1 terabyte hard drive (D: drive)."}, {"question": "It is given that this is a used laptop. How good is the laptop in look and performance compared to a new one?", "answer": "Where does it say it is a used computer??"}, {"question": "does this laptop have red ,green and blue lights in the keyboard ?", "answer": "Keyboard is lit in three section and WASD keys is separate 4th section. Each section backlight can be changed in varied range from green red blue white. Wide color spectrum, turned off or changed anytime with couple of clicks Only thing I kinda don\u2019t like is Lights are always on unless computer is off or closed. If\u2026 see more"}, {"question": "For the memory ram is there limit that i can add", "answer": "32 GB\n2666 Mhz\nDDR4"}, {"question": "It supprt 32 GB Ram?", "answer": "yes"}, {"question": "Does this model have a touch screen", "answer": "It does not"}, {"question": "What is the display refresh rate(hertz)?", "answer": "Informational panel says 120hz, however in options menus your selection will be 60hz and 40hz, I'm familiar with tech but not a master so i hope you'll know why that is."}, {"question": "Does it have Thunderbolt port ?", "answer": "nope"}, {"question": "Do i need a adaptar to use a xbox control with the laptop?", "answer": "You can use the Microsoft Xbox Wireless Controller for Windows 10 with any Xbox wireless controller to play your favorite games on this laptop."}, {"question": "Does this laptop support dual external monitors? i notice there's an hdmi port and a mini displayport.", "answer": "Yes. It supports dual monitors if needed"}, {"question": "How is the sound quality?", "answer": "I don't use the speakers very often. But they seem pretty average for a PC."}, {"question": "I need an additional power supply for this laptop. what one do i order? or can i use a power supply from my hp envy?", "answer": "Yes you do need the 90 - the 60 or any other HP charger will not work unless it is equivalent to the 90."}, {"question": "does it come with us or eu power cord? can i choose that when ordering?", "answer": "If you are ordering from Amazon's US website it will come with the US power cord. I didn't see the option to select the power cord type."}, {"question": "the product information section says that my monitor will have a refresh rate of 120hz, but I can only choose between 60hz and 40hz. can someone help?", "answer": "Do you have to check your refresh rate within the video card not the onboard graphics"}, {"question": "does this laptop have a secondary hdd bay?", "answer": "No"}, {"question": "How do i reinstall windows ?", "answer": "First, you need to create a recovery USB by following HP directions before any software or operative system fail occurs, and then you can reinstall all original software as it came from factory. Or you can contact HP.com to request a physical media (or download) of all the included software with your Omen Laptop."}, {"question": "Can i hook this up to my 4k sharp tv for a bigger screen??", "answer": "Yes, you can certainly do that."}, {"question": "What kind of battery life does this have?", "answer": "The battery life is actually pretty good for this big beast. I can work for the better part of the day, about 8 to 10 hours, without it plugged in."}, {"question": "I just got this computer, it has the 1tb hdd and 12 ssd but when look in my file explorer it only shows the ssd. Why cant i access the hdd?", "answer": "Sounds like a malfunction, I'd open the bottom and make sure it's connected properly, might be defective. be careful."}, {"question": "Is this laptop also capable of being used for photo editing? Does it have an SD port?", "answer": "Yes there is a SD port"}, {"question": "Could you play World of Warcraft at max setting on this?", "answer": "I don't play at max. It gets laggy in high population areas for me."}, {"question": "How long does the laptop run on battery?", "answer": "If you set the laptop to high performance it will run up to one hour on battery. If you sacrifice performance (dim screen light, slower the CPU speed) it will run more time on battery but I don\u2019t know how much."}, {"question": "How much would it cost to ship it to india", "answer": "Answer not available"}, {"question": "Can this laptop support a 330W adapter, with 7.4 mm connector?", "answer": "Not OEM spec"}, {"question": "Does this laptop support VR?", "answer": "no"}, {"question": "Is Windows 10 Home installed on this laptop, or do I have to buy outside?", "answer": "Windows 10 Home is included and pre-installed on this machine."}, {"question": "what is the screen refresh rate?", "answer": "Informational panel says 120hz, however in options menus your selection will be 60hz and 40hz, I'm familiar with tech but not a master so i hope you'll know why that is."}, {"question": "What are the srgb & rgb values? which has most color accurate display?", "answer": "Answer not available"}, {"question": "Is this item new please?", "answer": "Mine was"}, {"question": "can I unfold laptop on 180 degree?", "answer": "This laptop will not unfold to be flat, it does open up to be about 135 degrees."}, {"question": "What is the refresh rate of the display?", "answer": "Informational panel says 120hz, however in options menus your selection will be 60hz and 40hz, I'm familiar with tech but not a master so i hope you'll know why that is."}, {"question": "Does this map top have a hdm i connection?", "answer": "Yes, it does have an HDMI port."}, {"question": "How would i upgrade the ram? can you link some suggestions to products on amazon?", "answer": "I recommend asking HP"}, {"question": "How good is this laptop", "answer": "It is an amazing laptop. It always runs well and has beautiful graphics."}, {"question": "Why such a ridiculously long delivery time for this item?", "answer": "i have prime ordered last year because of \"The Virus\""}, {"question": "Does this laptop support 32 gb ram", "answer": "32gb"}, {"question": "What\u2019s the refresh rate?", "answer": "I have no idea. Sorry to not be more helpful."}, {"question": "I will be heading from the us to china for a couple of years. will this laptop be able to handle 220v? i know i'll need an adapter for the outlet, but", "answer": "Yes, you can use it in Asia with 220V as long as you have the proper converters."}, {"question": "Is it a touch screen?", "answer": "No it does not have a touch screen"}, {"question": "Can i install my own w10 on this? tips? problems? bloatware?", "answer": "Yes you can install your own operating system. No problems or bloatware should arise."}, {"question": "What does the expert installation do? Would it be easy enough for me (14), to set it up on my own?", "answer": "I do not know what expert installation consists of but my 13 year old son set up this computer on his own."}, {"question": "what is the manufacture warranty? Coverage?", "answer": "The manufacturer warranty is one year, parts and labor. It covers only manufacturing defects, not accidental damage."}, {"question": "Does this particular model have an SD slot?", "answer": "Yes. It does in fact have an SD slot."}, {"question": "Would I have to pay the monthly inscriptions if I get the accessories with this?", "answer": "It depends. If you mean like Word and Excel, then yes. I have yet to pay for anything other than Microsoft office."}, {"question": "Does this have the 82wh or 86wh battery?", "answer": "This model features an 86wh battery!"}], "time": ["12/04/2021 08:36:12"], "reviewsCountInfo": {"expRevCount": 52, "actRevCount": 52, "nonEnglishRevCount": 1}, "scrapperInfo": {"Version": "1.3.2", "Released Date": "08/04/2021"}, "productURL": "https://www.amazon.com/gp/product/B07D99KFP7", "ASIN": "B07D99KFP7", "title": "Omen by HP 17-Inch Gaming Laptop, Intel Core i7-8750H Processor, NVIDIA GeForce GTX 1050 Ti 4 GB, 12 GB RAM, 1 TB Hard Drive and 128 GB SSD, Windows 10 Home (17-an110nr, Black)", "manufacturer": " OMEN Store", "currentPrice": "", "rating": "4.6", "totalRatings": "91 "}