{"features": ["2.3GHz quad-core Intel Core i5 Processor", "Brilliant Retina Display with True Tone technology", "Touch Bar and Touch ID", "Intel Iris Plus Graphics 655", "Ultrafast SSD", "Four Thunderbolt 3 (USB-C) ports", "Up to 10 hours of battery life"], "reviewsAspects": ["macbook pro", "touch bar", "usb ports", "brand new", "battery life", "new macbook", "laptop", "computer", "keyboard", "air", "expensive", "boot", "mac", "seller", "slow", "terrible", "youtube", "changes"], "productInformation": [{}], "productDescription": [], "reviews": [{"reviewerName": "NyeCalvert", "reviewerUrl": "https://www.amazon.com/gp/profile/amzn1.account.AEPXVNC3OKE6BQB2R33BMVHNUXAA/ref=cm_cr_getr_d_gw_btm?ie=UTF8", "rating": "5.0 out of 5 stars", "reviewTitle": "The Apple of my eye", "reviewDate": "October 3, 2020", "reviewText": "  This is just a beautiful laptop. Apple is known for that sleek crispy designs, but the Touch Bar and the entire sleekness of this laptop is amazing. I do photography and video editing on the side and still haven\u2019t had the need to buy a separate hard drive which is nice. It\u2019s compact fits into almost anything bag and lasts a good 4 hours off the charger which is again NICE!!!", "is_Helpful": ""}, {"reviewerName": "JOAN", "reviewerUrl": "https://www.amazon.com/gp/profile/amzn1.account.AGS7TJGIQL34DYIHXJX5MRNH2QWQ/ref=cm_cr_getr_d_gw_btm?ie=UTF8", "rating": "5.0 out of 5 stars", "reviewTitle": "Everything works great!!", "reviewDate": "February 14, 2020", "reviewText": "  Good quality will buy again!!", "is_Helpful": ""}, {"reviewerName": "Shah", "reviewerUrl": "https://www.amazon.com/gp/profile/amzn1.account.AFQDJ3Q6CKLTMKDOP3OS6BTEC4JQ/ref=cm_cr_getr_d_gw_btm?ie=UTF8", "rating": "4.0 out of 5 stars", "reviewTitle": "MacBook Pro 13", "reviewDate": "January 8, 2020", "reviewText": "  Good laptop perfect for portability and travel very fast and reliable, however you stuck with the storage cause nothing is upgradable and have to get use to USB-C dongle", "is_Helpful": ""}, {"reviewerName": "Tanis Coralee Leonhardi", "reviewerUrl": "https://www.amazon.com/gp/profile/amzn1.account.AHAXTKZXG64KPAV6TPVUASJ33E4A/ref=cm_cr_getr_d_gw_btm?ie=UTF8", "rating": "5.0 out of 5 stars", "reviewTitle": "Gets better with time", "reviewDate": "January 1, 2020", "reviewText": "  Dropped flat and went splat, memory was just fine and the computer is still functioning well. Funny thing about this computer is that it has actually gotten better functionally rather than worse with time. And that is without taking it in for repairs. I have never had this happen with a computer before. It is like the computer is healing physically. It used to have a green screen flash occasionally and that has stopped. The mousepad used to click and computer would be a little slow at start up. Both problems have disappeared. I even named it, Meson. I love Meson. And I love the 1TB storage space and the touch bar, both continue growing on me \ud83d\ude03.", "is_Helpful": ""}, {"reviewerName": "Shruti Arora", "reviewerUrl": "https://www.amazon.com/gp/profile/amzn1.account.AGIVW3NEJYMRR3QLXFU3K5FFHOTA/ref=cm_cr_getr_d_gw_btm?ie=UTF8", "rating": "1.0 out of 5 stars", "reviewTitle": "Piece of junk", "reviewDate": "September 21, 2019", "reviewText": "  Piece of junk. Stopped powering on after 3 months... with this unreliability, I have to seem buy Extended warranty due to this being a lemon", "is_Helpful": "One person found this helpful"}, {"reviewerName": "taozou", "reviewerUrl": "https://www.amazon.com/gp/profile/amzn1.account.AGC52DYE6DW5OUMOKKHZVDKEENOQ/ref=cm_cr_getr_d_gw_btm?ie=UTF8", "rating": "5.0 out of 5 stars", "reviewTitle": "good and fast shipment", "reviewDate": "September 2, 2019", "reviewText": "  good and fast shipment", "is_Helpful": ""}, {"reviewerName": "CMC", "reviewerUrl": "https://www.amazon.com/gp/profile/amzn1.account.AFYHD6QZ7YFY6OWU4IW4FGO5ZOBQ/ref=cm_cr_getr_d_gw_btm?ie=UTF8", "rating": "5.0 out of 5 stars", "reviewTitle": "When I type in a website  I am sent to a Completely different site", "reviewDate": "August 24, 2019", "reviewText": "  My first Mac. As I learn how to do different things I live the touch function", "is_Helpful": ""}, {"reviewerName": "Donald", "reviewerUrl": "https://www.amazon.com/gp/profile/amzn1.account.AHBSRG7SFYBGNFUDB5BT6KFT2KLQ/ref=cm_cr_getr_d_gw_btm?ie=UTF8", "rating": "5.0 out of 5 stars", "reviewTitle": "\"Its a Mac Book what more do you need to know\"", "reviewDate": "August 3, 2019", "reviewText": "  Very light and portable loving this product", "is_Helpful": "One person found this helpful"}, {"reviewerName": "shoe gal", "reviewerUrl": "https://www.amazon.com/gp/profile/amzn1.account.AEE6MA7ARKHFJ6ML2P3XQBRURGLA/ref=cm_cr_getr_d_gw_btm?ie=UTF8", "rating": "4.0 out of 5 stars", "reviewTitle": "Pro for pros", "reviewDate": "July 31, 2019", "reviewText": "  Love this product! Perfect for grad students and career professionals.", "is_Helpful": ""}, {"reviewerName": "DANIEL", "reviewerUrl": "https://www.amazon.com/gp/profile/amzn1.account.AGRN7FNTAFMNHZKX5RBMN6YI4VLQ/ref=cm_cr_getr_d_gw_btm?ie=UTF8", "rating": "5.0 out of 5 stars", "reviewTitle": "Best MacBook Pro out there", "reviewDate": "July 27, 2019", "reviewText": "  I made the mistake of upgrading the SSD instead of the RAM memory, face camera is 720 which is a boomer for a 2k laptop but overall great product", "is_Helpful": ""}, {"reviewerName": "Benjamin Makowsky", "reviewerUrl": "https://www.amazon.com/gp/profile/amzn1.account.AFQXD7OLQX5XC6I4DH6QSWCLPROQ/ref=cm_cr_getr_d_gw_btm?ie=UTF8", "rating": "1.0 out of 5 stars", "reviewTitle": "\"Apples Newest Computer Dont Cool\"", "reviewDate": "July 24, 2019", "reviewText": "  The fan came on watching youtube because apple focuses all their attention on their phones", "is_Helpful": "2 people found this helpful"}, {"reviewerName": "Aminox200", "reviewerUrl": "https://www.amazon.com/gp/profile/amzn1.account.AH62P76CMCQTQOKTO6BBNDVWCRIQ/ref=cm_cr_getr_d_gw_btm?ie=UTF8", "rating": "1.0 out of 5 stars", "reviewTitle": "Hot, hotter, Macbook Pro!", "reviewDate": "July 17, 2019", "reviewText": "  It could be a nice laptop., It has a very decent battery, a great screen and good OS., \"However, it gets really hot. No matter how you use it. Dont put it on your knees or your skin will burn, yet putting it on a table or any flat surface wont change anything . Furthermore, the keyboard is also net the best. I doubt this laptop will survive very long due to the thermal stress.\", Inacceptable for such a high price., 1/5.", "is_Helpful": "3 people found this helpful"}, {"reviewerName": "Allen Faulkner", "reviewerUrl": "https://www.amazon.com/gp/profile/amzn1.account.AGYQ5TV47C7FXONQRYZXVAOXRPHA/ref=cm_cr_getr_d_gw_btm?ie=UTF8", "rating": "5.0 out of 5 stars", "reviewTitle": "Perfect for my online business", "reviewDate": "July 4, 2019", "reviewText": "  I love Apple MacBook Pro, everything about this is perfect for my online business. So easy to use. Thank you!", "is_Helpful": ""}, {"reviewerName": "Gustavo Lopes ", "reviewerUrl": "https://www.amazon.com/gp/profile/amzn1.account.AEXFQG735HPJHMWIR5M2UH7YVD3A/ref=cm_cr_getr_d_gw_btm?ie=UTF8", "rating": "5.0 out of 5 stars", "reviewTitle": "fantastic", "reviewDate": "July 3, 2019", "reviewText": "  fantastic", "is_Helpful": ""}, {"reviewerName": "Baker farms", "reviewerUrl": "https://www.amazon.com/gp/profile/amzn1.account.AHEJOIEW5ZC2U4WG2H5MIBN7MAQA/ref=cm_cr_getr_d_gw_btm?ie=UTF8", "rating": "5.0 out of 5 stars", "reviewTitle": "Apple says it all.", "reviewDate": "July 2, 2019", "reviewText": "  Wife likes it, that\u2019s all that matters.", "is_Helpful": "One person found this helpful"}, {"reviewerName": "kumar", "reviewerUrl": "https://www.amazon.com/gp/profile/amzn1.account.AHDZVRV25XMEE2DQ2OP6HEXXZDEQ/ref=cm_cr_getr_d_gw_btm?ie=UTF8", "rating": "5.0 out of 5 stars", "reviewTitle": "Apple !", "reviewDate": "June 30, 2019", "reviewText": "  My 4th best investment after my iPad , iPhone , And Apple Watch", "is_Helpful": "2 people found this helpful"}, {"reviewerName": "Tami G Proffer", "reviewerUrl": "https://www.amazon.com/gp/profile/amzn1.account.AHROZHPWNGVMQLLTTV2NXYY6VDCA/ref=cm_cr_getr_d_gw_btm?ie=UTF8", "rating": "5.0 out of 5 stars", "reviewTitle": "Nice!", "reviewDate": "June 22, 2019", "reviewText": "  Perfect gift for my daughter\u2019s high school graduation gift! Now she\u2019s equipped to tackle college.", "is_Helpful": "2 people found this helpful"}, {"reviewerName": "parlyview", "reviewerUrl": "https://www.amazon.com/gp/profile/amzn1.account.AGYVFMMLORTE4JPKX6X5XLYRNLCA/ref=cm_cr_getr_d_gw_btm?ie=UTF8", "rating": "2.0 out of 5 stars", "reviewTitle": "\"dont buy\"", "reviewDate": "June 20, 2019", "reviewText": "\"  I got one for Christmas and absolutely hate it. 4 thunderbolt ports. Really??? I dont care what apple thinks, people will still be using usb things forever!!  I dont know how they could be soooo stupid on this design.  You have to buy adapters. Ive bought two different ones already and both have wrecked sd cards.  My notes and itunes songs all totally disappeared.  It randomly gets really hot. One night, the touch bar was so hot I thought it would melt. I was only on the internet and not running anything else. I dont know what Apple was thinking with this one, but they sure were stupid.  They should have to give out adapters. They dont even make them!!!! They have them on their site, but its not an apple product. UGGG, I HATE THIS COMPUTER!! I know Apple doesnt give a rats %^& because they got my money.\"", "is_Helpful": "3 people found this helpful"}, {"reviewerName": "Rahim K.", "reviewerUrl": "https://www.amazon.com/gp/profile/amzn1.account.AELZQLJVJ7I2VTB6I73C7S7MYVTA/ref=cm_cr_getr_d_gw_btm?ie=UTF8", "rating": "2.0 out of 5 stars", "reviewTitle": "Keyboard Problem Within First Month of Purchase", "reviewDate": "June 19, 2019", "reviewText": "\"  I . would give this a 5 star . review, but the problem is with . the space bar. It inserts an extra space as well as a period very often as I am typing. As an example, I left the errors within this review. The problem occurred not even a . month after purchasing this macbook. I spent over 1k on a product that, in my opinion, is not worth purchasing. Its fustrating . to . have to repair the keyboard. Ive had to repair the keyboard twice already. Wait until the reviews for the new macbook comes out if you do want to purchase a macbook. You could always purchase another laptop that is not Apple.\"", "is_Helpful": ""}, {"reviewerName": "Sonya Griffith", "reviewerUrl": "https://www.amazon.com/gp/profile/amzn1.account.AGG6MPCL7VRZRVMBFHAS2VIQXACA/ref=cm_cr_getr_d_gw_btm?ie=UTF8", "rating": "1.0 out of 5 stars", "reviewTitle": "Terrible reliability and crummy customer service", "reviewDate": "June 8, 2019", "reviewText": "  She took it to an Apple store and they think it is the logic board and will cost at least $475 to repair plus they asked her to provide a hard drive in case the computer cannot be repaired. She had to drive to a BestBuy and purchase a $100 hard drive and then back to the Apple store., The manager towed the corporate line and was completely unhelpful., If this is the kind of quality and customer service that Apple is providing, I will be switching tablets, phones, and computer from Apple.", "is_Helpful": ""}, {"reviewerName": "Amazon Customer", "reviewerUrl": "https://www.amazon.com/gp/profile/amzn1.account.AGUSZOUXO3DMSNNYGF6MQUNJB7CA/ref=cm_cr_getr_d_gw_btm?ie=UTF8", "rating": "5.0 out of 5 stars", "reviewTitle": "Love", "reviewDate": "June 1, 2019", "reviewText": "  Amazing!", "is_Helpful": ""}, {"reviewerName": "Lori C.", "reviewerUrl": "https://www.amazon.com/gp/profile/amzn1.account.AGGXLPVQ6BUFVVCANAKJPCLQVYPA/ref=cm_cr_arp_d_gw_btm?ie=UTF8", "rating": "5.0 out of 5 stars", "reviewTitle": "Great purchase!!", "reviewDate": "May 28, 2019", "reviewText": "  I have been using my MacBook Pro for a week now so I figured a review was due., \"For the last 10 years, I have owned an old Gateway laptop. Although it was amazing and lasted me, it was time for an upgrade. I own an Apple phone so I decided to look into a computer as well. I have never owned an Apple laptop so this purchase was very new to me. Im a graduate student working towards my Masters and needed a small but decently powerful laptop that would last me.\", I opened the box and the laptop was ready for me to set up. The set up process was super easy to follow and I had it ready to go within minutes. I also purchased a downloadable version of Microsoft word, which was installed within minutes as well., \"This MacBook has excellent processing speed. The screen is crystal clear and I really enjoy the touchbar. I set up the fingerprint reader so I just touch it and I log in automatically. I havent tried the camera as of yet. The speakers are really awesome for this little computer. I love how the speakers are arranged on both sides of the keyboard so you get the even sound. I also chose the MacBook Pro because it has 4 usb ports. 2 on each side.\", \"I cant see this as being a gaming computer but for what I need it to do, it is high performance.\", \"Update: I have now had my MacBook Pro for about a month or more. I couldnt be more happier. I am into music and love having my Spotify go while I do everything. The speakers on this are incredible. Sound is decently loud and is even within both speakers. Love how they are on each side of the keyboard instead of above it.\", I can open several files, run music, surf the web and the efficiency remains well rounded. Maybe I am biased because this is my very first MacBook Pro in my entire life but to me, it is top notch!", "is_Helpful": "4 people found this helpful"}, {"reviewerName": "Gearhead", "reviewerUrl": "https://www.amazon.com/gp/profile/amzn1.account.AG4QJDDZBI4YDATFRRBZLYSSXWWA/ref=cm_cr_getr_d_gw_btm?ie=UTF8", "rating": "5.0 out of 5 stars", "reviewTitle": "Worked as designed.", "reviewDate": "May 23, 2019", "reviewText": "  Worked as designed.", "is_Helpful": ""}, {"reviewerName": "Jeffrey Ulrich", "reviewerUrl": "https://www.amazon.com/gp/profile/amzn1.account.AGDMS533OSU4ECCEO4SDX4BBPEMQ/ref=cm_cr_getr_d_gw_btm?ie=UTF8", "rating": "1.0 out of 5 stars", "reviewTitle": "The keyboard sucks, and apple has made it impossible to use this with any other devices", "reviewDate": "May 16, 2019", "reviewText": "\"  I dislike pretty much everything about this product. I was very excited to get this computer because I loved my old MacBook Air, but I got the new MacBook Pro in November of 2018, and its already having problems. The screen flickers; it dies sometimes at random; and its generally very poorly made. In addition, the keyboard is awful (clicks, and it is really unpleasant to type on), the mousepad annoyingly gets stuck, and the input jacks are terrible. Lastly, as Apple always does, they made jacks that are not compatible with anything (USB, or anything else), and so you have to buy their dumb converters. Yet another way in which apple has continued to decline. Super disappointing -- dont buy this piece of junk.\"", "is_Helpful": "4 people found this helpful"}, {"reviewerName": "Noah Carroll", "reviewerUrl": "https://www.amazon.com/gp/profile/amzn1.account.AFQOPQYOFORA45XRLHTPYKJJQRFQ/ref=cm_cr_getr_d_gw_btm?ie=UTF8", "rating": "5.0 out of 5 stars", "reviewTitle": "Great computer!", "reviewDate": "May 14, 2019", "reviewText": "  Worth every penny!", "is_Helpful": ""}, {"reviewerName": "K. Cook", "reviewerUrl": "https://www.amazon.com/gp/profile/amzn1.account.AHSPVCUMBGOBX7ZVYZM5VG6DL36Q/ref=cm_cr_getr_d_gw_btm?ie=UTF8", "rating": "5.0 out of 5 stars", "reviewTitle": "Excellent macbook pro", "reviewDate": "May 10, 2019", "reviewText": "  Fantastic computer and works great.", "is_Helpful": ""}, {"reviewerName": "Mia", "reviewerUrl": "https://www.amazon.com/gp/profile/amzn1.account.AE3JL64D67CHPIBUEUJL2T5PDEBA/ref=cm_cr_getr_d_gw_btm?ie=UTF8", "rating": "5.0 out of 5 stars", "reviewTitle": "Is as expected", "reviewDate": "May 10, 2019", "reviewText": "  Love it", "is_Helpful": ""}, {"reviewerName": "Ann F. Bennett", "reviewerUrl": "https://www.amazon.com/gp/profile/amzn1.account.AEWTH52PIUIIAFFXHFTFCM4CX6SA/ref=cm_cr_getr_d_gw_btm?ie=UTF8", "rating": "5.0 out of 5 stars", "reviewTitle": "Perfect", "reviewDate": "May 7, 2019", "reviewText": "  GREAT COMPUTER... fast and efficient", "is_Helpful": ""}, {"reviewerName": "Amod Manjrekar", "reviewerUrl": "https://www.amazon.com/gp/profile/amzn1.account.AHZ5UHRQAOKDJE53C2PLODG4XN7Q/ref=cm_cr_getr_d_gw_btm?ie=UTF8", "rating": "5.0 out of 5 stars", "reviewTitle": "Excellent", "reviewDate": "April 28, 2019", "reviewText": "  Great Product", "is_Helpful": ""}, {"reviewerName": "Caroline", "reviewerUrl": "https://www.amazon.com/gp/profile/amzn1.account.AHBSN3CJ3U6DTHIJD46MO3ZQLPZQ/ref=cm_cr_getr_d_gw_btm?ie=UTF8", "rating": "5.0 out of 5 stars", "reviewTitle": "Works great", "reviewDate": "April 24, 2019", "reviewText": "\"  Ive only had it for two days but it works great without any bugs. The battery life seems to be short but I have also been downloading a lot of stuff on to it. This laptop is not actually cheaper than the ones found on the apple site because there is like $100 tax they dont tell you about.\"", "is_Helpful": "2 people found this helpful"}, {"reviewerName": "jill henslee", "reviewerUrl": "https://www.amazon.com/gp/profile/amzn1.account.AHAH2KFXT6OY3U35BGOLYOBDYUPQ/ref=cm_cr_getr_d_gw_btm?ie=UTF8", "rating": "1.0 out of 5 stars", "reviewTitle": "Absolute Garbage - Worst one they have made yet", "reviewDate": "April 22, 2019", "reviewText": "\"  I dont normally write reviews, but this product is so horrible I have to let everyone know. I wouldnt even rebuy this product if it was on sale for 50% off. Every time I tap a key on the keyboard it types it 3 to 4 times which is painful while I work on 15-hour computer science lab assignments every week. The touchpad at the top looks cool, but is a nuisance, because Siri wants to play 20 questions every time you want to get work done. Also, the touchpad takes away the physical escape button which is just awkward. They took away the USB ports and the HDMI port so Apple can make even more money through adaptors. Please do yourself a favor and never buy this product. If you are going to get an Apple computer, I highly recommend one of the older models, because they dont need adaptors for everything and the atrocious keyboard style on this model will drive you closer to insanity each and every day.\"", "is_Helpful": "7 people found this helpful"}, {"reviewerName": "Juan Carlos Luj\u00e1n Zavala", "reviewerUrl": "https://www.amazon.com/gp/profile/amzn1.account.AGSSXBRRMXF76FVBQBKJFG2SRQQQ/ref=cm_cr_arp_d_gw_btm?ie=UTF8", "rating": "5.0 out of 5 stars", "reviewTitle": "its a great product, cool and robust", "reviewDate": "April 20, 2019", "reviewText": "  It could be so expensive to be a computer, and to buy more accessories to connect with peripherals devices, but this Mac Book Pro is a great and product. The Touch Bar is really cool to use and create a new way to use commands in your laptop. Im using this laptop in Lima, Peru, and its working good.", "is_Helpful": "8 people found this helpful"}, {"reviewerName": "M. Bishop", "reviewerUrl": "https://www.amazon.com/gp/profile/amzn1.account.AHWP77KIP3PDVUNKS4GRAE6OX7TQ/ref=cm_cr_getr_d_gw_btm?ie=UTF8", "rating": "1.0 out of 5 stars", "reviewTitle": "Surprisingly bad and expensive", "reviewDate": "April 19, 2019", "reviewText": "  I have used Windows for 30 year professionally and got tired of the spyware Microsoft began larding up the ecosystem with so I switch., As an ultrabook type laptop this MacBook is slow to boot and slow to respond to commands in its own apps like Numbers and Pages., \"Safari is really buggy. On Amazon it you select a product from a search list then back out you cant select another product as all the buttons are dead. You have to refresh then select.\", If you run Youtube in the background and select other pages YouTube pauses as the other page loads very frequently., \"I have a Pixel Andriod phone and the simple operation of transferring music from my Mac to the phone aint happening. I called support and they said it was Google problem, call them. I had to download a clunky third party app to get it to work. Apple support straight up lied. They designed out the ability to  communicate with the Pixel Android. I complained but have have gotten no response from support.\", The operating system seems to only running at the Windows XT level in function and modern usabilty., The USB-C only connection throughs me back years to having to lugging around adapters. Even the Apple DVD drive uses USB-A. So an adapter to use Apple products with Apple products., New bug that comes intermittently is the all audio regardless of app pauses for a fraction of second every 15 secs. I have to reboot to get it to go away., \"I would return if I werent outside the return window.\", I made a very expensive mistake", "is_Helpful": "3 people found this helpful"}, {"reviewerName": "Amazon Customer", "reviewerUrl": "https://www.amazon.com/gp/profile/amzn1.account.AFX3MSQ4FPTATEXICWAHSUM2V5EQ/ref=cm_cr_getr_d_gw_btm?ie=UTF8", "rating": "5.0 out of 5 stars", "reviewTitle": "Honestly this is a great apple product", "reviewDate": "April 11, 2019", "reviewText": "\"  I just got the computer today and Im already in love. I was a little skeptical about the butterfly keyboard, but I honestly love it. This is the first time I have purchased a MacBook new and I am not disappointed at all!\"", "is_Helpful": ""}, {"reviewerName": "Jeremy", "reviewerUrl": "https://www.amazon.com/gp/profile/amzn1.account.AH3LQZRICZX7UHTIYBXDCPGLWOEA/ref=cm_cr_getr_d_gw_btm?ie=UTF8", "rating": "5.0 out of 5 stars", "reviewTitle": "It\u2019s legit. Got exactly what I ordered.", "reviewDate": "April 10, 2019", "reviewText": "  Was nervous about ordering something so expensive online but everything was fine. Keep tracking your stuff though! Sometimes packages arrive earlier than expected!", "is_Helpful": ""}, {"reviewerName": "vincent", "reviewerUrl": "https://www.amazon.com/gp/profile/amzn1.account.AED4VFQUQD4HNZLPN7MQGJJM6WWA/ref=cm_cr_getr_d_gw_btm?ie=UTF8", "rating": "5.0 out of 5 stars", "reviewTitle": "It helps to have ICloud", "reviewDate": "April 5, 2019", "reviewText": "  I am a average pc user. I find this pc to work fine for what I do.", "is_Helpful": ""}, {"reviewerName": "Charles L. Simpson", "reviewerUrl": "https://www.amazon.com/gp/profile/amzn1.account.AFAJQXUQ27RSF45CIUW3ATETALPQ/ref=cm_cr_getr_d_gw_btm?ie=UTF8", "rating": "5.0 out of 5 stars", "reviewTitle": "Great Computer", "reviewDate": "March 30, 2019", "reviewText": "  I like this computer I had the 15.5 but gave it to my grandson, he\u2019s studying graphic arts.", "is_Helpful": ""}, {"reviewerName": "Carl L.", "reviewerUrl": "https://www.amazon.com/gp/profile/amzn1.account.AH2ASGYUVR4E3AIFP57RHW3A34DQ/ref=cm_cr_getr_d_gw_btm?ie=UTF8", "rating": "5.0 out of 5 stars", "reviewTitle": "Great product", "reviewDate": "March 28, 2019", "reviewText": "  Best laptop on the market", "is_Helpful": ""}, {"reviewerName": "Spari", "reviewerUrl": "https://www.amazon.com/gp/profile/amzn1.account.AHAREKA2JQE7FF4ULIDBXFAOES6Q/ref=cm_cr_getr_d_gw_btm?ie=UTF8", "rating": "1.0 out of 5 stars", "reviewTitle": "\"wouldnt recommend!! Stopped charging!!!!\"", "reviewDate": "March 24, 2019", "reviewText": "  Stopped charging after two months..... wouldn\u2019t recommend!!!!!", "is_Helpful": "5 people found this helpful"}, {"reviewerName": "Rufus1109", "reviewerUrl": "https://www.amazon.com/gp/profile/amzn1.account.AGHO63PHMTPGK26EMHFLKI35S5UQ/ref=cm_cr_getr_d_gw_btm?ie=UTF8", "rating": "1.0 out of 5 stars", "reviewTitle": "Would not recommend", "reviewDate": "March 23, 2019", "reviewText": "  Only 1 USB port.  And, it\u2019s a USB-c port which requires an adapter", "is_Helpful": "One person found this helpful"}, {"reviewerName": "Eric H.", "reviewerUrl": "https://www.amazon.com/gp/profile/amzn1.account.AG74NFJHRQ2DGAR2GDVN5TFNEHIQ/ref=cm_cr_getr_d_gw_btm?ie=UTF8", "rating": "1.0 out of 5 stars", "reviewTitle": "Avoid like it was herpes", "reviewDate": "March 21, 2019", "reviewText": "  Worst garbage ever made. If you want slow and unresponsive then this is your machine. If not then avoid at all costs.", "is_Helpful": ""}, {"reviewerName": "Nicholas", "reviewerUrl": "https://www.amazon.com/gp/profile/amzn1.account.AF3ZLVGENWHJAB3RHSECTTO6ZKDQ/ref=cm_cr_getr_d_gw_btm?ie=UTF8", "rating": "2.0 out of 5 stars", "reviewTitle": "Beautiful, great battery, terrible keyboard and service", "reviewDate": "March 15, 2019", "reviewText": "  In theory this is a great work device. In theory. But read up on all the keyboard issues., I experienced sticky keys shortly after getting it. When I contacted Apple they said it was not a known issue. I looked in the forums, though, and loads of people were complaining. Only many months later did Apple admit that they knew about the issue and would reimburse people who paid for servicing of the issue., I took my Macbook in and had to be without it for 3 days while they repaired it. Exact same issues happened soon after. I am now taking it in a second time. Such a waste of my time., Apple seems to care less about quality and service than they used to, and I will never buy one of their computers again.", "is_Helpful": "3 people found this helpful"}, {"reviewerName": "Aritra Manna", "reviewerUrl": "https://www.amazon.com/gp/profile/amzn1.account.AGUBF3NHOABIO4HCORWHDG444FMQ/ref=cm_cr_getr_d_gw_btm?ie=UTF8", "rating": "5.0 out of 5 stars", "reviewTitle": "Best laptop for study and productivity", "reviewDate": "March 13, 2019", "reviewText": "  A mazing laptop with great screen quality and os exoeruence. The rouch bar us anazing", "is_Helpful": ""}, {"reviewerName": "Amazon Customer", "reviewerUrl": "https://www.amazon.com/gp/profile/amzn1.account.AHVL2TJM4ZZJURIL3RHGK74N2DZQ/ref=cm_cr_getr_d_gw_btm?ie=UTF8", "rating": "5.0 out of 5 stars", "reviewTitle": "Not like PC", "reviewDate": "March 12, 2019", "reviewText": "  Very easy to use And integration with iPhone is awesome. Great screen.", "is_Helpful": ""}, {"reviewerName": "Amazon Customer", "reviewerUrl": "https://www.amazon.com/gp/profile/amzn1.account.AEO637KG77B4SLDRU6LOX6BCG7LQ/ref=cm_cr_getr_d_gw_btm?ie=UTF8", "rating": "5.0 out of 5 stars", "reviewTitle": "cheaper thanapp store\uff0csame thing", "reviewDate": "March 8, 2019", "reviewText": "  very good item\uff01 brand new\uff0cMacBook Pro", "is_Helpful": "One person found this helpful"}, {"reviewerName": "Ketut Mas Abdi Bayu", "reviewerUrl": "https://www.amazon.com/gp/profile/amzn1.account.AG5NLKUNSVJ2H2ADQG3UJ4ZWHLAQ/ref=cm_cr_getr_d_gw_btm?ie=UTF8", "rating": "5.0 out of 5 stars", "reviewTitle": "Very good quality", "reviewDate": "February 19, 2019", "reviewText": "  Top of the top for macbook, super happy", "is_Helpful": ""}, {"reviewerName": "chi", "reviewerUrl": "https://www.amazon.com/gp/profile/amzn1.account.AEVEJJLJIAHY7NYP7FDMLYOOVY3Q/ref=cm_cr_getr_d_gw_btm?ie=UTF8", "rating": "4.0 out of 5 stars", "reviewTitle": "Gorgeous but heavy & doesn\\t feel very \"Air\" like", "reviewDate": "February 17, 2019", "reviewText": "  The new Macbook 13 is beautiful, it\\s a gorgeous piece of machinery but does it deserve the \"Air\" in the title?  First thing I noticed out of the box is that it\\s heavy.  I do love the secure boot that doesn\\t allow for any changes prior to booting your computer & the fingerprint reader BUT I had to return this since it doesn\\t really fit any niche.  My Pro 13 model is just 1/4th pound heavier, so portability is not enough for me to keep.  If you truly want portability, get the 12 inch Macbook.  With the 12 inch now being the super portable model, and the Pro 13 model being the productive step up, the \"Air\" line has lost its niche.", "is_Helpful": "2 people found this helpful"}, {"reviewerName": "Young", "reviewerUrl": "https://www.amazon.com/gp/profile/amzn1.account.AHQTKDX73ACRERP4TJCSDTJIDPVA/ref=cm_cr_getr_d_gw_btm?ie=UTF8", "rating": "5.0 out of 5 stars", "reviewTitle": "Genuine Apple product seller", "reviewDate": "February 11, 2019", "reviewText": "  As advertised, got a brand new, factory sealed MacBook Pro. Shipping was fast and got delivered a day early!", "is_Helpful": "One person found this helpful"}, {"reviewerName": "book reader", "reviewerUrl": "https://www.amazon.com/gp/profile/amzn1.account.AFQB7NIA46GE3CLMJWSBLSNGK4UQ/ref=cm_cr_getr_d_gw_btm?ie=UTF8", "rating": "1.0 out of 5 stars", "reviewTitle": "The new keyboard has different keys that need a harder hit", "reviewDate": "February 10, 2019", "reviewText": "  Product gives me arthritis, \"Also, no matter what, it converts images I sent to HEIC format from JPG, even after I change the setting to keep originals\", \"I wish Id kept my old MacBook air, feels weird to go back to it now though after spending the money on this new one with its exciting new keyboard\"", "is_Helpful": "3 people found this helpful"}, {"reviewerName": "Kevin Holland", "reviewerUrl": "https://www.amazon.com/gp/profile/amzn1.account.AHKF6BYPWZHW5PPQ2JOXQHPL7RKQ/ref=cm_cr_getr_d_gw_btm?ie=UTF8", "rating": "1.0 out of 5 stars", "reviewTitle": "Beautiful but flawed", "reviewDate": "February 8, 2019", "reviewText": "  Unfortunately, i went ahead and sold my current gen macbook pro with touchbar. Though it was probably a good thing. I will admit the machine was pretty nice at first glance. Although for some reason it could not play 4k video without stuttering. Other than that it was pretty beefy. But these particular models of macbook pros (with touch bars) have a design flaw that can and will (if given enough time) fry your motherboard entirely and cpu on the 15 inch version. anyways. feel free to watch somebody with technical knowledge explain it. Look on youtube for \"Louis Rossmann\" for video titled \"Apple BOTCHES Macbook board design: AGAIN!\" ... So buy at your own caution, if you do buy it GET APPLECARE.", "is_Helpful": "9 people found this helpful"}, {"reviewerName": "Mahmoud Saad", "reviewerUrl": "https://www.amazon.com/gp/profile/amzn1.account.AHJNYLBKAFO54J36LMZ6UMD4ZL4Q/ref=cm_cr_getr_d_gw_btm?ie=UTF8", "rating": "5.0 out of 5 stars", "reviewTitle": "love macbook", "reviewDate": "February 5, 2019", "reviewText": "  I really love this one its perfect", "is_Helpful": "One person found this helpful"}, {"reviewerName": "Shane S", "reviewerUrl": "https://www.amazon.com/gp/profile/amzn1.account.AHFG3JBQ7KWIUMIH5ZNB3UGZRZ2A/ref=cm_cr_getr_d_gw_btm?ie=UTF8", "rating": "5.0 out of 5 stars", "reviewTitle": "It\u2019s a Macbook", "reviewDate": "February 5, 2019", "reviewText": "  Not much to say, pretty much what a macbook generally is.. amazing", "is_Helpful": "One person found this helpful"}, {"reviewerName": "Roney", "reviewerUrl": "https://www.amazon.com/gp/profile/amzn1.account.AFDUDHEG3FXROPB32VXSKZUISZQA/ref=cm_cr_getr_d_gw_btm?ie=UTF8", "rating": "5.0 out of 5 stars", "reviewTitle": "Great!", "reviewDate": "January 28, 2019", "reviewText": "  Excellent and a little cheaper than on the Apple website. Amazon Locker is life!", "is_Helpful": "5 people found this helpful"}, {"reviewerName": "Jose A.", "reviewerUrl": "https://www.amazon.com/gp/profile/amzn1.account.AG77KJZZU7CJ2EGMM6JOPHTWCTTQ/ref=cm_cr_getr_d_gw_btm?ie=UTF8", "rating": "5.0 out of 5 stars", "reviewTitle": "Light and fast", "reviewDate": "January 16, 2019", "reviewText": "  Light . Powerful", "is_Helpful": "2 people found this helpful"}, {"reviewerName": "adrian j.", "reviewerUrl": "https://www.amazon.com/gp/profile/amzn1.account.AE6GV7KPVFGBA5KEO2Q6KFMUKOIQ/ref=cm_cr_getr_d_gw_btm?ie=UTF8", "rating": "5.0 out of 5 stars", "reviewTitle": "Macbook pro for my friend", "reviewDate": "January 14, 2019", "reviewText": "  ilove the macbook pro and the touchbar", "is_Helpful": "One person found this helpful"}, {"reviewerName": "M. Mendoza", "reviewerUrl": "https://www.amazon.com/gp/profile/amzn1.account.AE5AYSFN4BNMZTABC2AU76UQL46Q/ref=cm_cr_arp_d_gw_btm?ie=UTF8", "rating": "5.0 out of 5 stars", "reviewTitle": "\"Its a Mac! What else do you expect?\"", "reviewDate": "December 3, 2018", "reviewText": "  Superior quality and performance.  Top of the line product.", "is_Helpful": "21 people found this helpful"}, {"reviewerName": "Vasya Pupkin", "reviewerUrl": "https://www.amazon.com/gp/profile/amzn1.account.AHLYKVNPAJWIIQTWIJ4PCSRUTVFQ/ref=cm_cr_arp_d_gw_btm?ie=UTF8", "rating": "1.0 out of 5 stars", "reviewTitle": "Terrible design", "reviewDate": "November 19, 2018", "reviewText": "  DISLIKE:, 1. keyboard. Give me back MacBook Pro Retina (2012 - 2015) keyboard!!!!!!!!!, 2. trackpad. Why on earth bigger size????? It constantly gets in way of my palms., 3. USB ports. I want real-life USB ports., 4. No magsafe., 5. Battery. Why on earth thiner design to reduce battery life???????????, CONCLUSION: Will never even look at this abomination.", "is_Helpful": "91 people found this helpful"}, {"reviewerName": "Norma", "reviewerUrl": "https://www.amazon.com/gp/profile/amzn1.account.AH6665XCUSRUQI6AJM5UHBQCDTWA/ref=cm_cr_getr_d_gw_btm?ie=UTF8", "rating": "1.0 out of 5 stars", "reviewTitle": "Didn\u2019t see it even boot up", "reviewDate": "November 13, 2018", "reviewText": "  I got this laptop, opened it up and it wouldn\u2019t even boot up. I tried several times before putting it back in the box and sent it back.", "is_Helpful": "17 people found this helpful"}, {"reviewerName": "Botticelli", "reviewerUrl": "https://www.amazon.com/gp/profile/amzn1.account.AE3LAXR62XSC7SSNRNKWY5U5VIPQ/ref=cm_cr_arp_d_gw_btm?ie=UTF8", "rating": "5.0 out of 5 stars", "reviewTitle": "Excellent", "reviewDate": "November 9, 2018", "reviewText": "  Love the MacBook! Syncs effortlessly w other Apple devices. Depending on what programs being used battery can go down fast. Amazing graphics etc.", "is_Helpful": "23 people found this helpful"}, {"reviewerName": "over", "reviewerUrl": "https://www.amazon.com/gp/profile/amzn1.account.AFFINAMK3WZM7MXN7L7PXEPDKWNQ/ref=cm_cr_arp_d_gw_btm?ie=UTF8", "rating": "5.0 out of 5 stars", "reviewTitle": "Like New = Brand New Sealed from this seller!", "reviewDate": "October 18, 2018", "reviewText": "  Purchased the \"like new\" condition of the 2018 MacBook Pro and it came just as described, Brand New and sealed in the original box with 1 year of Apple warranty still in tact. Glad I gave the new seller a chance, would buy from them again in a heartbeat. See images for pics of the box. Laptop is Incredible from the build quality to the performance. The Touch Bar is also an incredible addition that functions beautifully and has proved useful since it dynamically changes according to what program or app you are currently using. I opted for the 8th gen quad core i5 version with 8gb ddr3 ram and 256gb pci-e ssd. So far the laptop has breezed through everything I\\ve thrown at it. Going to mainly be using it for coding/media consumption/game streaming through apps like parsec. Fantastic buy for working professionals and students alike.", "is_Helpful": "71 people found this helpful"}, {"reviewerName": "Zimin Liu", "reviewerUrl": "https://www.amazon.com/gp/profile/amzn1.account.AG4WO5XDQIL5H7HKHTEETX2RJKWA/ref=cm_cr_arp_d_gw_btm?ie=UTF8", "rating": "5.0 out of 5 stars", "reviewTitle": "Good computer, I like it", "reviewDate": "October 12, 2018", "reviewText": "  This computer runs fast and does what I expect, thanks!", "is_Helpful": "16 people found this helpful"}, {"reviewerName": "Xuezhou Wen", "reviewerUrl": "https://www.amazon.com/gp/profile/amzn1.account.AEMKPH2UCD2M7LNKGNNCATKAYKDA/ref=cm_cr_getr_d_gw_btm?ie=UTF8", "rating": "5.0 out of 5 stars", "reviewTitle": "Good product", "reviewDate": "October 10, 2018", "reviewText": "  Good, brand new", "is_Helpful": "3 people found this helpful"}, {"reviewerName": "Malachi Lensing", "reviewerUrl": "https://www.amazon.com/gp/profile/amzn1.account.AGHGX7QO55TBNCMDVFOCOGLZ3NRQ/ref=cm_cr_arp_d_gw_btm?ie=UTF8", "rating": "5.0 out of 5 stars", "reviewTitle": "Good laptop and good material", "reviewDate": "October 10, 2018", "reviewText": "  I\u2019ve wanted a MacBook for a while now because of the build quality and the simplicity of the OS. I spend an average 6 hours a day using it for college and the battery still has a fair charge left. The screen looks great and the touchbar is useful especially for word. Apple does a great job at integrating their products. Being able to unlock my laptop using my watch is great. It\u2019s pricy, but I guess you\u2019re also paying for the brand.", "is_Helpful": "29 people found this helpful"}, {"reviewerName": "Hl0516", "reviewerUrl": "https://www.amazon.com/gp/profile/amzn1.account.AH2TR65V42IOJEQCGYIVHJY325EQ/ref=cm_cr_getr_d_gw_btm?ie=UTF8", "rating": "5.0 out of 5 stars", "reviewTitle": "Great features", "reviewDate": "September 10, 2018", "reviewText": "  Love the size and feel of this laptop. Battery life is not as good as my mac book pro", "is_Helpful": "6 people found this helpful"}, {"reviewerName": "Delbert", "reviewerUrl": "https://www.amazon.com/gp/profile/amzn1.account.AH4O6IZ55ETVN6AA6VOCWYQDGJMQ/ref=cm_cr_arp_d_gw_btm?ie=UTF8", "rating": "5.0 out of 5 stars", "reviewTitle": "Buy from an established seller. Do not buy from third-part sellers.", "reviewDate": "August 20, 2018", "reviewText": "\"  When you think of Apple you automatically think expensive if your anything like me. When purchasing this laptop I was skeptical on rather if I should get a fully equipped HP, Dell, or just get an Apple. Just an Apple was my choice because of the brand name, but also because Apple products are always one of the best designs on the market. Apple products are one of the most durable brands on the market as well. With the fully the aluminum body, touch bar, and superior speakers this computer is undeniable. One thing that I do not like is the ports. There are four ports on the laptop, but the ports are USB-C which makes the normal functions a little more difficult to get used to. When it comes to Apple the flaws or the unexpected changes that may be an inconvenience is also what created this brand as superior and is the reason why they can charge you three arms and three legs for a computer. The brand name is established, the style is second to none, and the computer is also one of the best offered. Once you get past the honeymoon phase then buyers remorse its overall worth it.\"", "is_Helpful": "109 people found this helpful"}], "qAndA": [{"question": "can i attach an external hard drive ?", "answer": "Yes"}, {"question": "Can you Ship it to Saudi Arabia", "answer": "No."}, {"question": "Is this macbook protouchbar 2018 model?", "answer": "My husband said it is. This was an xmas present for our 17 yr old son, and I do know it is the latest version."}, {"question": "is it possible to buy one that have spanish keyboard?", "answer": "Answer not available"}, {"question": "Does it come with Office already installed?", "answer": "No, it will come with Apple's version of Office (Pages, Numbers, and Keynote) and you can purchase Microsoft Office separately."}, {"question": "Will I need to be home to sign when it gets delivered?", "answer": "Answer not available"}, {"question": "Does it have a CD Player ?", "answer": "Have not opened the box, but CD player is not listed on box."}, {"question": "Does this computer come with a charger?", "answer": "Yes. Why wouldn\u2019t it?"}, {"question": "Is this the new MacBook Pro released in mid 2018?", "answer": "Answer not available"}, {"question": "model #?", "answer": "Answer not available"}, {"question": "Porque me cancelan dos veces mi pedido?", "answer": "Answer not available"}, {"question": "What's the return policy? The same as at the Apple Store?", "answer": "It has a one year warranty through apple but the return policy is through Amazon"}, {"question": "Is it possible to have the keyboard in Italian?", "answer": "Answer not available"}, {"question": "Specs for the latest model are: 2.7 ghz intel core i7 quad-core 16gb of 2133 mhz ram | 512gb ssd (latest model??)", "answer": "Answer not available"}, {"question": "how can I change my keyboard to arabic?", "answer": "Answer not available"}, {"question": "can I upgrade memory to 16 instead of 8?", "answer": "Answer not available"}, {"question": "can this computer run FL Studio?", "answer": "Answer not available"}, {"question": "how much memory does this have?", "answer": "The model here is with a 8GB Memory (RAM)."}, {"question": "Does it have an hdmi port?", "answer": "The new one only has the NEW port - I'm hoping I can find an adapter."}, {"question": "Does this have international warranty?", "answer": "Answer not available"}, {"question": "What year is this laptop?", "answer": "The one I bought is a 2017."}, {"question": "Can you install linux on it? I heard the latest 2018 models have vendor lock. I want to completely delete macOS and just have linux.", "answer": "Answer not available"}, {"question": "El Teclado es en Espa\u00f1ol ?", "answer": "Al menos el que compre yo no es en espa\u00f1ol. Es teclado US"}, {"question": "I have a question? is this macbook will play dvds right? like usb superdrive", "answer": "There is no built in DVD drive on this MacBook Pro. If you have an external DVD drive that is USB C then you will be able to watch DVDs."}, {"question": "Where is it production country?....", "answer": "Answer not available"}, {"question": "Qu\u00e9 precio tendr\u00eda este mismo de 256gb de disco pero con una ram de 16", "answer": "Answer not available"}, {"question": "Is 8th generation intel cpu", "answer": "Answer not available"}, {"question": "can i choose the keyboard language ?", "answer": "yes you can"}, {"question": "Is there any seller shipping it India?? Please revert back immediately", "answer": "Answer not available"}, {"question": "Does it come with international warranty", "answer": "Answer not available"}, {"question": "why is this selling above apple walk in store prices? is anything special included?", "answer": "Answer not available"}, {"question": "Is it a touch screen?", "answer": "No it\u2019s not a touch screen, but it has the Touch Bar on the keyboard"}, {"question": "when its going to be in Stock? this model 13\", 256, Space Gray, Touch bar.", "answer": "Answer not available"}, {"question": "Is this the latest model?", "answer": "Not anymore. Amazon should correct it. 2.3 GHz is the 2018 Model. The latest (2019 Model) is 2.4GHz"}, {"question": "Does it have a CD Player ?", "answer": "No. You have to buy an external CD player that can work with it."}, {"question": "What will be included in the box I receive? Is it a sealed/unopened box?", "answer": "It is a sealed, unopened box that will include the computer, wall brick charger and charging cable."}, {"question": "Is this in silver?", "answer": "Answer not available"}, {"question": "For the i7 processor option, is RAM still 8 or is it 16?", "answer": "Answer not available"}, {"question": "Es de 13,3 o 13,4\u201d?", "answer": "Answer not available"}, {"question": "does this model have the vega 20 graphics?", "answer": "Answer not available"}, {"question": "Hello please confirm if this equipment is remanufactured?", "answer": "This equipment is New."}, {"question": "do you have 18\" ?", "answer": "Answer not available"}, {"question": "Is this a mid 2018 model\uff1f", "answer": "Yes"}, {"question": "How can I get international shipping on this?? Plz help", "answer": "Answer not available"}, {"question": "Is this macbook pro good for film editing?", "answer": "Macbook pro is excellent for video editing"}, {"question": "Does it include the battery, because it says Battery Required, but it doesn\u2019t mention if it is included ?", "answer": "Yes. It includes the battery!"}, {"question": "Does it come with a charger?", "answer": "Yes"}, {"question": "Can i buy 256 gb to add to this laptop from amazon?", "answer": "Yes, they offer a 512 GB hard drive (that\u2019s what I bought)."}, {"question": "Does it come with a charger?", "answer": "Answer not available"}, {"question": "Hi , can you ship it to my country? saudi arabia? please..", "answer": "Answer not available"}, {"question": "Does it come with apple a full year manufacturer warranty if i buy new one? is it brand new??", "answer": "It is brand new and comes with one year manufacture warranty from date of purchase."}, {"question": "I've never owned an apple laptop. i started a new business and my software is web based, but will i have an issue hooking up a fujitsu scanner to it?", "answer": "No issues-- we use the Fujitsu Snapscan with it fine. If you use your scanner via it's USB connection, you'll need to buy a little \"MacBook USB C Hub\" to get those familiar usb ports."}, {"question": "Do they have a spanish keyboard? is it available with eu type charger adapter?", "answer": "No it's not but the prongs detach and you can swap to the EU. You don't need a whole new charger"}, {"question": "Tienen envi\u00f3 a Per\u00fa", "answer": "Answer not available"}, {"question": "What apple software comes with it? photos/imovie/g-band?", "answer": "Answer not available"}, {"question": "can I get it with Spanish keyboard, instead of the English keyboard?", "answer": "Answer not available"}, {"question": "It is the latest version?", "answer": "Yes"}, {"question": "Hello. i am looking for a new macbook pro 2018 quad core 16gb 512gb ssd 13 inch", "answer": "Answer not available"}, {"question": "How to buy a new MacBook Pro 2018 with the new version", "answer": "Answer not available"}, {"question": "What about the ram of the laptop", "answer": "Answer not available"}, {"question": "Can I Reset This?", "answer": "Answer not available"}, {"question": "14 day return policy, can I return if I don\u2019t like it?", "answer": "Answer not available"}, {"question": "Who ships this ? Apple ? Amazon ? or some other vendor ?", "answer": "Answer not available"}, {"question": "Does the 256gb has touch ID?", "answer": "This model does have the Touch Bar which contains Touch ID."}, {"question": "Does this come with international warranty?", "answer": "Probably, just in US"}, {"question": "what product number is? Is it brand new, in the original box and warranty by apple?", "answer": "Yes it is still warranted by Apple. You can look up product number on apples website. It\u2019s brand new yes."}, {"question": "How many years can i use this i5 intel 8 gb ram? for presentarion, web", "answer": "Answer not available"}, {"question": "What cpu does this have?", "answer": "Answer not available"}, {"question": "How much is the 13\u201d mac book pro with 512 gb ?", "answer": "Answer not available"}, {"question": "Is there any email to contact with seller pls. I want to add another keyboard language beside English.", "answer": "Answer not available"}, {"question": "Does this come with apple warranty? And the receipt??? I'm from Brazil", "answer": "It comes with a one year manufacture warranty, you can purchase Apple Care for the extended warranty. The receipt can be retrieved through your amazon account info."}, {"question": "Can i upgrade the ssd?", "answer": "No in this modle. It\u2019s soldered."}, {"question": "can I upgrade memory to 16 instead of 8?", "answer": "Yes"}, {"question": "Is it possible to buy 16gb ram and 512 gb hard drive macbook pro toouchbar 13\u2019 on amazon?", "answer": "Answer not available"}, {"question": "Does the warranty begin at the date of manufacture or the date sold?", "answer": "The date that I turned on for the first time"}, {"question": "Is this the mid 2018 model?", "answer": "Yes"}, {"question": "Does its warranty valid in India?", "answer": "Answer not available"}, {"question": "is this 110/220 volt", "answer": "Just have the correct adapters if you are in US (110V) or EU (220)"}, {"question": "Can you install Word in it?", "answer": "Yes. I have Word for Mac installed on mine."}, {"question": "Can I order a pro 13\u201d with 16gb ram?", "answer": "Answer not available"}, {"question": "Why not include the model number in the product information?", "answer": "I don't know the model number off the top of my head but it is 2018 macbook pro version"}, {"question": "13 inch touch bar 512gb, is this 8th generation?", "answer": "Answer not available"}, {"question": "Is this being sold brand new?", "answer": "Answer not available"}, {"question": "Does the MacBook Pro have a cd-rom?", "answer": "Answer not available"}, {"question": "Is this model is the new 2019", "answer": "This is the 2016 model."}, {"question": "What ram is it ddr3 or ddr4?", "answer": "Answer not available"}, {"question": "Necesito contactar al vendedor porque a\u00fan no recib\u00ed el producto y el 28 me voy del hotel", "answer": "Answer not available"}, {"question": "is this model 2019?", "answer": "If you\u2019re looking for the latest MacBook Pro this is it. It\u2019s labeled as the late 2018 model since it came out at the end of last year. Technically there\u2019s no such thing as a 2019 model because Apple hasn\u2019t released one yet this year."}, {"question": "Is this july 2018 new version?", "answer": "Answer not available"}, {"question": "Is this including tax price??", "answer": "No"}, {"question": "the keyboard is Spanish or Latin American language do you have that version?", "answer": "Answer not available"}, {"question": "Es de 8th generaci\u00f3n ?", "answer": "Answer not available"}, {"question": "Cuantos gb de ram trae ?", "answer": "8gb of ram."}, {"question": "Why doesn't amazon sell the 16gb ram models.....?", "answer": "Answer not available"}, {"question": "Can you please provide the model # ?", "answer": "Answer not available"}, {"question": "What is the model number please ?", "answer": "Answer not available"}, {"question": "Why does it say \"latest model\"? This is 2018 model, isn't it?", "answer": "Why does it say \u201clatest model\u201d if it\u2019s going to be sent as an older model and or left to be stolen by a company that doesn\u2019t require a signature upon delivery. So yes WHY does it say Latest model. It\u2019s not what I ordered and will never order from them again"}, {"question": "Hi, its possible with 16gb ram?", "answer": "Answer not available"}, {"question": "Can i pay in installments?", "answer": "Answer not available"}, {"question": "is this a mag cord again?", "answer": "No mag cord, charges by USB-C."}, {"question": "Is this mid 2018 model ?", "answer": "Yes"}, {"question": "what is the shipping weight ?", "answer": "About 5 lbs"}, {"question": "Can you finance the mac book", "answer": "Answer not available"}, {"question": "does this model have the vega 20 graphics?", "answer": "No, only the 15\u201d can have the Vega graphics cards"}, {"question": "La entrega debe realizarse en un hotel, es posible dejarlo en recepci\u00f3n? A nombre de quien se hospeda all\u00ed?", "answer": "Answer not available"}, {"question": "13 inch, 512 gb 8th generation?", "answer": "Answer not available"}, {"question": "Is will be enough to buy macbook 13inch model with i7cpu and 512gb to use on purpose professional things? I'll use for final cut pro and logic pro ect", "answer": "Answer not available"}, {"question": "Hey, i want to buy it but i need it with two languages arabic and english", "answer": "Answer not available"}, {"question": "Some buyers told that this is 2017 model and some said it's 2018. Which one is correct?", "answer": "Answer not available"}, {"question": "Want to buy it but not sure if i will like it. How long do you have to return it?", "answer": "Answer not available"}, {"question": "does this have an hdmi port?", "answer": "No port but a adapter comes with it, that has hdmi connection."}, {"question": "Is it the macbook same size for 2010-2018", "answer": "Answer not available"}, {"question": "hi i would like to buy this laptop how can i choose the keyboard language now? before i buy it or after? thx", "answer": "Answer not available"}, {"question": "Can I order with Arabic keyboard?", "answer": "Answer not available"}, {"question": "Does have audio input capacity?", "answer": "Answer not available"}, {"question": "I ordered this yesterday and it hasn\u2019t shipped??", "answer": "Answer not available"}, {"question": "Can you ship to colombia?", "answer": "Answer not available"}, {"question": "Is i5 processor is 8th gen ?", "answer": "Answer not available"}, {"question": "Do you have this with Spanish Keyboard?", "answer": "Answer not available"}, {"question": "Is there a way to get this with 16 gigs of ram on amazon?", "answer": "Look for the proper publication. If not, go to the Apple Store."}, {"question": "What is the model number (e.g. mr9q2ll/a) or model identifier (e.g. macbookpro15,2) for this macbook pro?", "answer": "Answer not available"}, {"question": "El precio del envio vuene incluido?", "answer": "Answer not available"}, {"question": "what's the product number, year and model, please ?", "answer": "Answer not available"}, {"question": "Is this 2018 latest model ?", "answer": "Yes it is"}, {"question": "Can it play games like roblox", "answer": "Answer not available"}, {"question": "Hi. does apple standard warranty apply in costa rica, central america, if i purchase this macbook through amazon?", "answer": "Answer not available"}, {"question": "this model of 13.3 \"has this is the intel core i7 2.7 ghz and 6 cores of eighth generation", "answer": "Answer not available"}, {"question": "when will amazon sell the new 2019 models?", "answer": "No telling, but because the 2018 actually has a much better sale currently, and there's not much of a difference I would spring for the best price."}, {"question": "Do you have financing", "answer": "Answer not available"}, {"question": "does this model have similar keyboard problem with ones reported lately?", "answer": "Yes. I have had keyboard issues. Keys sticking and dirt etc...getting in between keys. This model is eligible for a new keyboard."}, {"question": "any music producers on here that can talk about how well Logic works? I cant seem to leave apple because of how great Logic is, but im thinking for th", "answer": "Answer not available"}, {"question": "What is the operating system?", "answer": "The new models come with either 10.13 MacOS High Sierra or 10.14 Mojave."}, {"question": "Should I buy the adapter separately?", "answer": "Answer not available"}, {"question": "What is the product number for the Mr9r2 with 16gb ram?", "answer": "Answer not available"}, {"question": "is this sold by apple?", "answer": "No Here third party sellers sell it. Probably Amazon sellers too. Apple sells on their site only."}, {"question": "What is your gift return policy? I will purchase for an adult child. Can they return it after Christmas?", "answer": "Answer not available"}, {"question": "Why not include the model number in the product information?", "answer": "You will have to ask Apple that question, although the information is on the box that it came in. That's all that I can tell you."}, {"question": "Why does this make it seem like it\u2019s the 2019 model with the ad on this page when it\u2019s the 2018", "answer": "Answer not available"}, {"question": "What is the model number on it?", "answer": "Answer not available"}, {"question": "Is there any way that I can get this product in NZ?", "answer": "Answer not available"}, {"question": "Is this the new MacBook Pro released in mid 2018?", "answer": "Yes it is. You have to look for the model number \"MR9Q2LL/A\" to be sure it isn't the older one. To figure out model numbers, go to https://support.apple.com/en-us/HT201300"}, {"question": "i want a 512G sliver sold by Amazon", "answer": "Answer not available"}, {"question": "Does this have Bluetooth", "answer": "yes"}, {"question": "Is this macbook pro touchbar 2017 or2018 model ?", "answer": "2018"}, {"question": "como hago para solicitarlo con teclado en espa\u00f1ol?", "answer": "Answer not available"}, {"question": "Which generation i5 processor does it have ?", "answer": "Mine came with the 8th generation i5 processor. (the newest one for that model)"}, {"question": "What type usb does it have?", "answer": "This has four USB-C ports."}, {"question": "Does it have the new T2 chip?", "answer": "Answer not available"}, {"question": "Is this a new computer?", "answer": "Answer not available"}, {"question": "does it include power cable?", "answer": "All computers come with power cable"}, {"question": "Do you have any payment plans with Amazon credit card?", "answer": "Answer not available"}, {"question": "which \"OS\" will be on this computer?", "answer": "Answer not available"}, {"question": "Is this the 21st May, 2019 model?", "answer": "No, the 2018 one."}, {"question": "What will be included in the box I receive? Is it a sealed/unopened box?", "answer": "The box is sealed and includes all the normal stuff."}, {"question": "how do you connect a projector ?", "answer": "Answer not available"}, {"question": "Why is it cheaper than buying it in de apple store?", "answer": "Answer not available"}, {"question": "can we extend the memory of hard disk?", "answer": "Answer not available"}, {"question": "This is a new computer?", "answer": "Answer not available"}, {"question": "can you burn cd?", "answer": "Don\u2019t know who uses CD\u2019s anymore as USB is the more dominant means of storage. You will need to purchase a separate CD/Burner."}, {"question": "Is this 8gb ram a good and fast speed? (16gb is really expensive.) and does this product come with an hdmi port?", "answer": "8gb ram is adequate. Internal Solid state drive makes a big difference. It does not have hdmi you would need to purchase a adapter cable"}, {"question": "does it come with spanish keyboard?", "answer": "Answer not available"}, {"question": "how does this laptop work with the lastest versions of mine craft?", "answer": "Answer not available"}, {"question": "If I upgrade the storage after purchase, will it void the warranty?", "answer": "Unlike older MacBook Pro models there\u2019s no way for the average person to increase the storage or ram on this device. Everything is soldered to the motherboard (i.e. permanently attached). You need to purchase the amount of storage you think you\u2019ll need because the only way to increase storage is to buy a different mode\u2026 see more"}, {"question": "How big is the charger?", "answer": "Medium sized at the plug-in in"}, {"question": "Does this one has tax?", "answer": "Answer not available"}, {"question": "Does amazon offer a square trade accidental protection plan for this macbook pro (preferably a 4 year plan )?", "answer": "Square Trade do not offer 4 year plan on computers. I would recommend purchasing AppleCare + with Apple. You are able to do so after you get the computer in the mail by calling Apple or visiting an Apple Store. I believe it is about 200 to 250 dollars."}, {"question": "Is the keyboard qwerty? can i use it with european voltage or will i need another battery charger?", "answer": "Answer not available"}, {"question": "What year is this laptop and is it quad core with Touch Bar?", "answer": "Open the window under the black apple in the top left corner. The year will show."}, {"question": "Has it touch bar?", "answer": "Yes!"}, {"question": "can i order the macbook pro with a different/foreign keyboard at amazon?", "answer": "Not here. You have to pick another seller and publication or go to the Apple Store."}, {"question": "How much money does it cost", "answer": "Answer not available"}, {"question": "is this laptop the new light and thin version", "answer": "Answer not available"}, {"question": "I want the macbook pro 13 '16gb ram and the newest model, where can I get it?", "answer": "Answer not available"}, {"question": "I need to know if this macbook pro it's early 2019 or 2018?", "answer": "Answer not available"}, {"question": "Does this come with apple warranty? And the receipt??? I'm from Brazil", "answer": "Yes"}, {"question": "Can I get Apple-care on this laptop?", "answer": "Yes, you can. I cannot remember HOW I went about ordering it, but it is available."}, {"question": "What comes in the box.", "answer": "The MacBook, a charger and an usb-c to usb-c cable."}, {"question": "How can i make the apple icon illuminate on my mackbook air , model 2018?", "answer": "Answer not available"}, {"question": "Spanish keyboard available?", "answer": "Answer not available"}, {"question": "does it have an hdmi port?", "answer": "No, you need an adapter since all the ports are usb C"}, {"question": "is it the latest macbook pro ?", "answer": "No, 2017 MacBook Pro."}, {"question": "For the processor is it a 2.3 or 2.4 GHz. I didn\u2019t know a touchbar model could have only 2.3ghz", "answer": "2.3"}, {"question": "Music Producers: How does an i5 in 2018 compare to an i7? I feel like any version will be superior to my 2012 i7, but im hesitant on settling w i5", "answer": "15%faster"}, {"question": "Hello ian searching a new 2018 macbook pro 13 inch with the latest version but iam in afghanistan so can i buy from amazon to do delivery to afghan", "answer": "Answer not available"}, {"question": "Does it includes thw Lithium Polymer battery?", "answer": "Answer not available"}, {"question": "Is it have Arabia Language?", "answer": "You can change the language of the operating system when you turn it in for the first time. However, if you want the keyboard with your language on it you need to purchase a different one from Apple that has your language on it. This one will be in English"}, {"question": "How can i order it with an Arabic Keyboard?", "answer": "I would check the apple website for that information"}, {"question": "Is there space gray still availabe as this question is posted?", "answer": "Answer not available"}, {"question": "Is this 8th generation processor? because the similar mackbook pro 512hd ssd cost 1999$ on apple besides this one 1600$, is really the latest?", "answer": "Answer not available"}, {"question": "como hago para pedir teclado en espa\u00f1ol?", "answer": "Answer not available"}, {"question": "Is Warranty Included?", "answer": "Yes, Standard Apple warranty"}, {"question": "Can I replace its keyboard to 2015 model so that I dont have to send it to genius if it face the nature?", "answer": "Answer not available"}, {"question": "What is this macbook pro model number? Is this the mid-2018 the newest version?", "answer": "Answer not available"}, {"question": "Is it a brand new laptop?", "answer": "Answer not available"}, {"question": "My mac pro 13 connecting cord is wearing out. how can i get another one?", "answer": "Answer not available"}, {"question": "Can i replace the hard drive for larger ssd?", "answer": "Answer not available"}, {"question": "Is there any chance to get this machine with 16gb ram? i'm not able to buy this through apple store due to foreign card restrictions. thanks", "answer": "Answer not available"}, {"question": "Does it come with apple a full year manufacturer warranty if i buy new one? is it brand new??", "answer": "Have to purchase warranty."}, {"question": "Can it be delivered in an amazon Locker?", "answer": "If I recall it has to be signed for because of how much it costs"}, {"question": "Does the keyboard lights in the dark?", "answer": "Yes it does"}, {"question": "What will be included in the box I receive? Is it a sealed/unopened box?", "answer": "It\u2019s sealed brand new. Just comes with a charger. You will have to buy a USB-C adapter so you can connect devices that require a USB port."}, {"question": "Do you have the 16gb/512gb variant?", "answer": "Answer not available"}, {"question": "Can this run windows 10, and all the hardware work? (including the charms bar)", "answer": "Yes it can run windows. The Touch Bar still works but it only acts as the function keys."}, {"question": "What is the model number for this MacBook?", "answer": "Answer not available"}, {"question": "Is this the 2018 or the 2017 model?", "answer": "Answer not available"}, {"question": "Does this have the touch bar? i ordered the macbook pro 13inch.", "answer": "Yes, it does. No worries. You're gonna love it!"}, {"question": "Is this the most recent MacBook pro with the 8th generation processor?", "answer": "No it is the 2018 one still the 8th gen processor, however."}, {"question": "What year is this laptop?", "answer": "Answer not available"}, {"question": "is this publication official amazon?", "answer": "Answer not available"}, {"question": "Can I pay monthly", "answer": "Answer not available"}, {"question": "does it have a dvd player?", "answer": "No it doesn\u2019t!macbook pro doesn\u2019t have anymore DVD player since the 2010 model"}, {"question": "Does the keyboard lights in the dark?", "answer": "Yes, it does"}, {"question": "which \"Mac OS\" does this have?", "answer": "Answer not available"}, {"question": "I know there is usb c adapter for regular usb and use usb superdrive to watch dvds?", "answer": "Answer not available"}, {"question": "Can I use photoshop and Lightroom on this", "answer": "I would think so. My son uses the laptop as a DAW and runs flawlessly."}, {"question": "Will amazon please provide the option to upgrade the ram? i want the 256gb ssd with the best processor and ram.", "answer": "Yes you can select GB on SSD. Will cost more. Has option for 512GB or 1TB and you can get the Core i7 for processor but will cost you a little more."}, {"question": "Is there something different i5 vs i7 in this macbook pro 13?", "answer": "Answer not available"}, {"question": "Does it come with any photo editing app?", "answer": "Answer not available"}, {"question": "It's says latest model, but is this 2019 or 2018?", "answer": "If it is the 2.3GHZ model it will be 2018, I suppose Amazon hasn't fixed that yet."}, {"question": "How can I order a macbook pro with a foreign keyboard at amazon?", "answer": "Yes, but the foreign keyboard has to be specified in the Amazon publication. It\u2019s better to order the computer in the Apple Store if a special keyboard is needed."}, {"question": "Is i5 processor is 8th gen ?", "answer": "I never got the chance to use it because I was sent the wrong item so I returned it."}, {"question": "Is it a 2018 model or a 2017 model?", "answer": "Answer not available"}, {"question": "Can it be upgraded to 16gb?", "answer": "Documentation specified 16gb max. So I would say yes."}, {"question": "do you have 16GB ram for the 13 inch ones?", "answer": "Answer not available"}, {"question": "Do you charge tax in California.?? What refund policy if open and used?", "answer": "Answer not available"}, {"question": "Which USB ports does it have , and how many ?", "answer": "Answer not available"}, {"question": "Cual es su condici\u00f3n? De ser nueva viene sellada en su caja original?", "answer": "Si. Viene en su caja original de Apple"}, {"question": "What is this model number? Anybody post back image of this macbook?? Why Amazon does not post model number, bestbuy do??", "answer": "Answer not available"}, {"question": "Is it totally new?", "answer": "Answer not available"}, {"question": "I want this computer with 16gb of ram but i cannot configure it on here. why?", "answer": "You only can do it on apple website"}, {"question": "is this 8th gen cpu?", "answer": "It is the \u201cCoffee Lake\u201d generation Intel chip, the most recent one Apple is using for their MacBook Pros."}, {"question": "Hello. What is the model number of this laptop? Thank you.", "answer": "Answer not available"}, {"question": "Am I able to purchase the three year warranty later or do I need to purchase it along with the laptop together?", "answer": "Answer not available"}, {"question": "Is this good for recording and editing videos?", "answer": "Answer not available"}, {"question": "Can I get it in Korea?", "answer": "Answer not available"}, {"question": "Does it be come with global warranty? If not can it be upgraded to it, if so ,for what price ?", "answer": "Answer not available"}, {"question": "I want this computer with 16gb of ram but i cannot configure it on here. why?", "answer": "I think they're only selling the 8gb version here on Amazon"}, {"question": "El procesador es de octava generaci\u00f3n?", "answer": "Efectivamente, el procesador ya es de 8a generaci\u00f3n, es una maravilla"}, {"question": "Does Apple care accepted worldwide ?", "answer": "Answer not available"}, {"question": "Still have available? Is the latest version?", "answer": "Yes. Latest version"}], "time": ["09/04/2021 15:23:34"], "reviewsCountInfo": {"expRevCount": 65, "actRevCount": 65, "nonEnglishRevCount": 5}, "scrapperInfo": {"Version": "1.3.2", "Released Date": "08/04/2021"}, "productURL": "https://www.amazon.com/gp/product/B07JNXLZ3T", "ASIN": "B07JNXLZ3T", "title": "Apple MacBook Pro (13-Inch, 8GB RAM, 512GB Storage, 2.3GHz Intel Core i5) - Space Gray (Previous Model)", "manufacturer": " Apple Store", "currentPrice": "", "rating": "4.5", "totalRatings": "171 "}