{"features": ["LAPTOP FOR WORK, SCHOOL, AND PLAY: With Office 365 and 1 TB of cloud storage, this device combines functionality, connectivity, style, and value.", "PROCESSOR: Intel(R) Celeron(R) Dual-Core N3060 Processor, 1.6 GHz up to 2.48 GHz.", "DISPLAY: 14-inch diagonal HD SVA BrightView WLED-backlit (1366x768).", "MEMORY: 4 GB DDR3L-1600 SDRAM (not upgradable).", "HARD DRIVE: 32 GB eMMC.", "BATTERY LIFE: Up to 9 hours (video playback); up to 7 hours and 45 minutes (wireless streaming).", "THIN, LIGHT, AND PORTABLE (unpackaged): 13.27 inches (W) x 8.90 inches (D) x 0.70 inch (H); 3.17 pounds.", "OPERATING SYSTEM AND WARRANTY: Windows 10 Home in S Mode and one-year limited warranty with 24-hour, 7 days a week web support."], "reviewsAspects": ["love the color", "bought this for my daughter", "wifi connection", "laptop", "computer", "slow", "windows", "microsoft", "runs", "school", "spent", "freezes", "lightweight", "reconnect"], "productInformation": [{"ASIN": "B07JHYXR4T", "Customer Reviews": "132 ratings\n4.1 out of 5 stars", "Best Sellers Rank": "#456 in Computers & Accessories (See Top 100 in Computers & Accessories)\n#48 in Traditional Laptop Computers", "Shipping Weight": "3.65 pounds (View shipping rates and policies)", "Date First Available": "November 5, 2018"}], "productDescription": "From the manufacturer\nHP Stream 14-cb010nr\nCompletely connected. Perfectly productive.\nEasily shift from homework workhorse to streaming your favorite shows.\nAbout this laptop Specifications Highlighted features Additional features\nCompare HP Cloud-connected Laptops\nLearn more\nCurrently viewing\nLearn more\nDisplay size (diagonal)\n11.6 inches\nDisplay size (diagonal)\n14.0 inches\nDisplay size (diagonal)\n11.6 inches\nOffice 365 Personal for 1 year\nIncludes Microsoft Excel, Word, PowerPoint, OneNote, and Access\nOffice 365 Personal for 1 year\nIncludes Microsoft Excel, Word, PowerPoint, OneNote, and Access\nApp-friendly touchscreen\nAccess nearly a million Android apps with Chrome OS\n1 TB of OneDrive cloud storage\nSecurely store and share your photos, videos, documents, files, and more\n1 TB of OneDrive cloud storage\nSecurely store and share your photos, videos, documents, files, and more\n100 GB of Google Drive storage\nStay connected to your content all day\nDTS Studio Sound\nExperience deep bass and clear dialogue for all your entertainment\nHD Audio with stereo speakers\nTuned for exceptional stereo quality\nHD Audio with stereo speakers\nTuned for exceptional stereo quality\nAnti-glare panel\nLess glare when you're outside\nBrightView panel\nBright, clear viewing indoors\n360-degree geared hinge\nInnovatively engineered to rotate 360 degrees into four unique modes\nRecommended HP Laptop Accessories\nLearn more\nLearn more\nLearn more\nLearn more\nLearn more\nLearn more\nWhy buy\n27\" diagonal FHD monitor Sleek design Reversible design Padded laptop compartment Loud and clear Dust-, dirt-, splash-resistant\nCompatibility \nDisplayPort; HDMI Available USB port Display up to 15.6\" diagonal Display up to 15.6\" diagonal Bluetooth or 3.5mm output Bluetooth\nDimensions\n24.16 x 8.52 x 20.09 inches 3.98 x 2.37 x 1.0 inches 11.02 x 15.75 x 0.394 inches 18.11 x 11.81 x 5.51 inches 6.89 x 5.91 x 1.57 inches 3.07 x 3.07 x 1.26 inches\nWeight\n14.99 lb 0.11025 Ib 0.48 lb 1.15 lb 0.254 lb 0.29 Ib\nPower\nExternal AC 1 AA battery N/A N/A Rechargeable or aux cable Rechargeable lithium", "reviews": [{"reviewerName": "Deb M", "rating": "5.0 out of 5 stars", "reviewTitle": "Highly recommend.", "reviewDate": "September 17, 2019", "reviewText": "\"Ive purchased this same laptop several times for my son.  Its the only one he likes. hes autistic, finds it very easy to use, good picture and sound.  Ive seen a lot of reviews about losing the wifi connection. That is a power save feature that can be corrected.  Its a great laptop, relatively inexpensive, lightweight,  cute colors.\""}, {"reviewerName": "Kristy Bianco", "rating": "5.0 out of 5 stars", "reviewTitle": "Very compact and perfect", "reviewDate": "January 26, 2019", "reviewText": "I love this product it\u2019s perfect to browse the internet or take care of light work., It\u2019s lightweight and durable and has a good battery life"}, {"reviewerName": "Connie C.", "rating": "2.0 out of 5 stars", "reviewTitle": "Disappointed", "reviewDate": "October 18, 2019", "reviewText": "I was unaware that the Windows 10 S Mode will only let you download things that are from Microsoft. I had to make a long call with Microsoft Tech Support, and they undid the S Mode so I could download Google Chrome."}, {"reviewerName": "Cat1332", "rating": "4.0 out of 5 stars", "reviewTitle": "Love this laptop NOW", "reviewDate": "December 11, 2019", "reviewText": "\"I almost sent this laptop back, but...Sam from Amazon stayed on the phone with me and called HP, They tried to get it to stay connected to the internet with no luck. It would stay on for maybe 15 mins, and then disconnect again and again. So finally HP sent a FedEx box to send it in. Took about 2 weeks to get it back, but now it works like a charm. Hasnt disconnected yet, and Ive had it on for about 3 days. Some people say its slow, I dont think so. I love this laptop now, plenty fast enough, and oh so cute. Highly recommended, but only after sending it to HP for an internet connection fix.\""}, {"reviewerName": "backofthebusgirl", "rating": "4.0 out of 5 stars", "reviewTitle": "Good for OLder Adults But A Little Sluggish", "reviewDate": "October 9, 2019", "reviewText": "\"Ive alway been a fan of this line of HP mini laptops.  Having owned an older one, I thought this would make an excellent replacement.  Nope!  The first problem is that the power button stopped illuminating.  Then I discovered that SSD chips dont lock into place and can easily fall out when moving this unit around.  The CPU seems to be underpowered for this unit and browsing seems a bit sluggish.  The screen and keyboard are good sized, making it good for older adults with poor eyes and clumsy fingers.  Perhaps it was just my unit that was defective which I replaced with another HP Stream with a smaller screen, but better CPU.\""}, {"reviewerName": "Michael Haldane", "rating": "1.0 out of 5 stars", "reviewTitle": "Dont buy!!!!", "reviewDate": "July 11, 2019", "reviewText": "I love the colour however there is a major issue with the wifi, which keeps disconnecting. I have to shut down the laptop to reconnect and that dont always work. Another issue is certain application you open the laptop freezes. If these are corrected this would be the perfect introductory for kids to start school."}, {"reviewerName": "Allison", "rating": "1.0 out of 5 stars", "reviewTitle": "This computer bites.", "reviewDate": "March 23, 2019", "reviewText": "It loses its connection to WiFi/Internet constantly.  It freezes willy nilly.  It sucks."}, {"reviewerName": "WILLIAM GERHART JR", "rating": "4.0 out of 5 stars", "reviewTitle": "\"Cant beat the price\"", "reviewDate": "June 4, 2019", "reviewText": "\"For the price, its great, beautiful color, simple to use..No regrets at all. I just opened it, and it didnt have the mouse, pad ear plugs blue case as shown on the extra items shown.\""}, {"reviewerName": "Rachael", "rating": "3.0 out of 5 stars", "reviewTitle": "Update BIOS and WiFi driver!!", "reviewDate": "December 25, 2019", "reviewText": "We bought this for our daughter for Christmas after quite a bit of research. I was a little reluctant due to the reviews about it dropping Internet connection. I was hopeful we\u2019d get lucky. Unfortunately, we didn\u2019t. We had issues with internet connection dropping every few minutes right out of the box. I spent most of Christmas Day researching solutions. A BIOS and WiFi driver update seemed to resolve the problem, but what a pain! Get it together HP. This is clearly a significant issue if many users are experiencing this. Otherwise, this is a perfect laptop for our kiddo."}, {"reviewerName": "Sandra Guillaume", "rating": "5.0 out of 5 stars", "reviewTitle": "Didn\u2019t get to try it!!", "reviewDate": "December 18, 2019", "reviewText": "Unfortunately I can\u2019t really review this product because I never really got to try it., I plugged it in, turned it on.  I couldn\u2019t find the start button on the screen to get it going., I called tech support for some help and since the gentleman couldn\u2019t get in touch with HP because it was Sunday evening, he just issued me a refund., That was quick and easy, but I really wanted and needed a working laptop."}, {"reviewerName": "William Evans", "rating": "2.0 out of 5 stars", "reviewTitle": "be careful who you buy from", "reviewDate": "January 15, 2020", "reviewText": "seller sold me a  reconditioned unit with only 4 days left on the manufacturers one year warranty., it even had  a walmart shipping label on the box that I only discovered after opening the box and getting it set up. it even had a virus that I was alerted to by my antivirus program and had to contact Microsoft to unlock the warning screen."}, {"reviewerName": "Love to read", "rating": "3.0 out of 5 stars", "reviewTitle": "Would recommend except for network connection issues", "reviewDate": "April 22, 2019", "reviewText": "Good laptop except for the fact that it consistently drops network connection making it a challenge to use at times."}, {"reviewerName": "MBO", "rating": "4.0 out of 5 stars", "reviewTitle": "Marty", "reviewDate": "November 25, 2019", "reviewText": "This laptop was a gift to a new college student. I have not received feedback hence the 4 star and not 5."}, {"reviewerName": "Olive Brewer", "rating": "2.0 out of 5 stars", "reviewTitle": "Barely works. Bare minimum done by delivery driver", "reviewDate": "January 19, 2020", "reviewText": "\"i asked the driver to place my package inside my home, as the door was unlocked and i didnt want my laptop outside in the cold. the driver did not do that, and the laptop sat outside for a couple of hours. i ran it and its slow, wont connect to the internet and i wish i wouldve never spent money on it. terrible on yalls delivery people.\""}, {"reviewerName": "Jon Snow", "rating": "2.0 out of 5 stars", "reviewTitle": "So slow", "reviewDate": "December 8, 2019", "reviewText": "This is SO SLOW. I have nothing even downloaded on it and it\u2019s insanely slow. Go with another brand and spare yourself the anxiety this gives you when a load screen sits there for 10 minutes trying to search a website. Light weight and love the color though."}, {"reviewerName": "G.R.", "rating": "4.0 out of 5 stars", "reviewTitle": "Good for the price", "reviewDate": "December 21, 2019", "reviewText": "Win 10 S installed sucks but you can activate WIN10 Home for no cost. Have to disable power save for wifi to prevent it from turning off."}, {"reviewerName": "brittany", "rating": "1.0 out of 5 stars", "reviewTitle": "You get what you pay for!", "reviewDate": "August 14, 2019", "reviewText": "It will not stay connected to the internet! The WiFi adapter is horrible.  Every few minutes you have to run a troubleshoot to get it to reconnect. I love the color. The screen quality is good, but it is a huge hassle not being able to stay connected to the internet."}, {"reviewerName": "Jake Davis", "rating": "3.0 out of 5 stars", "reviewTitle": "Fast shipping", "reviewDate": "January 12, 2020", "reviewText": "Everything works well. Just the screen had black spots at the bottom of screen when first turned on."}, {"reviewerName": "George Amaro", "rating": "5.0 out of 5 stars", "reviewTitle": "Good for the Value", "reviewDate": "January 10, 2020", "reviewText": "Bought this for my daughter to use for school and a little play. Great starter computer. No complaints at all"}, {"reviewerName": "crustyosalt", "rating": "5.0 out of 5 stars", "reviewTitle": "Perfect for a Student", "reviewDate": "January 8, 2020", "reviewText": "This was the perfect gift for a new college student and met all his requirements."}, {"reviewerName": "Amazon Customer", "rating": "5.0 out of 5 stars", "reviewTitle": "Amazon is the place that offers the best quality products. They are dependable.", "reviewDate": "November 21, 2019", "reviewText": "Loved the product. Needed pc for documents, easy to transport. I have an ipad, kindles, however, I needed a little something more and as always i can count on Amazon to give me a quality product."}, {"reviewerName": "Tiffany Smith", "rating": "5.0 out of 5 stars", "reviewTitle": "Great for kids", "reviewDate": "December 31, 2019", "reviewText": "My kids love that it is light weight. It was also easy to setup and they love the color. As far as performance, we have no complaints so far!!"}, {"reviewerName": "Alexandria Saunders", "rating": "5.0 out of 5 stars", "reviewTitle": "A great computer!", "reviewDate": "October 13, 2019", "reviewText": "\"This is probably the best laptop youll ever buy! It has all the sturdy qualities of a Macbook without the Macbook price!\""}, {"reviewerName": "Solon", "rating": "2.0 out of 5 stars", "reviewTitle": "YouTube runs really slow on this laptop.", "reviewDate": "December 16, 2019", "reviewText": "Bought this for my daughter, it looks super cute. Just one MAJOR problem. YouTube runs really slow on this laptop. Other apps (Netflix Crunchyroll Hulu)take longer to load but not so that it\u2019s frustrating."}, {"reviewerName": "SONIA  ESCOBAR", "rating": "5.0 out of 5 stars", "reviewTitle": "First laptop loves it", "reviewDate": "December 30, 2019", "reviewText": "This is a gift for my 18 yr old niece for Xmas and so far she loves it"}, {"reviewerName": "david o.", "rating": "5.0 out of 5 stars", "reviewTitle": "Nice.", "reviewDate": "October 25, 2019", "reviewText": "I liked it."}, {"reviewerName": "marlana dryer", "rating": "4.0 out of 5 stars", "reviewTitle": "Fine for the price", "reviewDate": "December 18, 2019", "reviewText": "This is a replacement computer and it serves the purpose"}, {"reviewerName": "Suzannah m Stefansky", "rating": "1.0 out of 5 stars", "reviewTitle": "\"Its a lemon\"", "reviewDate": "June 9, 2019", "reviewText": "Has not worked properly since I got it."}, {"reviewerName": "Kino", "rating": "5.0 out of 5 stars", "reviewTitle": "Christmas present for my daughter", "reviewDate": "January 4, 2020", "reviewText": "Daughter loves it"}, {"reviewerName": "Agenthayden", "rating": "5.0 out of 5 stars", "reviewTitle": "Quality laptop", "reviewDate": "December 29, 2019", "reviewText": "Great unit.  We have 3 of them"}, {"reviewerName": "dave mcclure", "rating": "5.0 out of 5 stars", "reviewTitle": "I bought the Lap top for my Grandson to use in school.", "reviewDate": "September 29, 2019", "reviewText": "I bought the Lap top for my Grandson and He really likes it."}, {"reviewerName": "lisa madej", "rating": "4.0 out of 5 stars", "reviewTitle": "Good value for price", "reviewDate": "December 6, 2019", "reviewText": "Simple and easy to use"}, {"reviewerName": "Anonymous", "rating": "1.0 out of 5 stars", "reviewTitle": "Horrible", "reviewDate": "May 15, 2019", "reviewText": "This would not stay connected to wifi"}, {"reviewerName": "Colleen Wimsett", "rating": "5.0 out of 5 stars", "reviewTitle": "Great quality", "reviewDate": "December 6, 2019", "reviewText": "Great laptop for the money but having trouble connecting to the wireless printer"}, {"reviewerName": "Kim", "rating": "3.0 out of 5 stars", "reviewTitle": "Great Price", "reviewDate": "September 8, 2019", "reviewText": "This laptop is lightweight and user friendly. Great features like Windows 10. Definitely worth the price."}, {"reviewerName": "Deborah", "rating": "5.0 out of 5 stars", "reviewTitle": "order & delivery process.  Great deal on computer.", "reviewDate": "December 9, 2019", "reviewText": "Love this computer!  Easy ordering & delivery process.  Great deal on computer.  Love the color and the size."}, {"reviewerName": "Key", "rating": "5.0 out of 5 stars", "reviewTitle": "Great laptop", "reviewDate": "January 22, 2020", "reviewText": "Love it! Brought it for my 12 year old and loved it for myself"}, {"reviewerName": "Paulette Decker", "rating": "1.0 out of 5 stars", "reviewTitle": "\"Key board dont work\"", "reviewDate": "December 15, 2019", "reviewText": "Wanted to keep computer but could not make key  board work to finish my log inn., still waiting for my refund guess your crooks got away with it,"}, {"reviewerName": "Bee", "rating": "1.0 out of 5 stars", "reviewTitle": "This computer keeps freezing and losing WIFI Connection!!!!!!", "reviewDate": "January 5, 2020", "reviewText": "This computer keeps freezing and losing WiFi Connection!!!! Don\u2019t waste your time!! I am highly dissatisfied!!!!!!"}, {"reviewerName": "Kayla Mills Review", "rating": "5.0 out of 5 stars", "reviewTitle": "Honest review", "reviewDate": "August 31, 2019", "reviewText": "Great laptop. Internet runs a little slow. Great for school and online classes."}, {"reviewerName": "Marian Price", "rating": "5.0 out of 5 stars", "reviewTitle": "Best small size computer", "reviewDate": "January 21, 2020", "reviewText": "I love it!"}, {"reviewerName": "Amazon Customer", "rating": "5.0 out of 5 stars", "reviewTitle": "Awesome", "reviewDate": "January 19, 2020", "reviewText": "All functions well driven and comfortable preformance"}, {"reviewerName": "Amazon Customer", "rating": "5.0 out of 5 stars", "reviewTitle": "Great product\ud83d\ude0a", "reviewDate": "November 5, 2019", "reviewText": "Personal use, no issues, light weight and love it..."}, {"reviewerName": "\"Caesars Place\"", "rating": "5.0 out of 5 stars", "reviewTitle": "Great little laptop!!", "reviewDate": "October 22, 2019", "reviewText": "We love this for our college age daughter.  Its light and easy to slip in a backpack."}, {"reviewerName": "Heather Gloria", "rating": "2.0 out of 5 stars", "reviewTitle": "Not worth the money.", "reviewDate": "January 22, 2020", "reviewText": "\"Very slow and it doesnt have the capacity to be upgraded.\""}, {"reviewerName": "Olga caballero", "rating": "1.0 out of 5 stars", "reviewTitle": "The another product  is chromebook  c202sa-yso2 for $180.00", "reviewDate": "January 8, 2020", "reviewText": "I would like  to know if  I can change this product  for another."}, {"reviewerName": "samirah robinson", "rating": "1.0 out of 5 stars", "reviewTitle": "Nothing was good", "reviewDate": "December 26, 2019", "reviewText": "This product not worth buying the internet continue to drop"}, {"reviewerName": "Tawana Carter", "rating": "5.0 out of 5 stars", "reviewTitle": "Love it\ud83d\ude42\ud83d\udc9c", "reviewDate": "January 3, 2020", "reviewText": "Love it \ud83d\ude42\ud83d\udc9c"}, {"reviewerName": "Hiraldo", "rating": "5.0 out of 5 stars", "reviewTitle": "Excellent product", "reviewDate": "October 11, 2019", "reviewText": "I love this laptop & all it\u2019s features."}, {"reviewerName": "Tina Anderson", "rating": "5.0 out of 5 stars", "reviewTitle": "Great", "reviewDate": "December 11, 2019", "reviewText": "Love this for what I need it for...."}, {"reviewerName": "Jerri", "rating": "3.0 out of 5 stars", "reviewTitle": "Returned", "reviewDate": "December 29, 2019", "reviewText": "Too slow"}, {"reviewerName": "STEPHAINE ", "rating": "5.0 out of 5 stars", "reviewTitle": "Great starter for young kids!!!", "reviewDate": "January 1, 2020", "reviewText": "Great starter for my grandson.Great investment!!"}, {"reviewerName": "Amazon Customer", "rating": "4.0 out of 5 stars", "reviewTitle": "Computer", "reviewDate": "January 5, 2020", "reviewText": "Good product"}, {"reviewerName": "dodi", "rating": "5.0 out of 5 stars", "reviewTitle": "excelent", "reviewDate": "September 17, 2019", "reviewText": "good"}, {"reviewerName": "ANGELA", "rating": "5.0 out of 5 stars", "reviewTitle": "Great Use for School", "reviewDate": "October 15, 2019", "reviewText": "Great for school use."}, {"reviewerName": "Jose Puente", "rating": "5.0 out of 5 stars", "reviewTitle": "Thumbs Up!", "reviewDate": "January 20, 2020", "reviewText": "Awesome product!"}, {"reviewerName": "mario aleman", "rating": "5.0 out of 5 stars", "reviewTitle": "Its nice for kids", "reviewDate": "April 9, 2019", "reviewText": "Works great"}, {"reviewerName": "karen", "rating": "5.0 out of 5 stars", "reviewTitle": "n/a", "reviewDate": "October 26, 2019", "reviewText": "loved it"}, {"reviewerName": "Beach Bummer", "rating": "1.0 out of 5 stars", "reviewTitle": "Great at loosing WiFi randomly", "reviewDate": "September 10, 2019", "reviewText": "From what I understand this is a Windows 10 issue: the computer doesn\u2019t hold a WiFi connection consistently and will often not recognize that it is connected or that there are networks available. It often won\u2019t reconnect without a restart and may hold the connection for less than a minute., It is rare for it to function in what I would consider a normal, useful way. There seems to be no rhyme or reason to why it occasionally works fine versus when it doesn\u2019t., All other devices have no such issues with out router: only this computer. Google it: this isn\u2019t a new or isolated issue., The fact that this is clearly a known and long term issue angers me: we needed a school computer for a child and thought this would be a suitable choice but they are literally falling behind on assignments because I am spending more time trying to fix the connectivity than they are on school work due to this issue., Shame on Microsoft for continuing to knowingly sell a faulty product to consumers, it\u2019s my opinion that marketing Windows 10 without fixing this amounts to defrauding their customers., The trouble shooting suggestions don\u2019t remedy the issue and are mostly obvious to the degree of insulting (\u201cmake sure it isn\u2019t in airplane mode\u201d) and one can not send a help request through their website without signing up for an account...because of course  Microsoft wants to turn this in an opportunity for them to help themselves to more of my personal information., I didn\u2019t rate the screen or battery life as any other features are irrelevant due to the lack of functionality."}, {"reviewerName": "HenryV2", "rating": "1.0 out of 5 stars", "reviewTitle": "Not enough eMMC memory to perform Windows 10 update without crashing", "reviewDate": "December 11, 2019", "reviewText": "Windows 10 update demanded more eMMC storage then the  7GB available after the operating system and the previous updates and bricked my computer. I have tried everything including a system recovery USB drive purchased from HP and I am still unable to restore or reset my computer. If you buy this computer be sure to do system backups and be sure to create a recovery USB drive. I am currently trying to contact HP and I will report my success or failure."}, {"reviewerName": "Diana Snyder", "rating": "1.0 out of 5 stars", "reviewTitle": "worst $200 ever spent", "reviewDate": "January 11, 2020", "reviewText": "\"Apparently theres no way to get rid of old updates so I ran out of space in just a few months despite having almost no files and nothing installed. Runs incredibly slowly. I wish I had spent a bit more on a laptop that actually works.\""}, {"reviewerName": "JackVD", "rating": "1.0 out of 5 stars", "reviewTitle": "Awful Product", "reviewDate": "September 9, 2019", "reviewText": "Do not buy this. This product has not worked since the day I bought it. It is an absolute waste of money, not one thing about it works properly. I would say it\u2019s a fluke but since buying it I\u2019ve seen numerous reviews reflecting the same experience. Absolutely terrible product. Set your money on fire instead."}, {"reviewerName": "Jay", "rating": "1.0 out of 5 stars", "reviewTitle": "\"DONT BUY\"", "reviewDate": "October 27, 2019", "reviewText": "\"This laptop has some serious issues. It freezes a lot and runs out of storage so fast when I only had a few things downloaded. I cant even restart it because I dont have enough storage. I wish I never bought this laptop.\""}, {"reviewerName": "Sandra Lewis", "rating": "5.0 out of 5 stars", "reviewTitle": "Great gift.", "reviewDate": "January 5, 2020", "reviewText": "Given as a gift the recipient loves it and everything about it including the color."}], "qAndA": [{"question": "Can you turn off S mode?", "answer": "Answer not available"}, {"question": "Does it have a hdmi connectivity?", "answer": "Yes, it does have an HDMI port."}, {"question": "Are you able to play sims games on this computer?", "answer": "Answer not available"}, {"question": "Do the computer have bluetooth", "answer": "That, I don't know, but I do know this laptop is \"Great\""}, {"question": "Does it have a webcam?", "answer": "Yes, it has an integrated webcam and microphone combination!!"}, {"question": "can I add memory with sim card", "answer": "Yes, Disadvantage is it sticks out of the side when inserted."}, {"question": "I see in the reviews that dropping connection to wifi is an issue. Has the wifi adapter been upgraded?", "answer": "Because this is the same model, there are no upgrades. Unfortunately, wifi strengths vary and connection will vary with the strength of the signal."}, {"question": "Im trying to work at home...I need 2ghz..will this work?", "answer": "The Celeron N3060 has a base speed of 1.6 gHz, with boost speeds up to 2.4 gHz."}, {"question": "Is this a good computer for college?", "answer": "That will depend on what you're wanting to be able to use the laptop for. Ultimately we do not recommend this model for any other tasks than light web browsing."}, {"question": "Can i use it for djing (serato pro) ??", "answer": "yesss"}, {"question": "I am looking for a christmas gift for my 10 year old. Can fortnite, roblox, or minecraft etc. be played on this type of computer?", "answer": "This laptop cannot handle Fortnite, Roblox or Minecraft."}, {"question": "Because this has Windows OS, it will give me full access to the options my printer has, correct?", "answer": "That's correct."}, {"question": "does it come with virus protection", "answer": "The HP Stream runs Windows 10 in S Mode, which is more effective than virus protection because it only allows apps from the Windows Store to run on the computer. You will still have full functionality, with downloads of photos and files working just fine."}, {"question": "Can u text", "answer": "There may be an app in the Windows Store that allows texting, but there is nothing included in Windows 10 in S Mode."}, {"question": "Do I need to buy Anything else or Is this computer ready to go right out of the box?", "answer": "Ready to go right out of the box"}, {"question": "Does it come with the head phones, mouse, and, case?", "answer": "No, it only includes the Laptop, Power Adapter and Users Guide."}, {"question": "It\u2019s asking for a product key. Where would I find that?", "answer": "Look up on line for whatever you are trying to do.\nI never had that, the conversion to WIN 10 Home was done online following online instructions."}, {"question": "What is in S mode?", "answer": "This laptop comes in Windows 10 S Mode, which means you can only download apps from the Microsoft store or use Microsoft Edge browser."}, {"question": "Does it have a webcam?", "answer": "Yes, it has an integrated webcam and microphone combination!!"}, {"question": "Can you use lightroom and photoshop on this?", "answer": "No, this laptop cannot handle Lightroom or Photoshop."}, {"question": "I have a drawing tablet, the huion gt191 v2, can this laptop run the software well?", "answer": "This laptop does not have a great deal of memory so I would say you may want to look into something a little bigger."}, {"question": "What printers pair with this computer?", "answer": "Any HP printer will work with this printer."}, {"question": "Are you able to download the sims to this device? I want to get my daughter a computer, but don't feel like spending a bunch of money", "answer": "This laptop is absolutely perfect for everyday use, and price-wise. I highly recommend one, I'm looking for another one as we speak"}, {"question": "Can it be delibered out of usa?", "answer": "Do not know"}, {"question": "Puedo entrar a Google solo lo quiero para navegar en internet , pero si necesito que el navegador sea r\u00e1pido !!! Me sirve ?", "answer": "Si, yo veo pel\u00edculas en HD, descargo juegos, m\u00fasica y trabaja muy bien... Puede navegar en Internet sin problema\n\nYeap!..I watch HD movies , download games music and it works really good.... You can use internet perfectly"}, {"question": "I just got this and web browsing is so slow, it takes 49 seconds for YouTube page to load then another 30* seconds when you click on a video. Why?", "answer": "I just received it as well and I love it. I have no problems with speed and I do a lot of complex computing so I would check your settings and browser selection as well as your internet service provider signal strength and speeds."}, {"question": "Does the SD card have a spring and lock mechanism to keep the card from falling out?", "answer": "Yes, it does."}, {"question": "Tiene Bluetooth la computadora", "answer": "S\u00ed, esta computadora tiene bluetooth."}, {"question": "Can you plug a hp printer in to this laptop?", "answer": "If you have a usb plug connector you can"}, {"question": "Do I need to purchase a battery charger?", "answer": "No"}, {"question": "Can i hook up a seperate dvd drive to this laptop ?", "answer": "Yes, choose one that connects via USB."}, {"question": "can someone please suggest an SD card i can use with this laptop?", "answer": "You can use the SD card of your choice up to 32 GB."}, {"question": "what is the type of adaptor cord I need with this model?", "answer": "The power cord will come with the laptop."}, {"question": "I see in the reviews that dropping connection to wifi is an issue. Has the wifi adapter been upgraded? Accessories included or not?", "answer": "You can fix that by going into settings and making sure it isn't on power save mode. This is my 3rd laptop, exact same one, have not had this issue."}, {"question": "Does this laptop allow for cd-roms?", "answer": "No"}, {"question": "Hello, I bought this for father's day gift, where are the mouse, ear plugs and cover.??", "answer": "It didnt come with anything like that."}, {"question": "Would this be good for my daughter who likes to play roblox?", "answer": "It really depends on her age and creativity. If she is very into playing and runs other apps simultaneously, it may be slow in use."}, {"question": "I just got this and web browsing is so slow, it takes 49 seconds for YouTube page to load then another 30* seconds when you click on a video. Why?", "answer": "Bloatware installed using processor. Uninstall all programs you do not need or want. I use glarysoft.com to keep system streamlined. Good stuff no BS."}, {"question": "My daughter is needing this computer for school is this a great computer", "answer": "I bought it for my granddaughter when they were using chrome books and it was fine but when they needed Google Classroom it didn\u2019t work for them any longer."}, {"question": "Does it come with case", "answer": "No"}, {"question": "Can a optical drive be connected to this", "answer": "Yes, you can connect an USB external optical drive to this laptop."}, {"question": "Tiene idioma espa\u00f1ol?", "answer": "Si... Sin embargo no tiene la \u00f1 en el teclado"}, {"question": "Has anyone lately bought this ie last month or two. do. you have internet wifi issues as others have?", "answer": "No I don't have internet issues with my hp laptop"}, {"question": "Do you really need expert setup??", "answer": "No, Windows 10 is very easy to get setup properly on your own."}, {"question": "Is this touch screen?", "answer": "no, it is not a touch screen"}], "time": ["24/01/2020 22:53:28"], "productURL": "https://www.amazon.com/gp/product/B07JHYXR4T", "ASIN": "B07JHYXR4T", "title": "HP Stream 14-inch Laptop, Intel Celeron N3060 Processor, 4 GB SDRAM Memory, 32 GB eMMC storage, Windows 10 Home in S Mode with Office 365 Personal for one year (14-cb010nr, Aqua Blue)", "manufacturer": "HP", "currentPrice": "$180.00", "rating": "4.1", "totalRatings": "132 "}