{"features": ["Intel Core i3-7130U Dual -Core Processor 2 7GHz/8 GB DDR4 SDRAM Memory/ 128GB Solid State Drive", "15 6\" Hd 1366x768 touch screen Display/ Intel Integrated HD 620 Graphics", "Keyboard with numeric keypad/ 802 11B/g/n wireless and Bluetooth/ webcam with integrated microphone", "2 x USB 3 1 1 x USB 2 0 HDMI/ 4-cell Li-Ion Battery/ black finish/ Windows 10 Home", "Multi-format SD media card Reader/ no DVD"], "reviewsAspects": ["touch screen", "battery life", "power cord", "solid state", "build quality", "optical drive", "great computer", "hard drive", "web browsing", "needs to be replaced", "wifi adapter", "wireless mouse", "casual use"], "productInformation": [{"\nASIN\n": "\nB07KVFTVHX\n", "Customer Reviews": "\n\n\n\n\n\n\n4.4 out of 5 stars\n\n\n\n\n\n\n\n\n609 ratings\n\n\n\n\n\n\n4.4 out of 5 stars\n", "\nBest Sellers Rank\n": "\n\n#10,932 in Computers & Accessories (See Top 100 in Computers & Accessories)\n\n#1,494 in Traditional Laptop Computers\n\n\n", "\nDate First Available\n": "\nNovember 25, 2018\n"}], "productDescription": "\nThis computer has been upgraded from the original manufacturer specifications by our professional technicians.\nDell Inspiron 15.6\" HD Touchscreen Laptop laptop boasts a powerful Intel Core i3-7130U processor with clock speeds up to 2.7GHz to handle multitasking with ease.\nHigh Definition 15.6\" Touchscreen gives you the space and control you need to get things done.\nEquipped with Windows 10 which features Cortana, the personal assistant who can open apps and answer questions on command.\nDell Quality and Reliability\nSleek and Powerful\nMultitask like a pro and impress with clean lines and a sleek look.\nErgonomic Keyboard\nThe full-size keyboard and numeric keypad allows for quick typing and data entry.\nThe built-in trackpad enables smooth naviagtion of webpages and documents.\nComplete Connectivity\nPlenty of ports will keep you moving quickly throughout your day. Connect to the internet and other devices with wifi or browse the internet over a wired connection with the built-in LAN port. Transfer data from your camera or phone with the SD card reader, or plug into an external monitor or TV with the integrated HDMI port.\n15.6\" HD Touchscreen Display\nSee it All and Feel it All in High Definition\nThe 15.6 inch HD Touchscreen allows you to easily navigate all of your projects and concentrate on what matters most.\nWLED backlight\nWidescreen Touch Display\nHD standard-viewing angle (SVA)\nDiagonal Size 39.6 cm\nIntel Core i3-7130U\nKaby Lake mobile series (7th generation).\nTDP of 15 Watts\nDual CPU cores with hyperthreading (4 total threads)\nClock speeds up to 2.70 GHz\nIntel HD Graphics 620 graphics processor\nDDR4-2133 memory supported", "reviews": [{"reviewerName": "LJC", "reviewerUrl": "https://www.amazon.com/gp/profile/amzn1.account.AGID7ENXAIYSMPROQQI54ZHBTP2A/ref=cm_cr_getr_d_gw_btm?ie=UTF8", "rating": "2.0 out of 5 stars", "reviewTitle": "Charger and charging port delicate", "reviewDate": "March 28, 2021", "reviewText": "  After 9 months of purchase charging port broken.", "is_Helpful": ""}, {"reviewerName": "Martin", "reviewerUrl": "https://www.amazon.com/gp/profile/amzn1.account.AECPXZ5RX42DAQ7FZQVBBMCK3LDQ/ref=cm_cr_getr_d_gw_btm?ie=UTF8", "rating": "5.0 out of 5 stars", "reviewTitle": "My father gift", "reviewDate": "March 24, 2021", "reviewText": "  I my father liked you new laptop", "is_Helpful": ""}, {"reviewerName": "John Piantieri", "reviewerUrl": "https://www.amazon.com/gp/profile/amzn1.account.AEXN3VFNZS7CKHX2NHDHLYDBZZIQ/ref=cm_cr_getr_d_gw_btm?ie=UTF8", "rating": "5.0 out of 5 stars", "reviewTitle": "5", "reviewDate": "March 23, 2021", "reviewText": "  5", "is_Helpful": ""}, {"reviewerName": "waxy", "reviewerUrl": "https://www.amazon.com/gp/profile/amzn1.account.AF2NDNAQ7ONCEYDJ2LAGVEO35KUA/ref=cm_cr_getr_d_gw_btm?ie=UTF8", "rating": "5.0 out of 5 stars", "reviewTitle": "replacement", "reviewDate": "February 8, 2021", "reviewText": "  like dell long time user", "is_Helpful": ""}, {"reviewerName": "Yolande", "reviewerUrl": "https://www.amazon.com/gp/profile/amzn1.account.AH7QCCAOIV6HRVOCIFRZ4YGGRREA/ref=cm_cr_getr_d_gw_btm?ie=UTF8", "rating": "3.0 out of 5 stars", "reviewTitle": "Resolution needs improvement.", "reviewDate": "December 6, 2020", "reviewText": "  Picture quality not as crisp as expected. Returned for a different model.", "is_Helpful": ""}, {"reviewerName": "Dellareese D.", "reviewerUrl": "https://www.amazon.com/gp/profile/amzn1.account.AEDVHCHGDNLKTECXP3SFQ3MG7XEA/ref=cm_cr_getr_d_gw_btm?ie=UTF8", "rating": "5.0 out of 5 stars", "reviewTitle": "Worth every penny!!!", "reviewDate": "October 27, 2020", "reviewText": "  A valued investment!", "is_Helpful": ""}, {"reviewerName": "Cameron Landes", "reviewerUrl": "https://www.amazon.com/gp/profile/amzn1.account.AFBKNBVS2UDY77HVSC4MV5LTCFMQ/ref=cm_cr_getr_d_gw_btm?ie=UTF8", "rating": "5.0 out of 5 stars", "reviewTitle": "Great computer for the average everyday user", "reviewDate": "September 11, 2020", "reviewText": "  Got this after having a Mac for 6, 7 years. This dell, Is incredible. Opened my eyes to the functionality of PC\u2019s and the things it could do that my Mac couldn\u2019t. Battery life is not the best but a solid 9.5-10 if you ask me. Easy to use and great specs", "is_Helpful": ""}, {"reviewerName": "GramiHami", "reviewerUrl": "https://www.amazon.com/gp/profile/amzn1.account.AF7GXVEGYVFL26QUFF5FPL52W5VA/ref=cm_cr_getr_d_gw_btm?ie=UTF8", "rating": "5.0 out of 5 stars", "reviewTitle": "Battery please.", "reviewDate": "September 8, 2020", "reviewText": "  Great laptop the battery needs to last a little longer.", "is_Helpful": ""}, {"reviewerName": "Yogeeta", "reviewerUrl": "https://www.amazon.com/gp/profile/amzn1.account.AH43T5CVL4MOFA4WYEBPQS62PP3Q/ref=cm_cr_getr_d_gw_btm?ie=UTF8", "rating": "5.0 out of 5 stars", "reviewTitle": "Awesome", "reviewDate": "September 4, 2020", "reviewText": "  The laptop is amazing \u263a\ufe0f Being my first touchscreen laptop, it feels so great!", "is_Helpful": ""}, {"reviewerName": "Twikkers", "reviewerUrl": "https://www.amazon.com/gp/profile/amzn1.account.AHYLJODLPHGED452LTSQBJVQQVVQ/ref=cm_cr_getr_d_gw_btm?ie=UTF8", "rating": "1.0 out of 5 stars", "reviewTitle": "OPEN IMMEDIATELY! CHECK IT OUT!!", "reviewDate": "September 1, 2020", "reviewText": "\"  Unfortunately I bought this as a gift I should have checked it out because now I am not able to return it and after charging for 24 hrs the battery lasted less than 1 HR and I have no office app at all. Even if I bought it awhile ago it wasnt started until today and there is not even a trial on it.  I thought I was getting a deal instead I threw away $600.\", I am VERY upset what an expensive lesson .", "is_Helpful": ""}, {"reviewerName": "Amazon Customer", "reviewerUrl": "https://www.amazon.com/gp/profile/amzn1.account.AG2LNABHLGQUSQEIN4BM2HFWTXKQ/ref=cm_cr_getr_d_gw_btm?ie=UTF8", "rating": "5.0 out of 5 stars", "reviewTitle": "Dell is a good product", "reviewDate": "August 17, 2020", "reviewText": "  My son likes his dell but the screen keeps on out!", "is_Helpful": ""}, {"reviewerName": "Melissa Pope ", "reviewerUrl": "https://www.amazon.com/gp/profile/amzn1.account.AER2G5JQ7ZKQ2QG4HVHMVG5CQETQ/ref=cm_cr_getr_d_gw_btm?ie=UTF8", "rating": "1.0 out of 5 stars", "reviewTitle": "Please help, it stopped charging after 2 months.", "reviewDate": "August 11, 2020", "reviewText": "\"  The computer will not charge. It doesnt recognize the power cord it came with. Does anyone know a solution to this problem? Its still new. For some reason this product page will not let me post a question so I am putting it here.\"", "is_Helpful": "One person found this helpful"}, {"reviewerName": "jeff burton", "reviewerUrl": "https://www.amazon.com/gp/profile/amzn1.account.AFGDTKAQM67ABPNDSH4MI4CDUHTA/ref=cm_cr_getr_d_gw_btm?ie=UTF8", "rating": "4.0 out of 5 stars", "reviewTitle": "good", "reviewDate": "August 11, 2020", "reviewText": "  it is good laptop but be better if it had a CD rom in it for playing CD;s", "is_Helpful": ""}, {"reviewerName": "James M.", "reviewerUrl": "https://www.amazon.com/gp/profile/amzn1.account.AF5OO4WUCIVVE4H4UJSD5NIF7KJA/ref=cm_cr_getr_d_gw_btm?ie=UTF8", "rating": "1.0 out of 5 stars", "reviewTitle": "This machine stinks", "reviewDate": "July 21, 2020", "reviewText": "  Absolutely horrible. Got this paper weight in March. Touch screen either does not work or does not exist on this machine. Now 1 month after the return date expires the screen does not work at all. I hope Amazon will make good on this piece of junk", "is_Helpful": ""}, {"reviewerName": "Petal", "reviewerUrl": "https://www.amazon.com/gp/profile/amzn1.account.AHDPVUVNFK75KNAESSFY3O5RBLCA/ref=cm_cr_getr_d_gw_btm?ie=UTF8", "rating": "2.0 out of 5 stars", "reviewTitle": "Do not buy.....battery sucks!", "reviewDate": "July 18, 2020", "reviewText": "  I used this laptop approximately 4 or 5 times max and the battery failed me. Now it is only saying battery is dead and needs to be replaced. Worse decision ever.....", "is_Helpful": ""}, {"reviewerName": "alberobello", "reviewerUrl": "https://www.amazon.com/gp/profile/amzn1.account.AGTPE64565K6HOYFW544KB3QAXGQ/ref=cm_cr_getr_d_gw_btm?ie=UTF8", "rating": "1.0 out of 5 stars", "reviewTitle": "Short life", "reviewDate": "July 17, 2020", "reviewText": "  Personal use. After 7 months it stopped working. The operating system needs to be replaced, but I would have to pay them. I am thoroughly disgusted.", "is_Helpful": ""}, {"reviewerName": "james cain", "reviewerUrl": "https://www.amazon.com/gp/profile/amzn1.account.AFBTV2N5EKVD42DLJQDXR22RIPUA/ref=cm_cr_getr_d_gw_btm?ie=UTF8", "rating": "1.0 out of 5 stars", "reviewTitle": "that i get what i view on line", "reviewDate": "July 11, 2020", "reviewText": "  it showed dvd did not have it when i got it", "is_Helpful": ""}, {"reviewerName": "Nancy Couper", "reviewerUrl": "https://www.amazon.com/gp/profile/amzn1.account.AFSO2XLNJB3BZYHNRRWQQ4RMTBYA/ref=cm_cr_getr_d_gw_btm?ie=UTF8", "rating": "1.0 out of 5 stars", "reviewTitle": "Do not buy", "reviewDate": "June 22, 2020", "reviewText": "  Six months later and the battery does not function at all. It does not even acknowledge a battery is present. Sorry Dell but you lost this customer...", "is_Helpful": ""}, {"reviewerName": "Plum island ma ", "reviewerUrl": "https://www.amazon.com/gp/profile/amzn1.account.AGG2K5Y7MTDTJ5LLSNJI4LTNCUJQ/ref=cm_cr_getr_d_gw_btm?ie=UTF8", "rating": "5.0 out of 5 stars", "reviewTitle": "Great computer for the price", "reviewDate": "June 7, 2020", "reviewText": "  bought for my going into high school daughter liked it so much decided to buy another for my office manager working from home due to Covid Virus.", "is_Helpful": ""}, {"reviewerName": "Patricia Pete", "reviewerUrl": "https://www.amazon.com/gp/profile/amzn1.account.AH3MGWIQMBHJ2Y3Z2WITCZLOT47A/ref=cm_cr_getr_d_gw_btm?ie=UTF8", "rating": "1.0 out of 5 stars", "reviewTitle": "Does not have everything that it was supposed to.", "reviewDate": "June 1, 2020", "reviewText": "  Nothing trying to work from home", "is_Helpful": ""}, {"reviewerName": "Kyla M", "reviewerUrl": "https://www.amazon.com/gp/profile/amzn1.account.AF6YLXR6OEKVVIOOGPWAVNAXSQEA/ref=cm_cr_getr_d_gw_btm?ie=UTF8", "rating": "5.0 out of 5 stars", "reviewTitle": "Perfect for school!", "reviewDate": "May 30, 2020", "reviewText": "  Love it!", "is_Helpful": ""}, {"reviewerName": "Millpuppy", "reviewerUrl": "https://www.amazon.com/gp/profile/amzn1.account.AEGUH4G2G257PWZS6HNWEMSIP2HQ/ref=cm_cr_getr_d_gw_btm?ie=UTF8", "rating": "5.0 out of 5 stars", "reviewTitle": "Excellent price for what you get.", "reviewDate": "May 21, 2020", "reviewText": "  Bought this for my high school daughter. WiFi is very slow like other reviewers stated. Bought a 10.00 WiFi adapter that plugs neatly in the USB port and problem solved. It\u2019s as fast as my more expensive Mac book pro.", "is_Helpful": ""}, {"reviewerName": "taleeya", "reviewerUrl": "https://www.amazon.com/gp/profile/amzn1.account.AFIVYDGQVE7FIHQE32PKHXD6C5ZA/ref=cm_cr_getr_d_gw_btm?ie=UTF8", "rating": "5.0 out of 5 stars", "reviewTitle": "it is great", "reviewDate": "May 14, 2020", "reviewText": "  i think it is an amazing laptop.", "is_Helpful": ""}, {"reviewerName": "Joseph Crenshaw", "reviewerUrl": "https://www.amazon.com/gp/profile/amzn1.account.AFUEPHJ5QCXLIKIOPPCU3I34GWAQ/ref=cm_cr_getr_d_gw_btm?ie=UTF8", "rating": "1.0 out of 5 stars", "reviewTitle": "Don\u2019t buy", "reviewDate": "May 14, 2020", "reviewText": "  I got this today. It\u2019s the most worthless computer I\u2019ve ever owned. It constantly disconnects from the internet for no discernible reason. It\u2019s clunky and impossible.  Worst thing I\u2019ve ever spent my money on.", "is_Helpful": "2 people found this helpful"}, {"reviewerName": "Linda M Deml", "reviewerUrl": "https://www.amazon.com/gp/profile/amzn1.account.AH2J4BYHRAX3LRJIY6QQHSHVZJ7A/ref=cm_cr_getr_d_gw_btm?ie=UTF8", "rating": "1.0 out of 5 stars", "reviewTitle": "power cord", "reviewDate": "May 9, 2020", "reviewText": "\"  Ive had the computer since May 2020. The power cord to the computer is either faulty  or its the computer thats faulty. Does not charge battery unless the cord is positioned a certain way. Have contacted the seller and no response. Would I buy this computer again. No.\"", "is_Helpful": ""}, {"reviewerName": "Colecy66", "reviewerUrl": "https://www.amazon.com/gp/profile/amzn1.account.AG5AO2EHENJJCNWNQ3FEXDX6CY7A/ref=cm_cr_getr_d_gw_btm?ie=UTF8", "rating": "5.0 out of 5 stars", "reviewTitle": "Touch screen is awesome!", "reviewDate": "May 5, 2020", "reviewText": "  Much better than I could have imagined. Love it", "is_Helpful": ""}, {"reviewerName": "Miguel A", "reviewerUrl": "https://www.amazon.com/gp/profile/amzn1.account.AHUBK65ZX5YKIZO5QN2C7F4CLPYQ/ref=cm_cr_getr_d_gw_btm?ie=UTF8", "rating": "3.0 out of 5 stars", "reviewTitle": "SELL DEFECTIVE ITEMS", "reviewDate": "April 30, 2020", "reviewText": "  FIND THE ARTICLE DEFECTIVE,( DOESNT WORK EARPHONE JACK )", "is_Helpful": ""}, {"reviewerName": "Rebeakh Jackson", "reviewerUrl": "https://www.amazon.com/gp/profile/amzn1.account.AEFD4OY57J4K6KPRG7VS55YOCOYA/ref=cm_cr_getr_d_gw_btm?ie=UTF8", "rating": "5.0 out of 5 stars", "reviewTitle": "Love everything about it", "reviewDate": "April 30, 2020", "reviewText": "  I love my laptop", "is_Helpful": ""}, {"reviewerName": "Cooper", "reviewerUrl": "https://www.amazon.com/gp/profile/amzn1.account.AE4VVMS4XH6EUG7H2JMWXVA6UGNA/ref=cm_cr_getr_d_gw_btm?ie=UTF8", "rating": "5.0 out of 5 stars", "reviewTitle": "I am very happy with this laptop", "reviewDate": "April 28, 2020", "reviewText": "  This laptop arrived in great new condition. Perfect size of a computer to have for office and personal. The touch screen is a great feature to have, and the keys are so easy to use for fast typing. I do recommend this laptop style and brand.", "is_Helpful": ""}, {"reviewerName": "Barbara Mitchell", "reviewerUrl": "https://www.amazon.com/gp/profile/amzn1.account.AG6OLM5DHSVMZKPJGRFIVV777ZNA/ref=cm_cr_getr_d_gw_btm?ie=UTF8", "rating": "4.0 out of 5 stars", "reviewTitle": "Only had a few days", "reviewDate": "April 24, 2020", "reviewText": "\"  I havent had the computer long enough to really make any comments.\"", "is_Helpful": ""}, {"reviewerName": "Thomas J. Davey", "reviewerUrl": "https://www.amazon.com/gp/profile/amzn1.account.AFUYJ6SSG36U5OQCUQWESHZZSP5A/ref=cm_cr_getr_d_gw_btm?ie=UTF8", "rating": "4.0 out of 5 stars", "reviewTitle": "This is NOT Windows 10, it is Windows 10 S Mode", "reviewDate": "April 19, 2020", "reviewText": "\"  Not a bad laptop but it comes with Windows 10 S Mode, not Windows 10, preloaded.  Not a huge deal to activate Windows 10 but its not clear in the description so FYI.  Other than that, its a nice basic laptop for the $.  Were using it for just remote access into an office network.\"", "is_Helpful": ""}, {"reviewerName": "Amazon Customer", "reviewerUrl": "https://www.amazon.com/gp/profile/amzn1.account.AHRQRBHMFWPWEFYXTEZ5SZAIXLXA/ref=cm_cr_getr_d_gw_btm?ie=UTF8", "rating": "5.0 out of 5 stars", "reviewTitle": "ease of use", "reviewDate": "April 19, 2020", "reviewText": "  easy to set up", "is_Helpful": ""}, {"reviewerName": "Amazon Customer", "reviewerUrl": "https://www.amazon.com/gp/profile/amzn1.account.AET25ONAN5QADXM262IU3PI3IWGA/ref=cm_cr_getr_d_gw_btm?ie=UTF8", "rating": "1.0 out of 5 stars", "reviewTitle": "Rip-off", "reviewDate": "April 16, 2020", "reviewText": "  Came with no power cord.  Absolutely worthless.  Supposed to be new but it\u2019s obviously used.  Don\u2019t buy!!", "is_Helpful": "2 people found this helpful"}, {"reviewerName": "Amazon Customer", "reviewerUrl": "https://www.amazon.com/gp/profile/amzn1.account.AE3SEFLUVOIENLJ7L743J726TWWA/ref=cm_cr_getr_d_gw_btm?ie=UTF8", "rating": "1.0 out of 5 stars", "reviewTitle": "Battery stopped charging after 3 months!", "reviewDate": "April 14, 2020", "reviewText": "  I bought this laptop to begin working from home. It was great the first couple of months. It has completely stopped charging and is not recognizing the Dell charger it came with. Buyer beware!", "is_Helpful": "One person found this helpful"}, {"reviewerName": "Pissante", "reviewerUrl": "https://www.amazon.com/gp/profile/amzn1.account.AGLD6P3AZDRM7ETEHV7BQAT73QKQ/ref=cm_cr_getr_d_gw_btm?ie=UTF8", "rating": "1.0 out of 5 stars", "reviewTitle": "was sent used product", "reviewDate": "April 3, 2020", "reviewText": "  used. product.", "is_Helpful": "One person found this helpful"}, {"reviewerName": "Tom&gerri CHARLES", "reviewerUrl": "https://www.amazon.com/gp/profile/amzn1.account.AESF5QK266FIO3M6EMIUQB6PMKOA/ref=cm_cr_getr_d_gw_btm?ie=UTF8", "rating": "1.0 out of 5 stars", "reviewTitle": "DEFECTIVE PRODUCT  I CONTACTED AMAZON . THEY SAID THEY WOULD CONTACT SELLER. NO CONTACT SINCE", "reviewDate": "April 3, 2020", "reviewText": "  The product never worked correctly . It kept interupting with a blue screen and rebooting., I contacted Amazon they said they would contact seller and resolve matter., NOTHING NOTHING SINCE!", "is_Helpful": "One person found this helpful"}, {"reviewerName": "julie A Kelley", "reviewerUrl": "https://www.amazon.com/gp/profile/amzn1.account.AHQQQ2OHD3DBHNT3M5HXFLNTT3FA/ref=cm_cr_getr_d_gw_btm?ie=UTF8", "rating": "1.0 out of 5 stars", "reviewTitle": "Piece of junk", "reviewDate": "March 22, 2020", "reviewText": "  This did not even work. I spoke with Dell. They said send it back. Well, now I have to wait longer. I am a senior and afraid to leave my house right now. Very disappointed!! Quality control really missed this one!", "is_Helpful": ""}, {"reviewerName": "H//P", "reviewerUrl": "https://www.amazon.com/gp/profile/amzn1.account.AHZHRREZ2VVM5MZOBKB3K7N7UHQQ/ref=cm_cr_getr_d_gw_btm?ie=UTF8", "rating": "5.0 out of 5 stars", "reviewTitle": "Great Laptop", "reviewDate": "March 22, 2020", "reviewText": "  Best laptop for this price point IMO. Any less $ and it wouldn\u2019t be worth it. Great purchase.", "is_Helpful": ""}, {"reviewerName": "Delaware Internet", "reviewerUrl": "https://www.amazon.com/gp/profile/amzn1.account.AGZMFYTRPNQSDHN5QCCWWUCC6B7Q/ref=cm_cr_getr_d_gw_btm?ie=UTF8", "rating": "5.0 out of 5 stars", "reviewTitle": "It\u2019s awesome!", "reviewDate": "March 13, 2020", "reviewText": "  We absolutely love our new Dell laptop", "is_Helpful": "One person found this helpful"}, {"reviewerName": "Amazon Customer", "reviewerUrl": "https://www.amazon.com/gp/profile/amzn1.account.AHN3MUKURVYL2WODUXBMT3AWCZ7A/ref=cm_cr_getr_d_gw_btm?ie=UTF8", "rating": "4.0 out of 5 stars", "reviewTitle": "Overall very satisfied with the product", "reviewDate": "March 10, 2020", "reviewText": "  GoodGood product got it on time I don\u2019t have any complaints", "is_Helpful": ""}, {"reviewerName": "TRIN", "reviewerUrl": "https://www.amazon.com/gp/profile/amzn1.account.AG7S7BEXBJXQWIG3MGW4HU5AGNMA/ref=cm_cr_getr_d_gw_btm?ie=UTF8", "rating": "5.0 out of 5 stars", "reviewTitle": "How fast it is!", "reviewDate": "March 6, 2020", "reviewText": "  So far, so good! Beautiful computer.", "is_Helpful": ""}, {"reviewerName": "ehab a beshai", "reviewerUrl": "https://www.amazon.com/gp/profile/amzn1.account.AFBPW2Z52WPO2USEOUEVLNZCG6OQ/ref=cm_cr_getr_d_gw_btm?ie=UTF8", "rating": "1.0 out of 5 stars", "reviewTitle": "god", "reviewDate": "March 3, 2020", "reviewText": "  damaged in the corner west money and time", "is_Helpful": ""}, {"reviewerName": "Mr.Yung Hawk", "reviewerUrl": "https://www.amazon.com/gp/profile/amzn1.account.AHJNH24BZHQB7PWPGPYRMYXOQ2SQ/ref=cm_cr_getr_d_gw_btm?ie=UTF8", "rating": "5.0 out of 5 stars", "reviewTitle": "I have received this tiem, thank you!", "reviewDate": "February 28, 2020", "reviewText": "  I have received this tiem, thank you!", "is_Helpful": ""}, {"reviewerName": "Bengal Fan", "reviewerUrl": "https://www.amazon.com/gp/profile/amzn1.account.AHV7DIYCAMWGYLZCPNZJPUHF2H5A/ref=cm_cr_getr_d_gw_btm?ie=UTF8", "rating": "5.0 out of 5 stars", "reviewTitle": "Banking, internet, games.", "reviewDate": "February 28, 2020", "reviewText": "  My home computer.", "is_Helpful": ""}, {"reviewerName": "ralph butler", "reviewerUrl": "https://www.amazon.com/gp/profile/amzn1.account.AGMXZCLUJYYX2Q6D76LA6ABVKM3Q/ref=cm_cr_getr_d_gw_btm?ie=UTF8", "rating": "4.0 out of 5 stars", "reviewTitle": "Very good laptop for the price.", "reviewDate": "February 23, 2020", "reviewText": "  This dell laptop is a very good machine for the money.", "is_Helpful": ""}, {"reviewerName": "Big Dan 53", "reviewerUrl": "https://www.amazon.com/gp/profile/amzn1.account.AE3TDYXG5DF7MPAVRGB3OKGNYAYQ/ref=cm_cr_getr_d_gw_btm?ie=UTF8", "rating": "1.0 out of 5 stars", "reviewTitle": "You will never have an email address with Dell laptops", "reviewDate": "February 16, 2020", "reviewText": "\"  Came with a virus already installed on it, can not get control of my data, cant get an email address no matter how hard you try. I have been trying for three days and still dont have an email that works. And then the Dell support wants to charge $200 to get my PC running right, and it would take 5 hours to get all the malicious viruses off my BRAND NEW Dell laptop !!  I will NEVER own another Dell product !!\"", "is_Helpful": "5 people found this helpful"}, {"reviewerName": "John Hill", "reviewerUrl": "https://www.amazon.com/gp/profile/amzn1.account.AEZYJWOV4JUTZWC32I5D3KE2K4TQ/ref=cm_cr_getr_d_gw_btm?ie=UTF8", "rating": "5.0 out of 5 stars", "reviewTitle": "Dell", "reviewDate": "February 15, 2020", "reviewText": "  Much much better than the Lanovo I sent back to Amazon.", "is_Helpful": ""}, {"reviewerName": "suresh bhojwani", "reviewerUrl": "https://www.amazon.com/gp/profile/amzn1.account.AGMP5XUCBWWHBUQUUIONGU27J3AA/ref=cm_cr_getr_d_gw_btm?ie=UTF8", "rating": "1.0 out of 5 stars", "reviewTitle": "Never worked", "reviewDate": "February 13, 2020", "reviewText": "  Hard disk unavailable, system not even starting up.", "is_Helpful": ""}, {"reviewerName": "carlos webster", "reviewerUrl": "https://www.amazon.com/gp/profile/amzn1.account.AEX7F7OKBZ73RIDSZAZ5VIKB2HQQ/ref=cm_cr_getr_d_gw_btm?ie=UTF8", "rating": "5.0 out of 5 stars", "reviewTitle": "a solid and reliable laptop", "reviewDate": "February 11, 2020", "reviewText": "\"  Overall, I like Dells; as I dont need massive storage, this modest ram is enough for my needs.\"", "is_Helpful": ""}, {"reviewerName": "Oleg Ark", "reviewerUrl": "https://www.amazon.com/gp/profile/amzn1.account.AGPGQGLTWRATJ4C5SZRBOLK2SJGQ/ref=cm_cr_getr_d_gw_btm?ie=UTF8", "rating": "5.0 out of 5 stars", "reviewTitle": "Touch screen", "reviewDate": "February 11, 2020", "reviewText": "  Good price", "is_Helpful": ""}, {"reviewerName": "Tiny", "reviewerUrl": "https://www.amazon.com/gp/profile/amzn1.account.AF7NJANFXPK5XOIU6KAXZ2NNE74Q/ref=cm_cr_getr_d_gw_btm?ie=UTF8", "rating": "4.0 out of 5 stars", "reviewTitle": "Pretty good \ud83d\udc4d", "reviewDate": "February 9, 2020", "reviewText": "  It is good for the price and it gets the job done", "is_Helpful": ""}, {"reviewerName": "Peter brown", "reviewerUrl": "https://www.amazon.com/gp/profile/amzn1.account.AEPPJBCFYFNFIXDJSRR4E5KO3R6A/ref=cm_cr_getr_d_gw_btm?ie=UTF8", "rating": "3.0 out of 5 stars", "reviewTitle": "It\u2019s a great laptop but the battery is the only issue", "reviewDate": "February 9, 2020", "reviewText": "  I feel like the battery dies to fast", "is_Helpful": ""}, {"reviewerName": "Mary A. Strouth", "reviewerUrl": "https://www.amazon.com/gp/profile/amzn1.account.AHNPLJ4CELGTOH25KEPA4O3L6XJQ/ref=cm_cr_getr_d_gw_btm?ie=UTF8", "rating": "4.0 out of 5 stars", "reviewTitle": "A great Amazon warehouse item", "reviewDate": "February 6, 2020", "reviewText": "  For personal use, this product is very responsive, the touch screen sensitivity can be adjusted,  or a wireless mouse can be added.", "is_Helpful": ""}, {"reviewerName": "Pete", "reviewerUrl": "https://www.amazon.com/gp/profile/amzn1.account.AGPKKH6PFG6TZOTJCJTGPERYCT7Q/ref=cm_cr_getr_d_gw_btm?ie=UTF8", "rating": "5.0 out of 5 stars", "reviewTitle": "Great computer for the price!", "reviewDate": "February 6, 2020", "reviewText": "\"  The most unusual thing with this laptop is the fact that people said in their reviews that it wouldnt hook to wireless internet. Mine hooked immediately and has no problem anytime I try and connect. Other than that this is a great computer for your average home needs. I would definitely recommend this unit.\"", "is_Helpful": ""}, {"reviewerName": "janel ray", "reviewerUrl": "https://www.amazon.com/gp/profile/amzn1.account.AFJFS5HRLITEI7IYU7LR7BIQIIOA/ref=cm_cr_getr_d_gw_btm?ie=UTF8", "rating": "1.0 out of 5 stars", "reviewTitle": "Buyer beware! Do not purchase", "reviewDate": "February 3, 2020", "reviewText": "  Dell customer service was horrible. Wouldn\u2019t speak to me about anything without having a paid plan or I would be charged.  Used maybe 5 times and it has now crashed.", "is_Helpful": ""}, {"reviewerName": "T. E.", "reviewerUrl": "https://www.amazon.com/gp/profile/amzn1.account.AEV5S6OBPGG6QL4WUUMRP7K4ZPFA/ref=cm_cr_getr_d_gw_btm?ie=UTF8", "rating": "5.0 out of 5 stars", "reviewTitle": "laptop", "reviewDate": "January 31, 2020", "reviewText": "  Just got it. Not veery incputuitive.", "is_Helpful": ""}, {"reviewerName": "Brooklyn Carlysle", "reviewerUrl": "https://www.amazon.com/gp/profile/amzn1.account.AGVW3HXR67LQHYKENLUIAJMITDKA/ref=cm_cr_getr_d_gw_btm?ie=UTF8", "rating": "5.0 out of 5 stars", "reviewTitle": "Fantastic laptop, long battery life, excellent touch screen.", "reviewDate": "January 30, 2020", "reviewText": "\"  Ive always bought Dell products and this one is no different, absolutely fantastic laptop. The battery life is unreal, it lasts 8 to 10 hours working time. The touch screen is not something I would have bought normally, but it does come in handy. I couldnt be happier with the performance, with the software thats installed, and with the quality of the product. Absolutely no complaints here.\"", "is_Helpful": ""}, {"reviewerName": "Mario Rivera", "reviewerUrl": "https://www.amazon.com/gp/profile/amzn1.account.AFWJJSDP4TR2NWZGPIPZJKCWQV4Q/ref=cm_cr_getr_d_gw_btm?ie=UTF8", "rating": "1.0 out of 5 stars", "reviewTitle": "No good", "reviewDate": "January 29, 2020", "reviewText": "  No good", "is_Helpful": "One person found this helpful"}, {"reviewerName": "michael elkins", "reviewerUrl": "https://www.amazon.com/gp/profile/amzn1.account.AG4TF3OEF3GGQM4F7H2WHG4DOCDQ/ref=cm_cr_getr_d_gw_btm?ie=UTF8", "rating": "4.0 out of 5 stars", "reviewTitle": "easy to use.", "reviewDate": "January 28, 2020", "reviewText": "  home use", "is_Helpful": ""}, {"reviewerName": "Kevstarr84", "reviewerUrl": "https://www.amazon.com/gp/profile/amzn1.account.AHGV7UNHO3GF2CIJUYFMC2NECSGQ/ref=cm_cr_getr_d_gw_btm?ie=UTF8", "rating": "5.0 out of 5 stars", "reviewTitle": "Good buy for basic minimal computer use", "reviewDate": "January 28, 2020", "reviewText": "  Awesome laptop. Really fast and speedy for the price... and the touch is a nice added bonus.", "is_Helpful": ""}, {"reviewerName": "Amazon Customer", "reviewerUrl": "https://www.amazon.com/gp/profile/amzn1.account.AEJZ6L3DBRTCSWZSK7AGTC47Q43A/ref=cm_cr_getr_d_gw_btm?ie=UTF8", "rating": "1.0 out of 5 stars", "reviewTitle": "No Opticial Drive", "reviewDate": "January 26, 2020", "reviewText": "  No optical drive.  Display picture are wrong.  Only 4 USB ports not 5 as listed,  Operation System is Window 10 S not Windows 10.  Decided to purchase the HP 15.6 System and an external DVD player to meet my needs all under 400.00.", "is_Helpful": "One person found this helpful"}, {"reviewerName": "Megan Crawford", "reviewerUrl": "https://www.amazon.com/gp/profile/amzn1.account.AGIXDBTXN5SVS2OXPWEUQCWFZPAQ/ref=cm_cr_getr_d_gw_btm?ie=UTF8", "rating": "2.0 out of 5 stars", "reviewTitle": "Charger Problems", "reviewDate": "January 26, 2020", "reviewText": "\"  This is the second laptop of this model that I have purchased.  The first one started having charging problems a year after I purchased it.  The second one started having problems 3 months after I purchased it.  When I looked it up, this is a common problem that is caused by the power jack that Dell is using.  Dells solution is to send it in and be without a computer for 2 weeks while they put in a new power jack.  The power jack part costs $7 on amazon and my local IT guys said he could fix it once he gets to part in a couple of hours.  What a headache for something that Dell could and should have gotten right before they sold the laptop.\"", "is_Helpful": "3 people found this helpful"}, {"reviewerName": "Tarrytown", "reviewerUrl": "https://www.amazon.com/gp/profile/amzn1.account.AHILYSSAXKDW4ELS5VQ6F235KOXQ/ref=cm_cr_getr_d_gw_btm?ie=UTF8", "rating": "5.0 out of 5 stars", "reviewTitle": "great value", "reviewDate": "January 22, 2020", "reviewText": "  Super fast startup.  Good battery life.  Excellent value for a reasonable price.", "is_Helpful": ""}, {"reviewerName": "Shirley A. Moore", "reviewerUrl": "https://www.amazon.com/gp/profile/amzn1.account.AH5Z5P4N6EJEY25EGGFAT7TIW3ZQ/ref=cm_cr_getr_d_gw_btm?ie=UTF8", "rating": "4.0 out of 5 stars", "reviewTitle": "works great", "reviewDate": "January 22, 2020", "reviewText": "  works great", "is_Helpful": ""}, {"reviewerName": "BUFFY", "reviewerUrl": "https://www.amazon.com/gp/profile/amzn1.account.AEL3MXY5VWOBUL3UG6D7L6BGEAEA/ref=cm_cr_getr_d_gw_btm?ie=UTF8", "rating": "5.0 out of 5 stars", "reviewTitle": "Would buy again", "reviewDate": "January 20, 2020", "reviewText": "  Excellent", "is_Helpful": ""}, {"reviewerName": "Dawn Magden", "reviewerUrl": "https://www.amazon.com/gp/profile/amzn1.account.AHXSJ5PF7C3UBHKPOM4LOC4SAWIQ/ref=cm_cr_getr_d_gw_btm?ie=UTF8", "rating": "5.0 out of 5 stars", "reviewTitle": "I don\u2019t know", "reviewDate": "January 19, 2020", "reviewText": "  I don\u2019t write reviews.", "is_Helpful": "One person found this helpful"}, {"reviewerName": "CarolW New York", "reviewerUrl": "https://www.amazon.com/gp/profile/amzn1.account.AE3ESGFVIZYXPMN6BQQQWWPL2MIA/ref=cm_cr_getr_d_gw_btm?ie=UTF8", "rating": "5.0 out of 5 stars", "reviewTitle": "Good computer for the price", "reviewDate": "January 18, 2020", "reviewText": "  This computer is fast. I never had a touch screen before and I\u2019m glad I tried this one.  Good value for the price.", "is_Helpful": ""}, {"reviewerName": "slider", "reviewerUrl": "https://www.amazon.com/gp/profile/amzn1.account.AHUBX6T2MNRXWLJWV3347EYBDNZA/ref=cm_cr_getr_d_gw_btm?ie=UTF8", "rating": "5.0 out of 5 stars", "reviewTitle": "This is a touch screen LAPTOP not a tablet.", "reviewDate": "January 18, 2020", "reviewText": "  It is what I was looking for. Inexpensive touch screen laptop. Updated version of the one I have had for 6 years. Very sturdy. Just what I wanted to have at home while watching TV or casting videos to the TV. Touch screen is a convenience but like working with a wireless mouse also. If you are looking for something to carry around or use on the go, this may be a little on the heavy side.", "is_Helpful": "One person found this helpful"}, {"reviewerName": "Paula", "reviewerUrl": "https://www.amazon.com/gp/profile/amzn1.account.AG5ZKFELEJAEYK3PL5LO26FG7RWA/ref=cm_cr_getr_d_gw_btm?ie=UTF8", "rating": "5.0 out of 5 stars", "reviewTitle": "Does all I need", "reviewDate": "January 7, 2020", "reviewText": "  Top notch computer good value so worth the price", "is_Helpful": ""}, {"reviewerName": "Jon C.", "reviewerUrl": "https://www.amazon.com/gp/profile/amzn1.account.AFYTBR2NMMMH6SQAPHJVOXAP6JVQ/ref=cm_cr_getr_d_gw_btm?ie=UTF8", "rating": "4.0 out of 5 stars", "reviewTitle": "good buy", "reviewDate": "January 5, 2020", "reviewText": "  This computer actually is easier to learn how to use than I thought.  Screen is large and sharp, touchscreen feature and also voice recognition.  It meets my expectations.", "is_Helpful": ""}, {"reviewerName": "Nancy Wiles", "reviewerUrl": "https://www.amazon.com/gp/profile/amzn1.account.AEI3243VTEC3N6Z66L2JJG2YYY4Q/ref=cm_cr_getr_d_gw_btm?ie=UTF8", "rating": "5.0 out of 5 stars", "reviewTitle": "Speedy and a breeze to use!", "reviewDate": "January 4, 2020", "reviewText": "  My son wanted picked this laptop for finishing up his college classes. He loves it! He said it runs quickly and is happy he got it for Christmas!", "is_Helpful": ""}, {"reviewerName": "Peter D. Pilon", "reviewerUrl": "https://www.amazon.com/gp/profile/amzn1.account.AE44JNL52CDCH7XH453ZO6PIPOZA/ref=cm_cr_getr_d_gw_btm?ie=UTF8", "rating": "4.0 out of 5 stars", "reviewTitle": "Great buy", "reviewDate": "January 1, 2020", "reviewText": "  Great buy, easy set-up", "is_Helpful": ""}, {"reviewerName": "David M Jones Jr", "reviewerUrl": "https://www.amazon.com/gp/profile/amzn1.account.AGJV5A3HPXGO7YFFEGOWMT4WBEJA/ref=cm_cr_getr_d_gw_btm?ie=UTF8", "rating": "5.0 out of 5 stars", "reviewTitle": "Awesome.", "reviewDate": "December 31, 2019", "reviewText": "  Great price.", "is_Helpful": ""}, {"reviewerName": "Purple Girl", "reviewerUrl": "https://www.amazon.com/gp/profile/amzn1.account.AEAZQ5GGWRIOVRHETY24K2VQ3FZA/ref=cm_cr_getr_d_gw_btm?ie=UTF8", "rating": "3.0 out of 5 stars", "reviewTitle": "it was new", "reviewDate": "December 30, 2019", "reviewText": "  did not have a dvd drive", "is_Helpful": ""}, {"reviewerName": "amanuel Hagos", "reviewerUrl": "https://www.amazon.com/gp/profile/amzn1.account.AHKHYY4CSDLXSM7YV2Q5YS6DZK5Q/ref=cm_cr_getr_d_gw_btm?ie=UTF8", "rating": "2.0 out of 5 stars", "reviewTitle": "No application came with it", "reviewDate": "December 30, 2019", "reviewText": "\"  Price was okay but the basic applications dont come with it. Still didnt use it. I have to spend a lot more money to buy the applications and download it myself.\", It should have come at least with the basic Microsoft application.", "is_Helpful": ""}, {"reviewerName": "Thaddeus Lukasik", "reviewerUrl": "https://www.amazon.com/gp/profile/amzn1.account.AEFQSL77KCCJYWZSU3ZSTX7P5ZCA/ref=cm_cr_getr_d_gw_btm?ie=UTF8", "rating": "5.0 out of 5 stars", "reviewTitle": "Good product", "reviewDate": "December 25, 2019", "reviewText": "  Very happy with it.", "is_Helpful": ""}, {"reviewerName": "Kindle Customer", "reviewerUrl": "https://www.amazon.com/gp/profile/amzn1.account.AF4NZOFKVMZI6IXXIITVIC6C3I3A/ref=cm_cr_getr_d_gw_btm?ie=UTF8", "rating": "2.0 out of 5 stars", "reviewTitle": "Not as advertised", "reviewDate": "December 22, 2019", "reviewText": "\"  I specifically ordered this unit because it was advertised with a Blue-ray disc, read-only drive. It was a Christmas present for my daughter who wanted it to watch Blue-ray and DVD movies. The unit that I received and that she opened for Christmas had NO optical drive at all. I dont know if this was an Amazon (or 3rd party) mix-up, a product substitution, or something that was packaged incorrectly from Dell.  She opted to keep the unit, as it had the other features she wanted, and purchase an external drive to watch her movies.\"", "is_Helpful": "One person found this helpful"}, {"reviewerName": "mike", "reviewerUrl": "https://www.amazon.com/gp/profile/amzn1.account.AFIKR4MZU4ZOVFIS6S7AVYVWK2KA/ref=cm_cr_getr_d_gw_btm?ie=UTF8", "rating": "5.0 out of 5 stars", "reviewTitle": "Great value for the money", "reviewDate": "December 5, 2019", "reviewText": "  This model is touchscreen which make operating it that much easier. Lots of pre loaded programs on here and very easy setup. Give it a shot.", "is_Helpful": ""}, {"reviewerName": "Scott Sowers", "reviewerUrl": "https://www.amazon.com/gp/profile/amzn1.account.AHEVLA6E4XSAKEC454GLJCNETX7A/ref=cm_cr_getr_d_gw_btm?ie=UTF8", "rating": "5.0 out of 5 stars", "reviewTitle": "Stand up well", "reviewDate": "November 6, 2019", "reviewText": "  We use these at work for portable barcode/order pulling work stations. They work very well for this with an excellent battery life.", "is_Helpful": "2 people found this helpful"}, {"reviewerName": "Salvatore", "reviewerUrl": "https://www.amazon.com/gp/profile/amzn1.account.AE26YBJ3AMQJQ4KHDOBUUZ3PAMGQ/ref=cm_cr_getr_d_gw_btm?ie=UTF8", "rating": "5.0 out of 5 stars", "reviewTitle": "It works", "reviewDate": "October 22, 2019", "reviewText": "  It works it works", "is_Helpful": ""}, {"reviewerName": "Spencer", "reviewerUrl": "https://www.amazon.com/gp/profile/amzn1.account.AHUYMHXR2V4IXYCY33ROUSN42L5Q/ref=cm_cr_getr_d_gw_btm?ie=UTF8", "rating": "4.0 out of 5 stars", "reviewTitle": "Good value", "reviewDate": "September 6, 2019", "reviewText": "  Wish it had back lighting keyboards", "is_Helpful": "3 people found this helpful"}, {"reviewerName": "Once an Engineer", "reviewerUrl": "https://www.amazon.com/gp/profile/amzn1.account.AGOBIW57IH4I4I2MI2JF6T2U374A/ref=cm_cr_arp_d_gw_btm?ie=UTF8", "rating": "4.0 out of 5 stars", "reviewTitle": "Setup is Misleading", "reviewDate": "September 2, 2019", "reviewText": "  This is a good laptop and good value for the money. The review that said you needed to get a USB WiFi Adapter was helpful. The only complaint I have at this time is the setup is misleading and almost had me order two sets of Microsoft applications. The first Microsoft support person actually told the poor but intelligent student I purchased this laptop for that we had to order Microsoft Office software a second time. I hardly think this aligns to the mission statement instituted under Satya Nadella: \"empower every person and every organization on the planet to achieve more\"., \"When I called Microsoft, I got Jean-Carlos from Nicaragua and explained the student was from Africa and poor. Jean-Carlos was understanding and we installed together a copy of my Office 365 5-user subscription on the students new laptop. Really, Microsoft, I have been a fan for many years but cant you please get the support more consistent? You have done so many things right, especially since Satya Nadella became CEO. Would you please try to get the support more consistent? Aim for cloning Jean-Carlos, who understand your mission.\", Thank you, Amazon, for the opportunity.", "is_Helpful": "7 people found this helpful"}, {"reviewerName": "Andy G", "reviewerUrl": "https://www.amazon.com/gp/profile/amzn1.account.AGRQZLHM7Z4GK2XS2OXQMHZSFSXQ/ref=cm_cr_arp_d_gw_btm?ie=UTF8", "rating": "5.0 out of 5 stars", "reviewTitle": "Great performance for great value", "reviewDate": "August 30, 2019", "reviewText": "\"  I originally bought this item for my childs school work. Honestly it was cheap, and the specs seemed pretty good. I was pleasantly surprised when I started to setup the laptop that it was very fast. The screen is a good size and has great contrast and color. The laptop has performed so well with daily productivity work (office, email, web browsing) that I eventually bought 2 more for other family members.\", Power Supply - I have owned several Dell laptop over the years and one con would be that the power connector on this laptop is not as large as on their more expensive models (picture). I find that the smaller the plug the quicker and easier it is to break., \"Screen Resolution - I cant truly call this a con because I knew full well what the screen resolution was before I bought it. It would be great if the screen resolution went to a full 1080. But for this price and the performance, I am not complaining at all.\", Conclusion:, If you\u2019re looking for a cheap yet good performing laptop for everyday use this would fit the bill. I would and have already recommended this product to others.", "is_Helpful": "32 people found this helpful"}, {"reviewerName": "PatC", "reviewerUrl": "https://www.amazon.com/gp/profile/amzn1.account.AE6N6SN2PRQSHM55H5PC77L6VA4A/ref=cm_cr_getr_d_gw_btm?ie=UTF8", "rating": "5.0 out of 5 stars", "reviewTitle": "Great laptop for the price", "reviewDate": "August 20, 2019", "reviewText": "  I bought this laptop for my husband and he loves it. It has great speed and clarity. Price was good too", "is_Helpful": ""}, {"reviewerName": "Carrianne menna", "reviewerUrl": "https://www.amazon.com/gp/profile/amzn1.account.AGPHTVL37JVSLCQANEKUOWTMGK6Q/ref=cm_cr_getr_d_gw_btm?ie=UTF8", "rating": "5.0 out of 5 stars", "reviewTitle": "Love it :)", "reviewDate": "August 18, 2019", "reviewText": "\"  Its kind of bulky but gets the job done\"", "is_Helpful": ""}, {"reviewerName": "Staci Raker", "reviewerUrl": "https://www.amazon.com/gp/profile/amzn1.account.AF6H7M6BYYJYZF57ZWBK7C6UL3KA/ref=cm_cr_getr_d_gw_btm?ie=UTF8", "rating": "1.0 out of 5 stars", "reviewTitle": "Dell does not run when Windows 10 not installed", "reviewDate": "August 15, 2019", "reviewText": "  Dell arrived without Windows 10 installed. Laptop does not run. Have attempted to reach seller 24 hours ago for the Windows product key to download without a reply., Very dissatisfied with purchase.", "is_Helpful": "10 people found this helpful"}, {"reviewerName": "Stallion", "reviewerUrl": "https://www.amazon.com/gp/profile/amzn1.account.AGHZ5NXCDD5BFWUTWBTKB4EC3A5Q/ref=cm_cr_getr_d_gw_btm?ie=UTF8", "rating": "1.0 out of 5 stars", "reviewTitle": "Bad news", "reviewDate": "August 14, 2019", "reviewText": "  Select Took slowest possible fedex ground delivery, after 8 days I got it, and bios screen has popped up twice so far, something is wrong with this laptops operating system probably, the label of computer features was peeled a good amount and folded also I paid almost 400 dollars and had to wait 8 days for this on starting this dell? What\u2019s going to happen in 6 months or a year when bios screen keeps popping up right from day 1?", "is_Helpful": "3 people found this helpful"}, {"reviewerName": "Joshua", "reviewerUrl": "https://www.amazon.com/gp/profile/amzn1.account.AHUFA6HW7HMFSBVAKZZXWWZ7AVTQ/ref=cm_cr_getr_d_gw_btm?ie=UTF8", "rating": "5.0 out of 5 stars", "reviewTitle": "Great Budget Laptop with an SSD", "reviewDate": "August 7, 2019", "reviewText": "  Pros:, Includes a 128GB SSD that is perfect for browsing the internet and casual use., \"Very quick and responsive and doesnt take 10 minutes to load in to Windows like normal hard drives.\", Touchscreen, Cons:, Only 128GB of space, however space was not important in my use case, Build quality could be better (Plastic), but what can you expect from a $300 laptop., No 5ghz wifi", "is_Helpful": "4 people found this helpful"}, {"reviewerName": "Nostromo", "reviewerUrl": "https://www.amazon.com/gp/profile/amzn1.account.AFEYABVZ27DIJU67GQOQALELP43A/ref=cm_cr_arp_d_gw_btm?ie=UTF8", "rating": "2.0 out of 5 stars", "reviewTitle": "Not for web browsing", "reviewDate": "August 6, 2019", "reviewText": "\"  I compared download speeds at speedtest.net, my old computer vs. this one, using the exact same wifi gear. The old one got 115 MB/sec. download speed. This one got 13 MB/sec. Thats unacceptable.\", Another problem with this computer is that it has low storage capacity. Typically a laptop in this price range has a Terabyte. This has only 128 GB, but that is actually typical for computers with a solid state drive. From what I have read, the advantages of SSD may outweigh the disadvantage of low storage., \"I was interested to try a solid state drive, but the wifi slowness is a deal-breaker for me. Im sending it back.\"", "is_Helpful": "8 people found this helpful"}, {"reviewerName": "michael borghi", "reviewerUrl": "https://www.amazon.com/gp/profile/amzn1.account.AEECFOXMQS4RXVKBFEY2PFLPN7AA/ref=cm_cr_getr_d_gw_btm?ie=UTF8", "rating": "5.0 out of 5 stars", "reviewTitle": "Works great", "reviewDate": "August 3, 2019", "reviewText": "  Nothing", "is_Helpful": ""}, {"reviewerName": "Jennifer C Ginelli", "reviewerUrl": "https://www.amazon.com/gp/profile/amzn1.account.AEM5VV37R5THIGICUWWD5XTIGHSQ/ref=cm_cr_getr_d_gw_btm?ie=UTF8", "rating": "1.0 out of 5 stars", "reviewTitle": "Outdated software updating nightmare", "reviewDate": "July 26, 2019", "reviewText": "  Really disappointed. Should have known I would have problems when Windows 10 would install. Difficulty loading applications. Always getting stuck. Glad to be rid of it.", "is_Helpful": "3 people found this helpful"}, {"reviewerName": "Lilly", "reviewerUrl": "https://www.amazon.com/gp/profile/amzn1.account.AGLYR6HKEH6KP6M7OA7PXPKTCIWA/ref=cm_cr_getr_d_gw_btm?ie=UTF8", "rating": "5.0 out of 5 stars", "reviewTitle": "\ud83d\udc4d", "reviewDate": "July 26, 2019", "reviewText": "  \ud83d\udc4d", "is_Helpful": ""}, {"reviewerName": "Michael C. Rowland", "reviewerUrl": "https://www.amazon.com/gp/profile/amzn1.account.AH6YHWGKFGGML63NZZUTMW2G4FGQ/ref=cm_cr_getr_d_gw_btm?ie=UTF8", "rating": "5.0 out of 5 stars", "reviewTitle": "Great computer!", "reviewDate": "July 22, 2019", "reviewText": "\"  couldnt connect with a Bluetooth speaker, got around no VGA port and now CD player problems.\"", "is_Helpful": ""}, {"reviewerName": "ed", "reviewerUrl": "https://www.amazon.com/gp/profile/amzn1.account.AECLNE4LAUIWVFYRFH3QVLG6ONWA/ref=cm_cr_getr_d_gw_btm?ie=UTF8", "rating": "5.0 out of 5 stars", "reviewTitle": "Good product", "reviewDate": "July 19, 2019", "reviewText": "  Ease of use", "is_Helpful": "3 people found this helpful"}, {"reviewerName": "yellow dog", "reviewerUrl": "https://www.amazon.com/gp/profile/amzn1.account.AEXCYW4PW4A2GYJ5WTIR4ZRGANHQ/ref=cm_cr_getr_d_gw_btm?ie=UTF8", "rating": "5.0 out of 5 stars", "reviewTitle": "when i first received it i had problems, got my nephew to set it up.", "reviewDate": "July 18, 2019", "reviewText": "  being 72 and use window 7 or 10 i will figure it out???", "is_Helpful": ""}, {"reviewerName": "Tjean", "reviewerUrl": "https://www.amazon.com/gp/profile/amzn1.account.AGK6EXI25NOUIJJXXGZU6OPQUUUA/ref=cm_cr_getr_d_gw_btm?ie=UTF8", "rating": "5.0 out of 5 stars", "reviewTitle": "A great buy.", "reviewDate": "July 18, 2019", "reviewText": "  Just what I needed .", "is_Helpful": ""}, {"reviewerName": "Josephine  Sharpe", "reviewerUrl": "https://www.amazon.com/gp/profile/amzn1.account.AFILSMGCM5MALN6EQ7236354QQ5A/ref=cm_cr_getr_d_gw_btm?ie=UTF8", "rating": "5.0 out of 5 stars", "reviewTitle": "good value", "reviewDate": "July 7, 2019", "reviewText": "  love it", "is_Helpful": ""}, {"reviewerName": "M. Johnston", "reviewerUrl": "https://www.amazon.com/gp/profile/amzn1.account.AGPISJTVCQHWHDVRXERDZOG6M7QA/ref=cm_cr_arp_d_gw_btm?ie=UTF8", "rating": "4.0 out of 5 stars", "reviewTitle": "Great computer!", "reviewDate": "June 13, 2019", "reviewText": "  This computer is fast. The sound is excellent and the display is beautiful!, \"But the setup instructions were in another language and there was no product key. The seller was quick to respond that if I reset the computer, Windows 10 should automatically activate but it didnt and I ended up paying another $119 to activate Windows. Anyway Im okay with this purchase.\"", "is_Helpful": "20 people found this helpful"}, {"reviewerName": "Donna Collins Tinsley", "reviewerUrl": "https://www.amazon.com/gp/profile/amzn1.account.AFSVQOB3ZTBERH4AIWS7U7N5WGQA/ref=cm_cr_getr_d_gw_btm?ie=UTF8", "rating": "1.0 out of 5 stars", "reviewTitle": "\"Dont buy the Premium Support Plus\"", "reviewDate": "June 13, 2019", "reviewText": "\"  Ive already had two major issues with this computer that was given to me on Valentines Day this year. first, resolved online. Second, the computer wont even turn on and they have not sent someone out the next day as said in the Warranty agreement. Ive wasted hours on the phone and chats and emails. Ill probably write more later, but right now I am very unhappy.\"", "is_Helpful": "6 people found this helpful"}, {"reviewerName": "Sherri", "reviewerUrl": "https://www.amazon.com/gp/profile/amzn1.account.AGQNCRSI6E6KE32MHPBDETZ6MPPQ/ref=cm_cr_getr_d_gw_btm?ie=UTF8", "rating": "5.0 out of 5 stars", "reviewTitle": "Good!", "reviewDate": "May 29, 2019", "reviewText": "  For personal use .... good performance as advertised!", "is_Helpful": ""}, {"reviewerName": "CARL SILVERTHORN", "reviewerUrl": "https://www.amazon.com/gp/profile/amzn1.account.AGSDYYU765LDNJBNWTFJ7OY5QLRA/ref=cm_cr_getr_d_gw_btm?ie=UTF8", "rating": "5.0 out of 5 stars", "reviewTitle": "best", "reviewDate": "May 25, 2019", "reviewText": "  execelant", "is_Helpful": "One person found this helpful"}, {"reviewerName": "djd", "reviewerUrl": "https://www.amazon.com/gp/profile/amzn1.account.AF2SUKB2ARHAYDGIMWZ77R5RQMMA/ref=cm_cr_getr_d_gw_btm?ie=UTF8", "rating": "5.0 out of 5 stars", "reviewTitle": "Great laptop", "reviewDate": "May 18, 2019", "reviewText": "\"  I like how fast it boots up and the touch screen. I dont like the mouse pad, but thats just a personal preference, so I will get a wireless mouse for it.\"", "is_Helpful": "One person found this helpful"}, {"reviewerName": "Bill Martin", "reviewerUrl": "https://www.amazon.com/gp/profile/amzn1.account.AF33APLDYXT7SP7KHBRFBFXVNUMQ/ref=cm_cr_getr_d_gw_btm?ie=UTF8", "rating": "5.0 out of 5 stars", "reviewTitle": "Easy to set up", "reviewDate": "May 18, 2019", "reviewText": "  Personal -", "is_Helpful": "One person found this helpful"}, {"reviewerName": "kashif R", "reviewerUrl": "https://www.amazon.com/gp/profile/amzn1.account.AHLWNFVMIEVZ3KTFWI7QN7GUJU7Q/ref=cm_cr_getr_d_gw_btm?ie=UTF8", "rating": "5.0 out of 5 stars", "reviewTitle": "?", "reviewDate": "May 17, 2019", "reviewText": "  Reasonable price for this item I think everyone afforded", "is_Helpful": ""}, {"reviewerName": "Philippa", "reviewerUrl": "https://www.amazon.com/gp/profile/amzn1.account.AE3QYUZXA7AOLYPQ2ABJ7WTYM3AQ/ref=cm_cr_getr_d_gw_btm?ie=UTF8", "rating": "4.0 out of 5 stars", "reviewTitle": "Looks good, works good.", "reviewDate": "May 13, 2019", "reviewText": "  A fine computer. It took me a minute to find the plug that was hiding another compartment of the box.", "is_Helpful": "2 people found this helpful"}, {"reviewerName": "Celine", "reviewerUrl": "https://www.amazon.com/gp/profile/amzn1.account.AHAOKVT37IIYNGITW73ZMIZ5KZCA/ref=cm_cr_getr_d_gw_btm?ie=UTF8", "rating": "3.0 out of 5 stars", "reviewTitle": "Order came incomplete", "reviewDate": "May 9, 2019", "reviewText": "  The product came dead and without a power cord.  Therefore my daughter had to borrow one to power computer up.  Then she has to purchase a cord as one could not be provided.  Not happy at this point.", "is_Helpful": "3 people found this helpful"}, {"reviewerName": "seadawn", "reviewerUrl": "https://www.amazon.com/gp/profile/amzn1.account.AGXNHQZQDMEWJFYAZWJ4TVZV7CUQ/ref=cm_cr_getr_d_gw_btm?ie=UTF8", "rating": "4.0 out of 5 stars", "reviewTitle": "My opinion", "reviewDate": "May 1, 2019", "reviewText": "  Never for the Dell", "is_Helpful": ""}, {"reviewerName": "Diane Robinson", "reviewerUrl": "https://www.amazon.com/gp/profile/amzn1.account.AEJSG5NP3SP6T6A4T3WQPE67JFHQ/ref=cm_cr_getr_d_gw_btm?ie=UTF8", "rating": "5.0 out of 5 stars", "reviewTitle": "I would order again", "reviewDate": "April 29, 2019", "reviewText": "  I receive my order very fast and it was brand new", "is_Helpful": "One person found this helpful"}, {"reviewerName": "Juan", "reviewerUrl": "https://www.amazon.com/gp/profile/amzn1.account.AEVPZ6LURAQJC7ULNUL4FRNJVO3Q/ref=cm_cr_getr_d_gw_btm?ie=UTF8", "rating": "2.0 out of 5 stars", "reviewTitle": "Cable charge", "reviewDate": "April 21, 2019", "reviewText": "\"  The cable charge dont came in the box!!!\"", "is_Helpful": "One person found this helpful"}, {"reviewerName": "Esther Benson k", "reviewerUrl": "https://www.amazon.com/gp/profile/amzn1.account.AFWJARE4RCDMT3764UXGFKVAMXBQ/ref=cm_cr_getr_d_gw_btm?ie=UTF8", "rating": "5.0 out of 5 stars", "reviewTitle": "Lovely touch screen laptop", "reviewDate": "April 10, 2019", "reviewText": "\"  I like the screen quality and the fact that its touch screen. Dont like that there is no DVD , so I have to get an external DVD\"", "is_Helpful": "4 people found this helpful"}, {"reviewerName": "Cindy & Pam", "reviewerUrl": "https://www.amazon.com/gp/profile/amzn1.account.AH6G4NWQAW3OSRNJRJL4MDIR6ZCA/ref=cm_cr_getr_d_gw_btm?ie=UTF8", "rating": "4.0 out of 5 stars", "reviewTitle": "Decent laptop for this price point", "reviewDate": "March 11, 2019", "reviewText": "  I find Dell to be a very decent brand.", "is_Helpful": "2 people found this helpful"}, {"reviewerName": "AMANDA MORRIS", "reviewerUrl": "https://www.amazon.com/gp/profile/amzn1.account.AE2OJFPU5MSD2I74ZCTLFVZ5RWXA/ref=cm_cr_arp_d_gw_btm?ie=UTF8", "rating": "5.0 out of 5 stars", "reviewTitle": "I love this Laptop!!", "reviewDate": "March 11, 2019", "reviewText": "  I was in need of a laptop and so happy I bought this one.  The screen is amazing.  I love the vivid touch screen display.  Very easy to set up.  Battery life is adverage.  Definitely satisfied with this laptop", "is_Helpful": "21 people found this helpful"}, {"reviewerName": "Javid", "reviewerUrl": "https://www.amazon.com/gp/profile/amzn1.account.AERSGR3DO2B25H4POAXZLF2ESLTA/ref=cm_cr_getr_d_gw_btm?ie=UTF8", "rating": "5.0 out of 5 stars", "reviewTitle": "Best Laptop For the Price", "reviewDate": "March 6, 2019", "reviewText": "  Got it for a student she loves the laptop and the touch screen is a plus. Fast boot up time and no lagging during casual use. Recommend an external hard drive when purchasing if you have a lot of files that you download.", "is_Helpful": "7 people found this helpful"}, {"reviewerName": "anita cervantes", "reviewerUrl": "https://www.amazon.com/gp/profile/amzn1.account.AGVS3TJLF2T343NGEBAM2JD3ZU5A/ref=cm_cr_getr_d_gw_btm?ie=UTF8", "rating": "5.0 out of 5 stars", "reviewTitle": "Great", "reviewDate": "March 4, 2019", "reviewText": "  Love it", "is_Helpful": "2 people found this helpful"}, {"reviewerName": "Nathan", "reviewerUrl": "https://www.amazon.com/gp/profile/amzn1.account.AGS4IEDUCBA77ZLN3MHB4Y3FTWKQ/ref=cm_cr_getr_d_gw_btm?ie=UTF8", "rating": "1.0 out of 5 stars", "reviewTitle": "Dell computer just sad....", "reviewDate": "March 2, 2019", "reviewText": "  Do not buy Dell! Horrible customer support, they just give you the run around. Bought computer and is basically a giant paper weight. Has trouble running a web browser! I have literally never had a computer run this slow!", "is_Helpful": "6 people found this helpful"}, {"reviewerName": "Brian", "reviewerUrl": "https://www.amazon.com/gp/profile/amzn1.account.AELKM2TVJWI45PQ3IVHTADDRIO3Q/ref=cm_cr_arp_d_gw_btm?ie=UTF8", "rating": "4.0 out of 5 stars", "reviewTitle": "\"Cant Add Internal DVD Drive\"", "reviewDate": "March 2, 2019", "reviewText": "  I purchased this computer and like the solid state hard drive and touch screen. However, when I went to add an internal DVD optical drive, I found the motherboard does not have the cable hookups. So an external USB DVD drive must be used if you want an optical drive. Not the biggest deal in the world, but it would have been nice to know in the description before purchasing.", "is_Helpful": "31 people found this helpful"}, {"reviewerName": "Judy Howe", "reviewerUrl": "https://www.amazon.com/gp/profile/amzn1.account.AEUGJC55FIYKNEOZ4JURRUYDJZJQ/ref=cm_cr_getr_d_gw_btm?ie=UTF8", "rating": "4.0 out of 5 stars", "reviewTitle": "Quite happy", "reviewDate": "February 24, 2019", "reviewText": "  Very easy set up, perfect for a college student,  so far.", "is_Helpful": "3 people found this helpful"}, {"reviewerName": "monimoni", "reviewerUrl": "https://www.amazon.com/gp/profile/amzn1.account.AHD7S77VQTRTCAHIERWUWD2LZSSA/ref=cm_cr_arp_d_gw_btm?ie=UTF8", "rating": "5.0 out of 5 stars", "reviewTitle": "Very good laptop", "reviewDate": "February 21, 2019", "reviewText": "  Pleased with product. Able to get started in several minutes with a fine display.", "is_Helpful": "30 people found this helpful"}, {"reviewerName": "Luis Eduardo", "reviewerUrl": "https://www.amazon.com/gp/profile/amzn1.account.AHD3GTGDLVS25WNXM7W5BVZVLZDQ/ref=cm_cr_arp_d_gw_btm?ie=UTF8", "rating": "4.0 out of 5 stars", "reviewTitle": "Best Quality and Specifications vs Price", "reviewDate": "February 18, 2019", "reviewText": "\"  I highlight a little capacity of SSD (128GB), but its ok if you use only for study, websites and office tasks.\"", "is_Helpful": "21 people found this helpful"}, {"reviewerName": "Patrick J. Donovan", "reviewerUrl": "https://www.amazon.com/gp/profile/amzn1.account.AHGCLDCBB5F24WU4JLKOZEFXEQUQ/ref=cm_cr_arp_d_gw_btm?ie=UTF8", "rating": "1.0 out of 5 stars", "reviewTitle": "bad wireless", "reviewDate": "February 13, 2019", "reviewText": "\"  Wireless card was garbage. Spent 2 hours on line with Dell. Returned for refund to Amazon the next day. Dont have time or patience for junk.\"", "is_Helpful": "44 people found this helpful"}, {"reviewerName": "David J. Locklear", "reviewerUrl": "https://www.amazon.com/gp/profile/amzn1.account.AFVYU6UWEIE4AVCCOXHDRRESUUYA/ref=cm_cr_arp_d_gw_btm?ie=UTF8", "rating": "3.0 out of 5 stars", "reviewTitle": "Budget Laptop with Some Positiives and One Very Huge Negative", "reviewDate": "February 11, 2019", "reviewText": "  Pros:, System runs very smooth and snappy., Minimum Bloat and Easy to Set Up, Touch Screen and Physical Build Quality Very Good for Price Point, Cons:, Wireless Capability was Garbage (read below), 128 GBs of space maybe a limitation to some, I bought this laptop as a casual use laptop for my wife for Valentines Day.  For the money, the laptop has a lot going for it., But I have to start with what is the most disappointing part of this laptop.  The wireless implementation on this system was beyond horrendous.  The wireless out of the box was absolutely useless.  The download and upload speeds of the onboard wireless ranged from 1 Mbps to 500 kbps.  I tried multiple troubleshooting set ups but nothing made the performance improve, even when being only a few feet away from the wireless router., I had to buy a third party USB Wifi Adapter to solve the issue. (https://www.amazon.com/gp/product/B019SRBUNG/ref=ppx_yo_dt_b_asin_title_o00__o00_s00?ie=UTF8&psc=1)  WIth the adapter,  I was getting 150 Mbps down and 10 Mbps up consistently., \"Needless to say it really took the shine off of the out of box experience and the loss of a USB 3.0 side IO port may not be the best solution for some, but it doesnt interfere with my wifes experience at all.\", It is a shame that the wireless was such a horrible experience because the rest of the experience is actually very good for the value for the price., The laptop is very snappy and responsive thanks to the i3 and combined ram with the SSD hard drive.  The laptop boots up and programs and applications pop up quickly, even when doing some light multitasking (like having a few chrome browsers open)., The 15.6\" touch screen is a nice touch at this price point and is also very responsive when using the touch controls (if you are into that kind of thing).  My wife enjoys the build quality and the tactile nature of the keyboard.  It also has a decent amount of IO for the price point (Though if your wireless experience is like mine then you may loose an IO port just to have usable wireless ability) , including a disk reader., \"All in all, this product is  a mostly good experience with one huge negative draw back.  With laptops and other portable devices, wireless capability is one of the most important aspects of the user experience.  Its a shame that this product bungled such an important aspect so badly.\"", "is_Helpful": "152 people found this helpful"}, {"reviewerName": "amazon shopper", "reviewerUrl": "https://www.amazon.com/gp/profile/amzn1.account.AF6WWCAQEV3KBX3B2AKLTKQZDKVA/ref=cm_cr_getr_d_gw_btm?ie=UTF8", "rating": "5.0 out of 5 stars", "reviewTitle": "fast shipping and good packing", "reviewDate": "February 7, 2019", "reviewText": "  nice computer - lightweight fast and quiet with the SSHD.", "is_Helpful": "3 people found this helpful"}, {"reviewerName": "Roy Simpson", "reviewerUrl": "https://www.amazon.com/gp/profile/amzn1.account.AEQOSAQF4RUYOCNAVJGLRHQWWJMA/ref=cm_cr_getr_d_gw_btm?ie=UTF8", "rating": "5.0 out of 5 stars", "reviewTitle": "Fast SSD with Touch Screen - Great for college and normal use", "reviewDate": "January 28, 2019", "reviewText": "\"  Firstly, I absolutely love the touchscreen. Its a little strange to get used to because it doesnt follow the same rules as my phone or tablet, but I really like that I can switch from touchpad to touch screen seamlessly. I use it primarily for online research, spreadsheets, email, and the like. Ive been using it for a couple months and have absolutely no complaints. I really wanted the 8gb of RAM (vs the 4gb most laptops at this price point have) to be able to handle all the processes I use simultaneously and not lag out and it performs great! no issues whatsoever. The hard drive is smaller than Id like, but to be honest, with all the online storage (one drive, dropbox, etc) and the inexpensive external storage avail, its not really an issue. This is the perfect laptop for a normal user or student and depending on the job, could be great for a work computer too (though Id stay away from video rendering, heavy gaming, and the like). So streaming, web browsing, microsoft office use, and some indie or older older games. Note the solid state is great for snappy boot times and file access. In conjunction with the processor this laptop will run quickly. Id recommend an external HDD for pics or video storage needs.\"", "is_Helpful": "15 people found this helpful"}, {"reviewerName": "Bryan InPHX", "reviewerUrl": "https://www.amazon.com/gp/profile/amzn1.account.AGMO3CGTB4HELDKADOKEXNV4RXQA/ref=cm_cr_getr_d_gw_btm?ie=UTF8", "rating": "4.0 out of 5 stars", "reviewTitle": "Good Everyday & Travel Laptop", "reviewDate": "December 29, 2018", "reviewText": "  I purchased this model on Black Friday at BB for $299. Mine came with a 128GB SSD which is more than enough for my travel needs. It replaced a very flimsy and slow HP 15-G023CL (AMD A8-6410, 4 GB) 15-Series Notebook that fell apart (hinges and lid). This Dell is very fast compared to the old HP, and the build quality is far superior to the HP. The old HP was my first try at an AMD processor, NEVER AGAIN for AMD. I learned my lesson. Stick with an Intel Core i3/i5/i7., I expect this laptop will be with me for a very long time, it is more than sufficient for me everyday use and seems very durable.", "is_Helpful": "18 people found this helpful"}], "qAndA": [{"question": "Does this laptop support 802.11AC??", "answer": "Answer not available"}, {"question": "How do you activate windows for this machine, as it comes with windows? An activation code is needed.", "answer": "It does come with windows and it will activate itself when you power it up and go through the setup sequence. It will require an internet connection for registration."}, {"question": "Hola! \u00bfTiene teclado retroiluminado?", "answer": "No"}, {"question": "Por que en el titulo dice full hd y en verdad es solo hd? gracias!", "answer": "Porque para el marketing es mejor para la ventas.\nAunque la diferencia entre HD y full HD es muy poca"}, {"question": "Can you game on this computer?", "answer": "Not sure I'm not into games, you could probably play some but I couldn't say."}, {"question": "Is this computer good for studying", "answer": "I have not used my new computer to study on yet, but plan on using it for this purpose in the next couple of weeks. So, I would say yes, and one of the reasons I purchased this one is because f the nice size screen."}, {"question": "Can you add aditional hardrive?", "answer": "Answer not available"}, {"question": "Puedo agregarle otro disco duro interno para aumentar la capacidad?", "answer": "Si disco y ram se pueden remover"}, {"question": "How is it with uploading videos?", "answer": "You can add ram before you buy"}, {"question": "Can it play sims 4", "answer": "Answer not available"}, {"question": "Does this laptop have room to cahnge the ssd 128 gb for a ssd 500gb?", "answer": "Yes. 500 and 128 ssd are the same size it will fit."}, {"question": "What\u2019s a bd-r", "answer": "Answer not available"}, {"question": "Can i install a bigger ssd? if so what type, brand?", "answer": "Answer not available"}, {"question": "Is it a fully functional laptop? Can I download steAm?", "answer": "Yes it is a fully functional laptop and you can download and install steam. However it is not really a gaming laptop so if your looking for a laptop to play high end games this is not the laptop for you."}, {"question": "Does it come with a power cord?", "answer": "Yes it comes with external power adapter and power cord."}, {"question": "Is the os windows 10 pro", "answer": "no windows 10 home"}, {"question": "does this laptop come fully charged", "answer": "No"}, {"question": "Is the screen matte or glossy?", "answer": "Answer not available"}, {"question": "Will there be customs charges? I would be ordering from Philippines. Thank you.", "answer": "Yes most likely check with Amazon customer support."}, {"question": "Is this laptop good for gaming?", "answer": "Answer not available"}, {"question": "Hola una pregunta, el peso de la notebook es de 1 pound y su medida 9.1 pulgadas? Ya que vi otra similar con otras medidas m\u00e1s grande. Gracias", "answer": "Si"}, {"question": "What is the net Weight of Laptop included battery?", "answer": "four pounds six ounces including the battery."}, {"question": "What is the web cam quality ?", "answer": "Basic"}, {"question": "is this dell laptop chrome cast and screen cast capable?", "answer": "Yes, but you need to get out of the Microsoft S-Mode, that it comes with. S-Mode limits you to only Microsoft apps and products. Supposedly safer. As long as you have a decent anti virus, or anti malware program to install it is fine. Getting rid of S mode is simple. Use the 'Googles' . tells you everything you need to know."}, {"question": "What is warranty?", "answer": "Depends on how long the seller has had it in the shelf. Generally 6-9 months of the mfgs warrantee remains."}, {"question": "does this have a DVD player like it shows on the photo?", "answer": "Yes it does."}, {"question": "How well do all the Sims games work on this?", "answer": "Sorry, not a gamer"}, {"question": "Is this laptop good for gaming?", "answer": "I am very happy with this laptop, however, I don't game."}, {"question": "Only need one! Change order", "answer": "Answer not available"}, {"question": "Is this computer have the 10 s", "answer": "Yes but dell is not a good computer overall\nIf you like pick Acer or Asus da best out there"}, {"question": "Does it have a camera?", "answer": "Yes"}, {"question": "Is it touch screen?", "answer": "yes"}, {"question": "What computers come with i5 and 8 or more gb of ram and 256 ssd and3-4 usb a drive?", "answer": "Answer not available"}, {"question": "Tiene dvd?", "answer": "no"}, {"question": "Does it have a cd/dvd port?", "answer": "It does not come with one but it has an access if I had known beforehand. I would not have purchased it. Disappointed"}, {"question": "Soporta agregarle un disco duro sata adicional al ssd que viene?", "answer": "Si te refieres a un sata interno, la respuesta es no. Puedes conectar un disco sata externo usando USB."}, {"question": "So the one in pic is not it because the one in the picture definitely has the DVD door", "answer": "No DVD"}, {"question": "Is a canon pixma ix6820 wireless business printer compatible with this? thank u", "answer": "Yes it is."}, {"question": "Is there a 360 degree rotation feature?", "answer": "NO"}, {"question": "This computer stopped charging 2 months after purchase. It doesn't recognize the Dell cord that came with it. Does anyone know how to fix?", "answer": "I would go to the local Best Buy or other store, and ask to try a display cord and see if it works. If it does then it is probably the cord. Buy a new one. If it doesn't, then check your warrenty."}, {"question": "Is Microsoft office included with expert help?", "answer": "No"}, {"question": "How much is the ram memory of 4 or 8?", "answer": "I haven't purchased a ram upgrade, but video resources show that this is possible."}, {"question": "Can I connect my mouse to this laptop? My mouse has comes with a wire to connect the wire to my laptop for me to be able to use the mouse.", "answer": "Yes, this laptop does have USB ports. A wired mouse works fine with them.."}, {"question": "Does it have a backlight keyboard?", "answer": "No backlight this this is very basic"}, {"question": "least expensive Dell laptop with DVD drive?", "answer": "This laptop does not have a DVD drive. but it is very cheap and performs very well for productivity."}, {"question": "Is the dell inspiron 15.6\u201d touch screen intel core i3 128gb solid state drive laptop a good gaming laptop", "answer": "I don\u2019t know about gaming."}, {"question": "does this have a DVD player like it shows on the photo?", "answer": "does it have a cd drive"}, {"question": "Can this be docked?", "answer": "No"}, {"question": "Would this hook up to my canon tr4520 printer", "answer": "Answer not available"}, {"question": "Is the screen matte or glossy?", "answer": "Matte"}, {"question": "How good is this laptop for games like Minecraft and Spore?", "answer": "don't know don't play games"}, {"question": "Can i put in this laptop a dvd ?", "answer": "No you cant put dvd in their cause it dont a disc player on it. You have to get a external disc player and hook it up to your computer."}, {"question": "Does it support nvme gen3x4?", "answer": "I don't know what that means"}, {"question": "Does everyone have trouble with the wifi connection on this computer?", "answer": "WiFi works fine so far try updating the wireless driver if you're having problems."}, {"question": "It's saying i have an \"invalid product key\" for windows 10. what do i do?", "answer": "Call the unit\u2019s manufacturer."}, {"question": "How can I get information regarding what are the slots on the side of the laptop computer?", "answer": "Put the name of your computer on your search program and you will find the information you need! Use Goggle chrome."}, {"question": "Are you satisfied with the camera? I need to use it for Zoom meetings.", "answer": "Sorry haven\u2019t used the camera yet"}, {"question": "Dvd rom?", "answer": "No on board DVD or optical drive, I had an external DVD drive that plugs into USB port that's works well after I downloaded a free software, can also use external storage if needed. I'm happy with the laptop for the price so far."}, {"question": "How do I transfer pictures from my iPhone to the computer? Also is there a disk slot to burn pictures to a cd ?", "answer": "Not an easy task to transfer and no it does not have a burner very disappointed"}, {"question": "Is it \u201chard drive :flash_memory_solid_state\u201d or \u201c flash memory size : 128 gb\u201d or \u2018\u2019 128gb solid state drive\u201d?", "answer": "128 gb Solid state"}, {"question": "Can a DVD be installed?", "answer": "You can not install a DVD drive inside the laptop but you can use an external USB DVD drive just fine."}, {"question": "How is wireless connectivity?", "answer": "Wireless connectivity is great had no issues connecting to wireless at 2.4 and 5.0 GHz."}, {"question": "Does this product, dell inspiron 15.6\u201d touch screen intel core i3 128gb solid state drive laptop come with any software i.e word, excel, malwaare", "answer": "Not normally unless stated in ad. Trial subscriptions are available to use that expire after 30 days."}, {"question": "Is there a webcam?", "answer": "Yes, it's very good and the built in software is easy to use"}, {"question": "Does it have a lan port?", "answer": "yes"}, {"question": "How much can the RAM be upgraded?", "answer": "Answer not available"}, {"question": "Will you please provide a valid product id for windows 10 for my recent purchase? message sent, did not receive an answer", "answer": "Answer not available"}, {"question": "how do you open the cd drive", "answer": "Push the little button on the side of the laptop."}, {"question": "The picture shows a built-in dvd player but the description says no dvd player. which is it?", "answer": "Yes...this laptop has a built-in DVD player."}, {"question": "Can I connect my mouse on here mines not wireless", "answer": "Yes as long as the mouse is able to be connected using USB."}, {"question": "What is the net Weight of Laptop included battery?", "answer": "Around 5 - 5.5 pounds"}, {"question": "Can you add an additiona HD to this?", "answer": "Answer not available"}, {"question": "how to edit cart", "answer": "Answer not available"}, {"question": "Does the laptop have a camera", "answer": "Yes"}, {"question": "does it have a HDMI port on it?", "answer": "yew"}, {"question": "Does it have a CD Drive?", "answer": "No, this model does not have a CD drive"}, {"question": "is the screen backlit?", "answer": "It's a standard back lit laptop screen. If your question is about the type of back lighting I believe it's LED."}, {"question": "product dimensions 9.1 x 9.1x9.1???? screen size 15.6", "answer": "?? Mine measures 15X10.5 body size. Screen is 15.5"}, {"question": "How much can the CPU core be upgraded?", "answer": "Not at all..."}, {"question": "What is the web cam quality ?", "answer": "Fair"}, {"question": "Can I change the Windows language to Portuguese?", "answer": "Yes"}, {"question": "Does it have a 1gb nic or a 100 mb?", "answer": "Answer not available"}, {"question": "Does it have a speaker? Stereo speakers? If yes, what is the sound quality? \"Decent\"?", "answer": "Yes stereo speakers are internal and adequate for sound quality."}, {"question": "Que garant\u00eda tiene??", "answer": "la garant\u00eda\nDebes leer la informaci\u00f3n ya que algunos vendedores te la incluyen y otros de la dan como opci\u00f3n"}, {"question": "This is so confuing. the picture shows a dvd/ cd drive. but the description doesn't mention it and some say it does and some it doesn't. so what's up?", "answer": "I had the same thought to. The laptop case did have a little impression on it where a DVD drive button would have been. They often use the same cases for multiple models of laptop. So in another model it probably had a drive. However this particular model does NOT have an internal DVD drive. You can use a external USB \u2026 see more"}, {"question": "whats the max ram?", "answer": "Answer not available"}, {"question": "Does it have a CD Drive?", "answer": "No it does not have a CD drive."}, {"question": "Does this come with Microsoft Word and other apps ?", "answer": "Answer not available"}, {"question": "Do I need an antennae to be cellular compatible?", "answer": "No"}, {"question": "product dimensions 9.1 x 9.1x9.1???? screen size 15.6", "answer": "Yes the Screen size is 15.6' as mentioned."}, {"question": "Is this laptop bluetooth ready?", "answer": "Yes"}, {"question": "Esta laptop viene con ese blokeo de modo seguro", "answer": "S\u00ed, puedes configurarlo con una contrase\u00f1a"}, {"question": "Can you plug in an additional monitor?", "answer": "Yes"}, {"question": "Can it be used for gaming?", "answer": "No it cannot, it can barely run a web browser"}, {"question": "Does it come with a charger?", "answer": "Yes"}, {"question": "Is this laptop compatible for djing party downloads", "answer": "Answer not available"}, {"question": "Is this product extendable?", "answer": "Answer not available"}, {"question": "is it wi-fi ready?", "answer": "Yes, it has wifi adapter"}, {"question": "Is this compatible with a cricut machine", "answer": "I don't know what that is."}, {"question": "What is bd-r optical drive?", "answer": "Google is your friend...."}, {"question": "Windows 10 Pro with or without S in mode? Installed on computer or not ?", "answer": "Some say it has Win 10 Home, and others say it has the S mode? Which is it? I do not want to purchase if it is Win 10 in S mode. Thanks."}, {"question": "What generation is this?", "answer": "I don't know. Gen Z? Try the googles. Sorry."}, {"question": "Does it have a DVD?", "answer": "No it does not have a DVD."}, {"question": "Can I connect another monitor on here?", "answer": "As long as you have an hdmi cord, yes."}, {"question": "Tiene cd rom?", "answer": "No trae cd rom"}, {"question": "In list of features it says this is 1 lb, but in reviews I see it as weighing 5 lbs. Which is right?", "answer": "Just weighed it on my digital scales and it weighed 4.8 pounds."}, {"question": "Can you please confirm whether or not this laptop has dvd? the detailed desription says \"optical drive type bd- r.\"", "answer": "No dvd"}, {"question": "why does the product detail say the weight is 2.65 lbs? What is the true weight?", "answer": "Answer not available"}, {"question": "How long the battery last", "answer": "5 hours"}, {"question": "Buenas tardes, recibi el producto sin el cable de carga!!.... Como podemos solucionar esto?", "answer": "Answer not available"}, {"question": "What is the specific Dell model number?", "answer": "Dell Inspiron 15.6\u201d Touch Screen Intel Core i3 128GB Solid State Drive Laptop"}, {"question": "Does it has a M.2 port for other ssd?", "answer": "Only USB."}, {"question": "Tiene c\u00e1mara bluetooth y WiFi", "answer": "Si"}, {"question": "Does this come with a word program?", "answer": "No, I had to purchase Microsoft"}, {"question": "Es pantalla tactil?", "answer": "Si"}, {"question": "Does keyboard have a number pad? Is kb backlit?", "answer": "Has a number pad but no backlight"}, {"question": "Does the laptop lag when you game?", "answer": "no"}, {"question": "How do I activate windows? It didn\u2019t happen automatically upon turning on the machine.", "answer": "Bring back where purchased"}, {"question": "How long does the battery las fully charged?", "answer": "It depends on what setting you use and what your using the laptop for"}, {"question": "Does this have a hdmi", "answer": "Answer not available"}, {"question": "What is the maximum supported ram?", "answer": "Answer not available"}, {"question": "Does this laptop have an ethernet port?", "answer": "Yes"}, {"question": "Is this laptop compatible with a silhouette cameo machine?", "answer": "No"}, {"question": "Does the laptop lag when you game?", "answer": "Yes"}, {"question": "Is the nic 1gb or 100mb?", "answer": "I honestly don't know as i have been to busy\nI barely have it setup. Sorry\nI purchased mine between September and October."}, {"question": "bought inspiration 15 need a power cord which one do I buy?", "answer": "Mine came with the cord. Try \"Dell Live Chat\". Just type those 3 words in your browser and it the rest should be easy. They should have the answer for you. Good Luck."}, {"question": "Can I play games on this laptop", "answer": "yes you can play FORTNITE!!!!!!"}, {"question": "Is this 64 bit or 32 bit?", "answer": "64 bit. I returned mine because it had a weak wireless card. Couldn't do the high speed."}, {"question": "Can this be cellular compatible?", "answer": "No"}, {"question": "Call me please?", "answer": "Answer not available"}, {"question": "Does this have windows movie maker", "answer": "Yes, it's part of the Win 10 base software."}, {"question": "Is this computer compatible with android cell wifi?", "answer": "The laptop uses Windows 10 and is compatible with android and apple to the extent that Microsoft Windows is. Brief answer is partially."}, {"question": "Do the buttons light up?", "answer": "No"}, {"question": "is this able to handle software like Adobe or other editing/video-making software (I want to scan & edit art prints as well as youtube videos) thanks", "answer": "I would say yes it can however there are better computers for this might not run as well doing these things."}, {"question": "Why does it show thi had an optical drive if yhere isnt one?", "answer": "There is no optical drive on this model."}, {"question": "Can the ram and ssd be upgraded?", "answer": "Yes but are purchased separately"}, {"question": "Is ram ddr4 type ?", "answer": "Answer not available"}, {"question": "does this come with Microsoft Word? and can I add on/run something like Adobe to create/edit (youtube) videos? thanks", "answer": "It does come with Microsoft Office 365 installed but you will need to buy a license to use it. Otherwise you may as well delete it if your not going to buy a license because you wont be able to use it. This laptop is powerful enough to do basic video editing."}, {"question": "Is it word compatible", "answer": "Yes"}, {"question": "I need to buy a new power cord for this computer can you give me the item number for the power cord?", "answer": "https://www.amazon.com/Listado-Cargador-Dell-Inspiron-15-3000-15-5000/dp/B0076NRSSQ/ref=sr_1_4?dchild=1&keywords=power+cord+for+Dell+Inspiron+15.6%E2%80%9D+Touch+Screen+Intel+Core+i3+128GB+Solid+State+Drive+Laptop&qid=1592396215&s=electronics&sr=1-4"}, {"question": "Is this a chromebook?", "answer": "No. It uses Windows. However there are Dell Chromebooks available. Type in Dell chromebook in the Amazon search bar."}, {"question": "Is this printer compatible?", "answer": "Answer not available"}], "time": ["09/04/2021 18:13:31"], "reviewsCountInfo": {"expRevCount": 124, "actRevCount": 124, "nonEnglishRevCount": 2}, "scrapperInfo": {"Version": "1.3.2", "Released Date": "08/04/2021"}, "productURL": "https://www.amazon.com/gp/product/B07KVFTVHX", "ASIN": "B07KVFTVHX", "title": "Dell Inspiron 15.6\u201d Touch Screen Intel Core i3 128GB Solid State Drive Laptop", "manufacturer": " Dell Store", "currentPrice": "$680.35", "rating": "4.4", "totalRatings": "609 "}