{"features": ["8th Generation Intel Core i5-8300H Processor (Quad-Core, 8MB Cache, up to 4.0GHz w/ Turbo Boost)", "8GB, 1x8GB, DDR4, 2666MHz, 1TB 5400 rpm Hybrid Hard Drive with 8GB Cache", "15.6-inch FHD (1920 x 1080) IPS Anti-Glare LED-Backlit Display, NVIDIA GeForce GTX 1050 with 4GB GDDR5 graphics memory, Integrated Widescreen HD (720p) Webcam with Dual Array Digital Microphone", "802.11ac 1x1 WiFi and Bluetooth, 1x 2-in-1 SD / MicroMedia card 2x SuperSpeed USB 3.1 Type-A 1x USB 2.0 1x Power/DC-in Jack 1x HDMI 2.0 1x Gigabit Ethernet RJ-45 1x Headphone/Mic", "Windows 10 Home 64-bit English, 4-Cell 56 Whr Battery (Integrated)"], "reviewsAspects": ["gaming laptop", "fix", "computer", "loud", "ram"], "productInformation": [{"\nASIN\n": "\nB07L1PLW9Z\n", "Customer Reviews": "\n\n\n\n\n\n\n4.3 out of 5 stars\n\n\n\n\n\n\n\n\n82 ratings\n\n\n\n\n\n\n4.3 out of 5 stars\n", "\nBest Sellers Rank\n": "\n\n#43,262 in Computers & Accessories (See Top 100 in Computers & Accessories)\n\n#7,075 in Traditional Laptop Computers\n\n\n", "\nDate First Available\n": "\nDecember 1, 2018\n"}], "productDescription": "Product description\nLatest_Dell_G3 High Performance Gaming 15.6-inch FHD IPS Laptop with i5-8300H CPU, 8GB RAM, 1TB Hybrid HD with 8GB Cache, NVIDIA GeForce GTX 1050 4GB Graphics, Windows 10", "reviews": [{"reviewerName": "lauren cannon", "reviewerUrl": "https://www.amazon.com/gp/profile/amzn1.account.AHR7QNXWCZ5BNLSM3NLB2G7RK27Q/ref=cm_cr_getr_d_gw_btm?ie=UTF8", "rating": "1.0 out of 5 stars", "reviewTitle": "Don\u2019t", "reviewDate": "August 17, 2020", "reviewText": "  Piece of crap! Fan was loud as can be. After using for only 7 months it just died! Now I have nothing to work on.", "is_Helpful": ""}, {"reviewerName": "Emmanuel", "reviewerUrl": "https://www.amazon.com/gp/profile/amzn1.account.AHRCSR246WXXLUS74X7FPCD6GFJQ/ref=cm_cr_getr_d_gw_btm?ie=UTF8", "rating": "5.0 out of 5 stars", "reviewTitle": "Descent laptop, Just need a few upgrades", "reviewDate": "June 16, 2020", "reviewText": "  Battery life is outstanding. Gaming will be 50/50, Make sure to buy a M.2 and another ram stick to boost up its performance.", "is_Helpful": ""}, {"reviewerName": "shannon newman", "reviewerUrl": "https://www.amazon.com/gp/profile/amzn1.account.AGNTE74ECF3P7SFNQONFUXEJKOTA/ref=cm_cr_getr_d_gw_btm?ie=UTF8", "rating": "5.0 out of 5 stars", "reviewTitle": "Great buy!", "reviewDate": "June 6, 2020", "reviewText": "  Great gaming computer! The boys love it", "is_Helpful": ""}, {"reviewerName": "Dale Gauthier", "reviewerUrl": "https://www.amazon.com/gp/profile/amzn1.account.AEMKJ72QUIYTWW56OZDSJOZNPMGQ/ref=cm_cr_getr_d_gw_btm?ie=UTF8", "rating": "5.0 out of 5 stars", "reviewTitle": "Great Starter Gaming Laptop / Even use with VR", "reviewDate": "May 27, 2020", "reviewText": "\"  Ive had this laptop for almost 8 months now and have not found any faults with it. I teach computer science/graphic design and the specs are great. Ive played games and VR, and even with the low graphics card, it still handled everything smoothly. Great starter/beginner laptop for gamers. If you are into intense gaming/VR playing you might want to up the Graphics Card.\"", "is_Helpful": ""}, {"reviewerName": "Abbrielle Robinson", "reviewerUrl": "https://www.amazon.com/gp/profile/amzn1.account.AEUR7GEXTERHHBVCWLFZ7UIYEEIQ/ref=cm_cr_getr_d_gw_btm?ie=UTF8", "rating": "2.0 out of 5 stars", "reviewTitle": "Screen Malfunctions", "reviewDate": "April 21, 2020", "reviewText": "  The laptop is clean, it functions for the most part. However, the screen glitches and I\u2019ve tried many ways to fix it, but it still starts glitching at random times and I can\u2019t get it to stop unless I turn the laptop off and back on again.", "is_Helpful": ""}, {"reviewerName": "David E Cousin", "reviewerUrl": "https://www.amazon.com/gp/profile/amzn1.account.AHSZZM44JYZDTOROTFNHZNSMG5MQ/ref=cm_cr_getr_d_gw_btm?ie=UTF8", "rating": "5.0 out of 5 stars", "reviewTitle": "Gaming", "reviewDate": "February 7, 2020", "reviewText": "  After fours months It still holding up like a pro quick suggestion for anyone who is trying to gaming on here upgrade the ram to about 16 and you should be fine also update your graphics card driver on Nvida\u2019s GeForce Experience.", "is_Helpful": ""}, {"reviewerName": "Armen_111", "reviewerUrl": "https://www.amazon.com/gp/profile/amzn1.account.AHVUK3UXWV66Z6DVK4RRPRE5WR4Q/ref=cm_cr_getr_d_gw_btm?ie=UTF8", "rating": "5.0 out of 5 stars", "reviewTitle": "Notebook", "reviewDate": "December 28, 2019", "reviewText": "  Excellent, fast notebook", "is_Helpful": ""}, {"reviewerName": "Bashero", "reviewerUrl": "https://www.amazon.com/gp/profile/amzn1.account.AGYXIHRMNM2Q4T5JIUMNMRZV3BPA/ref=cm_cr_getr_d_gw_btm?ie=UTF8", "rating": "5.0 out of 5 stars", "reviewTitle": "Great if you need graphics", "reviewDate": "December 26, 2019", "reviewText": "  I bought this as a gift for my sister she studies Architecture and she loved it", "is_Helpful": ""}, {"reviewerName": "Natali Silva", "reviewerUrl": "https://www.amazon.com/gp/profile/amzn1.account.AF2OUI76C7DG7NNWF5AJWEPLPZGQ/ref=cm_cr_arp_d_gw_btm?ie=UTF8", "rating": "1.0 out of 5 stars", "reviewTitle": "I need to contact with the support department again", "reviewDate": "December 10, 2019", "reviewText": "  12/12/ 2019, I was texting with Prashant and I had a problem with my box message, it dissappear and I lost all the information in there to fix my laptop. Also, I had problems with my keypad on my phone and it clicked whatever. I need help again, please., ----------------, \"In June of this year I bought this laptop and, although even Dell took it to fix it, its still the same as before, I cant even open a Google tab without that meaning I have to wait more than 1 minute (I counted them) Ive arrived  to the point of preferring to use only my cell phone, because it is faster than this laptop .  I cant believe that everything that this laptop supposedly has is a lie, because with the ability it claims to have in the product description, I shouldnt have problems.  I want my money back.\"", "is_Helpful": "One person found this helpful"}, {"reviewerName": "raphael normie", "reviewerUrl": "https://www.amazon.com/gp/profile/amzn1.account.AGN2MRXKGQIQNVWOVELRXDLDMXUA/ref=cm_cr_arp_d_gw_btm?ie=UTF8", "rating": "4.0 out of 5 stars", "reviewTitle": "Decent gaming laptop for the price", "reviewDate": "November 20, 2019", "reviewText": "  Decent gaming laptop for the price, colors not too flashy which was what I was looking for., Battery life while gaming around 3 to 4 hours which is enough for my commute., Some of the bloatewhare installed will hurt gaming and internet performance so I recommend getting a blaotewhare remover., Also the hard feels a little slow and I plan on upgrading by adding a SSD, and another 8GB of ram.", "is_Helpful": "One person found this helpful"}, {"reviewerName": "Cristobal Chong-Qui", "reviewerUrl": "https://www.amazon.com/gp/profile/amzn1.account.AHHXIIYPN3R6Y2UE2AKK2R54YNSQ/ref=cm_cr_getr_d_gw_btm?ie=UTF8", "rating": "5.0 out of 5 stars", "reviewTitle": "Muy buena, en relaci\u00f3n al precio", "reviewDate": "November 10, 2019", "reviewText": "  Excelente laptop", "is_Helpful": "One person found this helpful"}, {"reviewerName": "Michael Williams", "reviewerUrl": "https://www.amazon.com/gp/profile/amzn1.account.AGS5UZTM6ABXN4HZNR5DV24I66YA/ref=cm_cr_getr_d_gw_btm?ie=UTF8", "rating": "5.0 out of 5 stars", "reviewTitle": "affordable gaming laptop!", "reviewDate": "November 5, 2019", "reviewText": "  Very good for gaming", "is_Helpful": "One person found this helpful"}, {"reviewerName": "Mohamed Mamdouh", "reviewerUrl": "https://www.amazon.com/gp/profile/amzn1.account.AHQ674UZFQVOIALVPX3NWECLKE6A/ref=cm_cr_getr_d_gw_btm?ie=UTF8", "rating": "5.0 out of 5 stars", "reviewTitle": "\"Get the SSD Model dont buy the model with Only HDD\"", "reviewDate": "October 27, 2019", "reviewText": "\"  Gets the job done, although kind of loud when the fans kicks in, which makes me reluctant to do any stressful tasks on it as the fans makes it sound like it is squealing for its life. It does not throttle though.\"", "is_Helpful": ""}, {"reviewerName": "J ", "reviewerUrl": "https://www.amazon.com/gp/profile/amzn1.account.AEWHLEEK4RY6SIHY7MCQ5PJYLEQA/ref=cm_cr_arp_d_gw_btm?ie=UTF8", "rating": "1.0 out of 5 stars", "reviewTitle": "Had to change my review from 4 to 1 star", "reviewDate": "October 1, 2019", "reviewText": "  Edit: The fan is now making very loud buzzing noises that is registering at 54 decibels when it comes on. This is absolutely insane. Such a poor quality computer from Dell. This is my second Dell, and I would not recommend anyone to buy a Dell or the G3. Take your money elsewhere, these are crap.", "is_Helpful": "8 people found this helpful"}, {"reviewerName": "G. Selleck", "reviewerUrl": "https://www.amazon.com/gp/profile/amzn1.account.AHOZX5TVSPAACJVBCGH56QJ6IMVA/ref=cm_cr_arp_d_gw_btm?ie=UTF8", "rating": "4.0 out of 5 stars", "reviewTitle": "Great Unit, Needs Brighter Keyboard", "reviewDate": "September 23, 2019", "reviewText": "\"  Have had this unit for several months, and it works fine. Im not a gamer, but I appreciate the speed of this unit. No glitches yet. My only beef is the lighted keyboard. I work under low light a lot, and although the keyboard is lit by lovely blue lights, it is just too hard to see. Recommended.\"", "is_Helpful": "3 people found this helpful"}, {"reviewerName": "Jan E", "reviewerUrl": "https://www.amazon.com/gp/profile/amzn1.account.AE2EPJ56H4GGWPMGFQPWNFEGB6GA/ref=cm_cr_getr_d_gw_btm?ie=UTF8", "rating": "1.0 out of 5 stars", "reviewTitle": "Broken already", "reviewDate": "September 1, 2019", "reviewText": "\"  Its broken\"", "is_Helpful": "One person found this helpful"}, {"reviewerName": "Lesley   Kerr", "reviewerUrl": "https://www.amazon.com/gp/profile/amzn1.account.AFEP3WG4UOBFKGSX2CZNYYIE5JCQ/ref=cm_cr_getr_d_gw_btm?ie=UTF8", "rating": "3.0 out of 5 stars", "reviewTitle": "Keep it plugged in", "reviewDate": "August 26, 2019", "reviewText": "  Battery seems to die pretty quick.", "is_Helpful": ""}, {"reviewerName": "NR", "reviewerUrl": "https://www.amazon.com/gp/profile/amzn1.account.AHC27OIP6RZ4YLWPD2L3WWDFWUZA/ref=cm_cr_getr_d_gw_btm?ie=UTF8", "rating": "5.0 out of 5 stars", "reviewTitle": "Great buy", "reviewDate": "August 20, 2019", "reviewText": "\"  Runs real smoothly and the quality is very good, so far so good with the laptop, fan is a little bit noise but then again what gaming laptop isnt\"", "is_Helpful": "One person found this helpful"}, {"reviewerName": "P. Binder", "reviewerUrl": "https://www.amazon.com/gp/profile/amzn1.account.AHLJ2QGNNJWYQV7ZYYBDKQGTHQ7A/ref=cm_cr_arp_d_gw_btm?ie=UTF8", "rating": "5.0 out of 5 stars", "reviewTitle": "Seems to make games smoother", "reviewDate": "August 8, 2019", "reviewText": "  I wanted an upgrade to my dell for better gaming. The video card in this model seems to have sped up my games. The fan is a little noisy.", "is_Helpful": "4 people found this helpful"}, {"reviewerName": "Mario Cerda Cortes", "reviewerUrl": "https://www.amazon.com/gp/profile/amzn1.account.AGMZRNDUNQPW27II3JV6V3BSMUDA/ref=cm_cr_getr_d_gw_btm?ie=UTF8", "rating": "5.0 out of 5 stars", "reviewTitle": "image quality is excellent", "reviewDate": "August 1, 2019", "reviewText": "  image quality is excellent", "is_Helpful": "One person found this helpful"}, {"reviewerName": "Katherine", "reviewerUrl": "https://www.amazon.com/gp/profile/amzn1.account.AHHYTA2BAVM7Y25YZSYO6KVX4WWA/ref=cm_cr_arp_d_gw_btm?ie=UTF8", "rating": "1.0 out of 5 stars", "reviewTitle": "Terrible first impression", "reviewDate": "July 25, 2019", "reviewText": "\"  Unbelievably loud and slow. I tried to download MapleStory three times and the wireless adapter crashed every time. My older laptop had no problem downloading it, and its not even a gaming laptop. Ill tinker with it and see if I can fix it, but overall, not a great first impression. Ill update this review if I can figure out whats going on and fix it.\"", "is_Helpful": "5 people found this helpful"}, {"reviewerName": "Amazon Customer", "reviewerUrl": "https://www.amazon.com/gp/profile/amzn1.account.AFXZRY3HDIPV37ZM3A2I7ILX5A4Q/ref=cm_cr_getr_d_gw_btm?ie=UTF8", "rating": "5.0 out of 5 stars", "reviewTitle": "Fast", "reviewDate": "July 12, 2019", "reviewText": "  Fast start up, and smooth running", "is_Helpful": "One person found this helpful"}, {"reviewerName": "Christian", "reviewerUrl": "https://www.amazon.com/gp/profile/amzn1.account.AFILI3FWGNUKL7RS6IYNOQSS4AIQ/ref=cm_cr_getr_d_gw_btm?ie=UTF8", "rating": "5.0 out of 5 stars", "reviewTitle": "Excelent buy", "reviewDate": "June 6, 2019", "reviewText": "  In this moment, excelent!", "is_Helpful": "One person found this helpful"}, {"reviewerName": "Jennay", "reviewerUrl": "https://www.amazon.com/gp/profile/amzn1.account.AE3X3O7SWITPQCV5HYWAACJVRL2A/ref=cm_cr_arp_d_gw_btm?ie=UTF8", "rating": "5.0 out of 5 stars", "reviewTitle": "Super fast graphics", "reviewDate": "June 4, 2019", "reviewText": "\"  Bought this computer to run Fusion 360 and Autodesk inventor. Works like a charm, cant complain.\"", "is_Helpful": "13 people found this helpful"}, {"reviewerName": "Erika", "reviewerUrl": "https://www.amazon.com/gp/profile/amzn1.account.AHXQABFLLUEBCWVLUJ2HMHRRGCWA/ref=cm_cr_getr_d_gw_btm?ie=UTF8", "rating": "1.0 out of 5 stars", "reviewTitle": "Performance", "reviewDate": "May 3, 2019", "reviewText": "  Too noisy", "is_Helpful": "4 people found this helpful"}, {"reviewerName": "Joshua Jones", "reviewerUrl": "https://www.amazon.com/gp/profile/amzn1.account.AGHOXBQJKEOKYAZMEFEQUD2CZLLQ/ref=cm_cr_getr_d_gw_btm?ie=UTF8", "rating": "5.0 out of 5 stars", "reviewTitle": "Laptop", "reviewDate": "April 19, 2019", "reviewText": "  A great laptop!!!", "is_Helpful": "5 people found this helpful"}, {"reviewerName": "Zachary Reynolds", "reviewerUrl": "https://www.amazon.com/gp/profile/amzn1.account.AHSIXE4S5FYKLZDBZEE62VGQHOSA/ref=cm_cr_arp_d_gw_btm?ie=UTF8", "rating": "5.0 out of 5 stars", "reviewTitle": "Great customer service and one sexy looping laptop", "reviewDate": "April 6, 2019", "reviewText": "  When I ordered this laptop originally I received the wrong one however it does not change my 5 star review as the customer service and fast service getting me he correct laptop was above and beyond what I expected. I just received the correct laptop today and am beyond pleased with it. Will write more on the gaming experience once I start gaming.", "is_Helpful": "14 people found this helpful"}], "qAndA": [{"question": "warrenty in india", "answer": "Answer not available"}, {"question": "what kind of ssd it supports? Nvme?", "answer": "Answer not available"}, {"question": "Can i order with 2x8gb ram?", "answer": "I dont believe so. If you could I'm sure they would give you the option at checkout."}, {"question": "can i change from 5400rpm hdd to 7200rpm hdd?", "answer": "Answer not available"}, {"question": "The windows is with license? I don\u2019t want a 30- days free trial", "answer": "Yes it is licensed, not a trial version"}, {"question": "Is this vr ready", "answer": "This item is VR ready."}, {"question": "Ram comes as a single stick? if so, is there a free RAM slot?", "answer": "Answer not available"}, {"question": "Can a nvme drive be installed separately? these systems generally have an nvme slot.", "answer": "Yes"}, {"question": "Can it play games like minecraft roblox ect", "answer": "Answer not available"}, {"question": "Is it the 2019 version or the 2018?", "answer": "Answer not available"}, {"question": "Does this g3 come with any games?", "answer": "If you mean preloaded games like Microsoft's version of Candy Crush, solitaire & Tetris... Kinda, but after the Windows 10 update that took a painfully long & tedious time. Nothing special like GTA 5 or something like that."}, {"question": "Are there good sports games available? when i had an xbox i mainly played sports games.", "answer": "Same sports games for xbox can be found on Steam and Origin store"}, {"question": "what is expert set up and can this laptop run monster hunter world on the highest setting?", "answer": "Answer not available"}, {"question": "I\u2019m anxious about dropping $800 on this, is it worth it?", "answer": "i love it. no issues yet. use it for school ( i teach computer science) and also VR gaming."}, {"question": "does this have a display port as well as hdmi port?", "answer": "Yes."}, {"question": "Does it have an M.2 slot available?", "answer": "Answer not available"}, {"question": "is there a way to add a 512 ssd 2.5\" hard drive", "answer": "Answer not available"}, {"question": "is this shipped in a plain box to hide what it is?", "answer": "Shipped in two boxes, the main one inside a plain one."}, {"question": "What audio does this laptop have?", "answer": "Answer not available"}, {"question": "can i avail my warrenty in india", "answer": "No."}, {"question": "How well would this laptop handle Second Life?", "answer": "It runs it well."}, {"question": "Does it have a free ram slot and an additional slot for SSD?", "answer": "Answer not available"}, {"question": "What type of warranty does this laptop have, is it on-site? If not then what is the cost of buying the same.", "answer": "Answer not available"}, {"question": "Is this laptop a 32bit or 64bit?", "answer": "64, but its garbage, buy a better one, the hybrid HD ruins the computer, I looked on the forums to fix the issue and they all say to buy a SSD. Buy a laptop with a SSD in there already."}, {"question": "Q: Does it have warranty", "answer": "Answer not available"}, {"question": "does the keyboard has backlit? and can we add ssd to the laptop?", "answer": "yes, it is backlit keyboard , and of course you can upgrade or downgrade ssd as you want"}, {"question": "Can I play world of Warcraft on max graphics settings?", "answer": "Answer not available"}, {"question": "If I play games off an external optical drive (old games that require a CD), are there performance issues?", "answer": "Answer not available"}, {"question": "Hello, could you please give the shipping box dimensions?", "answer": "Answer not available"}, {"question": "Battery life", "answer": "Answer not available"}, {"question": "Will device suppport both m.2 and sata 2.5\" bay and include sata cable already in place?", "answer": "Answer not available"}, {"question": "What is the refresh rate of the monitor?", "answer": "Hi - not a tech person, but we were not totally happy with the specific Dell laptop we bought last year. Bought a Lenovo this year for the next one we bought and are much happier."}, {"question": "Is there another slot to upgrade the ram from 8gb to 16gb?", "answer": "Answer not available"}, {"question": "is this product available with Windows 10 professional 64?", "answer": "Answer not available"}, {"question": "Does this come with 1 8 gb stick of ram? The other slot is vacant.", "answer": "Answer not available"}, {"question": "What is the difference between the $695.95 version and the $748.90?", "answer": "748.9 version has the newer generation of CPU"}, {"question": "Can I over clock the cpu?", "answer": "Yes."}, {"question": "Does the model with the 1tb hybrid drive have a slot for another 2.5\" sata ssd?", "answer": "Answer not available"}, {"question": "Can this run Mordhau and Verdun?", "answer": "Answer not available"}, {"question": "I cant find the model number on this listing. What is it?", "answer": "Answer not available"}, {"question": "does it come with 16GB intel optane memory?", "answer": "Answer not available"}, {"question": "Works with 220V?", "answer": "there is no problem"}, {"question": "How much Ghz does the processor has?", "answer": "Answer not available"}, {"question": "I can change to Portuguese language - Brazil if I want", "answer": "Answer not available"}, {"question": "Looking for a competent laptop for wow classic and bfa on the go. anyone have any experience playing on this ?", "answer": "Answer not available"}, {"question": "Viene con el programa de word", "answer": "No, no viene ning\u00fan paquete de office"}, {"question": "What is the max screen resolution?", "answer": "Answer not available"}, {"question": "The laptop says no 16gb optain storage even tough the description says: 8gb ram + 16gb intel optane storage. do i need to return the laptop?", "answer": "Answer not available"}, {"question": "Can this g3 run sims 4 all expansions smoothly?", "answer": "Answer not available"}, {"question": "What is the model of this laptop?", "answer": "Dell G3 15"}, {"question": "Is it the body made in aluminium or plastic?", "answer": "I believe it was plastic. Gifted it to someone so doesn't have it my possession."}, {"question": "I want to be ale to play cities skylines, minecraft and sims 4 on moderately high settings, and record in-game footage. can this laptop do that?", "answer": "Yes. You shouldn't have any issues with those games. You can most likely run Minecraft on highest settings as well as The Sims 4. Recording should be fine aswell I tested it out on Overwatch and ran it on High settings."}, {"question": "Soy estudiante de arquitectura, funciona bien para la carrera?", "answer": "Answer not available"}, {"question": "are the colors look bright and good. also is this RGB?", "answer": "Answer not available"}, {"question": "The description says it doesn\u00b4t have wifi, is that right? seems very weird, almost every device works with wifi now.", "answer": "802.11ac 1x1 WiFi and Bluetooth."}, {"question": "Is this a 1050ti as it has 4gb for the graphics card? I could not find a 4gb 1050.", "answer": "This laptop has a Nvidia Gefore GTX 1050 with 8gb of RAM."}, {"question": "Does this product have international warranty?", "answer": "Answer not available"}, {"question": "can this laptop run skyrim or tropico 6?", "answer": "Yes."}, {"question": "Is this hard to take apart to change the drive or the battery? Just un screws and take apart or did Dell make it so only they can get apart?", "answer": "Answer not available"}, {"question": "Can we have 2xgb ram?", "answer": "Answer not available"}, {"question": "Can you run a virtual reality headset like HTC or oculus with this laptop?", "answer": "Answer not available"}, {"question": "do you stiil and will always keep downloading all the stuff you down load every month", "answer": "Answer not available"}, {"question": "Can you upgrade the Ram?", "answer": "Answer not available"}, {"question": "It has Microsoft office lincense? Or It\u2019s the 30-day try out", "answer": "No, it hasn't Microsoft Office"}, {"question": "The laptop says no 16gb optain storage even tough the description says: 8gb ram + 16gb intel optane storage. do i need to return the laptop?", "answer": "Having the same exact problem that you are. Computer is supposed to provide 8 GB but it doesn\u2019t seem to provide as much as it did initially. I kept the computer but have had multiple issues overall. A return would be a personal preference."}, {"question": "What is difference between this and https://www.amazon.com/dell-gaming-laptop-g3579-5941blk-pus-3579/dp/b07brhxczl ?", "answer": "Answer not available"}, {"question": "El teclado viene con la \u00f1?", "answer": "No, no tiene"}, {"question": "Hi does this unit come with the standard 3 year warranty for dell products?", "answer": "Answer not available"}, {"question": "Will i able to add a 3d nand internal ssd 480gb along side the 1tb already included in the system?", "answer": "Answer not available"}, {"question": "Is this Dell G3 15 3579 model?", "answer": "Was. A Dell G3 3579\nMfg yr 2018\nNote it needed a firmware update"}, {"question": "Just got it today, keeps freezing on apps, I restarted it once, and it kept being slow, so I restarted again, but it won\u2019t actually turn on?", "answer": "Answer not available"}, {"question": "Do you have similar laptop with backlit keyboard?", "answer": "Yes"}, {"question": "Can the RAM be increased to 16gb?", "answer": "Answer not available"}, {"question": "Can i upgrade the ram if i need to? thanks.", "answer": "Yes you can."}, {"question": "If I don't purchase the extended warranty now, will I have the option to extended it later? If so, how long after purchase?", "answer": "Answer not available"}, {"question": "Will this play runescape on High settings?", "answer": "Yes, it should be able to handle runescape pretty well."}, {"question": "The description says: 8gb 2666mhz ddr4 + 16 gb intel optane memory accelerated. is this true? does it have 16gb intel optane?", "answer": "Answer not available"}, {"question": "Hi. I have a question. The model Dell G3579-5467BLK-PUS have 1x8gb or 2x4gb ram configuration?", "answer": "Answer not available"}, {"question": "doest it has ssd? or not?", "answer": "Answer not available"}, {"question": "Is this a gtx 1050 or gtx 1050ti? the decription says 4gb 1050 but the 1050 is only 2gb unless it is the 1050 ti.", "answer": "It is the 1050 ti. It works really well. I use it for work as well as gaming. I've tested out quite a few games including Mafia 3, My Time At Portia, Skyrim, Overwatch, and GTA 5. Can run Skyrim on Ultra with it modded to heck with no issues. Other games mostly run great on medium settings, some on high. Mafia 3 is the\u2026 see more"}, {"question": "What is the the modle no ?", "answer": "Answer not available"}], "time": ["09/04/2021 19:27:30"], "reviewsCountInfo": {"expRevCount": 27, "actRevCount": 27, "nonEnglishRevCount": 3}, "scrapperInfo": {"Version": "1.3.2", "Released Date": "08/04/2021"}, "productURL": "https://www.amazon.com/gp/product/B07L1PLW9Z", "ASIN": "B07L1PLW9Z", "title": "Latest_Dell_G3 High Performance Gaming 15.6-inch FHD IPS Laptop with i5-8300H CPU, 8GB RAM, 1TB Hybrid HD with 8GB Cache, NVIDIA GeForce GTX 1050 4GB Graphics, Windows 10", "manufacturer": " Dell Store", "currentPrice": "", "rating": "4.3", "totalRatings": "82 "}