{"features": ["Manufacturer Certified Refurbished, tested and certified to look and work like new with Minimum 90-day warranty. Only select sellers who maintain high performance may offer Certified Refurbished products on Amazon.com.", "17.3-Inch FHD (1920x1080) | Front Facing Webcam", "8th Generation Intel Quad Core i7-8550U 1.80 GHz (Turbo 4.0 GHz, 4 Cores 8 Threads, 8MB SmartCache)", "256GB SSD + 2 TB 5400 RPM SATA HDD | 16 GB 2400MHz DDR4 [MAX 32GB] | Back-lit Keyboard", "Windows 10 Home 64-bit (Platinum Silver)"], "reviewsAspects": ["like new", "laptop", "machine", "touch", "inspiron", "renewed"], "productInformation": [{"\nASIN\n": "\nB07L6QM2NX\n", "Customer Reviews": "\n\n\n\n\n\n\n4.0 out of 5 stars\n\n\n\n\n\n\n\n\n54 ratings\n\n\n\n\n\n\n4.0 out of 5 stars\n", "\nBest Sellers Rank\n": "\n\n#28,737 in Computers & Accessories (See Top 100 in Computers & Accessories)\n\n#4,529 in Traditional Laptop Computers\n\n\n", "\nDate First Available\n": "\nDecember 7, 2018\n"}], "productDescription": "\nThis Certified Refurbished product is tested and certified to look and work like new. The refurbishing process includes functionality testing, basic cleaning, inspection, and repackaging. The product ships with relevant accessories and may arrive in a generic box. Only select sellers who maintain a high performance bar may offer Certified Refurbished products here.\nDell Inspiron 17 5000 Series 5770 Gaming Laptop\nDesigned for the real world \u2014 because that's where life happens. We want you to love your new PC for years to come. That's why we test Inspiron laptops for reliability not just in the places where you expect it, but for the open road ahead.\nTurn up the heat: From locker rooms to locked cars, we test Inspiron laptops for survival in harsh short-term heat conditions of up to 65\u00b0C/149\u00b0F.\nEverything hinges on it: We test Inspiron laptop hinges to ensure they still feel tight, even after opening and closing the lid 20,000 times.\nKeys to success: We test commonly used keys for 10 million keystrokes and touch pad buttons 1 million times with no failure. So go ahead, finish your novel.\nButtoned up: No matter what you set your power and multimedia buttons to do, we've tested them all to survive up to 40,000 pushes with no problems.\nTwist and turn: Can be considered excessive, but after twisting an Inspiron laptop's base and lid more than 25,000 times, we can assure you the parts inside are well protected.\nAlways a good fit: You'll probably never need to remove and reinstall your Inspiron's battery 30 times, but you can rest easy knowing that we've tested even that.\nTechnical Specifications\nDisplay 17.3-Inch FHD (1920x1080) Display (Non-Touch)\nProcessor 8th Generation Intel Quad Core i7-8550U 1.80 GHz (Turbo 4.0 GHz, 4 Cores 8 Threads, 8MB SmartCache)\nGraphics Dedicated AMD Radeon 530 4098 MB GDDR5 VRAM | Integrated Intel UHD Graphics 620\nStorage 2 TB 5400 RPM SATA HDD\nMemory 16 GB 2400MHz DDR4 [MAX 32GB]\nNetworking WiFi AC + Bluetooth Combo\nOperating System Windows 10 Home 64-bit\nBattery 3-cell, 42 WHr Li-ion\nDimensions (WxDxH) 16.35\" x 10.99\" x 0.98\" Inches\nWeight 6.15 lbs\nAdditional Specifications\nWebcam Front Facing HD Webcam\nKeyboard Back-lit Keyboard\nOptical Drive DVD+RW\nMedia-Card Reader 3-in-1 SD card reader\n\nLeft Side\nDC Power Adapter Port\nHDMI\nEthernet (RJ-45) Port\n2x USB 3.1 Gen 1 (Type-A)\nHeadphone/Microphone Combo Jack\nButtons & Ports\nRight Side\n3-in-1 SD Card Reader\nUSB 2.0 (Type-A)\nDVD+/-RW\nSecurity Cable Lock Slot\nReal entertainment!\n17-inch laptop designed to entertain the whole family, with a head-turning finish, an expansive display!\nEssential accessories for your Inspiron 17 5000!\nMaximize the performance of your Inspiron 17 5000 with Dell-recommended essential accessories.\nFully immersive, completely impressive!\nClarity on display:\nEnjoy the crisp detail of a 17.3\" FHD display to see everything better.\nUnite your devices with Dell Mobile Connect!\nSeamless PC/smartphone integration: Access multiple devices without dividing your attention\u2014Dell Mobile Connect pairs your iOS or Android smartphone with your laptop.\nLimit disruptions: With Dell Mobile Connect, you get the option to channel notifications from phone calls, SMS, IMs and other apps right to your laptop. Keep your focus on a single screen and respond only when it\u2019s convenient for you.\nMaintain your privacy: Your phone connects to your PC via Dell Mobile Connect\u2019s point-to-point, secure connection so your data is never exposed via unsecure internet connections.\nAvailable for download", "reviews": [{"reviewerName": "Lori seaman", "reviewerUrl": "https://www.amazon.com/gp/profile/amzn1.account.AGLXHH2COU7RNXRG34WAXXDVCK3Q/ref=cm_cr_arp_d_gw_btm?ie=UTF8", "rating": "2.0 out of 5 stars", "reviewTitle": "Not a happy camper", "reviewDate": "August 1, 2020", "reviewText": "\"  I bought this Dell Inspiron 17 a year ago to this date it was shipped to me. Starting a few days ago it would not connect through the router while all my other devices worked just fine. I checked all the settings and everything was just fine. and prior to this, starting about two months ago I noticed that when I have a black screen como se for a photograph thats all dark around the edges, the screen is very lit up at the bottom, distorting the look of the photo. I am not happy. The machine has been rather slow and erratic almost since I got it, and I do make sure that I have everything around me is cleared off of it and no background programs running. I tried to keep it to only one or two programs open at a time, but that doesnt even help. I cannot find a place to contact for help on this either, and it should still be under warranty, but just barely. I believe I bought an extended warranty but for some reason when I do this on Amazon they never show me a record of that. Not a happy camper.\"", "is_Helpful": ""}, {"reviewerName": "Kindle Customer", "reviewerUrl": "https://www.amazon.com/gp/profile/amzn1.account.AGNZEAXCKHSC6XODLOXHPIXYJCYA/ref=cm_cr_arp_d_gw_btm?ie=UTF8", "rating": "1.0 out of 5 stars", "reviewTitle": "Always a calculated risk to buy used.", "reviewDate": "July 13, 2020", "reviewText": "  I have bought used before and done well, however this one died not long after it was purchased but out of warranty.  It was not the hard drive. It suddenly got very hot and made a popping sound and screen went blank.  I took the hard drive out and am using it for storage.", "is_Helpful": ""}, {"reviewerName": "Nick", "reviewerUrl": "https://www.amazon.com/gp/profile/amzn1.account.AHMGSQZ5KE4PZBLLYBLQNI52SKKQ/ref=cm_cr_arp_d_gw_btm?ie=UTF8", "rating": "1.0 out of 5 stars", "reviewTitle": "Worst place to buy a laptop.", "reviewDate": "April 6, 2020", "reviewText": "  I bought the \"2018 Dell Inspiron 17 5000 5770 17.3in Full HD (1920x1080) Laptop - 8th Gen Intel Quad-Core i7-8550U, 16GB DDR4, 2TB HDD, AMD Radeon 530, HDMI, USB 3.1, RJ45, Windows 10 -Silver (Renewed)\"., \"The first day after we turned on the computer it started shutting down unexpectedly and the dvd didnt work at all. The laptop didnt even recognized it. The driver was missing and the laptop couldnt even read it, as it never existed. Reinstalling the driver didnt work at all. I returned the laptop and was surprised to find out they were charging me restocking fees, even though they shouldnt have done that. The laptop was defective.\", Watch out people, they are crooks and liars!", "is_Helpful": "One person found this helpful"}, {"reviewerName": "eNGeeNC", "reviewerUrl": "https://www.amazon.com/gp/profile/amzn1.account.AGBIKTYZK77UG4ZNAETQFFX7XTVQ/ref=cm_cr_arp_d_gw_btm?ie=UTF8", "rating": "2.0 out of 5 stars", "reviewTitle": "DISAPPOINTMENT.", "reviewDate": "April 2, 2020", "reviewText": "\"  Didnt meet Dell/Reseller/Amazon advertising claims.  Lacks many common useful & productive features.  Does not have expected quality look, feel or versatility.  Much better to look elsewhere unless you dont mind paying for a deluxe steak in a fine restaurant and getting a half-heated hot dog from an unkempt drive-in.\"", "is_Helpful": ""}, {"reviewerName": "Mrs. Jerome", "reviewerUrl": "https://www.amazon.com/gp/profile/amzn1.account.AHNHNV4PFPQ3X2UD2Y2SOCFMTIGQ/ref=cm_cr_getr_d_gw_btm?ie=UTF8", "rating": "5.0 out of 5 stars", "reviewTitle": "Great size.", "reviewDate": "March 6, 2020", "reviewText": "  Great size.", "is_Helpful": ""}, {"reviewerName": "Kindle Customer", "reviewerUrl": "https://www.amazon.com/gp/profile/amzn1.account.AGI4KXX2OYPS3IRYIDMUNRY2VJ6Q/ref=cm_cr_getr_d_gw_btm?ie=UTF8", "rating": "5.0 out of 5 stars", "reviewTitle": "Great deal", "reviewDate": "February 10, 2020", "reviewText": "  Great price. Had every thing I wanted and as advertised", "is_Helpful": ""}, {"reviewerName": "Lorenzo", "reviewerUrl": "https://www.amazon.com/gp/profile/amzn1.account.AGHTSGL6DO76IA35XOUZJ5G75E3A/ref=cm_cr_getr_d_gw_btm?ie=UTF8", "rating": "5.0 out of 5 stars", "reviewTitle": "Amazing", "reviewDate": "December 24, 2019", "reviewText": "  Excellent", "is_Helpful": ""}, {"reviewerName": "Jim", "reviewerUrl": "https://www.amazon.com/gp/profile/amzn1.account.AFX6ECLHXECMDVZED5SIWJRI2H3A/ref=cm_cr_getr_d_gw_btm?ie=UTF8", "rating": "1.0 out of 5 stars", "reviewTitle": "Junk!!!!!!", "reviewDate": "December 5, 2019", "reviewText": "  Horrible. Garbage.", "is_Helpful": ""}, {"reviewerName": "John", "reviewerUrl": "https://www.amazon.com/gp/profile/amzn1.account.AGELE3Z4K5GAHLXTAD23MVAT3ZPA/ref=cm_cr_getr_d_gw_btm?ie=UTF8", "rating": "1.0 out of 5 stars", "reviewTitle": "I guess gonna go back to Apple computers instead", "reviewDate": "October 14, 2019", "reviewText": "  Malfunctioning lots of stuff wrong with it! I just tried to watch a dvd on it for the first time it does not eject it, and my dvd is stuck in it!", "is_Helpful": "One person found this helpful"}, {"reviewerName": "mystidog", "reviewerUrl": "https://www.amazon.com/gp/profile/amzn1.account.AH3QPLRVMHVF4UBBDBLSW33KOEBA/ref=cm_cr_getr_d_gw_btm?ie=UTF8", "rating": "5.0 out of 5 stars", "reviewTitle": "product appeared to be brand new even though it was marketed as refurbished", "reviewDate": "September 25, 2019", "reviewText": "  Easy to use.  The fonts in the original setup are really small and hard to read. Fonts can be adjusted to larger sizes easily", "is_Helpful": ""}, {"reviewerName": "Goku", "reviewerUrl": "https://www.amazon.com/gp/profile/amzn1.account.AFXEL6UGZDTDN7HHHVGWDHICZKGA/ref=cm_cr_getr_d_gw_btm?ie=UTF8", "rating": "2.0 out of 5 stars", "reviewTitle": "Slow internet for an expensive computer", "reviewDate": "September 21, 2019", "reviewText": "\"  Unfortunately Dell computers limit your internet speed to 100gbs, I wont be buying another Dell product\"", "is_Helpful": ""}, {"reviewerName": "Mike", "reviewerUrl": "https://www.amazon.com/gp/profile/amzn1.account.AFXTS2JNGQE45WV3S7UEMQG7JPAQ/ref=cm_cr_getr_d_gw_btm?ie=UTF8", "rating": "5.0 out of 5 stars", "reviewTitle": "Like new.  Great Buy.", "reviewDate": "September 20, 2019", "reviewText": "  So far everything works like new. Condition is wonderful. No scratches or mars. Better than I had hoped.", "is_Helpful": ""}, {"reviewerName": "Mark Gilliam", "reviewerUrl": "https://www.amazon.com/gp/profile/amzn1.account.AGQSLJS3LBHBDDDQNUA44WO7DE4Q/ref=cm_cr_getr_d_gw_btm?ie=UTF8", "rating": "1.0 out of 5 stars", "reviewTitle": "Dell Sucks!", "reviewDate": "September 17, 2019", "reviewText": "\"  I purchased this computer.  When the OS updated its software, a problem was encountered.  The update would not complete.  A blue screen error was displayed.  Dell is making me pay to fix it.  They have been extremely Unhelpful.  All they are trying to do is sell technical support.  I would never buy Dell again!\"", "is_Helpful": ""}, {"reviewerName": "david lopez", "reviewerUrl": "https://www.amazon.com/gp/profile/amzn1.account.AHWY744O4ZPVVBHZADMGNCSO5E5A/ref=cm_cr_getr_d_gw_btm?ie=UTF8", "rating": "5.0 out of 5 stars", "reviewTitle": "Carefully check all ports if refurb", "reviewDate": "September 13, 2019", "reviewText": "  Item as described,  only have one issue, fully wifi home , took to work plugged in ethernet port worked fine, removed ethernet cable and the port door stays open !!! Besides that , I like very much", "is_Helpful": ""}, {"reviewerName": "angela hampton", "reviewerUrl": "https://www.amazon.com/gp/profile/amzn1.account.AFWEGNDEK6SCCVZITPDIW4LEUIZQ/ref=cm_cr_getr_d_gw_btm?ie=UTF8", "rating": "1.0 out of 5 stars", "reviewTitle": "Worse than my old 2003 emac", "reviewDate": "September 11, 2019", "reviewText": "  Had this computer for less than one week and already the battery does not last and the computer runs slower than my 2003 iMac.", "is_Helpful": ""}, {"reviewerName": "Anastasio Cabrera", "reviewerUrl": "https://www.amazon.com/gp/profile/amzn1.account.AE366X6XOFESW5W2IXAZGQQYENQA/ref=cm_cr_getr_d_gw_btm?ie=UTF8", "rating": "5.0 out of 5 stars", "reviewTitle": "Dell laptop and Cardiac Arrhthmias", "reviewDate": "September 10, 2019", "reviewText": "  I use this computer for my work related to Cardiac Arrhythmias. I feel satisfied with this laptop", "is_Helpful": ""}, {"reviewerName": "Estela Reyes.", "reviewerUrl": "https://www.amazon.com/gp/profile/amzn1.account.AHU3MIAAXLJEXB23X3OOTORAVSXQ/ref=cm_cr_getr_d_gw_btm?ie=UTF8", "rating": "5.0 out of 5 stars", "reviewTitle": "Get the job done with the laptop.", "reviewDate": "September 5, 2019", "reviewText": "  I use it for homework,  and be in touch with friends on social media", "is_Helpful": ""}, {"reviewerName": "awesome mom", "reviewerUrl": "https://www.amazon.com/gp/profile/amzn1.account.AGRH3IUK5PDAZRH5577MF4GY23TA/ref=cm_cr_arp_d_gw_btm?ie=UTF8", "rating": "1.0 out of 5 stars", "reviewTitle": "Keys on key board stick or fall off", "reviewDate": "August 3, 2019", "reviewText": "  After I took the time to download all my apps., I started to use the laptop and the keys began to pop off or stick.  The letter \"S\", \"F\", \"B\", just came completely off then trying to snap them back on only lasted a little while till I started typing again, then they came off again or sticked, others are loose... it\\s only a matter of time.  I am in the process of returning the laptop.  I hope to get a full refund so I can buy a new one direct from Dell.  The computer looked nice and clean but can\\t use it with keys falling off or sticking.  :(", "is_Helpful": "5 people found this helpful"}, {"reviewerName": "Wayne", "reviewerUrl": "https://www.amazon.com/gp/profile/amzn1.account.AH6EDKBJ43C42NCNN5DBMAU4OBVQ/ref=cm_cr_getr_d_gw_btm?ie=UTF8", "rating": "5.0 out of 5 stars", "reviewTitle": "No touch screen", "reviewDate": "August 2, 2019", "reviewText": "  Windows 10 pro, bloatware removed, and in mint condition", "is_Helpful": ""}, {"reviewerName": "KS Andy", "reviewerUrl": "https://www.amazon.com/gp/profile/amzn1.account.AHQ6YAKBVZID3WQCAPD5L76TEQDQ/ref=cm_cr_getr_d_gw_btm?ie=UTF8", "rating": "5.0 out of 5 stars", "reviewTitle": "Great Laptop!!!", "reviewDate": "August 1, 2019", "reviewText": "  Great product, would buy from them again!!!!", "is_Helpful": ""}, {"reviewerName": "Adam", "reviewerUrl": "https://www.amazon.com/gp/profile/amzn1.account.AEBF5ZEAI747KYH4C5GP64X5FWTA/ref=cm_cr_getr_d_gw_btm?ie=UTF8", "rating": "5.0 out of 5 stars", "reviewTitle": "\"This laptop doesnt stink.\"", "reviewDate": "July 26, 2019", "reviewText": "  Loving this laptop! Like another reviewer, I was worried about buying something \"renewed\", but this has worked just like it was new. The only thing missing was that new electronics smell. Oh well, can\\t have everything.", "is_Helpful": ""}, {"reviewerName": "Dameon E.", "reviewerUrl": "https://www.amazon.com/gp/profile/amzn1.account.AG3H7WGSZLLKTRUZICQVJORZMRXA/ref=cm_cr_getr_d_gw_btm?ie=UTF8", "rating": "5.0 out of 5 stars", "reviewTitle": "I Love this", "reviewDate": "July 24, 2019", "reviewText": "  For the price (renewed) I totally like this laptop... Its practically New... and everything just works", "is_Helpful": "One person found this helpful"}, {"reviewerName": ".Net learner", "reviewerUrl": "https://www.amazon.com/gp/profile/amzn1.account.AHAFL5I75FS7327J3YHLNXBRI2RQ/ref=cm_cr_getr_d_gw_btm?ie=UTF8", "rating": "4.0 out of 5 stars", "reviewTitle": "Pretty Good machine", "reviewDate": "July 13, 2019", "reviewText": "  This machine has all the power you need, But lacks a nvidia gpu for scientific work, I have managed to configure the radeon card and it seems that both the intel and radeo is in use at the same time  which also helps with load, for an extra $60 you can upgrade the memory to the full 32gb on amazon yourself and remove the pagefile to increase the speed of the machine", "is_Helpful": "One person found this helpful"}, {"reviewerName": "justmeinputting", "reviewerUrl": "https://www.amazon.com/gp/profile/amzn1.account.AGCTBDJ3XUH4YCX4KJFLVRANCBGA/ref=cm_cr_arp_d_gw_btm?ie=UTF8", "rating": "4.0 out of 5 stars", "reviewTitle": "The only Led indicators are the lit up keyboard when typing.", "reviewDate": "July 7, 2019", "reviewText": "\"  I like to see hard drive activity, power on, WiFi, and other LED indicators this has NONE. It is fast and super quiet. If you are not actively using this you actually cant tell it is even on. I replaced an older Dell Studio that was full of LED indicators.  Other than the lack of indicators It has worked flawlessly. I am not a gamer so I did not review that and it does NOT have a touch screen.\"", "is_Helpful": "10 people found this helpful"}, {"reviewerName": "Vaellin", "reviewerUrl": "https://www.amazon.com/gp/profile/amzn1.account.AHLFXFD4WZDL5UEJVJ4CYA5J5SVA/ref=cm_cr_getr_d_gw_btm?ie=UTF8", "rating": "5.0 out of 5 stars", "reviewTitle": "The Dell Inspiron 17 5000 5770 17.3in is among the best!", "reviewDate": "June 30, 2019", "reviewText": "  Operation is smooth and fast. Weighed options among other top providers but the Dell system was my choice. Utilize my system for personal use, not so much for gaming. The large screen is nice.", "is_Helpful": "2 people found this helpful"}, {"reviewerName": "Christine", "reviewerUrl": "https://www.amazon.com/gp/profile/amzn1.account.AH46EYYXOJ4FMBO5XVRCFC7NYE7A/ref=cm_cr_arp_d_gw_btm?ie=UTF8", "rating": "5.0 out of 5 stars", "reviewTitle": "Seems just like new so far!", "reviewDate": "June 24, 2019", "reviewText": "  Unit works like new. Fast, responsive. Does NOT come with Office, you have to buy it separately. Good value for the price so far.", "is_Helpful": "5 people found this helpful"}, {"reviewerName": "jim", "reviewerUrl": "https://www.amazon.com/gp/profile/amzn1.account.AGHSXT73TZDOC4YUAICMDPLGYSQA/ref=cm_cr_arp_d_gw_btm?ie=UTF8", "rating": "5.0 out of 5 stars", "reviewTitle": "Great Laptop", "reviewDate": "June 21, 2019", "reviewText": "  This is a great laptop, I love the large screen, the touch pad is awesome, highly recommended. .", "is_Helpful": "3 people found this helpful"}, {"reviewerName": "Maria Eug\u00eania P. F. Gomes", "reviewerUrl": "https://www.amazon.com/gp/profile/amzn1.account.AGR57J2MJQYAVOVAY2BDBW5OPXQQ/ref=cm_cr_getr_d_gw_btm?ie=UTF8", "rating": "4.0 out of 5 stars", "reviewTitle": "Perfect screen", "reviewDate": "June 20, 2019", "reviewText": "  I liked it. The wide screen impressed me. Although there were some scratches on the outside.", "is_Helpful": ""}, {"reviewerName": "david2018", "reviewerUrl": "https://www.amazon.com/gp/profile/amzn1.account.AFBDW2YWF7MHI2GNYTLPZZVLLRKA/ref=cm_cr_getr_d_gw_btm?ie=UTF8", "rating": "4.0 out of 5 stars", "reviewTitle": "Very good product", "reviewDate": "June 16, 2019", "reviewText": "\"  Although the fingerprint reader doesnt work well, the overall product is very good and satisfied with the service.\"", "is_Helpful": "One person found this helpful"}, {"reviewerName": "Carl F Czajczynski", "reviewerUrl": "https://www.amazon.com/gp/profile/amzn1.account.AHT3U4W3NWAK7EXU34ZTJKUZFCWQ/ref=cm_cr_getr_d_gw_btm?ie=UTF8", "rating": "5.0 out of 5 stars", "reviewTitle": "\"Its a bit heavy but if youre not traveling with it, its a great computer.\"", "reviewDate": "June 10, 2019", "reviewText": "  The display is amazing. I am using it for editing my photography and I am very pleased.", "is_Helpful": "One person found this helpful"}, {"reviewerName": "Joseph Zupancic", "reviewerUrl": "https://www.amazon.com/gp/profile/amzn1.account.AFFXB3R2HOHEHE7AMDVF2S5BFQKA/ref=cm_cr_arp_d_gw_btm?ie=UTF8", "rating": "5.0 out of 5 stars", "reviewTitle": "Great computer at a great price", "reviewDate": "June 10, 2019", "reviewText": "\"  The wife loves this computer, it works amazingly well.  I saw on this page that it has touch screen capabilities,  I did not know this so I cant comment on it...........yet. great computer, astounding price and fast ship,  this seller gets an A+++++++++++++++\"", "is_Helpful": "6 people found this helpful"}, {"reviewerName": "Kamala Land", "reviewerUrl": "https://www.amazon.com/gp/profile/amzn1.account.AHPTULZBC6I7OJMAQVIJETUHENAA/ref=cm_cr_arp_d_gw_btm?ie=UTF8", "rating": "5.0 out of 5 stars", "reviewTitle": "Wonderful!", "reviewDate": "May 21, 2019", "reviewText": "\"  It is everything as advertised! I had hesitated to by a refurbished laptop but Im glad I made the decision to get it. The laptop is a sweet machine with no problems whatsoever.\"", "is_Helpful": "4 people found this helpful"}], "qAndA": [{"question": "How many USB pots does it have?", "answer": "3"}, {"question": "Does this laptop have a second video source beside hdmi for multiple external monitors?", "answer": "Answer not available"}, {"question": "Does this have Oled or ips screen??", "answer": "Oled"}, {"question": "does this have an extra hard drive expansion slot so i can add an SSD?", "answer": "I really do no"}, {"question": "can I connect this to dual monitors?", "answer": "are you sure about that? If it has an HDMI port, Windows 10 usually allows for that...\nRight?"}, {"question": "Is the battery for both 110 and 220?", "answer": "I do not know. I would not risk the 220"}, {"question": "i need to know if this laptop got 1gb network card. can seller or someone help me confirm?", "answer": "Unk"}, {"question": "Does it have a nic card for a hardwired connection? Or just wireless?", "answer": "This Laptop is ready for Wired or wireless connections"}, {"question": "Illustration shows a cd player. Does it have one?", "answer": "mine does"}, {"question": "What kind of audio", "answer": "Answer not available"}, {"question": "what is the speed of network card RJ45?", "answer": "IS VERY FAST"}, {"question": "There are two mentions of a warranty in the description, what are the specific length and detail of the warranty associated with this computer?", "answer": "One year parts and labor what I know of...almost 2 yrs....no problems"}, {"question": "Is this a touchscreen?", "answer": "No, it does not state touch screen in the description of this product..."}, {"question": "Does this have sound card", "answer": "Yes."}, {"question": "Does this have a secondary hard drive expansion slot so I can add another hard drive?", "answer": "It does not appear so. I wanted to add a second SSD internal drive, so I found a photo online that shows the bottom of the computer opened up, and there does not appear to be anyplace for a second HD to fit. I did see something about a bracket where you could replace the internal DVD drive with a hard drive, but I need\u2026 see more"}, {"question": "How many hard drive bays are there? can i add an m2 ssd in addition to the existing spin hdd?", "answer": "IGNORE"}, {"question": "How long is the battery life?", "answer": "It is long several hours. I usually do not run on battery very long."}, {"question": "Product description reads \"windows 10 pro operating system\" at top of page. but near the bottom of page, it says \"windows 10 home\". which is it?", "answer": "Answer not available"}], "time": ["09/04/2021 17:58:36"], "reviewsCountInfo": {"expRevCount": "32", "actRevCount": 32, "nonEnglishRevCount": 0}, "scrapperInfo": {"Version": "1.3.2", "Released Date": "08/04/2021"}, "productURL": "https://www.amazon.com/gp/product/B07L6QM2NX", "ASIN": "B07L6QM2NX", "title": "2018 Dell Inspiron 17 5000 5770 17.3in Full HD (1920x1080) Laptop - 8th Gen Intel Quad-Core i7-8550U, 16GB DDR4, 2TB HDD, AMD Radeon 530, HDMI, USB 3.1, RJ45, Windows 10 -Silver (Renewed)", "manufacturer": " Amazon Renewed Store", "currentPrice": "$1,199.66", "rating": "4.0", "totalRatings": "54 "}