{"features": ["Intel Core 8th Generation i7-8550U Processor (Quad Core, up to 4. 0 GHz, 8M Cache)", "15. 6\" Full HD IPS LED-backlit (1920x1080) widescreen display", "256GB Solid State Drive", "8GB DDR4 RAM, Wi-Fi AC, Bluetooth, Windows 10", "1 USB 3. 1 (Type-C) port, 2 USB 3. 0 Ports (1 featuring power-off charging) and 1 USB 2. 0 port"], "reviewsAspects": ["battery life", "computer", "drive", "windows", "speed", "ssd", "boot", "chip", "gaming"], "productInformation": [{"\nASIN\n": "\nB07L1CN3NZ\n", "Customer Reviews": "\n\n\n\n\n\n\n4.4 out of 5 stars\n\n\n\n\n\n\n\n\n77 ratings\n\n\n\n\n\n\n4.4 out of 5 stars\n", "\nBest Sellers Rank\n": "\n\n#45,936 in Computers & Accessories (See Top 100 in Computers & Accessories)\n\n#7,567 in Traditional Laptop Computers\n\n\n", "\nDate First Available\n": "\nNovember 30, 2018\n"}], "productDescription": "Product description\nTake this slim and lightweight laptop with you for productivity on-the-go. The 8th Gen Intel Core i7 processor gives the power you need, and the 15. 6\" Full HD IPS display renders crystal clear images. Intel Core 8th Generation i7-8550U Processor (Quad Core, up to 4. 0 GHz, 8M Cache) 15. 6\" Full HD IPS LED-backlit (1920x1080) widescreen display 256GB solid state Drive 8GB DDR4 RAM, Wi-Fi AC, Bluetooth, Windows 10 1 USB 3. 1 (Type-C) port, 2 USB 3. 0 ports (1 featuring power-off charging) and 1 USB 2. 0 port", "reviews": [{"reviewerName": "Rose Colleen", "reviewerUrl": "https://www.amazon.com/gp/profile/amzn1.account.AFUEE6KVFXLTE562QNNGQ2ICAW5A/ref=cm_cr_getr_d_gw_btm?ie=UTF8", "rating": "5.0 out of 5 stars", "reviewTitle": "I love it!!", "reviewDate": "April 19, 2020", "reviewText": "  I bought this for myself, and it is a good work from home computer. I published my first book using this computer. Great battery life, speed and memory.", "is_Helpful": ""}, {"reviewerName": "C. Sadjadi", "reviewerUrl": "https://www.amazon.com/gp/profile/amzn1.account.AEYYCW2SMZHTN4HMBZFVFLWWIJ6Q/ref=cm_cr_getr_d_gw_btm?ie=UTF8", "rating": "1.0 out of 5 stars", "reviewTitle": "Disappointing", "reviewDate": "April 2, 2020", "reviewText": "  Looks great! But it came with a bad battery, did not charge at all., Then the screen stayed dark and wouldn\u2019t boot., Frustrating for a brand new laptop that gets such good rating.", "is_Helpful": ""}, {"reviewerName": "Richard", "reviewerUrl": "https://www.amazon.com/gp/profile/amzn1.account.AFRAFLDS6KYKRWQMRUZ6DDNCBWRA/ref=cm_cr_getr_d_gw_btm?ie=UTF8", "rating": "1.0 out of 5 stars", "reviewTitle": "WORST CUSTOMER SERVICES", "reviewDate": "March 28, 2020", "reviewText": "\"  I do have battery problems dont power on any more I just asking for a manufacturer year warranty.\", \"CANT believe its only 30 day!!\"", "is_Helpful": ""}, {"reviewerName": "Jaime Ardoin", "reviewerUrl": "https://www.amazon.com/gp/profile/amzn1.account.AHT762DBO56W5IFIMNXJWLBRY4LQ/ref=cm_cr_getr_d_gw_btm?ie=UTF8", "rating": "2.0 out of 5 stars", "reviewTitle": "A really buggy laptop get a macbook", "reviewDate": "March 21, 2020", "reviewText": "  This laptop had problems from the day I got it in. I just ignored them thinking it was updates that needed to be done but even after updating everything it would still freeze and just crash. Even while watching YouTube.", "is_Helpful": ""}, {"reviewerName": "Terrie 2019", "reviewerUrl": "https://www.amazon.com/gp/profile/amzn1.account.AF75VAY2Q25TBJGR2CV2NQAI4SVA/ref=cm_cr_getr_d_gw_btm?ie=UTF8", "rating": "5.0 out of 5 stars", "reviewTitle": "My second one - GAMERS WILL LOVE!", "reviewDate": "March 19, 2020", "reviewText": "  Awesome for Gaming and videos!!", "is_Helpful": ""}, {"reviewerName": "DesertMom", "reviewerUrl": "https://www.amazon.com/gp/profile/amzn1.account.AH3WNIEHGCZEZKG5WNWIMEOU3LDA/ref=cm_cr_getr_d_gw_btm?ie=UTF8", "rating": "1.0 out of 5 stars", "reviewTitle": "\"Didnt last a day.\"", "reviewDate": "March 13, 2020", "reviewText": "\"  I was so excited about this laptop.  Its lightweight and has the features I wanted.  I loved it for about two hours, closed the lid, and that was that.  When I went to use it again, it was just dead.  I tried everything I could to get it to turn back on.  Plugged in, not plugged in, didnt matter.  I searched online for ideas, and found that this is a fairly common issue with Acer.\"", "is_Helpful": ""}, {"reviewerName": "Kay", "reviewerUrl": "https://www.amazon.com/gp/profile/amzn1.account.AGLLBLZAJZXIO6Y5Z3XEFRMS6P3Q/ref=cm_cr_getr_d_gw_btm?ie=UTF8", "rating": "5.0 out of 5 stars", "reviewTitle": "Practical laptop for non-gamer", "reviewDate": "March 5, 2020", "reviewText": "\"  well you can play TF2 on it but I wouldnt use this for gaming. Great for productivity stuff. I uninstalled Windows and have Manjaro Linux on it so no more spy ware. all in all 5 stars for students and non gamers :)\"", "is_Helpful": ""}, {"reviewerName": "M. Cleckner", "reviewerUrl": "https://www.amazon.com/gp/profile/amzn1.account.AGYKDT45CS2KGHD6EDKA4DWMWTAQ/ref=cm_cr_arp_d_gw_btm?ie=UTF8", "rating": "5.0 out of 5 stars", "reviewTitle": "Boots up quickly; sufficient storage; lighted keyboard", "reviewDate": "March 4, 2020", "reviewText": "  This was my first Solid-state Drive. As reviews suggest the time from power button to Windows 10 lock screen is 15-20 seconds!  Fantastic!  looking at my desktop desk storage, it seemed that 256Gb SSD would suffice and with USB 3.0 ports a thumb drive could augment storage. My model SF315 did not have touch-screen but the screen image is sharp and bright.  I like the soft touch of the keyboard. However, although the keyboard lights briefly at boot, the lighted keyboard option does not seem to work.  This seems consistent with various internet reviews., REVISITED: I have had my acer SF315 for 2 months now. Finally discovered how to work the lighted keyboard. It works great (Windows Key + F8).  Lights go out if keyboard is idle for about 15 seconds, but re-illuminate at first touch.  Everything else about this laptop continues to be fantastic.", "is_Helpful": ""}, {"reviewerName": "Andy L", "reviewerUrl": "https://www.amazon.com/gp/profile/amzn1.account.AFACHE3BMPP5AJ3JW7KRWP6ID45Q/ref=cm_cr_arp_d_gw_btm?ie=UTF8", "rating": "5.0 out of 5 stars", "reviewTitle": "Love SSD drive boots up extremely fast", "reviewDate": "February 18, 2020", "reviewText": "  Love the boot up speed. At this point best lsptop I have purchased", "is_Helpful": "5 people found this helpful"}, {"reviewerName": "Jo", "reviewerUrl": "https://www.amazon.com/gp/profile/amzn1.account.AEWIK64CX2WBFNVLTJU4W2HLMLUQ/ref=cm_cr_getr_d_gw_btm?ie=UTF8", "rating": "5.0 out of 5 stars", "reviewTitle": "Amazing i7", "reviewDate": "February 13, 2020", "reviewText": "  Awesome Laptop! Fast and very dependable", "is_Helpful": ""}, {"reviewerName": "Morgan", "reviewerUrl": "https://www.amazon.com/gp/profile/amzn1.account.AHCO7MJ3B2PFCUF44IHEF3G2GELA/ref=cm_cr_arp_d_gw_btm?ie=UTF8", "rating": "5.0 out of 5 stars", "reviewTitle": "Awesome Laptop", "reviewDate": "January 20, 2020", "reviewText": "\"  Ive had this laptop for a few months now and have nothing but praise for it. Only things I would be aware of is it has the ability to play games that arent very demanding (league of legends) but other than that I wouldnt count on it. Only other complaint is that I wasnt aware that it does not have an ethernet port. You can buy an adapter that fixes this on Amazon for around 15 bucks. Great laptop.\"", "is_Helpful": "One person found this helpful"}, {"reviewerName": "Isidro Gallardo", "reviewerUrl": "https://www.amazon.com/gp/profile/amzn1.account.AHGTSQ7QERTGPZ7M6AORQUAVUX7Q/ref=cm_cr_getr_d_gw_btm?ie=UTF8", "rating": "5.0 out of 5 stars", "reviewTitle": "Review", "reviewDate": "January 13, 2020", "reviewText": "  The computer so far (one month) works great. If you needed for daily activities and even for some college/university programs in engineering it gets the job done. Super smooth case and really light. Screen colors and resolution are not bad.", "is_Helpful": ""}, {"reviewerName": "Ana P", "reviewerUrl": "https://www.amazon.com/gp/profile/amzn1.account.AFZF6VKQZUIXZUYECKYE2W6W4FPQ/ref=cm_cr_getr_d_gw_btm?ie=UTF8", "rating": "4.0 out of 5 stars", "reviewTitle": "Touch ID doesn\u2019t work neither touchscreen", "reviewDate": "January 10, 2020", "reviewText": "  The Touch ID doesn\u2019t work!! I\u2019m upset, and I think this computer is not touch because I already tried and it didn\u2019t work, the other things are ok", "is_Helpful": ""}, {"reviewerName": "Quan", "reviewerUrl": "https://www.amazon.com/gp/profile/amzn1.account.AFRBSSSRPWXUEZMIYEARAWYAHOVA/ref=cm_cr_getr_d_gw_btm?ie=UTF8", "rating": "5.0 out of 5 stars", "reviewTitle": "Speed", "reviewDate": "January 1, 2020", "reviewText": "\"  Very fast computer for programming and general purposes. The only thing I dont like is the short charger but other than that this is a great investment.\"", "is_Helpful": ""}, {"reviewerName": "Anonymous", "reviewerUrl": "https://www.amazon.com/gp/profile/amzn1.account.AEJTJQEBVUU57KAJZWDFBWB45X2Q/ref=cm_cr_getr_d_gw_btm?ie=UTF8", "rating": "4.0 out of 5 stars", "reviewTitle": "Fairly average", "reviewDate": "December 4, 2019", "reviewText": "\"  The battery life isnt anything impressive and simple things like YouTube can cause errors with the onboard graphics chip. But, its still a good laptop and it works quickly.\"", "is_Helpful": ""}, {"reviewerName": "Srihari Hebbur Sethuram", "reviewerUrl": "https://www.amazon.com/gp/profile/amzn1.account.AFJE7EILLGBGQN74R5WU77SO45QQ/ref=cm_cr_getr_d_gw_btm?ie=UTF8", "rating": "4.0 out of 5 stars", "reviewTitle": "Extremely good display and battery life!", "reviewDate": "November 25, 2019", "reviewText": "\"  Very good battery life and the laptop feels great to use. It has a very smooth finish which makes me feel like Im using Mac book! Also the display is fantastic.\"", "is_Helpful": ""}, {"reviewerName": "Missouri Aaron", "reviewerUrl": "https://www.amazon.com/gp/profile/amzn1.account.AGTAMQCYJUSJINVZUXT3QBNXPUBQ/ref=cm_cr_arp_d_gw_btm?ie=UTF8", "rating": "5.0 out of 5 stars", "reviewTitle": "Academic and Business Dream Laptop", "reviewDate": "October 26, 2019", "reviewText": "\"  I did incredibly thorough research on which laptop to choose for college. Everywhere I looked, it seemed like there were faulty laptops. So, I was honestly very scared to buy a laptop. However, Im a senior at college and I needed a laptop for school work this year because my old laptop was not cutting it out anymore. Thus, I took the chance and bought the Acer Swift 3.\", Things I love:, \"This laptops processor is super quick and can handle multiple tabs open on chrome with no issue (very useful for me when writing thesis)\", It has an SSD chip which means this laptop turns on and off in under 30 seconds., The camera and microphone quality are pretty damn decent, The fingerprint scanner works nicely, The very nice keyboard layout (keys light up too), Charges super-quickly and the laptop battery last for 10 hours, The screen and graphics, in general, are very nice (not a gaming laptop though), The golden color looks so clean and the physical weight is wonderful for carrying around (that includes the small charger that comes with), The touchpad is very versatile, Comes with windows 10 (i like windows 10), Some negatives, \"Occasionally the touchpad has response problems where it doesnt work. However, if I just dont use the touchpad for like 15 seconds, it usually is responsive after that.\", Overall, especially for academics or business, I cannot recommend this laptop enough. As shown below, this laptop was everything I was looking for and I spent hours researching which laptop would be best. I have only had this laptop for 2 months but I am in love. In reality, the next big test will be how long this laptop will last me., \"Just to prove Im not a bot: Im a student at Carthage College in Kenosha Wisconsin. I like long walks to the fridge, Im doing my research on water-scarcity in China, and Im president of my fraternity and french club.\"", "is_Helpful": "45 people found this helpful"}, {"reviewerName": "Frequent Buyer", "reviewerUrl": "https://www.amazon.com/gp/profile/amzn1.account.AFWDU3ZGTBVVJAEGY6ZYIEMLJTLQ/ref=cm_cr_arp_d_gw_btm?ie=UTF8", "rating": "5.0 out of 5 stars", "reviewTitle": "A longer power cord would be nice but otherwise pretty good computer for weight/cost/battery life", "reviewDate": "October 22, 2019", "reviewText": "\"  Overall a good computer for the price/speed/weight. I wish the power cord was longer.  Ive been using it for about 2 weeks. Nice screen.\"", "is_Helpful": "2 people found this helpful"}, {"reviewerName": "C.M", "reviewerUrl": "https://www.amazon.com/gp/profile/amzn1.account.AHTO7XNJIEKI3EDHLSLXMJNQHUWA/ref=cm_cr_arp_d_gw_btm?ie=UTF8", "rating": "5.0 out of 5 stars", "reviewTitle": "Pleasantly pleased!", "reviewDate": "September 22, 2019", "reviewText": "  Fast and easy setup... Connected quickly to the wifi and printer. Works very well... no issues whatsoever... oh and the rose color is plus! Highly recommend!", "is_Helpful": "4 people found this helpful"}, {"reviewerName": "Amazon Customer", "reviewerUrl": "https://www.amazon.com/gp/profile/amzn1.account.AFLQ6T7AHQQ3UZIZJMCYRRZPQLZA/ref=cm_cr_getr_d_gw_btm?ie=UTF8", "rating": "5.0 out of 5 stars", "reviewTitle": "Powerful and light weight with SSD.", "reviewDate": "September 9, 2019", "reviewText": "  Thin  profile and solid aluminum hard case.", "is_Helpful": "One person found this helpful"}, {"reviewerName": "Amazon Customer", "reviewerUrl": "https://www.amazon.com/gp/profile/amzn1.account.AFV3Q4I3A5RCHBVDD5NSDLH6DU6A/ref=cm_cr_arp_d_gw_btm?ie=UTF8", "rating": "5.0 out of 5 stars", "reviewTitle": "Great laptop for the price", "reviewDate": "August 30, 2019", "reviewText": "\"  Its a great laptop. Its lightweight and easy to carry around I am able to do 1080p vidoe editing with no hassle. I dont really think its great for gaming but it is great for digital art programmes like photoshop and clip studio paint. I have been using it for 2 weeks and it  is super fast and efficient. I feel it was really worth the money\"", "is_Helpful": "13 people found this helpful"}, {"reviewerName": "Old School", "reviewerUrl": "https://www.amazon.com/gp/profile/amzn1.account.AFXCQ2NJGFZPWJ6MXPSWLKMWI4LA/ref=cm_cr_arp_d_gw_btm?ie=UTF8", "rating": "5.0 out of 5 stars", "reviewTitle": "Fast, great price, upgradable", "reviewDate": "August 23, 2019", "reviewText": "\"  Snappy. Quick loading. Light and thin. Great battery life. I love this laptop. Color is more of a bronze than a gold. Memory and hd space is a bit small, but I already upgraded both. For the price, this is the best bang for the buck i7-8550u out there. Want that processor in any other laptop, prepare to pay $850+. Only thing I dont like is where you plug in the AC adapter. Its on the side. Not a huge deal but it gets in the way sometimes. Otherwise a great product. Be aware of you opt out of the mx150 or mx250 video chip version, you cant add it later. These two video option chips are not cards. They are soldered in and Nvidia does not sell them to the public.\"", "is_Helpful": "15 people found this helpful"}, {"reviewerName": "abolfazl", "reviewerUrl": "https://www.amazon.com/gp/profile/amzn1.account.AEW4VN4HGUUQVBIQWO55KB76SV2Q/ref=cm_cr_getr_d_gw_btm?ie=UTF8", "rating": "3.0 out of 5 stars", "reviewTitle": "It doesn\u2019t goes on", "reviewDate": "August 22, 2019", "reviewText": "  After 2 weeks didn\u2019t work", "is_Helpful": "2 people found this helpful"}, {"reviewerName": "Hana", "reviewerUrl": "https://www.amazon.com/gp/profile/amzn1.account.AHKQJTHFNAAWEGBNNKSZRHZDQAQA/ref=cm_cr_getr_d_gw_btm?ie=UTF8", "rating": "1.0 out of 5 stars", "reviewTitle": "broken within 24 hours", "reviewDate": "August 18, 2019", "reviewText": "\"  returning only reason its worth getting because of its an i7 under 700$. Looks like it overheated\"", "is_Helpful": "2 people found this helpful"}, {"reviewerName": "Daniel Galarza", "reviewerUrl": "https://www.amazon.com/gp/profile/amzn1.account.AH6OLUULSCB7KIQKJDWOPHAVJTGA/ref=cm_cr_getr_d_gw_btm?ie=UTF8", "rating": "4.0 out of 5 stars", "reviewTitle": "Good", "reviewDate": "August 15, 2019", "reviewText": "  Really good", "is_Helpful": "One person found this helpful"}, {"reviewerName": "Mhendricks6", "reviewerUrl": "https://www.amazon.com/gp/profile/amzn1.account.AFVQSXUBKUCP3RWAX464CMUBCJEQ/ref=cm_cr_arp_d_gw_btm?ie=UTF8", "rating": "4.0 out of 5 stars", "reviewTitle": "Good but limited", "reviewDate": "August 5, 2019", "reviewText": "  This is a good fast machine if that is what you are looking for, but has a few draw backs. One it has no CD drive, but on the bright side you can by an external CD drive for about 30 bucks. Second, I having a hard time finding a docking station that will work with this machine, and that why I bought it so I could use a docking station.", "is_Helpful": "7 people found this helpful"}, {"reviewerName": "Angeline G.", "reviewerUrl": "https://www.amazon.com/gp/profile/amzn1.account.AH7QU7VNTXA7VLZ6EKATNNXSVVZQ/ref=cm_cr_arp_d_gw_btm?ie=UTF8", "rating": "4.0 out of 5 stars", "reviewTitle": "Touchpad is not really very responsive at times", "reviewDate": "July 31, 2019", "reviewText": "\"  I like it. It boots up fast, it has a lot of the basic functions that I need, and it runs well without getting too hot. I use a wireless mouse most of the time because the touchpad is not very sensitive and its kind of a pain to use. Other than that, this was exactly what I wanted.\"", "is_Helpful": "3 people found this helpful"}], "qAndA": [{"question": "Does this laptop has the CD Rom function?", "answer": "No you have to get an external CD drive"}, {"question": "does it work with a stylist pen?", "answer": "Answer not available"}, {"question": "Do i get to choose the windows language? preferable in traditional chinese.", "answer": "Yes, during setup it will let you choose a language."}, {"question": ": Sera esta pc compatible con el disco ssd mx de 2.5 por favor?", "answer": "Answer not available"}, {"question": "Does this laptop have a keypad?", "answer": "Answer not available"}, {"question": "Is this laptop good for editing RAW photos?", "answer": "It's capable but for super high resolution images, you'd want a laptop with a video card. This model has a mx150/mx250 gpu chip option. That should be good enough for images. Video editing would need a dedicated card."}, {"question": "Does it a glossy or antiglare display?", "answer": "Answer not available"}, {"question": "Does this have a m.2 nvme ssd or maybe a pcie bus to later upgrade to one?", "answer": "Answer not available"}, {"question": "Is delivery fast?", "answer": "Yes I got it in 3 days"}, {"question": "anyone have experience using this laptop to play dota 2? how does it fare?", "answer": "Answer not available"}, {"question": "How long is the battery life when the laptop runs continuously?", "answer": "I tested it with estimating software and browser use....I got 10 hours."}, {"question": "Does this have a webcam?", "answer": "Yes, it has a webcam."}, {"question": "What is material of shell, plastic or metal?", "answer": "Seems to be metal... but ai could be fooled"}, {"question": "Would this be food for editing and uploading cideos for YouTube?", "answer": "Answer not available"}, {"question": "Does it have a glossy screen??", "answer": "Answer not available"}, {"question": "Can I run photoshop, Lightroom, and other photography software?", "answer": "Yes, but you want the variant with mx150 / mx 250 graphics chip to be quick. This specific model is just integrated Intel."}, {"question": "Can i expand the ram?", "answer": "Answer not available"}, {"question": "does it have an ips display?", "answer": "Answer not available"}, {"question": "Buenas noches, en los comentarios indican que la laptop dej\u00f3 de funcionar, a que se debi\u00f3 eso?? estoy pensando en comprarla", "answer": "Answer not available"}, {"question": "does it have microsoft word", "answer": "No. You would need to buy Microsoft Office for that."}, {"question": "Are you satisfied with the battery life?", "answer": "Yes. Light use=9-10 hours. Heavy use, around 5."}, {"question": "How does a SSD hard drive have a rotational speed of 7200?", "answer": "SSD (solid state drive) do not have rotational speed like HD (mechanical hard drive). They generally read/write 2x-5x faster than mechanical HD."}, {"question": "Can I get an Acer with Windows 2019?", "answer": "MS Office? I upgraded to latest MS Office products... which vary by release and they work great... absolutely love this computer. Does it do everything? Don\u2019t know because what I want It to do it does everything for me!!"}, {"question": "Is the keyboard back-lit?", "answer": "Yes"}, {"question": "is the Ram and HDD expandable?", "answer": "Answer not available"}, {"question": "Do we got dvd player", "answer": "No"}, {"question": "Can you play 4K videos ?", "answer": "No. The display on this laptop is 1920 x 1080"}, {"question": "Does this laptop has an international warranty?", "answer": "Answer not available"}, {"question": "Can you add a 2.5 ssd to this computer?", "answer": "Answer not available"}, {"question": "Is there an open 2.5inch bay for adding more storage? Also what type of Wifi adapter does this have? Is it 2x2?", "answer": "Answer not available"}, {"question": "Does this have a touch screen? Thanks!", "answer": "No"}, {"question": "is this delivered with a laptop bag?", "answer": "Mine was not delivered with a laptop bag"}, {"question": "What\u2019s the stand battery time?", "answer": "Answer not available"}, {"question": "Does it read 4K videos ?", "answer": "Answer not available"}, {"question": "Is this model the with the matte display?", "answer": "Hard to tell but it's not super glossy if that's what you mean."}, {"question": "Is the windows 10 operating system locked into S mode?", "answer": "Have no clue... when windows says update, it is very simplistic I do..."}, {"question": "My new acer is charged but not powering on. Suggestions?!", "answer": "Answer not available"}, {"question": "Are there any customs / tax fees to enter a country?", "answer": "Answer not available"}, {"question": "And also if there is any laptop having dvd so can u tell ,e because u work right there", "answer": "Answer not available"}, {"question": "How much can to upgrade the ram?", "answer": "Answer not available"}, {"question": "Does this have a card reader?", "answer": "Yes"}, {"question": "I'm looking for an acer laptop under $600 with at least 256 ssd 15.6 screen i5 or i7 and 15 hours battery life minimum, and light any recommendations?", "answer": "Laptop batteries do not last 15 hours on one charge. You will be lucky to get 10 hours."}, {"question": "What ram module could i buy to upgrade? you could send a link with the product", "answer": "Answer not available"}, {"question": "How long does the battery last?", "answer": "Answer not available"}, {"question": "Cam the ram be upgraded tp 16gb?", "answer": "Answer not available"}, {"question": "Would this laptop be good for coding?", "answer": "Coding, yes...but I'd up the ram. Rendering coding for graphic intense projects won't be good on this laptop, but actually writing it will be fine."}, {"question": "Does it have a touch screen?", "answer": "Answer not available"}, {"question": "Protection plan available?", "answer": "Answer not available"}, {"question": "Can memory be upgraded?", "answer": "Yes. However, DDR4 memory is a pretty big performance improvement over DDR3. I have found the 8GB DDR4 memory to perform very well. I'd say the upgrade is only necessary if you plan to use heavy duty design/graphics programs."}, {"question": "Does it have a lighted keyboard?", "answer": "Yes"}, {"question": "does this have upgradeable RAM?", "answer": "Answer not available"}, {"question": "What about the international warranty? Is there international warranty on this laptop", "answer": "Answer not available"}, {"question": "Is the memory and storage on this unit expandable?", "answer": "Answer not available"}, {"question": "I need to replace charger already brought the wrong one what is the exact replacement charger i need?", "answer": "Tough to read the fine print with old eyes but my Acer brand charger is imprinted on the side of the charger with Model# W15-045N4A. Output looks like 16 volts 2.37 amps. There is also a white sticker applied to the AC plug side that has two unidentified lines that ressemble Model & serial numbers(?). The first nu\u2026 see more"}, {"question": "Can I add more ram if needed?", "answer": "I do not know if you can but seems to be very fast with 8GB."}, {"question": "Does this product can be ugraded by internal graphics card of 2/4 gb and internal ssd/hhd of 1 tb?", "answer": "Answer not available"}, {"question": "Up to how many gb can i upgrade the ram?", "answer": "Answer not available"}, {"question": "Does this model have a backlit keyboard?", "answer": "Answer not available"}, {"question": "Is optane compatible and can ram expand up to 32gb?", "answer": "Answer not available"}, {"question": "Is this legit?", "answer": "Answer not available"}, {"question": "can i run autocad softwares in this?", "answer": "Itwill run AutoCAD. You'd be limited by how many layers is on the file. If it's a huge file it will be sluggish. Small projects will run fine though."}, {"question": "Does it have a Windows 10 Home or Pro edition?", "answer": "Windows 10 home edition."}, {"question": "Is it possible to receive the laptop with a European AC adapter?", "answer": "Answer not available"}, {"question": "Is the hard drive interface sata or pcie?", "answer": "I truly don't know, but just having just an SSD is so much better... I would ask ACER"}, {"question": "Este pc es compatible con el disco ssd sata 2.5 por favor?", "answer": "Answer not available"}, {"question": "\u00bfTiene Sistema Operativo?", "answer": "Windows 10"}, {"question": "Are there two ram slots?? and is the supplied 8gb ram a single, or two 4gb?? thank you!", "answer": "Answer not available"}, {"question": "Does this laptop have the fingerprint scanner?", "answer": "yes"}, {"question": "Is the warrenty still valid ?", "answer": "Answer not available"}, {"question": "With a i7 8th gen, 256 ssd, and these specs...how is this selling at $570 for new?", "answer": "Does it have a CD drive"}, {"question": "Can i add more ram?", "answer": "Yes, DDR4 2400mhz. I have 32gig in mine."}, {"question": "What version of Windows 10 is supplied?", "answer": "I am running the 1709 version of Windows 10 Home."}, {"question": "display glossy or antiglare?", "answer": "Answer not available"}, {"question": "Does this have an optical drive?", "answer": "Answer not available"}, {"question": "Hi. Does it have international guarantee?", "answer": "Answer not available"}], "time": ["09/04/2021 19:23:43"], "reviewsCountInfo": {"expRevCount": 27, "actRevCount": 27, "nonEnglishRevCount": 8}, "scrapperInfo": {"Version": "1.3.2", "Released Date": "08/04/2021"}, "productURL": "https://www.amazon.com/gp/product/B07L1CN3NZ", "ASIN": "B07L1CN3NZ", "title": "Acer Swift 3 SF315 Laptop: Core i7-8550U, 256GB SSD, 8GB RAM, 15.6\" Full HD IPS Display, Windows 10 (Luxury Gold)", "manufacturer": " Acer Store", "currentPrice": "", "rating": "4.4", "totalRatings": "77 "}