{"features": ["Ultra-light weight laptop weighing just 2. 2 pounds.", "Long-lasting 72Wh Battery for up to 23. 5 hours* Battery Life (*Mobile mark 2014 standard)", "14 inch Full HD IPS Display w/Ultra-Slim Bezel", "8GB RAM & 256GB SSD", "Intel Core i5 (8th Generation 8265U) Processor", "Windows home 10", "Backlit keyboard.Bluetooth 5.0", "White"], "reviewsAspects": ["battery life", "gram", "lightweight", "computer", "laptops", "travel"], "productInformation": [{"\nASIN\n": "\nB07NGB6L31\n", "Customer Reviews": "\n\n\n\n\n\n\n4.5 out of 5 stars\n\n\n\n\n\n\n\n\n88 ratings\n\n\n\n\n\n\n4.5 out of 5 stars\n", "\nBest Sellers Rank\n": "\n\n#51,953 in Computers & Accessories (See Top 100 in Computers & Accessories)\n\n#8,635 in Traditional Laptop Computers\n\n\n", "\nDate First Available\n": "\nFebruary 1, 2019\n"}], "productDescription": "\n14Z990-U.AAW5U1 14 Inch LG gram Features\nGrab n' Go\nLG gram packs exciting features. Keep going in dark environments with the backlit keyboard, while the touchpad supports up to four-finger multi-touch gestures. The webcam on the top bezel is ideal for video calls, while DTS Headphone:X provides the thrilling effect of 11.1-channel surround sound.\nPremium Performance\nLG gram has the performance users demand, starting with an updated 8th Gen Intel Core i5 processor (i5-8265U ) and DDR4 dual-channel memory. Windows 10 assures easier multitasking, while the array of ports includes USB Type-C. The Full HD IPS display supports a broad color gamut to deliver lifelike picture quality.\nPacks More Power\nTake the LG gram almost anywhere, any time, without worry. With nearly a full day's worth of power, the high-capacity 72Wh battery lasts up to 23.5 hours*, and innovative design fits a 14 inch screen into a remarkably compact body.\n*MobileMark 2014 standard (tested 11/18). Actual battery life will vary from specifications depending on model, setup configuration, applications used, features utilized and power management settings.\nMore Features, More Versatility\nLG gram packs exciting features. Keep going in dark environments with the backlit keyboard, while the touchpad supports up to four-finger multi-touch gestures. The webcam on the top bezel is ideal for video calls, while DTS Headphone:X provides the thrilling effect of 11.1-channel surround sound.\nProven Durability\nThe LG gram is more than ready for the rigors of real-world use. It\u2019s passed seven industry-standard tests to prove its military-grade durability. The premium nano carbon magnesium full metal body is tougher than the shell of conventional laptops, yet it\u2019s still remarkably lightweight.\n(Testing and certification by KOLAS Labs 10/24/18)\nDTS Headphone: X\nThere's no need for an elaborate speaker system with the LG gram 14\". The Built-in DTS Headphone: X processing delivers a thrilling audio experience with 11.1 channels of audio.\n14Z990-U.AAW5U1 17Z990-R.AAS8U1 13Z990-R.AAS7U1 15Z990-R.AAS9U1\nDisplay 14 Inch Full HD IPS Screen 17\" WQXGA (2560 x 1600) IPS 13.3\" Full HD IPS Touchscreen 15.6\" Full HD IPS Touchscreen\nBattery Life * Up to 23.5 hours Up to 19.5 hours Up to 20.5 hours Up to 18.5 hours\nOperating System Windows Home 10 Windows Home 10 Windows Home 10 Windows Home 10\nProcessor 8th Gen. Intel Core i5 processor 8th Gen. Intel Core i7 processor 8th Gen. Intel Core i7 processor 8th Gen. Intel Core i7 processor\nMemory / Storage 8GB RAM & 256GB SSD 16GB RAM & 512GB SSD 16GB RAM & 256GB SSD 16GB RAM & 1TB SSD\nColor White Dark Silver Dark Silver Dark Silver\nLaptop Weight (lbs) 2.2 2.95 2.1 2.4\n* MobileMark 2014 standard (11/18)", "reviews": [{"reviewerName": "Jeremy H. Heiss", "reviewerUrl": "https://www.amazon.com/gp/profile/amzn1.account.AG4K2U6ZMWZXYUSB5ZNKFCXMBM5A/ref=cm_cr_arp_d_gw_btm?ie=UTF8", "rating": "4.0 out of 5 stars", "reviewTitle": "Nice ultra-light laptop", "reviewDate": "March 28, 2021", "reviewText": "\"  Bought this as a gift for someone who travels a lot and cant lift as much weight as she used to. Works great with everyday tasks like web browsing, watching YouTube videos, playing DVDs (with separate USB player, does not include a DVD player for obvious reasons). Great all-day battery life, and the keyboard feels nice. The light weight and battery life were the main reasons I bought it, and does not disappoint in those areas. Would work nicely as a primary machine for most people who dont play games or do a lot of video editing, etc. No advanced cooling due to the compact size, but very happy with the purchase.\"", "is_Helpful": "2 people found this helpful"}, {"reviewerName": "Yvonne ", "reviewerUrl": "https://www.amazon.com/gp/profile/amzn1.account.AFOGYAJS54YLZR2E7A7EFZRU3FHQ/ref=cm_cr_getr_d_gw_btm?ie=UTF8", "rating": "5.0 out of 5 stars", "reviewTitle": "Best choice possible!", "reviewDate": "March 22, 2021", "reviewText": "\"  I love everything about it. Super light! Very long battery. Fastest computer Ive owned.\"", "is_Helpful": ""}, {"reviewerName": "IKL", "reviewerUrl": "https://www.amazon.com/gp/profile/amzn1.account.AE6RUUKKOJJJNF4IAJPIOJW7ASDA/ref=cm_cr_arp_d_gw_btm?ie=UTF8", "rating": "5.0 out of 5 stars", "reviewTitle": "\"Its hard to use anything else\"", "reviewDate": "March 15, 2021", "reviewText": "\"  When I buy laptops, I always shop for something light and portable. Ive tried many different portable laptops but nothing comes close to LG Gram. I would say the closest competition is Lenovos ThinkPad X1. Once you get used to LG Gram, its almost impossible to go back to anything else. LG Grams are ultra portable, extremely light and quiet. The keyboards are comfortable, screen is crisp and bright and it has one of the best battery life out there. I would recommend this to anyone looking for a laptop they can carry around all day without having to worry about battery life.\"", "is_Helpful": ""}, {"reviewerName": "P. Maring", "reviewerUrl": "https://www.amazon.com/gp/profile/amzn1.account.AGUUOPTWWBXOJESDQBYK4IBADEYQ/ref=cm_cr_getr_d_gw_btm?ie=UTF8", "rating": "5.0 out of 5 stars", "reviewTitle": "fast and easy to use", "reviewDate": "January 23, 2021", "reviewText": "\"  I dont really use the computer very much but the one I replaced was very old and slow. So speed was my main requirement.\"", "is_Helpful": ""}, {"reviewerName": "Amazon Customer", "reviewerUrl": "https://www.amazon.com/gp/profile/amzn1.account.AGNXA5CUTHCLJFTCEOIQJSXXAPGQ/ref=cm_cr_getr_d_gw_btm?ie=UTF8", "rating": "5.0 out of 5 stars", "reviewTitle": "Lightweight", "reviewDate": "December 27, 2020", "reviewText": "  I like the size of the screen on the LG Gram Laptop. Also, it is lightweight and easy to carry around.", "is_Helpful": ""}, {"reviewerName": "Jim Wilkins", "reviewerUrl": "https://www.amazon.com/gp/profile/amzn1.account.AHEAE42VALRPMIUEIPJN7ISUITZQ/ref=cm_cr_getr_d_gw_btm?ie=UTF8", "rating": "1.0 out of 5 stars", "reviewTitle": "Not working properly", "reviewDate": "December 14, 2020", "reviewText": "  The windows 10 was not updated. My windows account is  on hold. I am  considering returning this product.", "is_Helpful": ""}, {"reviewerName": "casandy", "reviewerUrl": "https://www.amazon.com/gp/profile/amzn1.account.AH3I4JF33KQ2IQZRSWRZHDQLIBQQ/ref=cm_cr_getr_d_gw_btm?ie=UTF8", "rating": "4.0 out of 5 stars", "reviewTitle": "Love this laptop", "reviewDate": "December 13, 2020", "reviewText": "\"  Its great. Its lightweight. Its responsive.  Its fast.  Im very happy with this purchase. I have no complaints about this laptop.\"", "is_Helpful": ""}, {"reviewerName": "Jay P.", "reviewerUrl": "https://www.amazon.com/gp/profile/amzn1.account.AEABLHGFERSKGYKMZM3VKIE7T3LA/ref=cm_cr_getr_d_gw_btm?ie=UTF8", "rating": "5.0 out of 5 stars", "reviewTitle": "Best Laptop", "reviewDate": "November 2, 2020", "reviewText": "  Best lap top I have ever owned. Quality we shall see but by all measures it\u2019s the best pc I have ever owned.", "is_Helpful": ""}, {"reviewerName": "Amazon Customer", "reviewerUrl": "https://www.amazon.com/gp/profile/amzn1.account.AE75EUONSI2KFUE4S6YCXINHCJTQ/ref=cm_cr_getr_d_gw_btm?ie=UTF8", "rating": "1.0 out of 5 stars", "reviewTitle": "Delivery was not accurate in statement", "reviewDate": "October 23, 2020", "reviewText": "\"  Was not left at receptionist this was a home address. Left at bottom of stairs near foot traffic. Lucky it wasnt stolen.\"", "is_Helpful": "One person found this helpful"}, {"reviewerName": "Brianna Joiner", "reviewerUrl": "https://www.amazon.com/gp/profile/amzn1.account.AGPW3QMXAOW2VWSDA3FUQCWQ4URQ/ref=cm_cr_getr_d_gw_btm?ie=UTF8", "rating": "5.0 out of 5 stars", "reviewTitle": "Lightweight", "reviewDate": "October 12, 2020", "reviewText": "  I love this laptop. Super lightweight. Makes it easy to travel with. Battery life is amazing. Approx 15 hours. I haven\u2019t had any issues with it.", "is_Helpful": ""}, {"reviewerName": "Ji H.", "reviewerUrl": "https://www.amazon.com/gp/profile/amzn1.account.AFHHT2WQQYY32SADEZRJKCUUJ6AQ/ref=cm_cr_getr_d_gw_btm?ie=UTF8", "rating": "5.0 out of 5 stars", "reviewTitle": "Nice one!", "reviewDate": "February 23, 2020", "reviewText": "  Very light and good looking! Easy to carry on!", "is_Helpful": ""}, {"reviewerName": "Tanvir Ferdousi", "reviewerUrl": "https://www.amazon.com/gp/profile/amzn1.account.AFNU6N4IWKVDJCIRZXQGJKEZOCKA/ref=cm_cr_arp_d_gw_btm?ie=UTF8", "rating": "5.0 out of 5 stars", "reviewTitle": "Excellent laptop for the price", "reviewDate": "February 21, 2020", "reviewText": "  I was looking for a thin and light laptop with a good battery. The laptops that meet these criteria from brands such as Lenovo, Apple etc.  are quite expensive. LG gram series, although lesser known than its rivals, caught my eyes. Even Lenovos that cost around around 1000 dollars compromise with display quality and Macbooks are underpowered in this range. Hence, LG gram offered a better practical value. The 14 inch model I purchased offers plenty in terms of battery performance and is lighter than most other ultrabooks. The display is excellent in terms of color accuracy and brightness which is no wonder for LG IPS panels. The keys have decent amount of travel and the trackpad is good. I also like the fact that it has plenty of ports (including HDMI) and kept both RAM and SSD modules upgradeable. The included SSD is not NVMe though, I believe if I replace it with one, the performance will improve. I wish they had another another USB C port and included a type C charger in the box. The single USB C port supports charging. A full size SD card slot and a thunderbolt port (Not supported in the core i5 version) would be welcome., I initially ordered it during thanksgiving. Unfortunately, that first one I received had a defect, the battery drained suspiciously when turned off. When I contacted the seller, they immediately sent me a replacement which was great. I appreciate their service. Will definitely recommend this laptop to someone looking for an ultrabook with excellent battery life.", "is_Helpful": "33 people found this helpful"}, {"reviewerName": "Ozi", "reviewerUrl": "https://www.amazon.com/gp/profile/amzn1.account.AFMGBP2O2LEGA4V6QUPKN4BXDH3A/ref=cm_cr_arp_d_gw_btm?ie=UTF8", "rating": "5.0 out of 5 stars", "reviewTitle": "Love it!", "reviewDate": "January 10, 2020", "reviewText": "  My best laptop computer so far- fast beautiful and light!", "is_Helpful": "2 people found this helpful"}, {"reviewerName": "Amazon Customer", "reviewerUrl": "https://www.amazon.com/gp/profile/amzn1.account.AFH5IL4KD6EFVB3NSAFX7XHEGKCA/ref=cm_cr_arp_d_gw_btm?ie=UTF8", "rating": "1.0 out of 5 stars", "reviewTitle": "Exactly what I expected (Update - NOT!)", "reviewDate": "December 30, 2019", "reviewText": "  Exactly what I expected. Very light and good battery life., UPTADE after 2 months of use: This laptop has problems that you see in some very old and used laptops. It has delays opening folders, it get stuck while browsing, and so on., \"I bought it for the light weight and the fare price, but Im very disappointed.\"", "is_Helpful": "15 people found this helpful"}, {"reviewerName": "kim", "reviewerUrl": "https://www.amazon.com/gp/profile/amzn1.account.AF4DGSQQKI6HYCNHJOGWGM3TTTRA/ref=cm_cr_getr_d_gw_btm?ie=UTF8", "rating": "5.0 out of 5 stars", "reviewTitle": "hhhhhooo", "reviewDate": "December 30, 2019", "reviewText": "  good display. light weight.", "is_Helpful": ""}, {"reviewerName": "Wayne", "reviewerUrl": "https://www.amazon.com/gp/profile/amzn1.account.AHWTQ3ODHQ2QWVE5QAWMQGWPX4YA/ref=cm_cr_arp_d_gw_btm?ie=UTF8", "rating": "5.0 out of 5 stars", "reviewTitle": "Set up was easy and thus far it has exceeded our expectations", "reviewDate": "December 21, 2019", "reviewText": "  - no cliches, sufficiently fast, and reliable", "is_Helpful": "2 people found this helpful"}, {"reviewerName": "M. Kaplan", "reviewerUrl": "https://www.amazon.com/gp/profile/amzn1.account.AHKRTN2B5JP3QXGDSXMU64KRK3ZA/ref=cm_cr_arp_d_gw_btm?ie=UTF8", "rating": "5.0 out of 5 stars", "reviewTitle": "everything about this laptop is great", "reviewDate": "December 8, 2019", "reviewText": "  After hauling my 5 lb laptop to meetings for the past many years, I bought the LG gram 14\" model on the advice of Consumer Reports. It is not only 2 lbs, but has a rapid processor, plenty of RAM, gorgeous graphics and long battery life. I adore this thing! Read the Consumer Reports review if you have more questions about it.", "is_Helpful": "11 people found this helpful"}, {"reviewerName": "Toast", "reviewerUrl": "https://www.amazon.com/gp/profile/amzn1.account.AGUTSF6EEQNJ5CGD52I6KALICMXA/ref=cm_cr_arp_d_gw_btm?ie=UTF8", "rating": "4.0 out of 5 stars", "reviewTitle": "The perfect travel laptop for basic use. Only 1 complaint.", "reviewDate": "October 10, 2019", "reviewText": "  For the average user this laptop will be great. I got the non touchscreen version to save a few bucks since that\u2019s functionality I don\u2019t really need anyways. Extremely fast boot up. Whenever you need this it\u2019s ready to go with no wait time. Battery life is good. With heavy use (streaming on twitch, music playing, full brightness, no battery saver, etc) I can get this to last about 4 hours on a full charge. Light use I can get 6-10 hours. It\u2019s pretty incredible how lightweight this thing is to!!! It is the perfect travel laptop. I knew buying this that this had no graphics card and that\u2019s really my only problem with this. I didn\u2019t know that streaming required some sort of GPU to run smoothly. While I did get OBS to work for a while, it would eventually clock my GPU to 100% and the computer would start to chug. It\u2019s not really the computers fault because it isn\u2019t meant for that and i should have done more research into what I actually needed in a computer. Still I love this thing and I think most people will be very happy with the performance. Just be mindful of what you need this for.", "is_Helpful": "15 people found this helpful"}, {"reviewerName": "jax", "reviewerUrl": "https://www.amazon.com/gp/profile/amzn1.account.AFPVIZ6JBPVMN2HV3PML3ME2VLRQ/ref=cm_cr_getr_d_gw_btm?ie=UTF8", "rating": "5.0 out of 5 stars", "reviewTitle": "difference and linux bettery life", "reviewDate": "October 4, 2019", "reviewText": "  it\u2019s bios seems different than taiwan version, Bettery can use from 4 hr to 15hr in ubuntu18", "is_Helpful": ""}, {"reviewerName": "Jesse Xu", "reviewerUrl": "https://www.amazon.com/gp/profile/amzn1.account.AGBL6YVN5BYI6OW4FZXCAC5GZKSQ/ref=cm_cr_arp_d_gw_btm?ie=UTF8", "rating": "5.0 out of 5 stars", "reviewTitle": "It is light!", "reviewDate": "August 1, 2019", "reviewText": "\"  I bought this for my mom who asks for an EXTREMELY light laptop while she is not satisfied with her old big one. She was happy with this laptop, which I guess LG did a great job keeping the laptop light and still solid build. The weight just doesnt match its 14-inch screen in my opinion, compared to my X1 Yoga.\"", "is_Helpful": "2 people found this helpful"}, {"reviewerName": "Nacreous", "reviewerUrl": "https://www.amazon.com/gp/profile/amzn1.account.AEJ4E2IM6EA557YX6CRBC2QZJOQA/ref=cm_cr_arp_d_gw_btm?ie=UTF8", "rating": "1.0 out of 5 stars", "reviewTitle": "Brand new, it kept crashing.  I returned it the day I got it.", "reviewDate": "June 18, 2019", "reviewText": "  The machine crashed three times during initial setup and had to be powered down and restarted each time.  After the initial setup was finally finished, the machine crashed a couple more times while I was editing my personal settings.  Obviously not a piece of equipment upon which I could rely.  Very disappointing; it was an attractive-looking  notebook.", "is_Helpful": "13 people found this helpful"}], "qAndA": [{"question": "Does this one come with the ethernet adapter?", "answer": "Yes, the LG gram 14\u201d Ultra-Lightweight Laptop with Intel\u00ae Core\u2122 i5 processor, Model # 14Z990-U.AAW5U1 comes with a USB-C connector with RJ45 Gender...^IFV"}, {"question": "The memory in model 14z995 is only a poor 8gb, can this be upgraded? if so, how many slots, what type of ram and maximum i can add (if i can add)?", "answer": "Hi Simon, thank you for consider gram PC, one of the lightest and best Laptops in the market. This model has 8GB DDR4 2666Mhz RAM that is soldered to the motherboard. There is an additional slot for the upgradeability. You can add an addition 8GB/ 16GB/ 32GB."}, {"question": "Can you give me a specific model of the installed ram (company, cl, pc4-xxxxx)? it seems neither cpu-z nor everest gives me the info.", "answer": "Per the command prompt the manufacturer is Samsung. I could not find the serial number referenced in the command prompt anywhere though."}, {"question": "Regarding the 2019 lg gram 14 inch (white) 14z990-u.aaw5u1, could you tell me if the 8gb ram is one stick or two sticks, 4gb each? thank you!", "answer": "The LG gram 14\u201d Ultra-Lightweight Laptop with Intel\u00ae Core\u2122 i5 processor, Model # 14Z990-U.AAW5U1 has two RAM slots. One slot is onboard memory (4GB - soldered to the motherboard) and the other slot is upgradeable & has another 4GB but you can upgrade that with 8GB for a total of 12GB or with 16GB for a total of 20GB...^IFV"}, {"question": "Do these 14\" white LG models have a finger print sensor? I also noticed the detailed description indicates i7 instead of i5, which one is it?", "answer": "As indicated in the title description, the LG gram 14\u201d Ultra-Lightweight Laptop with Intel\u00ae Core\u2122 i5 processor, Model # 14Z990-U.AAW5U1 has an 8th Gen. Intel\u00ae Core\u2122 i5 processor. It does not have a Fingerprint ID...^IFV"}, {"question": "Can the RAM be upgraded?", "answer": "Thank you for your inquiry M.Heu. Yes, the RAM could be upgraded."}, {"question": "Does 14z990 2019 i5 processor white colour has a fingerprint reader?", "answer": "Thank you for asking Muley. The 14Z990 is equipped with the latest 8th gen 2019 version of the processor code name \"Whiskey Lake\". There is no fingerprint reader on this model. If you want to prefer to have fingerprint and touch screen functionality we have other 14\" models with higher specs 14Z990-R.AAS7U1.\nSal"}, {"question": "Matte screen or glossy?", "answer": "The LG gram 14\u201d Ultra-Lightweight Laptop with Intel\u00ae Core\u2122 i5 processor, Model # 14Z990-U.AAW5U1 has a glossy screen...^IFV"}, {"question": "Is it possible to order with a Spanish Latinamerican keyboard?", "answer": "Do not know. Probably can with a Korean keyboard as that is where it is manufactured . Mine has a US keyboard"}, {"question": "Is this good for photo editing, light room or capture one?", "answer": "The LG gram 14\u201d Ultra-Lightweight Laptop with Intel\u00ae Core\u2122 i5 processor, Model # 14Z990-U.AAW5U1 has an integrated Intel\u00ae UHD Graphics 620 graphics card which outputs enough power for light to medium photo editing work...^IFV"}, {"question": "Does this laptop have a cd slot?", "answer": "No, it does not have a CD slot."}, {"question": "Where can I get the 2019 silver 14 inch i5 with 8 gig of ram, or does it only come in white?", "answer": "Found my laptop on Amazon.com. I don't know if this model comes in different colors."}, {"question": "does this have a dvd player?", "answer": "Thank you for your inquiry. There is no DVD player."}, {"question": "How bright is the display in Nits?", "answer": "I'm not familiar with the term \"Nits\". Sorry."}, {"question": "Does this model have a swappable wifi card? I cant tell from any pics of the internals, and really want to get that wifi 6 when it comes out..", "answer": "not sure, but I think it's built in"}, {"question": "does this come with any anti virus software?", "answer": "i have two of these computers at home. I downloaded the free version of Malware Bites and haven't had a problem in two years"}, {"question": "What is the warrenty for this 14z990? Does it have touch screen?", "answer": "Thank you for your inquiry, Jim. The warranty period is one year. This model does not have a touch screen. If you want a model with Touch screen it would be 14Z990-R.AAS7U1."}, {"question": "What color is the A/C power adapter? Is it white to match the laptop or black?", "answer": "The A/C power adapter is white."}, {"question": "Hi. I got this product 3 weeks ago and the charger is extremely hot that I can't pug in for more than 15 min. Can you exchange the charger?", "answer": "My charger does the same. I unplug it when this happens but haven't experienced any issues."}, {"question": "Does this one come with the ethernet adapter?", "answer": "No. I purchased a USB adapter and through put is great"}, {"question": "Does this laptop have a cd slot?", "answer": "The LG gram 14\u201d Ultra-Lightweight Laptop with Intel\u00ae Core\u2122 i5 processor, Model # 14Z990-U.AAW5U1 does not have a built-in optical drive...^IFV"}, {"question": "Why is the 2019 version cheaper than the 2018?", "answer": "yes"}, {"question": "Does the 14z995-u.ars6u1 model without thunderbolt also charge via usb type c ?", "answer": "You can connect a USB-C\u2122 device to charge a notebook PC battery. ^Daphane"}, {"question": "When did this version come out?", "answer": "I bought mine in 2018, October"}, {"question": "is the LG gram Ubuntu compatible?", "answer": "No. Well, honestly, I don't know. The cursor end key broke on mine after 8 months and LG charged me $500 to fix it and I had to ship it back to the factory and they took 2 months to get it back to me"}, {"question": "Does it charge via usb-c? or just the barrel plug only?", "answer": "Thank you for your inquiry, JoshandIssa. Yes, it could be charged VIA USB-C as long as you the charger with the right voltage."}, {"question": "is ame available with I-7 10th Gen?", "answer": "No, this laptop has a NVMe interface. ^Daphane"}, {"question": "Is it fast enough to use with photoshop?", "answer": "Yes"}, {"question": "Does the lg 14\" have a hdmi output?", "answer": "The short answer is it's a piece of crap with no customer service. Buy a name brand like Dell hp or lenovo"}, {"question": "is the power adapter a separate brick, or a wall charger plug similar to that for a smartphone?", "answer": "Thank you for your inquiry. The power brick is separate, not like the smartphone plug."}, {"question": "Can this run 3d studio and autocad?", "answer": "Hello, yes you can run autocad and 3d studio.^Venette"}, {"question": "Is the battery replaceable ?", "answer": "Yes, the battery for the LG gram 14\u201d Ultra-Lightweight Laptop with Intel\u00ae Core\u2122 i5 processor, Model # 14Z990-U.AAW5U1 is replaceable...^IFV"}, {"question": "Is there a payment plan option for this?", "answer": "I paid the full amount upfront."}], "time": ["09/04/2021 18:07:28"], "reviewsCountInfo": {"expRevCount": "21", "actRevCount": 21, "nonEnglishRevCount": 0}, "scrapperInfo": {"Version": "1.3.2", "Released Date": "08/04/2021"}, "productURL": "https://www.amazon.com/gp/product/B07NGB6L31", "ASIN": "B07NGB6L31", "title": "LG Gram Laptop - 14\" Full HD Display, Intel 8th Gen Core i5, 8GB RAM, 256GB SSD, 23.5 Hour Battery Life - 14Z990-U.AAW5U1 (2019) - White", "manufacturer": " LG Store", "currentPrice": "", "rating": "4.5", "totalRatings": "88 "}