{"features": ["15. 6\" Full HD (1920 x 1080) widescreen LED-Backlight Display, 8th Generation Intel Core i3-8130U Processor 2. 2GHz (Up to 3. 4GHz, 4 MB SmartCache), with Intel UHD Graphics 620. Featuring the 8th gen Intel Core i3 processor, experience powerful performance and seamless computing for your everyday tasks. With Intel Turbo Boost Technology 2. 0 you get that extra burst of performance, smooth streaming, and brilliant HD entertainment when you need it.", "6GB system memory for advanced multitasking - Substantial high-bandwidth RAM to smoothly run your games and photo- and video-editing applications, as well as multiple programs and browser tabs all at once. 1TB hard drive for ample file storage space - Holds a significant collection of digital photos, music, HD videos and DVD-quality movies.", "Next-generation wireless connectivity: Connects to your network or hotspots on all current Wi-Fi standards. Connect to a Wireless-AC router for speed nearly 3x faster than Wireless-N. Built-in HD Webcam (1280 x 720) supporting High Dynamic Range (HDR).", "The USB 3. 1 Type-C port supports ultra-fast data transfers and USB 3. 0 port can charge up your devices when the laptop is powered off. Optical Drive: DVD RW - Watch movies and read and write CDs and DVDs in multiple formats.", "Windows 10 operating system: Windows 10 brings back the Start Menu from Windows 7 and introduces new features, like the Edge Web browser that lets you markup Web pages on your screen."], "reviewsAspects": ["battery life", "waste of money", "brand new", "computer", "windows", "junk", "aspire", "ram", "dvd", "installed", "apparently", "boot", "charger", "keyboard", "machine", "microsoft", "basic", "broke"], "productInformation": [{"\nASIN\n": "\nB07PVMBJ8G\n", "Customer Reviews": "\n\n\n\n\n\n\n4.1 out of 5 stars\n\n\n\n\n\n\n\n\n232 ratings\n\n\n\n\n\n\n4.1 out of 5 stars\n", "\nBest Sellers Rank\n": "\n\n#35,012 in Computers & Accessories (See Top 100 in Computers & Accessories)\n\n#5,623 in Traditional Laptop Computers\n\n\n", "\nDate First Available\n": "\nMarch 22, 2019\n"}], "productDescription": "\nProduct Overview: Acer Aspire E 15 comes with these high level specs: 8th Generation Intel Core i3-8130U Processor 2.2GHz with Turbo Boost Technology up to 3.4GHz, Windows 10 Home, 15.6\" Full HD (1920 x 1080) widescreen LED-backlit display, Intel UHD Graphics 620, 6GB Dual Channel Memory, 1TB 5400RPM SATA Hard Drive, 8X DVD Double-Layer Drive RW (M-DISC enabled), Secure Digital (SD) card reader, Acer True Harmony, two Built-in Stereo Speakers, 802.11ac Wi-Fi featuring MU-MIMO technology (Dual-Band 2.4GHz and 5GHz), Bluetooth 4.1, HD Webcam (1280 x 720) supporting High Dynamic Range (HDR), 1 - USB 3.1 Type C Gen 1 port (up to 5 Gbps), 2 - USB 3.0 ports (one with power-off charging), 1 - USB 2.0 port, 1 - HDMI Port with HDCP support, 6-cell Li-Ion Battery (2800 mAh), Up to 13.5-hours Battery Life, 5.27 lbs. | 2.39 kg. Key Features:\nProcessor: Intel Dual-Core i3-8130U 2.2GHz up to 3.4GHz, 4MB Cache\nScreen: 15.6\" Full HD (1920 x 1080) widescreen LED-Backlight Display\nGraphics: Intel UHD Graphics 620\nMemory: 6GB DDR3L\nHard Drive: 1TB HDD\nPorts: 1 - USB 3.1 Type C Gen 1 port (up to 5 Gbps), 2 - USB 3.0 ports (one with power-off charging), 1 - USB 2.0 port, 1 - HDMI, headphone/mic combo port\nWebcam: HD Webcam (1280 x 720) supporting High Dynamic Range (HDR)\nConnectivity: 802.11ac Wireless LAN and Bluetooth\nCard Reader: SD\nSpeaker Type: Stereo Speakers\nDimensions: 14.9\"(L) x 9.8\"(W) x 0.9\"(H)\nOperating System: Windows 10 Home 64-bit\nOptical Drive: Yes\nBattery: 6-cell Li-Ion Battery (2800 mAh)\nWeight: 5.27 lbs", "reviews": [{"reviewerName": "Maria", "reviewerUrl": "https://www.amazon.com/gp/profile/amzn1.account.AESSGMRP6WI6KWNH4CY23REGIPLA/ref=cm_cr_getr_d_gw_btm?ie=UTF8", "rating": "3.0 out of 5 stars", "reviewTitle": "Better than having nothing", "reviewDate": "October 1, 2020", "reviewText": "\"  Its ok, nothing to rave about. Pretty slow for a brand new computer (Ive had it for over a year now). I use it for basic Microsoft office applications. I wouldnt try to do anything else with it.\"", "is_Helpful": ""}, {"reviewerName": "Carol D.", "reviewerUrl": "https://www.amazon.com/gp/profile/amzn1.account.AHXKPK66MF7NIZLLUWRJ3RMSFMCQ/ref=cm_cr_getr_d_gw_btm?ie=UTF8", "rating": "3.0 out of 5 stars", "reviewTitle": "Sufficient, but hardly ideal", "reviewDate": "August 21, 2020", "reviewText": "\"  The charger broke after about three months. I didnt realize until after I d been using it for several days that there is no DVR drive. My fault, I guess, for not looking closer. Apparently, that is the standard these days. So had to buy an external drive. Im not a gamer and dont do anything that stress the capacity of the machine much, so I cant speak to that. Im online most of the day though and I have to plug it in to charge at least twice a day and then at night. It is sufficient for my needs, but hardly ideal.\"", "is_Helpful": ""}, {"reviewerName": "Seth", "reviewerUrl": "https://www.amazon.com/gp/profile/amzn1.account.AGHK6XMYBQKZ7WDDNBQ7HWKOASYQ/ref=cm_cr_getr_d_gw_btm?ie=UTF8", "rating": "1.0 out of 5 stars", "reviewTitle": "Too slow too soon.", "reviewDate": "August 20, 2020", "reviewText": "  Only a few months old and just the basic programs installed and already it\u2019s slow slow slow, freezes, and frustrates. Our last computer at least took a few years to turn glacial.", "is_Helpful": ""}, {"reviewerName": "Jason A Burnham", "reviewerUrl": "https://www.amazon.com/gp/profile/amzn1.account.AEZ23LX2JU4SHRWBJT27YP7ENAPQ/ref=cm_cr_getr_d_gw_btm?ie=UTF8", "rating": "1.0 out of 5 stars", "reviewTitle": "TOTAL PIECE OF CRAP", "reviewDate": "August 18, 2020", "reviewText": "\"  Do not buy this. It is total waste of time and money. It wants to update every couple of hours and takes forever to come back on. Backlit keyboard has never worked(reason I bought it). I will never buy another ACER product. They should be ashamed of themselves for even selling this junk. I have almost nothing on it and it is slower than molasses running uphill in January. Total waste of money. If they gave these away,its too much.\"", "is_Helpful": ""}, {"reviewerName": "wayne g.", "reviewerUrl": "https://www.amazon.com/gp/profile/amzn1.account.AFWKPMRDPTQ3TR7FECFQDLC6PJQQ/ref=cm_cr_getr_d_gw_btm?ie=UTF8", "rating": "1.0 out of 5 stars", "reviewTitle": "Do not buy this laptop", "reviewDate": "August 16, 2020", "reviewText": "  What I liked. NOTHING special., \"What I didnt like.\", Lasting less than 6 months. Used as desktop PC for 2 months and now completely dead. Trying to slave hard drive now to see if I can save my photos. I am used to a computer lasting a couple years. I was not ready for it to die after 2 months of use. Did not have power cable for first couple months. Used as PC for kids and family thru covid but barely lasted 2 months. Look elsewhere., No support. Nothing even a response to emails. No tech support. Nothing.", "is_Helpful": ""}, {"reviewerName": "L. Goldfinger", "reviewerUrl": "https://www.amazon.com/gp/profile/amzn1.account.AHIYTFHMNZNQZ5BBV3SDNEM7CXSQ/ref=cm_cr_getr_d_gw_btm?ie=UTF8", "rating": "3.0 out of 5 stars", "reviewTitle": "no battery life", "reviewDate": "August 5, 2020", "reviewText": "  I get maybe three to four hours before having to charge and that was from out of the box brand new", "is_Helpful": ""}, {"reviewerName": "Red_Line", "reviewerUrl": "https://www.amazon.com/gp/profile/amzn1.account.AETXXTQIYJQYLFH6HAVU26SMPCYQ/ref=cm_cr_getr_d_gw_btm?ie=UTF8", "rating": "1.0 out of 5 stars", "reviewTitle": "Avoid this laptop", "reviewDate": "July 24, 2020", "reviewText": "\"  Terrible! Ive had problems with this computer since the day I received it. Startup is slow, battery life is nowhere close to stated capacity, it freezes/locks and wont wake up all the time. Many times after putting it to sleep or plugging in the charger it wont wake up - hitting buttons, moving mouse, nothing works. Only option is to force quit and restart. Really disappointed with this unit.\", I knew this was a \"budget\" machine when I purchased it but certainly expected better performance and function. My old Acer is 12 years old and a much better unit than this one (unfortunately it\\s slow and outdated).  Apparently Acer is no longer interested in producing quality products.", "is_Helpful": ""}, {"reviewerName": "Sal V.", "reviewerUrl": "https://www.amazon.com/gp/profile/amzn1.account.AEKQMPKMR7WB7AS3M2A4KI4CZAJQ/ref=cm_cr_getr_d_gw_btm?ie=UTF8", "rating": "3.0 out of 5 stars", "reviewTitle": "No good.constant sellers pitch.will not buy another Acer product.", "reviewDate": "July 9, 2020", "reviewText": "  Too many sellers pop.kid hates it.", "is_Helpful": ""}, {"reviewerName": "Lucile Mixson", "reviewerUrl": "https://www.amazon.com/gp/profile/amzn1.account.AHLHKQGFK4BUJCZFWQ3HDDNYYCEQ/ref=cm_cr_getr_d_gw_btm?ie=UTF8", "rating": "3.0 out of 5 stars", "reviewTitle": "Laptop stop working in 3 months", "reviewDate": "June 11, 2020", "reviewText": "  Purchased this laptop in January, it stopped working in March - it would not come on. Poor quality. Worked with Acer and was not able resolve the issue. Had to mail it to Acer support at my expense. Waiting now to see if Acer can fix it.", "is_Helpful": ""}, {"reviewerName": "Trishnee", "reviewerUrl": "https://www.amazon.com/gp/profile/amzn1.account.AHJJ6DFPGJXDRX2ZI33VRDNWDTXA/ref=cm_cr_getr_d_gw_btm?ie=UTF8", "rating": "1.0 out of 5 stars", "reviewTitle": "Very poor service", "reviewDate": "May 17, 2020", "reviewText": "  Less than 4 months after purchase this laptop CDR stopped working properly. Contacted Acer who told me to contact Amazon. Amazon tried to give me the runaround. Really rubbish customer service from Amazon.", "is_Helpful": ""}, {"reviewerName": "Deb", "reviewerUrl": "https://www.amazon.com/gp/profile/amzn1.account.AGTXNN57APXIBPOJBWC6DESBPV7Q/ref=cm_cr_getr_d_gw_btm?ie=UTF8", "rating": "1.0 out of 5 stars", "reviewTitle": "The speakers stopped working after 2 months", "reviewDate": "May 7, 2020", "reviewText": "  After two months the speakers suddenly stopped working.", "is_Helpful": ""}, {"reviewerName": "Susan", "reviewerUrl": "https://www.amazon.com/gp/profile/amzn1.account.AHUEGPHAMQ2OC62E5PVQ5IE7IOTQ/ref=cm_cr_getr_d_gw_btm?ie=UTF8", "rating": "1.0 out of 5 stars", "reviewTitle": "So Slow....Total Junk!", "reviewDate": "April 19, 2020", "reviewText": "  This laptop is so slow.  It lasted 2 months then went in the garbage because Amazon wont take it back.  Total junk, do not buy.  It didnt even have the 6 gb when i opened it up. It had 4 gb so someone switched it out.  Waste of money.", "is_Helpful": ""}, {"reviewerName": "Svetlana Wood", "reviewerUrl": "https://www.amazon.com/gp/profile/amzn1.account.AE6EE5YLBTTP4ASYQHDN333VFYQA/ref=cm_cr_getr_d_gw_btm?ie=UTF8", "rating": "2.0 out of 5 stars", "reviewTitle": "Buyer beware", "reviewDate": "March 30, 2020", "reviewText": "  This laptop was advertise as new and complete warranty coverage failed after 2 months look item was returned and try to.  Re sale major problems Beware!", "is_Helpful": ""}, {"reviewerName": "Kelli Rosellini", "reviewerUrl": "https://www.amazon.com/gp/profile/amzn1.account.AHNQU3WZNOQYQ2TAMJAOH6RE6SMQ/ref=cm_cr_getr_d_gw_btm?ie=UTF8", "rating": "2.0 out of 5 stars", "reviewTitle": "Overloaded with junk software", "reviewDate": "March 25, 2020", "reviewText": "  I\\ve been a long time advocate for Acer, wanting to purchase their \"bargain\" laptop as a backup for my heavily used business laptop.  This machine is so overloaded with junk software and games, it\\s also bogged down with pre-loaded process.  So much so that that it can barely run.  I clocked the \"startup to login time\" and measured over 3 minutes.  While this doesn\\t sound like a long time, wait until you need to jump onto a teleconference call!, \"It does not have the most current version of Windows 10 installed, so be prepared for MULTIPLE updates that will take considerable time and effort.  This could just be Microsoft, so I wont completely blame them for this.\", Sorry, this is my last Acer purchase.", "is_Helpful": ""}, {"reviewerName": "LuckyLady13", "reviewerUrl": "https://www.amazon.com/gp/profile/amzn1.account.AECU5HTXY2HQV4CJSJIHMHYHJZJA/ref=cm_cr_getr_d_gw_btm?ie=UTF8", "rating": "4.0 out of 5 stars", "reviewTitle": "no dvd drive on the it.", "reviewDate": "March 15, 2020", "reviewText": "  so far i love it.  some of the keys are different places than the Toshiba I was using.  Love the back lit keyboard...", "is_Helpful": ""}, {"reviewerName": "dbe", "reviewerUrl": "https://www.amazon.com/gp/profile/amzn1.account.AFEQ62IUOFJURMX3IIVGYKB4LLVA/ref=cm_cr_getr_d_gw_btm?ie=UTF8", "rating": "2.0 out of 5 stars", "reviewTitle": "Not what I expected", "reviewDate": "March 6, 2020", "reviewText": "  This Acer, i was very disappointed in because it states that the battery life is 12+ hours right on the laptop, but you may only get 4 hours. You have to turn everything off and place on power saver to get 6 hours. I purchased it because on the battery life but it has failed me.", "is_Helpful": ""}, {"reviewerName": "S M Crews", "reviewerUrl": "https://www.amazon.com/gp/profile/amzn1.account.AFN2IXJ4JE2YJFRBOCKU4N2LUZWA/ref=cm_cr_getr_d_gw_btm?ie=UTF8", "rating": "5.0 out of 5 stars", "reviewTitle": "I love my  Acer Aspire E 15 Full HD Laptop with 15.6\"", "reviewDate": "March 4, 2020", "reviewText": "  I was pleasantly surprised with the quality of laptop I have for the the money spent.  It is fast, lightweight, accommodates my uses whether it be surfing the net, gaming, or whatever.", "is_Helpful": ""}, {"reviewerName": "Amazon Customer", "reviewerUrl": "https://www.amazon.com/gp/profile/amzn1.account.AG5TRCXBSCAJ67G657DOD6SCEOLQ/ref=cm_cr_getr_d_gw_btm?ie=UTF8", "rating": "2.0 out of 5 stars", "reviewTitle": "Junk stay away.", "reviewDate": "March 2, 2020", "reviewText": "\"  Slow, slow, slow. It also freezes up  a lot.  I had an earlier make acaer which I loved (taken out by storm hitting Hughes satellite )  This cannot hold a candle to it.  Apparently I do know how to pick  a computer. But this isnt it. I waited way to long to return.\"", "is_Helpful": ""}, {"reviewerName": "Jane", "reviewerUrl": "https://www.amazon.com/gp/profile/amzn1.account.AEGHKJ7MOWHFZZBIKNGA7XGBNPGA/ref=cm_cr_getr_d_gw_btm?ie=UTF8", "rating": "1.0 out of 5 stars", "reviewTitle": "RIP off", "reviewDate": "February 24, 2020", "reviewText": "\"  The computer was flawed so didnt work from the beginning. Got the run around from the company at first. Was like pulling teeth to get a straight answer and then they werent going to honor the purchase with a refund or replacement. Finally they stepped up with a computer worth less than the original computer. Sad all the way around! Buyer beware!\"", "is_Helpful": ""}, {"reviewerName": "Domenic", "reviewerUrl": "https://www.amazon.com/gp/profile/amzn1.account.AFLKE624BVJCCOWMELFUFRVO3QEQ/ref=cm_cr_getr_d_gw_btm?ie=UTF8", "rating": "5.0 out of 5 stars", "reviewTitle": "vintage like but fast and updated", "reviewDate": "February 19, 2020", "reviewText": "  installed crucial flash drive and the boot up speed is lightning instant. drawbacks include no-touchscreen, no-backlit keyboard, and its weight (around 5 pounds). But, great value for the price with 15.6\" screen, dvd, and upgradeable facility, 6gb ram, 1TBGB HDD. Screen seems a bit dull, but use Graphic settings to adjust the display and its very soft on eyes... Overall, very satisfied with the product.", "is_Helpful": ""}, {"reviewerName": "Pedro Acosta Ovalle", "reviewerUrl": "https://www.amazon.com/gp/profile/amzn1.account.AHP4PHZJL4O2H77BDS2PU5SZP22A/ref=cm_cr_getr_d_gw_btm?ie=UTF8", "rating": "5.0 out of 5 stars", "reviewTitle": "Good for the price", "reviewDate": "February 17, 2020", "reviewText": "  Great for the price., Good for work... Not for gaming.", "is_Helpful": ""}, {"reviewerName": "Mary Anna ", "reviewerUrl": "https://www.amazon.com/gp/profile/amzn1.account.AHHLNHMREURJREJMKB3M6TKHQEYQ/ref=cm_cr_getr_d_gw_btm?ie=UTF8", "rating": "5.0 out of 5 stars", "reviewTitle": "Nice computer for the price", "reviewDate": "February 7, 2020", "reviewText": "  I had to have my daughter help me get started and because I live in a rural area my DSL is slower than most. She had to take it to her place to down load things  ( not the computers fault). She made it more user friendly so it work like windows 7 with apps. It is serving it purpose fine. No problems.", "is_Helpful": ""}, {"reviewerName": "Amazon Customer", "reviewerUrl": "https://www.amazon.com/gp/profile/amzn1.account.AHZ5XEV2SGOX6SJWMEVZMOERYRLA/ref=cm_cr_getr_d_gw_btm?ie=UTF8", "rating": "5.0 out of 5 stars", "reviewTitle": "Worth the money", "reviewDate": "February 7, 2020", "reviewText": "  My niece is using it for school (university) and she is very happy with it.", "is_Helpful": "One person found this helpful"}, {"reviewerName": "Ashley B.", "reviewerUrl": "https://www.amazon.com/gp/profile/amzn1.account.AFQMSS5FFTA2JA2B3ACLAJUZB64A/ref=cm_cr_getr_d_gw_btm?ie=UTF8", "rating": "5.0 out of 5 stars", "reviewTitle": "Decent computer", "reviewDate": "February 6, 2020", "reviewText": "  This computer serves its purpose. It runs quick enough for someone like me but I could see it being a bit slow for someone who needs it in a hectic workspace. Ive ran the Sims on it with no problems. My biggest complaint is I purchased the computer thinking microsoft office was included only to realize that it required purchase. Perhaps my mistake, still a bummer. Anyways, not a bad buy for the average joe", "is_Helpful": ""}, {"reviewerName": "Vitaly Purto", "reviewerUrl": "https://www.amazon.com/gp/profile/amzn1.account.AHGLITNIL3GJXO542UJWJVXNCNHA/ref=cm_cr_getr_d_gw_btm?ie=UTF8", "rating": "5.0 out of 5 stars", "reviewTitle": "When you die", "reviewDate": "February 6, 2020", "reviewText": "  Good computer but awful operation system windows 10", "is_Helpful": ""}, {"reviewerName": "T. Pierce", "reviewerUrl": "https://www.amazon.com/gp/profile/amzn1.account.AHBEBIGL7P5U3BDNYHMLYJWQ3V7Q/ref=cm_cr_getr_d_gw_btm?ie=UTF8", "rating": "1.0 out of 5 stars", "reviewTitle": "\"Dont waste your money\"", "reviewDate": "February 6, 2020", "reviewText": "\"  Unbelievably slow and couldnt get the cd/dvd tray to work. Very disappointed and will be returning.\"", "is_Helpful": ""}, {"reviewerName": "Mr J", "reviewerUrl": "https://www.amazon.com/gp/profile/amzn1.account.AFDA4BREIVCVBABZ3CMTEB2S3S7A/ref=cm_cr_getr_d_gw_btm?ie=UTF8", "rating": "1.0 out of 5 stars", "reviewTitle": "1 star because it does not have the price", "reviewDate": "February 1, 2020", "reviewText": "  1 Star", "is_Helpful": ""}, {"reviewerName": "Amazon Customer", "reviewerUrl": "https://www.amazon.com/gp/profile/amzn1.account.AFH4OT6XV34KAJEY6JPYCZIXCSWQ/ref=cm_cr_getr_d_gw_btm?ie=UTF8", "rating": "5.0 out of 5 stars", "reviewTitle": "A+++++", "reviewDate": "January 31, 2020", "reviewText": "  A+++++", "is_Helpful": ""}, {"reviewerName": "JohnPenasack", "reviewerUrl": "https://www.amazon.com/gp/profile/amzn1.account.AHS5S2BABFM4QDHOGQTWSLPBOWUA/ref=cm_cr_getr_d_gw_btm?ie=UTF8", "rating": "5.0 out of 5 stars", "reviewTitle": "reliability", "reviewDate": "January 30, 2020", "reviewText": "  class presentations", "is_Helpful": ""}, {"reviewerName": "4321PS", "reviewerUrl": "https://www.amazon.com/gp/profile/amzn1.account.AE3YSPKTEUNAR7JWN6UYBPXTILFQ/ref=cm_cr_getr_d_gw_btm?ie=UTF8", "rating": "1.0 out of 5 stars", "reviewTitle": "ACER DUD", "reviewDate": "January 27, 2020", "reviewText": "\"  Its like booting from a floppy drive in the 1980s.  Screen looks blurry.  I loved all my other Acer laptops but this one is terrible.\"", "is_Helpful": ""}, {"reviewerName": "Mike", "reviewerUrl": "https://www.amazon.com/gp/profile/amzn1.account.AG4BVXAGZDOWARO44VLNM3TGSH4Q/ref=cm_cr_getr_d_gw_btm?ie=UTF8", "rating": "1.0 out of 5 stars", "reviewTitle": "Windows 10 laptop", "reviewDate": "January 26, 2020", "reviewText": "\"  Microsoft stopped supporting Windows 7 which is the only reason I upgraded.  This computer quit working (wont turn on) about 7 weeks  after I started using it.  I now wish I hadnt wasted my money on it.  Waiting to hear back on a resolution to this problem.\"", "is_Helpful": ""}, {"reviewerName": "Stephanie", "reviewerUrl": "https://www.amazon.com/gp/profile/amzn1.account.AE7NMAH32PRA23IXMPIM5OLQFENQ/ref=cm_cr_getr_d_gw_btm?ie=UTF8", "rating": "5.0 out of 5 stars", "reviewTitle": "Great", "reviewDate": "January 22, 2020", "reviewText": "  Unfortunately my grandson broke the screen within the first two weeks after Christmas - up until then he loved it!", "is_Helpful": ""}, {"reviewerName": "paul thompson", "reviewerUrl": "https://www.amazon.com/gp/profile/amzn1.account.AFT3GYKGUXX3PR4AEIY5NOZ2URMA/ref=cm_cr_getr_d_gw_btm?ie=UTF8", "rating": "5.0 out of 5 stars", "reviewTitle": "works great", "reviewDate": "January 21, 2020", "reviewText": "  very nice light weight grand daughter loves it", "is_Helpful": ""}, {"reviewerName": "Fair", "reviewerUrl": "https://www.amazon.com/gp/profile/amzn1.account.AFSNX2WM6TER5YT3ERMY26QEQXEQ/ref=cm_cr_getr_d_gw_btm?ie=UTF8", "rating": "3.0 out of 5 stars", "reviewTitle": "Review for my kid", "reviewDate": "January 19, 2020", "reviewText": "  Bought it for my son for gaming, mainly fortnite. It lags at high resolutions. so he had to lower settings a lot. So not great for high resolution gaming", "is_Helpful": ""}, {"reviewerName": "lyle tollefson", "reviewerUrl": "https://www.amazon.com/gp/profile/amzn1.account.AHYFCBWNAK7YP7XUCZKFDCJE65JA/ref=cm_cr_getr_d_gw_btm?ie=UTF8", "rating": "3.0 out of 5 stars", "reviewTitle": "Instructions", "reviewDate": "January 19, 2020", "reviewText": "  I need to find out how to get an instruction manual so I can better utilize all of the functions", "is_Helpful": ""}, {"reviewerName": "John E. Vayda", "reviewerUrl": "https://www.amazon.com/gp/profile/amzn1.account.AHSJD7IBHYZBA4NGOGB2MIFZ72ZQ/ref=cm_cr_getr_d_gw_btm?ie=UTF8", "rating": "3.0 out of 5 stars", "reviewTitle": "Make sure before you order that it\u2019s what you wanted", "reviewDate": "January 18, 2020", "reviewText": "  It\u2019s not as fast as I thought it would be", "is_Helpful": ""}, {"reviewerName": "Laura", "reviewerUrl": "https://www.amazon.com/gp/profile/amzn1.account.AGM4TNURWK2QWSUHDFPKYU4MWRTA/ref=cm_cr_getr_d_gw_btm?ie=UTF8", "rating": "5.0 out of 5 stars", "reviewTitle": "Very nice.", "reviewDate": "January 16, 2020", "reviewText": "  Very nice.", "is_Helpful": ""}, {"reviewerName": "Rattandeep singh", "reviewerUrl": "https://www.amazon.com/gp/profile/amzn1.account.AEFZJCHCPAQHL334ARAPQPWHKUMA/ref=cm_cr_getr_d_gw_btm?ie=UTF8", "rating": "4.0 out of 5 stars", "reviewTitle": "Looked great", "reviewDate": "January 13, 2020", "reviewText": "  Everything was looking good with this laptop..I returned this laptop because of only one reason, the charger that came along with this was not working and I contacted customer service. They said that they can not provide a new charger so I have to return it like the way it came..so I did that..otherwise I really liked it..it was brand new and screen quality was very good..", "is_Helpful": ""}, {"reviewerName": "Amazon Customer", "reviewerUrl": "https://www.amazon.com/gp/profile/amzn1.account.AEXWKSZJPUIOAGFY2CX2ANAYO4HA/ref=cm_cr_arp_d_gw_btm?ie=UTF8", "rating": "3.0 out of 5 stars", "reviewTitle": "Reasonable for the price- a bit slow", "reviewDate": "January 12, 2020", "reviewText": "  This is my third ACER ASpire E15 notebook!  I use it for work and it gets a lot of use- I purchased this one after the screen hinge on the left side suffered from metal fatigue and broke on my 2nd ACER aspire.  The laptop @ that point was showing its age- one of the USB ports had gone to heaven and the touch pad was well touchy and intermittently difficult.  Three years of heavy use is not a bad deal-  I had purchased the old Ace Aspire in October 2016 for ~370 dollars.  Over all for the use it held up pretty well- I also like the long battery life, the feel of the keyboard, and the extra number pad on the side for work., \"The new ACER cost just about as much as the old one- and I figured well after 3 years technology usually gets better and cheaper.  It is slightly lighter and slimmer; however, its not faster or markedly improved otherwise.\", \"The new laptop ran slooooooooooooow.  Web pages too some time to boot up as did relatively simple applications.  I had added RAM to the old one 8 GB of DDR4 and the new one came w/ 6 GB of DDR3.  I was going to upgrade the ram but then recalled Id put in a solid state hard drive in the old one.  I couldnt believe it but the new one came without a solid state hard drive (stupid on me for not checking- I just figured after 3 years technology would have been further ahead) .\", \"Once I  Swapped out the hard drives and it made a world of difference.  Granted the solid state hard drive I have is 120 GB vs 1 TB that the laptop comes with but hey - do you really want to watch web pages and pictures load?  I can always use an extra hard drive or use the cloud.  Whats more after 3 years of use Ive only used up 10 GB of storage.\", \"I would sugges that  ACER would be better off putting in a small capacity but faster hard drive to improve the value.  I was a little disappointed that after three years the technology on the ACER end is essentially not improved and @ the same price.  Having said that for the money its pretty good but if you want the thing to work quickly youll probably want to do some modificiations.  In 2020 I  just cant see waiting for web pages to load -  No its not my WIFI- the laptop with the solid state hard drive is instant.  Unforunately the hard drive upgrade is a lot more intensive than simply adding RAM.\"", "is_Helpful": "One person found this helpful"}, {"reviewerName": "Michele L.", "reviewerUrl": "https://www.amazon.com/gp/profile/amzn1.account.AGTOVZNEWNFHVYQPNURVQG45QZ7A/ref=cm_cr_getr_d_gw_btm?ie=UTF8", "rating": "5.0 out of 5 stars", "reviewTitle": "It is an ACER... YES!!!", "reviewDate": "January 10, 2020", "reviewText": "  Good so far still have things to figure out.", "is_Helpful": ""}, {"reviewerName": "Sean Conlon", "reviewerUrl": "https://www.amazon.com/gp/profile/amzn1.account.AG5CSICNC4DPDYRHDXCIYHVZHURQ/ref=cm_cr_getr_d_gw_btm?ie=UTF8", "rating": "1.0 out of 5 stars", "reviewTitle": "Defective Operating System", "reviewDate": "January 10, 2020", "reviewText": "\"  Could not even make it thru the set-up process. Had to wait weeks to receive a thumbdrive to repair it, and that didnt work either. Now I have to send the computer to Acer to be repaired or replaced, which means that it will be over a month since I purchased the thing before I have a functional computer. You shouldnt have to repair a brand new product before you even use it.\", Finally got it back & they forgot to include the power cord - Over a month after purchasing this product I still do not have a functional computer.", "is_Helpful": ""}, {"reviewerName": "nancy field", "reviewerUrl": "https://www.amazon.com/gp/profile/amzn1.account.AGFEKLXLFCAVHSVA4VEINQCOMESA/ref=cm_cr_getr_d_gw_btm?ie=UTF8", "rating": "2.0 out of 5 stars", "reviewTitle": "\"CD Drive didnt work\"", "reviewDate": "January 10, 2020", "reviewText": "\"  After setting up the laptop and using it for a few weeks, I needed to finally use the CD Drive and it doesnt work.  I had to purchase a new CD Drive to be installed because I dont have time to contact Acer and / or Amazon to request a new laptop or repair.\"", "is_Helpful": ""}, {"reviewerName": "Steven Schrock", "reviewerUrl": "https://www.amazon.com/gp/profile/amzn1.account.AFMOQWMVRN3XF5A6L3OMVJLJZNJQ/ref=cm_cr_getr_d_gw_btm?ie=UTF8", "rating": "5.0 out of 5 stars", "reviewTitle": "Best value for the money should\u2019ve upgraded but it will do the trick.", "reviewDate": "January 8, 2020", "reviewText": "  Best bang for your buck but still haven\u2019t got to really dive into the computer & test all its functions. The screen is high quality but has a side glare...should\u2019ve spent the extra money on a new Mac Book.", "is_Helpful": ""}, {"reviewerName": "Nan", "reviewerUrl": "https://www.amazon.com/gp/profile/amzn1.account.AHWGECVZ44RTXBNTT6WHXCTSVUMA/ref=cm_cr_getr_d_gw_btm?ie=UTF8", "rating": "5.0 out of 5 stars", "reviewTitle": "Great", "reviewDate": "January 6, 2020", "reviewText": "  My son is enjoying it. He uses it as a gaming computer", "is_Helpful": ""}, {"reviewerName": "fingers", "reviewerUrl": "https://www.amazon.com/gp/profile/amzn1.account.AE3WN2FTFW5BTMSS6B7RVAG4XTGQ/ref=cm_cr_getr_d_gw_btm?ie=UTF8", "rating": "4.0 out of 5 stars", "reviewTitle": "a good lap top", "reviewDate": "January 4, 2020", "reviewText": "\"  its fast enough for me. one thing i do not like is that it keeps making a clicking sound at odd times\"", "is_Helpful": ""}, {"reviewerName": "Micky", "reviewerUrl": "https://www.amazon.com/gp/profile/amzn1.account.AF7LGXBPOYW5JKHXDF7XW5MEJZCA/ref=cm_cr_getr_d_gw_btm?ie=UTF8", "rating": "5.0 out of 5 stars", "reviewTitle": "Great", "reviewDate": "January 4, 2020", "reviewText": "  Very happy", "is_Helpful": ""}, {"reviewerName": "Tac F.", "reviewerUrl": "https://www.amazon.com/gp/profile/amzn1.account.AE22IWN5KJKK3B5WYGDTCZHCB7LQ/ref=cm_cr_arp_d_gw_btm?ie=UTF8", "rating": "2.0 out of 5 stars", "reviewTitle": "\"Sooooooo slow! Just.....dont. You will be disappointed.\"", "reviewDate": "December 30, 2019", "reviewText": "  Let me start by saying I have purchased and owned over a dozen laptops of all levels for work and home.  I needed a new , basic one just for email and browsing, nothing fancy. I also liked that it had lots of ports and and old school DVD drive. Hard to find these days. I have had several Acers for the same purpose in the past and have been very happy with them all, so why not, right?, \"Why this one is so agonizingly slow I can not say. But it is. I mean Windows 97 dial up modem slow. Like, click on a web page and go get a cup of coffee while its loading slow. How someone put this in front of the executives at Acer and got it approved to go to market is beyond me. 10 steps backwards from previous models. No burdensome programs running or big CPU draw that I can determine. Right out of the box, slow as molasses running uphill in February. The specs would lead you to believe otherwise....but no.\", \"Its brand new, shiny and clean....and its going to sit on the shelf as my emergency back-up. My ancient Toshiba with cracked casing, wonky keys, a fraction of the memory and Windows 8 is vastly superior.\"", "is_Helpful": "One person found this helpful"}, {"reviewerName": "Brandon Pennington", "reviewerUrl": "https://www.amazon.com/gp/profile/amzn1.account.AFE3UD2RHIDZO52WD5KP4YXNCMIQ/ref=cm_cr_getr_d_gw_btm?ie=UTF8", "rating": "4.0 out of 5 stars", "reviewTitle": "Pretty good", "reviewDate": "December 29, 2019", "reviewText": "  So far so good.", "is_Helpful": ""}, {"reviewerName": "Charles Jones", "reviewerUrl": "https://www.amazon.com/gp/profile/amzn1.account.AGLYGPDPXD2ZQEZYGTJYK3VQ2IVQ/ref=cm_cr_getr_d_gw_btm?ie=UTF8", "rating": "5.0 out of 5 stars", "reviewTitle": "Fantastic buy", "reviewDate": "December 19, 2019", "reviewText": "  Very nice unit. I love Acer and HP laptops.  This one is fast and easy to set up. Walks you through the whole thing.", "is_Helpful": ""}, {"reviewerName": "R. E. Stefancci", "reviewerUrl": "https://www.amazon.com/gp/profile/amzn1.account.AHRTWWCP7C44JVVIYOWZSPSPEUUQ/ref=cm_cr_getr_d_gw_btm?ie=UTF8", "rating": "4.0 out of 5 stars", "reviewTitle": "I am a novice computer user, this item I am finding is easy to learn to use.", "reviewDate": "December 15, 2019", "reviewText": "  Great for home use.", "is_Helpful": ""}, {"reviewerName": "Amazon Customer", "reviewerUrl": "https://www.amazon.com/gp/profile/amzn1.account.AHO5E2LEWRA3YYXSJTZ5ZT7H4X6A/ref=cm_cr_getr_d_gw_btm?ie=UTF8", "rating": "1.0 out of 5 stars", "reviewTitle": "Useless machine", "reviewDate": "December 13, 2019", "reviewText": "  Newest?  One I got was mfg 12-27-2018----received it 12-12-2019.  Tried to get rid of \"cortina\" onboard setup tool.  After more than 1 hour on the phone with 4 different techs at Acer and Amazon, I gave up.  I refuse to give it all the personal data it\\s demanding in order to work!  There is apparently no work around or else nobody I spoke to was competent enough to remove the assist tool.  The last Acer tech person I got, demanded a paid subscription to help me.  It\\s going back to its \"valued reseller.\"  Hurry up UPS and get this thing out of here!", "is_Helpful": "2 people found this helpful"}, {"reviewerName": "JOLLYMAN", "reviewerUrl": "https://www.amazon.com/gp/profile/amzn1.account.AGGLXYXPNVLLLCP7NHU4663NJC4A/ref=cm_cr_arp_d_gw_btm?ie=UTF8", "rating": "4.0 out of 5 stars", "reviewTitle": "Lot of computer for the money", "reviewDate": "December 6, 2019", "reviewText": "\"  purchased this to replace the same model that I bought for near the same price two years ago.  Dropped the old one, in a case, and it hit a corner just right and broke a hinge and the screen.  This one is actually in the identical case but it has two more gig of ram (4-6) and an updated processor.  Now, these have intel processors but they are the reduced power econo-processors.  Works fine as long as you arent doing processor intense things.  Speaking of the processor, the updated one actually performs worse than the one it replaced thus reduced rating.  I replaced the optical drive with a 256G SSD and moved the boot files and apps to the SSD.  It is a modification worth doing.  Dramatically speeds boot-up and app performance.  One can add an SSD without replacing the optical drive also.  It has a slot in the ram bay for it if you get the right configuration.  Oh, another positive is that it will run on the battery a very long time.  Not sure it is the 12hrs claimed but it is a long time.\"", "is_Helpful": "7 people found this helpful"}, {"reviewerName": "Raymond Corrado", "reviewerUrl": "https://www.amazon.com/gp/profile/amzn1.account.AFWMG7UMAV7LSJNLVD7ENBTJ6JOQ/ref=cm_cr_getr_d_gw_btm?ie=UTF8", "rating": "1.0 out of 5 stars", "reviewTitle": "Do not buy this piece of garbage !", "reviewDate": "November 24, 2019", "reviewText": "\"  Continually locks up. Files wont open.  Extremely slow. Poor picture.  So sorry that I bought this piece of junk !\"", "is_Helpful": ""}, {"reviewerName": "Joseph Bumbrey", "reviewerUrl": "https://www.amazon.com/gp/profile/amzn1.account.AHFVOXZFKVGNZX6SROA746DQYJRA/ref=cm_cr_getr_d_gw_btm?ie=UTF8", "rating": "5.0 out of 5 stars", "reviewTitle": "Awesome Acer", "reviewDate": "November 17, 2019", "reviewText": "  The resolution on this PC is like night & day! And I love having the extra USB ports!", "is_Helpful": ""}, {"reviewerName": "Michelle A. Statham", "reviewerUrl": "https://www.amazon.com/gp/profile/amzn1.account.AHV7TW352EFFXWY5NO6YSMIJF6QA/ref=cm_cr_getr_d_gw_btm?ie=UTF8", "rating": "3.0 out of 5 stars", "reviewTitle": "Boot speed", "reviewDate": "November 15, 2019", "reviewText": "  Turn the device on and go have a cup of coffee. It might be ready when you have finished your coffee.", "is_Helpful": ""}, {"reviewerName": "T. Upshaw", "reviewerUrl": "https://www.amazon.com/gp/profile/amzn1.account.AHMRD7YK5XQUDBQQNCNLC23TIMXQ/ref=cm_cr_getr_d_gw_btm?ie=UTF8", "rating": "4.0 out of 5 stars", "reviewTitle": "Pretty nice", "reviewDate": "November 14, 2019", "reviewText": "  Nice laptop, but it comes with that annoying Norton trial package, which is a turn-off.", "is_Helpful": ""}, {"reviewerName": "Amazon Customer", "reviewerUrl": "https://www.amazon.com/gp/profile/amzn1.account.AGARBD4N5P3NRY2S3DWAQQPETLTA/ref=cm_cr_getr_d_gw_btm?ie=UTF8", "rating": "5.0 out of 5 stars", "reviewTitle": "Good product", "reviewDate": "November 5, 2019", "reviewText": "  looks good", "is_Helpful": ""}, {"reviewerName": "Amazon Customer", "reviewerUrl": "https://www.amazon.com/gp/profile/amzn1.account.AGBWCBBA7JQ5JAEAUDIINIWFEZBA/ref=cm_cr_arp_d_gw_btm?ie=UTF8", "rating": "5.0 out of 5 stars", "reviewTitle": "Great all around Laptop !", "reviewDate": "October 30, 2019", "reviewText": "\"  Being a senior citizen, I was really worried about learning new functions, but really liked my older model Acer Aspire Windows 7, so decided to hang in there and learn Windows 10,  with the help of YouTube videos.  Im even learning how to stream tv & movies on it now !  It also has a DVD player to watch movies.\"", "is_Helpful": "19 people found this helpful"}, {"reviewerName": "Brian", "reviewerUrl": "https://www.amazon.com/gp/profile/amzn1.account.AEAPFZDUND4RKNRSRILN2INEYZGQ/ref=cm_cr_arp_d_gw_btm?ie=UTF8", "rating": "5.0 out of 5 stars", "reviewTitle": "An Excellent Computer!!!", "reviewDate": "October 20, 2019", "reviewText": "\"  I love this computer. Its highly responsive and the absolute best laptop you can buy for the expensive price. What a fantastic find!\"", "is_Helpful": "6 people found this helpful"}, {"reviewerName": "point guard 65", "reviewerUrl": "https://www.amazon.com/gp/profile/amzn1.account.AE35E4SGJF6ZGXHX5NLMOC2XD6FA/ref=cm_cr_getr_d_gw_btm?ie=UTF8", "rating": "5.0 out of 5 stars", "reviewTitle": "Good product, fairly priced.", "reviewDate": "October 19, 2019", "reviewText": "  Another good product for the money.", "is_Helpful": ""}, {"reviewerName": "rNox70", "reviewerUrl": "https://www.amazon.com/gp/profile/amzn1.account.AHQ2QEXEPUSYWEDWXRVKKGFDRKNQ/ref=cm_cr_arp_d_gw_btm?ie=UTF8", "rating": "5.0 out of 5 stars", "reviewTitle": "Great!", "reviewDate": "September 22, 2019", "reviewText": "  I only left this review because the product seems to have received some backlash. I purchased this for the company I work for. The price point is cheap, the resolution is great and the processing speed  is good enough for my needs. I run 5 spread sheets on google docs, time scheduling website ,work communication program ( facebook for work ) all in the browser while connected to another computer via RDP and security camera software. All at the same time and I have no complaints., Am I pushing it? Yes maybe, but it works fine.", "is_Helpful": "31 people found this helpful"}, {"reviewerName": "Jennifer A Hewitt", "reviewerUrl": "https://www.amazon.com/gp/profile/amzn1.account.AGXYXDKED4D2YTZJN5VR6RNLU2WA/ref=cm_cr_arp_d_gw_btm?ie=UTF8", "rating": "1.0 out of 5 stars", "reviewTitle": "Unbelievably slow", "reviewDate": "September 16, 2019", "reviewText": "\"  I wish that I had never purchased this computer. It is impossibly slow to boot up and cannot handle more than one task at a time. Please dont waste your money on this P.O.S.\"", "is_Helpful": "7 people found this helpful"}, {"reviewerName": "Nan Whybark", "reviewerUrl": "https://www.amazon.com/gp/profile/amzn1.account.AES2PKFG3QVXSLRHPEEUBE33XMIQ/ref=cm_cr_arp_d_gw_btm?ie=UTF8", "rating": "4.0 out of 5 stars", "reviewTitle": "Great laptop", "reviewDate": "September 16, 2019", "reviewText": "  I did not get the touch screen laptop. I do like the features installed on the Acer Aspire and have made the transition from my HP Envy to this one with relative ease. The Windows 10 is an adjustment from Windows 7 but all in all the computer is working well. I really do like the higher pixels on the screen. Images are wonderfully clear and bright. Still need to download the manual as I cannot figure out some functions. I guess I\\m just old fashioned, but I liked when manuals came with things. I still have a ways to go, but am enjoying the reliability and \"dark screen\" options.", "is_Helpful": "17 people found this helpful"}, {"reviewerName": "Anknebtep", "reviewerUrl": "https://www.amazon.com/gp/profile/amzn1.account.AFIUPRYVIQ5ZHJ6FL5V6MOUOUZMQ/ref=cm_cr_arp_d_gw_btm?ie=UTF8", "rating": "1.0 out of 5 stars", "reviewTitle": "A Lemon Acer!", "reviewDate": "September 15, 2019", "reviewText": "\"  The product died after two weeks AND it was NEW!  Im extremely disappointed in this product.\"", "is_Helpful": "8 people found this helpful"}, {"reviewerName": "jim follis", "reviewerUrl": "https://www.amazon.com/gp/profile/amzn1.account.AEKY2ZP7T7XC2M534H2F6FJK6FZA/ref=cm_cr_arp_d_gw_btm?ie=UTF8", "rating": "5.0 out of 5 stars", "reviewTitle": "This computer fits all my needs and more.", "reviewDate": "August 17, 2019", "reviewText": "  Great lap top. Lots of ports,easy to use,worth every penny.", "is_Helpful": "22 people found this helpful"}], "qAndA": [{"question": "Is it good for recording podcast", "answer": "Janior, excellent laptop for recording your podcast; check out the specification(s) for the Acer Aspire E 15; 15.6\" Full HD (1920 x 1080) widescreen LED-Backlight Display, 8th Generation Intel Core i3-8130U Processor 2.2GHz (Up to 3.4GHz, 4 MB SmartCache), with Intel UHD Graphics 620. Featuring the 8th gen Intel Core i\u2026 see more"}, {"question": "Do not see acer model aspire e 15 on acer's website. does this model come with in-plane switching (ips) technology, beside display screen technology?", "answer": "Detail description: Product Overview: Acer Aspire E 15 comes with these high level specs: 8th Generation Intel Core i3-8130U Processor 2.2GHz with Turbo Boost Technology up to 3.4GHz, Windows 10 Home, 15.6\" Full HD (1920 x 1080) widescreen LED-backlit display, Intel UHD Graphics 620, 6GB Dual Channel Memory, 1TB 5400RP\u2026 see more"}, {"question": "what is the Warranty ?", "answer": "Answer not available"}, {"question": "Do they make a similar version of this with a backlit keyboard?", "answer": "I do not know but it certainly would be helpful."}, {"question": "What is the max supported RAM?", "answer": "Answer not available"}, {"question": "Tiene la letra \u00f1 y cobran por envio a honduras?", "answer": "Answer not available"}, {"question": "Good for remote work from home position?", "answer": "Yes"}, {"question": "Will this play sims 4?", "answer": "Answer not available"}, {"question": "Can the ram be upgraded higher than 4 gb?", "answer": "Yes it can. An SD card slot has nothing to do with upgrading the RAM. The RAM inserts into slots on the motherboard (unit must be opened up from the bottom)."}, {"question": "How difficult is it to swap out the harddrive?", "answer": "Answer not available"}, {"question": "Will this play blu ray discs?", "answer": "Yes ot will"}, {"question": "Will wd black sn750 250gb work with newest acer aspire e 15", "answer": "Yes, Acer Aspire E 15 configuration includes one (1) year manufacturer warranty 24x7 Microsoft Technical Support; purchase now with Lloyds Computer Business & IST (SDVOSB)!"}, {"question": "Is this an IPS display??", "answer": "Answer not available"}, {"question": "can a monitor be cabled into the laptop to get a bigger screen?", "answer": "Yes, just add the HDMI cable; purchase now with Lloyds Computer Business & IST (SDVOSB) Happy New Years!"}, {"question": "Does it really have all of the features? 6gb ram, backlit screen ect.?", "answer": "See description details: 15.6\" Full HD (1920 x 1080) widescreen LED-Backlight Display, 8th Generation Intel Core i3-8130U Processor 2.2GHz (Up to 3.4GHz, 4 MB SmartCache), with Intel UHD Graphics 620. Featuring the 8th gen Intel Core i3 processor, experience powerful performance and seamless computing for your everyday\u2026 see more"}, {"question": "I hate windows ten...does this computer give option to change and operate windows 8?", "answer": "JK, yes when you turn on the laptop let it install OS Windows 10 Home; then contact Microsoft 1-800-936-5700 technical support will download Windows 8.1 ; Lloyds Computer Business & IST (SDVOSB)"}, {"question": "Does this have a touchscreen?", "answer": "Mary A., this model is a \"non-touch\" screen laptop; Product Overview:\n\nAcer Aspire E 15 comes with these high level specs: 8th Generation Intel Core i3-8130U Processor 2.2GHz with Turbo Boost Technology up to 3.4GHz, Windows 10 Home, 15.6\" Full HD (1920 x 1080) widescreen LED-backlit display, Intel UHD Graphics 620, \u2026 see more"}, {"question": "Does it have a backlit keyboard?", "answer": "No"}, {"question": "Can kids play games here? roblox? minecraft? some reviews say yes and some no. any comments? looking into getting this for my 9 year old", "answer": "Answer not available"}, {"question": "can i add a m.2 ssd", "answer": "Yes"}, {"question": "Will this work for everyone ?", "answer": "Answer not available"}, {"question": "I'm thinking about buying this laptop for streaming video games, would this computer meet the needs of streaming?", "answer": "Yes, it the idea laptop for streaming video(s) and gaming etc. . .(1) one year manufacturer warranty 24x7 Microsoft Support Technical Assistance / Help. . .ensure to purchase through Lloyds Computer Business & IST (SDVOSB) ; Excellent Christmas Gift!"}, {"question": "What is the specific model number? E.g. e5-523-xxx", "answer": "Aspire E-15 E5-576-392H Model# N16Q2"}, {"question": "can the RAM be increased?", "answer": "Answer not available"}, {"question": "Is this an ips display? (i don't understand what led-backlight means?)", "answer": "Answer not available"}, {"question": "Hallo. with 358.96$ is microsoft office (word, excel, ppt, etc.) already installed and ready to use? because i can see windows 10 already installed?", "answer": "yes it comes with a free trial 30 day period After that its $99 per year to keep it."}, {"question": "Does this come with a cord so you don't have to run on batter power?", "answer": "Yes"}, {"question": "Is the memory expandable?", "answer": "Answer not available"}, {"question": "Is this a touch screen?", "answer": "Lori, this model is non-touch; 15.6\" Full HD (1920 x 1080) widescreen LED-Backlight Display, 8th Generation Intel Core i3-8130U Processor 2.2GHz (Up to 3.4GHz, 4 MB SmartCache), with Intel UHD Graphics 620. Featuring the 8th gen Intel Core i3 processor, experience powerful performance and seamless computing for your ev\u2026 see more"}, {"question": "can someone tell me how to open the dvd player on thid laptop", "answer": "With my laptop closed, I tried pushing the small rectangular button on the right side, opposite the big \"+\" button and that didn't open the dvd player \"shelf\".\nI opened my laptop, showing the screen. I logged in. Then I pushed that fore mentioned button, and the drawer slide out half way."}, {"question": "Does it have cd burner", "answer": "Don\u2019t know, I gave them to my grandchildren, and they love them."}, {"question": "Does it have a dvd/cd player? and hdmi port?", "answer": "PepsiWriter, product details: 15.6\" Full HD (1920 x 1080) widescreen LED-Backlight Display, 8th Generation Intel Core i3-8130U Processor 2.2GHz (Up to 3.4GHz, 4 MB SmartCache), with Intel UHD Graphics 620. Featuring the 8th gen Intel Core i3 processor, experience powerful performance and seamless computing for your eve\u2026 see more"}, {"question": "What are my options? This battery is nowhere near 12 hrs. Which wouldn't be so bad if it wasn't stamped on the computer everywhere.", "answer": "I returned mine."}, {"question": "I was looking up replacement chargers but i don't know what to get. when i was looking them up it my options were 65w and 90w. help?!", "answer": "If its for the laptop shown I looked at my charger and it is a 45w output. Hope this helps."}, {"question": "Is it good fot playing fortnite?", "answer": "I'm not much of a gamer. But I did research, and according to the manufacturer of the game. The Acer Aspire E 15, has the capabilities to play this game. Hope this helps. Check this site. https://www.gamesnort.com/games/misc/fortnite/?msclkid=4653e08695ab161ce86dbd7d2727e9ee&utm_source=bing&utm\u2026 see more"}, {"question": "Does this have a backlit keyboard?", "answer": "No"}, {"question": "Does this have an Ethernet jack?", "answer": "Answer not available"}, {"question": "what is the max RAM that can be added?", "answer": "Answer not available"}, {"question": "Is this windows 10 or windows 10s", "answer": "Answer not available"}, {"question": "Is this good for playing games? Minecraft, sims4, etc", "answer": "Is it good for playing fortnite?"}, {"question": "Can you play fortnight", "answer": "Answer not available"}, {"question": "Can I upgrade the internal drive to a ssd? And if is possible with ssd size and which I should buy", "answer": "Answer not available"}, {"question": "Can i play sims 4?", "answer": "Answer not available"}, {"question": "Is the ram upgradable to 8 gb or more?", "answer": "Answer not available"}, {"question": "Do you 6mos payment plan", "answer": "Answer not available"}, {"question": "Is this E5-576-392H and does it come with 220v adapter?", "answer": "Sorry, this laptop was a gift to my grandson, so I don\u2019t know the answer to your question."}, {"question": "If I want to upgrade memory from 6gb to 16gb (2x 8gb memory cards) what memory features would I order ??", "answer": "Answer not available"}, {"question": "Do it connect to cricut air 2 machines", "answer": "I am unable to answer your question but I do have four of these and they are an incredible bargain. One has not been turned off in several years."}, {"question": "Can i transfer my microsoft office 2013 suite to this machine from my windows 7 laptop?", "answer": "I believe so"}, {"question": "Difference between acer aspire 5 slim laptop and the newest acer aspire e 15?", "answer": "Answer not available"}, {"question": "I had a bad experience with Amazon and inform you again that I will no longer do any business with you. Also, please close my account effective now.", "answer": "Was this a third party seller or amazon."}, {"question": "does this have direct wired connection to router?", "answer": "YES"}, {"question": "Is my account finally closed with Amazon???", "answer": "Answer not available"}, {"question": "How do you fix a no bootable drive error?", "answer": "Answer not available"}, {"question": "What fps does it run fortnite?", "answer": "Answer not available"}, {"question": "Does this pc have a built-in cd & dvd disc play/write drive?", "answer": "Yes it does!!!!"}, {"question": "Does it have the ethernet port to connect to my internet modem/router?", "answer": "Betty, yes (LAN) Local Area Connection please note the details: Processor: Intel Dual-Core i3-8130U 2.2GHz up to 3.4GHz, 4MB Cache\nScreen: 15.6\" Full HD (1920 x 1080) widescreen LED-Backlight Display\nGraphics: Intel UHD Graphics 620 \u2026 see more"}, {"question": "what kind of warranty does this come with?", "answer": "Amazon policy 90 - days used / Amazon policy one (1) year or 365 days new"}, {"question": "Does this support sims 4? I am looking for a nee laptop for school work... but I kinda want sims 4 abilities.", "answer": "Yes, it does support SIMS 4. . .the gaming applications are supported and Microsoft.com 24x7 technical support team!"}, {"question": "Is it disc compatible", "answer": "Yes"}], "time": ["09/04/2021 18:46:36"], "reviewsCountInfo": {"expRevCount": 65, "actRevCount": 65, "nonEnglishRevCount": 2}, "scrapperInfo": {"Version": "1.3.2", "Released Date": "08/04/2021"}, "productURL": "https://www.amazon.com/gp/product/B07PVMBJ8G", "ASIN": "B07PVMBJ8G", "title": "Newest Acer Aspire E 15 Full HD Laptop with 15.6\" 1920x1080 LED-Backlit Display, Intel Core i3-8130U Up to 3.4GHz, 6GB RAM, 1TB HDD, Webcam, DVD, USB 3.1 Type-C, 802.11ac, Bluetooth, HDMI, Windows 10", "manufacturer": " Acer Store", "currentPrice": "", "rating": "4.1", "totalRatings": "232 "}