{"features": [], "reviewsAspects": ["computer", "update", "warranty", "games", "graphics", "machine", "decent", "software", "specs"], "productInformation": [{"\nASIN\n": "\nB07P7MDH6X\n", "Customer Reviews": "\n\n\n\n\n\n\n4.0 out of 5 stars\n\n\n\n\n\n\n\n\n44 ratings\n\n\n\n\n\n\n4.0 out of 5 stars\n", "\nDate First Available\n": "\nFebruary 25, 2019\n"}], "productDescription": "", "reviews": [{"reviewerName": "T3RII", "reviewerUrl": "https://www.amazon.com/gp/profile/amzn1.account.AFXBIR54EEUQCI3Y3HIPU3CV6DFA/ref=cm_cr_getr_d_gw_btm?ie=UTF8", "rating": "5.0 out of 5 stars", "reviewTitle": "Awesome service with no regrets", "reviewDate": "January 4, 2021", "reviewText": "  I like that my laptop was well packaged and came in one peace and fully functioning no faults I am 100% pleased", "is_Helpful": ""}, {"reviewerName": "Steven standifer", "reviewerUrl": "https://www.amazon.com/gp/profile/amzn1.account.AH4EVMVHZWNEV6XFPIY2TI64QMHQ/ref=cm_cr_getr_d_gw_btm?ie=UTF8", "rating": "1.0 out of 5 stars", "reviewTitle": "The specs on this thing are really bad for the price.", "reviewDate": "December 6, 2020", "reviewText": "  I\u2019m really shocked at these great ratings and reviews. I got it as a gift and had to send it back. Plus it was a rip off. This thing is trash!!!!, Rtx 1080, Half a gig ssd, I5 processor, 5 hour battery life...... for 1k........, I think not. This thing is hot garbage., Don\u2019t expect this thing to handle any real games or video editing software. And don\u2019t even dream about overclocking the gpu., Ohh yea. The screen is only 60htz., Hope this helps.", "is_Helpful": ""}, {"reviewerName": "AMNA72", "reviewerUrl": "https://www.amazon.com/gp/profile/amzn1.account.AE26M62NUPB2GA2XT2S2O3RXDOGA/ref=cm_cr_arp_d_gw_btm?ie=UTF8", "rating": "1.0 out of 5 stars", "reviewTitle": "Overheats, crappy components", "reviewDate": "October 20, 2020", "reviewText": "  Bought this June 2019.  Rapidly overheats constantly even when running low key games such as Civ 5.  Had to buy separate cooling fans for it.  Was still OK with it, but the shift key then became stuck for no particular reason and fell off when I tried to fix it.  So apparently 2nd rate components used on every part of this machine.", "is_Helpful": ""}, {"reviewerName": "Wylde007", "reviewerUrl": "https://www.amazon.com/gp/profile/amzn1.account.AG7JZD2OFQT2RO3HOHG7TYHTW2ZA/ref=cm_cr_arp_d_gw_btm?ie=UTF8", "rating": "1.0 out of 5 stars", "reviewTitle": "Garbage Computer, Garbage Seller", "reviewDate": "June 20, 2020", "reviewText": "  I purchased this laptop as a replacement for my aging HP 15-G035WM.  More and more frequently that computer had been experiencing GPU crashes and BSODs.  I am not a \"gamer\" rather a CAD user doing engineering design on a system that, by consequence of my business, has to be portable., After reading a number of reviews for laptops under $1000, I settled on the Y7000.  It has a fairly powerful processor and NVIDIA-driven GPU, as well as 16GB of RAM.  But my primary impetus for purchase was the purported graphics performance to support an AutoCAD environment on dual screens., So far that has not been a problem, but the biggest letdown has been the keyboard.  I should have paid more attention in the product description/images, but the keyboard is NOT a conventional full keyboard, most-notably the numeric keypad.  It is laid out in such a manner that several keys are not in their expected places, and there is no subjugate \"Enter\" key.  The system does seem to run MUCH cooler than my previous one, and there are two (2) large cooling ports on the underside of the chassis.  When the fan cycles, you can definitely hear it., There is no SD card slot, which I must have overlooked in the product description.  Most of the connectors are on the back of the chassis, which I actually prefer for a \"desktop\" feel.  I cannot stress how much I despise Windows 10., My last comment regarding the keyboard - when it arrived and after I had installed most of my production software I began to notice that the left \"Shift\" key sort of stuck or made a hard click when pressed, sometimes requiring an inordinate amount of pressure to activate.  When I went to remove the key for inspection, the key hinges broke in several places.  I have disassembled and replaced keys/key hinges on numerous laptops and these are the cheapest, flimsiest ones I have ever seen.  I contacted the seller and they were not able to offer replacement parts, but they did issue a courtesy refund for the dissatisfaction.  I ended up taking the right \"Shift\" key apart and swapping the hinges, since I almost never use the right \"Shift\" anyway, and the left \"Shift\" is used quite frequently in the CAD environment., \"All-in-all this is not a bad computer, but the OS is terrible and the keyboard is not laid out in a classic, intuitive manner.  If I was buying again I wouldnt purchase this particular system for my purposes, but the seller was at least responsive and fair.\", Update 10/16/20, Apparently my system is not new.  I ran a memory diagnostic and it FAILED EVERY SINGLE CATEGORY.  Computer crashes and BSOD almost daily.  Avoid at all costs., Updated 11/11/20, Seller refuses to refund for this system which was sent to me with faulty memory modules, compromised the SSD, and ultimately cost me thousands of dollars in revenue for my business beyond having to buy yet ANOTHER computer to replace the garbage one they sold me.", "is_Helpful": "One person found this helpful"}, {"reviewerName": "Brian D.", "reviewerUrl": "https://www.amazon.com/gp/profile/amzn1.account.AGR4ZSYGU2G6XIPHHLQDKQSOKNFQ/ref=cm_cr_getr_d_gw_btm?ie=UTF8", "rating": "5.0 out of 5 stars", "reviewTitle": "Best Value for a gaming laptop!", "reviewDate": "April 17, 2020", "reviewText": "\"  for an $800ish laptop Im impressed. This machine is well designed and has a lot of power. Ive had mine for about a year and so far not a single problem with it. I would recommend it to anyone looking for a decent gaming laptop.\"", "is_Helpful": ""}, {"reviewerName": "Michael", "reviewerUrl": "https://www.amazon.com/gp/profile/amzn1.account.AEID5ECGXFAIKRFJ75RTAWOCJLXQ/ref=cm_cr_getr_d_gw_btm?ie=UTF8", "rating": "5.0 out of 5 stars", "reviewTitle": "Excellent!!", "reviewDate": "April 15, 2020", "reviewText": "  This laptop has exceeded my expectations", "is_Helpful": ""}, {"reviewerName": "Stryngs", "reviewerUrl": "https://www.amazon.com/gp/profile/amzn1.account.AG77XTJDWY6IALPKRLED2EWWJONA/ref=cm_cr_arp_d_gw_btm?ie=UTF8", "rating": "2.0 out of 5 stars", "reviewTitle": "Product arrived with broken screen", "reviewDate": "January 22, 2020", "reviewText": "  Item arrived with defective screen. I was able to return it. Will update when I get one that works!, update: I received another laptop of the same model. however, it froze on me a few times during gaming applications and mouse would stop working intermittently. when I looked up the product warranty information, it had already expired. so if I wanted to purchase a warranty for the item, it would have cost more. I was assuming I was buying a new product with a warranty, but that was not the case. the times it did work, it worked great, but I would suggest getting a warranty or protection plan if you decide to order this and keep that in mind for extra cost as well. its still a good price, for 200$ more I was able to get a brand new HP omen 15 with way better specs and a warranty", "is_Helpful": "2 people found this helpful"}, {"reviewerName": "Joel & Whitney Dlugosinski", "reviewerUrl": "https://www.amazon.com/gp/profile/amzn1.account.AEOAJ2FIPLDR2FTGUXD4RFMHHZRQ/ref=cm_cr_getr_d_gw_btm?ie=UTF8", "rating": "1.0 out of 5 stars", "reviewTitle": "Graphics card will not update", "reviewDate": "December 17, 2019", "reviewText": "  Cannot get the computer to work with camera software (GoPro) and graphics card will not update.  Seller has not contacted me despite multiple attempts.  Would like partial or full refund with the return of a clean computer.", "is_Helpful": ""}, {"reviewerName": "Amazon Customer", "reviewerUrl": "https://www.amazon.com/gp/profile/amzn1.account.AFHNX7HBTDE2MUGB2RGE7VYICWHA/ref=cm_cr_getr_d_gw_btm?ie=UTF8", "rating": "1.0 out of 5 stars", "reviewTitle": "Computer does not work", "reviewDate": "September 23, 2019", "reviewText": "  This computer was bought as a graduation present for my daughter in May,2019.  After one month of use, it no longer works, September, 2019.  She took it to college with her that started in August, 2019.  When attempted to return the computer, I saw that the return was out of date by one month.", "is_Helpful": "One person found this helpful"}, {"reviewerName": "Catface", "reviewerUrl": "https://www.amazon.com/gp/profile/amzn1.account.AHTFBNLSGSLUJ6TSMMK6ZDRN2EDA/ref=cm_cr_arp_d_gw_btm?ie=UTF8", "rating": "5.0 out of 5 stars", "reviewTitle": "Great for gaming.", "reviewDate": "August 20, 2019", "reviewText": "  I love everything about the laptop except the placement of the camera. Which is on the bottom rather than the top. Games very well. Great graphics. Fast speed.", "is_Helpful": "4 people found this helpful"}, {"reviewerName": "Thespian", "reviewerUrl": "https://www.amazon.com/gp/profile/amzn1.account.AEK3B3CYXTL5SQNYHT5R53PBH75A/ref=cm_cr_arp_d_gw_btm?ie=UTF8", "rating": "5.0 out of 5 stars", "reviewTitle": "Fits the bill without breaking the bank", "reviewDate": "August 11, 2019", "reviewText": "\"  We do some amateur video editing and wanted something that was robust enough to to the job without breaking the bank. This machine has the power, and feels like a solid build as well. It has handled Adobe Premiere Pro as well as Microsoft office 2016 just fine, and is wonderfully fast on boot up and transferring files. Web cam is in a weird spot (at the bottom of the monitor), but since we dont use it...thats a non-issue.  Were very pleased over all.\"", "is_Helpful": "4 people found this helpful"}, {"reviewerName": "Dustin Atlas", "reviewerUrl": "https://www.amazon.com/gp/profile/amzn1.account.AFURWSFBHJJK6J7ZK3YEWD2VYYSA/ref=cm_cr_getr_d_gw_btm?ie=UTF8", "rating": "1.0 out of 5 stars", "reviewTitle": "Flimsy", "reviewDate": "July 24, 2019", "reviewText": "  The LCD screen on mine broke within 2 months, and I have been told this is not covered by the warranty (by a rather rude customer service agent., Would not buy another Lenovo product", "is_Helpful": "3 people found this helpful"}, {"reviewerName": "David Gaulden", "reviewerUrl": "https://www.amazon.com/gp/profile/amzn1.account.AFLJZZ7FMLIM7VBXHIS27TD2XIFQ/ref=cm_cr_arp_d_gw_btm?ie=UTF8", "rating": "4.0 out of 5 stars", "reviewTitle": "Great computer, great price", "reviewDate": "July 14, 2019", "reviewText": "\"  For what it is worth, the backlit keys are white on the Legoion Y7000.. For that simple marketing error, I gave it 4 stars.. Otherwise runs like a champ! I dont use it for gaming, but for business.. This computer had better specs than more expensive business laptops, so I jumped on a decent deal. I was going to wait until prime day, but oh well, glad I didnt miss out! I guess if I ever need some down time Ill be able to play some games and Id have to update this review at that point.\"", "is_Helpful": "9 people found this helpful"}, {"reviewerName": "Dnemeth", "reviewerUrl": "https://www.amazon.com/gp/profile/amzn1.account.AF7RJYZBI4FNSXTJ7WDEC3JNWQQA/ref=cm_cr_arp_d_gw_btm?ie=UTF8", "rating": "3.0 out of 5 stars", "reviewTitle": "??", "reviewDate": "July 10, 2019", "reviewText": "\"  Wouldve been nice to know there is no CD slot\"", "is_Helpful": "10 people found this helpful"}, {"reviewerName": "mitchell darwin", "reviewerUrl": "https://www.amazon.com/gp/profile/amzn1.account.AE6A3JJ4LFYCEGZCUJGQPHEHN2LQ/ref=cm_cr_arp_d_gw_btm?ie=UTF8", "rating": "5.0 out of 5 stars", "reviewTitle": "Very good machine for price", "reviewDate": "July 9, 2019", "reviewText": "  Let me start by saying this is the first gaming laptop that I have ever bought. I received the package several days earlier than expected, and as soon as I fired it up everything was ready to go. Had to update my drivers of course., Pros:, 1. Beautiful screen, 2. Can run most modern games medium to high. (Only played Hunt Showdown. Got around 33-45 FPS), 3. Light weight., 4. Decent battery life, Cons, 1. Not VR ready or capable, All said and done I\u2019m satisfied with my purchase", "is_Helpful": "7 people found this helpful"}, {"reviewerName": "Max Power", "reviewerUrl": "https://www.amazon.com/gp/profile/amzn1.account.AF6YL2Y6H7NBHFDOZ446IATMTPQQ/ref=cm_cr_arp_d_gw_btm?ie=UTF8", "rating": "5.0 out of 5 stars", "reviewTitle": "So far, so good", "reviewDate": "May 31, 2019", "reviewText": "  After 60 days running fast and smooth, mostly got this for gaming. Previous load times on my 5400 rpm HD were awful, now almost instant., I picked up the 3 year square trade warranty for some extra protection", "is_Helpful": "16 people found this helpful"}], "qAndA": [{"question": "Will this laptop work with oculus rift s vr headset?", "answer": "have no Idea"}, {"question": "Can have an officiel Lenovo website listing this product ?", "answer": "Answer not available"}, {"question": "How many frames for gta?", "answer": "Sorry man I don't know, so far have only played MAGIC the gathering on this..."}, {"question": "Why the first picture and other pictures are different? and how many Hz Screen ?", "answer": "1) mistake\n2) 60 Hz"}, {"question": "Is this 256gb sdd m2 pcle ? Thank you", "answer": "Answer not available"}, {"question": "Does it come with a charging cord?", "answer": "yes, its does"}, {"question": "Is the keyboard light red, or is it white like other lenovo legion y530 laptops?", "answer": "Answer not available"}, {"question": "How long does the battery last?", "answer": "5hours"}, {"question": "Can i apply for international warranty? I'll be bringing this laptop to india", "answer": "Answer not available"}, {"question": "Is the ram one 16 stick or two 8?", "answer": "2*8"}, {"question": "Who is the seller? And why is this laptop not available on the Lenovo website?", "answer": "Not sure but probably pandemic related."}, {"question": "Does this laptop came with dual channel memory or a single 16 gb ram ?", "answer": "Answer not available"}, {"question": "Whats the display model and RGB coverage?", "answer": "Answer not available"}, {"question": "Is this a touch screen model?", "answer": "Answer not available"}, {"question": "Does this have an SD reader?", "answer": "No STD that I am aware of. This laptop definatley doesnt have Aids."}, {"question": "Does it come with the 16gb mem installed?", "answer": "yea"}, {"question": "Is the lenova Y7000 touchscreen", "answer": "This laptop is not touchscreen."}, {"question": "is there any free sata III iterface availble for extra storage ?", "answer": "Answer not available"}, {"question": "Is this an nvme ssd?", "answer": "Answer not available"}, {"question": "It has port m.2?", "answer": "Yes"}, {"question": "The first photo is the legion y530 and the others look like the legion y7000. so which photos are the correct ones? the first one, or the others?", "answer": "The others!"}, {"question": "Can this legacy boot or only uefi?", "answer": "Answer not available"}, {"question": "A esta laptop se le puede aumentar su capacidad de almacenamiento? otra ssd o un disco duro mec\u00e1nico adicional?", "answer": "Answer not available"}, {"question": "My battery doesn't charge now. Can anyone please share a link to buy a new battery for this laptop?", "answer": "Answer not available"}, {"question": "Does this have an unoccupied 2.5inch hard drive slot?", "answer": "No"}, {"question": "Is it VR ready?", "answer": "Answer not available"}, {"question": "What's the refresh rate of the screen?", "answer": "60 htz"}, {"question": "Can i return this device if i face some problems, If yes then within how many days?", "answer": "Answer not available"}, {"question": "What's the refresh rate on the screen?", "answer": "60Hz"}, {"question": "What VR Headset is this compatible with?", "answer": "All the VR's"}, {"question": "do i need any tools to install an hdd ?", "answer": "Answer not available"}, {"question": "Where is the import fees?", "answer": "Answer not available"}, {"question": "What is the little packet of screws and black plug looking thing?", "answer": "Answer not available"}, {"question": "Brightness in nits?", "answer": "Answer not available"}, {"question": "Does this have a mini displayport or displayport (for oculus rift s)?", "answer": "Yes it is compatible with VR headsets. I purchased it for this very reason. I\u2019m not sure if all VR headsets use the same ports tho. I\u2019m not very tech savvy. But I don\u2019t own a headset at the moment."}, {"question": "Can this upgrade with hdd?", "answer": "Yes...follow this link\nhttps://forums.lenovo.com/t5/Gaming-Laptops/Adding-a-HDD-to-Legion-Y7000/td-p/4367622"}, {"question": "does this have a display port?", "answer": "Answer not available"}, {"question": "Can this run ark on ultra graphics?", "answer": "Answer not available"}, {"question": "Does this have a glass screen?", "answer": "Answer not available"}, {"question": "How is the mic quality?", "answer": "Its dropable. The mic that is."}, {"question": "Is the 256 gb ssd interface m.2 or nvme ?", "answer": "Answer not available"}, {"question": "Does this product have a disk drive?", "answer": "Yes"}, {"question": "Does it have an 8x2 memory or 16x1 ?", "answer": "Answer not available"}, {"question": "Can you dispay this on to a different moniter", "answer": "yes"}, {"question": "Does this laptop come with a battery included? Specs say 1 Lithium ion batteries required.", "answer": "yes, the laptop comes with battery/included"}, {"question": "how much hdd it has ?", "answer": "Answer not available"}, {"question": "se puede agregar una memoria hdd?,", "answer": "Answer not available"}, {"question": "It has a 256gb ssd, but what is the hard drive storage? is it 1tb?", "answer": "no extra hard drivie, you can put your own in"}, {"question": "Does it has a slot for a hdd? can i upgrade ram?", "answer": "Yes"}, {"question": "It has room to add an additonal HDD?", "answer": "Yes it does."}, {"question": "Does it have local warranty in the country of purchase? How long is the warranty for?? Can the backlit keyboard be turned off?", "answer": "1year for ths USA."}, {"question": "Can it run roblox decently?", "answer": "Answer not available"}, {"question": "Does it have a Mini display port?", "answer": "Yea"}, {"question": "does upgrading the storage void the warranty? does it have m.2 or sata ssd?", "answer": "Has a m.2."}, {"question": "256GB solid state drive is this M2?", "answer": "No..but you can add an M2 drive additionally"}, {"question": "Does it play games well? like pubg or lol?", "answer": "Yes, I bought is specifically for a gaming VR system. Works great!"}, {"question": "Is this 256 gb ssd ?", "answer": "Answer not available"}, {"question": "Does it have warranty?", "answer": "Yes..not internationl/global warranty though.."}, {"question": "What's the srgb and argb on this laptop? i'm planning on buying the one from this seller but i've heard conflicting information.", "answer": "Answer not available"}, {"question": "Thunderbolt 3?", "answer": "No"}, {"question": "Is this compatible with htc vive?", "answer": "Answer not available"}, {"question": "Why does the computer shut off if it's unplugged from the power cord?", "answer": "Bad battery. Amazon bought the computer from Lenovo, the new computer sat on a shelf for 2 years, and then was sold to me. Battery went bad probably 2 weeks into owning the laptop. I returned the laptop with the bad Battery and received the a new one laptop from amazon. I have not had any problems with the new laptop. \u2026 see more"}, {"question": "Does this have room for two hard drives? Sata and m2?", "answer": "I do not think so but you could use an external hard drive for more space."}, {"question": "Does the gtx 1050 ti gpu have its own memory chips ( gddr5) or shared memory ?", "answer": "Answer not available"}, {"question": "Can install hard disk of 1tb?", "answer": "Yes...foolow this link\nhttps://forums.lenovo.com/t5/Gaming-Laptops/Adding-a-HDD-to-Legion-Y7000/td-p/4367622"}, {"question": "One reviewer says this laptop is not vr capable, but someone else answered a question saying they bought it for vr. Which is true?", "answer": "The first. Even if it was be ready it wouldn\u2019t be able to handle it."}], "time": ["09/04/2021 17:23:42"], "reviewsCountInfo": {"expRevCount": 16, "actRevCount": 16, "nonEnglishRevCount": 1}, "scrapperInfo": {"Version": "1.3.2", "Released Date": "08/04/2021"}, "productURL": "https://www.amazon.com/gp/product/B07P7MDH6X", "ASIN": "B07P7MDH6X", "title": "NEW Lenovo Legion Y7000 15.6\" FHD IPS Gaming Laptop, Intel Quad Core i5-8300H 2.3GHz up to 4GHz, 16GB DDR4, 256GB PCIe, GeForce GTX 1050Ti, Webcam, Backlit Keyboard, USB-C, HDMI, Bluetooth, Windows 10", "manufacturer": " Lenovo Store", "currentPrice": "$1,200.00", "rating": "4.0", "totalRatings": "44 "}