{"features": ["\ud83d\udc96\u3010Office 365 for One Year\u3011: If Your Office cannot be Activated, Please Contact Jumper Customer Service Team. We will Reply You within 12 hours. We Will Share How to Activate Your Microsoft Account.Comes with a 1 year licence of office 365 pre-installed, for all your daily computing needs. Get full access to Excel, Word, PowerPoint, Outlook\u3001OneNote \u3001Publisher\u3001Access.", "\ud83d\udc51\u301013.3-inch HD IPS Screen\u3011:Offers 1920 x 1080 Resolution Good Experience for Watching Videos and Browsing the Web, viewing angle up to 178\u00b0. The design of 8mm Ultra Slim, 2.7lbs, Absolutely Perfect for Your Daily Requirement! Included at Home,In the Office, the Coffee Shop or on the Move!Suitable for Office People and Women.", "\ud83d\udcb0\u30104GB RAM and 64GB ROM\u3011\u20144GB DDR3 Smoothly Run Your Photos and Video-Editing Applications.64GB EMCC Storage Capacity Provides Room to Store pictures, Videos, Music and More.You Could Enjoy the Pleasure of Program Starting, Web Browsing and Switch on Business Office and Daily Entertainment.", "\ud83c\udf1e\u3010Windows 10 Home OS\u3011\u2014Offers More Powerful Performance, Brings You More Smooth and Wonderful User Experience.Powered by N3350 Dual Core Processor, Offers You Smooth Operation and Stable Multitasking Experience.", "\ud83d\udc4d\u301012 Months Warranty\u3011\u2014Jumper is Committed to Laptops Notebooks and Tablets Research and Production for 26 years.We Have the Upmost Confidence in Our Product Range of Laptops and Notebooks."], "reviewsAspects": ["battery life", "stopped working", "waste your money", "lightweight", "laptop", "worth the money", "touch screen", "macbook air", "save your money", "screen quality", "thin and light", "long time"], "productInformation": [{"\nASIN\n": "\nB07P6NRTNW\n", "Customer Reviews": "\n\n\n\n\n\n\n3.9 out of 5 stars\n\n\n\n\n\n\n\n\n1,431 ratings\n\n\n\n\n\n\n3.9 out of 5 stars\n", "\nBest Sellers Rank\n": "\n\n#1,322 in Computers & Accessories (See Top 100 in Computers & Accessories)\n\n#154 in Traditional Laptop Computers\n\n\n", "\nDate First Available\n": "\nFebruary 26, 2019\n"}], "productDescription": "\nJumper 13.3-inch FHD (1920 x 1080) IPS Display, 4GB RAM 64GB ROM, Windows 10 Laptop with Office 365 Personal for 1 Year, Traditional Laptop Computers Mini Laptop Intel N3350 Laptops\nSpecifications\nSoftware: with One Year of Microsoft Office 365 Personal\nCPU: Intel Apollo N3350\nOS: Windows 10 preinstalled\nFrequency: 1.1GHz-2.4GHz,Dual Core\nMemory: 4GB DDR3L\nInternal storage: 64GB eMMC\nVideo card: Intel HD Graphics 500\nCamera: HD Camera\nBattery: 7.6V/4500mAh\nTF card: support up to 256GB expansion\nOffice 365 Personal for 1 Year\nJumper EZbook X3 comes with Free Office 365 Personal for 1 Year.Comes with a 1 year licence of office 365 pre-installed, for all your daily computing needs. Get full access to Excel, Word, PowerPoint, Outlook\u3001OneNote \u3001Publisher\u3001Access.\nIf Your Office cannot be Activated, We will Deal With it within 12 hours.\n13.3 inch Full HD IPS Display\n13.3 inch 1920x1080 resolution full HD IPS display screen, bring clear delicate picture and high color saturation.\nThe 178-degree viewing angle can effectively reduce glare and give you a more comfortable visual enjoyment! Relax Your Eyes.\nKeep on going\n7.6V/4500mAh Built-in 7.6V/4500mAh lithium polymer high-performance battery, long-lasting battery life, full of power, full enjoyment of the continuous experience\nyou can leave the heavy power adaptor at home. Its day-long battery life gives you the flexibility to work or play anywhere.\n4GB ROM & 64GB RAM\n4GB ROM + 64GB RAM+Office 365 Personal for 1 Year,extremely fast boot times,make full use of the potential of the laptop. Don't worry about running out of storage space.\nGet it done, anywhere\nWith the compact and lightweight Jumper EZbook X3 office only 2.7 lbs, productivity is always within reach. It easily slips into a backpack so you can create content anywhere.\nEtensive Connectivity\n2* USB 3.0\n1* Mini HD;Micro-SD card slot\n1* fast charge DC port\n1* 3.5mm Headphone Jack\n1* TF card slot : Up to 256GB (not included)\nSupports Up to 256GB\n4GB ROM + 64GB RAM,extremely fast boot times,make full use of the potential of the laptop. Don't worry about running out of storage space.\nTF card expansion support 256GB\nM.2 SSD expansion support 256 GB, 512 GB, 1 TB.\n8mm Slim Bezel Design\n8mm slim bezel design, 13.3 inch FHD Screen offer a good experience for watching videos and browsing the web ;\nThe stylish silver body, the thinnest part is about 18.2mm slim, the net weight is as low as about 2.7lbs, light and portable, simple and stylish style.\nX3 4GB 64GB Office 365 EZbook X1 6GB 128GB EZbook X1 6GB 128GB X3 4GB 64GB Office 365\nDisplay 13.3 Inch 11.6 Inch 11.6 Inch 13.3 Inch\nMemory 4 GB 6 GB 6 GB 6 GB\nStorage 64 GB 128 GB 128 GB 64 GB\nStorage Expansion Options M.2 SSD Expansion (Up to 1TB)MicroSD Card Slot(Up to 256GB) M.2 SSD Expansion (Up to 1TB)MicroSD Card Slot(Up to 256GB) M.2 SSD Expansion (Up to 1TB)MicroSD Card Slot(Up to 256GB) M.2 SSD Expansion (Up to 1TB)MicroSD Card Slot(Up to 256GB)\nWeight 2.70 lbs 3.26 lbs 3.26 lbs 2.70 lbs\nProcessor Intel Celeron N3350 Dual Core Intel Celeron Quad Core Intel Celeron Quad Core Intel Celeron N3350 Dual Core\nBattery life 6 Hours Approx 6 Hours Approx 6 Hours Approx 6 Hours Approx\nGraphics Intel HD Graphics 500 Intel HD Graphics 500 Intel HD Graphics 500 Intel HD Graphics 500\nTouch Screen \u2713 \u2713\nOffice 365 \u2713 \u2713", "reviews": [], "qAndA": [{"question": "Is this good enough to play/use roblox? and i saw video editing programs! awesome! i think this might be the computer for yt", "answer": "No not good very slow. Bought 2 of these just for roblox"}, {"question": "How long does it last? Not the warranty, but how long does the laptop itself last?(not battery life) I got mine in August 2020, if you're wondering.", "answer": "Answer not available"}, {"question": "Is it possible to work with Illustrator on this tablet with the touch pen?", "answer": "This is a slow simple basic computer, with an old 2-core processor. What do people not get about this? Google the processor. It\u2019s possible to do intense work - yes - with a lot of lag and jerky action. Not worth it. Keep it simple."}, {"question": "Can I game and play fortnight on it?", "answer": "This is a slow computer even browsing internet is seems to challenge"}, {"question": "Can I play Sims 4 in this computer?", "answer": "Dunno. But it's meant for light duty. Cheap processor and minimal RAM. Use it like a chromebook - for videos, surfing, basic WORD, maybe Excel. Nothing fancy. Tried editing photos with it.... wow ... took literally 5 mins to do some simple changes... ... do not use for complicated graphics. It's a cheap, basic computer\u2026 see more"}, {"question": "Is it fanless?", "answer": "its completely quiet. No noise what so ever. I'm assuming it has no fan."}, {"question": "does it have bluetooth drive?", "answer": "Yes, it has."}, {"question": "Does this have Microsoft word? Or anyway I can type papers?", "answer": "Ms word is not free on any computer."}, {"question": "Is it good for vlog editing???", "answer": "Yes, it comparable to any small Lap Top. Very good. I did my teaching Zoom on this machine"}, {"question": "What is and how long is the warranty that comes with this laptop?", "answer": "It is a $200 laptop. Be reasonable. For what you are getting, you should be grateful."}, {"question": "Can the rom memory be upgraded to more than 64gb? is it possible to add an ssd drive?", "answer": "Yes. You can add a M.2 2242 SSD. Slot on the back. In addition to a micro SD memory card."}, {"question": "How can I buy a charger for this laptop? Help please", "answer": "When I bought mine it came with a charger.\nI suggest that you you to best buy or anther electronic store to buy the charger"}, {"question": "Hi! I'm going into 9th grade, and I was looking for a good laptop that will work well for homework and writing on google doc. will this meet my needs?", "answer": "Yes."}, {"question": "Does this have built in security featiures?", "answer": "I returned it"}, {"question": "I have internet but my jumper ez is stuck on connect page, what to do please??", "answer": "Cant help you there. i have used my Mobile hotspot to login for the most part, have not problems. It has worked for my college students online Class"}, {"question": "Tiene Bluetooth?", "answer": "si"}, {"question": "Tiene camara ?", "answer": "Si"}, {"question": "can you upgrade the windows 10 S to windows 10?", "answer": "This computer doesn't come with Windows 10S. This computer comes with regular Windows 10. And yes, you can go from Windows 10S to Windows 10 - see a youtube video on how to do so. It's a one way change (i.e. you cannot go back to Windows 10s)."}, {"question": "Can it take scxc extreme speed 128gb? how many gb does it have?", "answer": "Answer not available"}, {"question": "Where is the phone number need to call and activate the year of 365?", "answer": "Answer not available"}, {"question": "Can you play roblox on this? That would be my daughter's main goal.", "answer": "Yes"}, {"question": "Buenas tardes, realiza el envio del producto a trav\u00e9s de sistema ups internacional", "answer": "Si"}, {"question": "Will this computer work for online schooling", "answer": "Yes I will work for online schooling. I found the laptop to be capable, just slow. If you can live with the speed issue it's worth the money."}, {"question": "Is this laptop good for kids in a university?", "answer": "Yes"}, {"question": "Can you install apps like google chrome and microsoft office products ?", "answer": "Yes"}, {"question": "What is intel core", "answer": "It is a dual-core Intel Celeron N3350 - Apollo Lake. 14nm."}, {"question": "Can the ram and drive be upgraded?", "answer": "There is no drive to upgrade. It does work with my 2TB Passport external USB drive. You cannot upgrade the main RAM, but I added a 128Gb SD card and it worked fine."}, {"question": "Can this laptop be used to learn coding", "answer": "not so fast for that."}, {"question": "Can this be return to Amazon or direct to the seller? Thanks", "answer": "Return to Amazon"}, {"question": "Does it come with a power cord/ charger?", "answer": "yes it does. It is a very good laptop and the price is good. I was used to a bigger screen because I had a 15 inch, but I'm getting used to it. I would definitely recommend it."}, {"question": "anyone know the contact for the warranty?", "answer": "Nope"}, {"question": "Does this have stylus support for drawing?", "answer": "It's not a touchscreen panel. I guess that answer your question."}, {"question": "Does this laptop have a built in camera so i can do zoom meetings?", "answer": "Yes It has a camera so you will able to do zoom meetings."}, {"question": "Does it have a backlit keyboard?", "answer": "no I send back to you today at UPS. yesterday I got new one thank you."}, {"question": "Is it quad core or dual core?", "answer": "Dual core"}, {"question": "I bought it may 21..and amazon..said..it will be deliver on may 29..or 30..i see now on your add..it can be deliver. May 28..can u guys do it on 28?", "answer": "Prime delivers as promised. I find on time or early deliveries most of the orders I place and I do use Amazon for everything."}, {"question": "Will an external dvd player work with this laptop?", "answer": "Yes"}, {"question": "What address or phone can I contact in the US for customer service", "answer": "Answer not available"}, {"question": "Can this laptop play the sims 4 I can\u2019t tell if it meets the requirements listed by EA", "answer": "Haven\u2019t heard of them. New band?"}, {"question": "Does jumper have cd/dvd capability?", "answer": "No"}, {"question": "Is this computer easy to use? I have windows 7 now and love it. I am fearful of buying a computer then not having it intuitive like windows 7. Carol", "answer": "It has Windows 10 which I consider an improvement on Windows 7. They are very similar."}, {"question": "Se puede poner al idioma espa\u00f1ol", "answer": "si, se puede poner en idioma espa\u00f1ol"}, {"question": "does it have a built in mic?", "answer": "Answer not available"}, {"question": "The specs show this as better than that of the pro version...am I missing something?", "answer": "Idk... but I do know that there is no \"off brand\" - Acme, company making this computer."}, {"question": "Does this turn into a tablet?", "answer": "No - it's just a lap top"}, {"question": "I've lost my power adapter. Can you recommend a replacement and/or generic power supply that will work with this model?", "answer": "https://www.amazon.com/USB-Charging-Jumper-EZpad-5SE/dp/B078B93NDH/ref=sr_1_3?crid=3JXQNN1RC72T8&keywords=jumper+laptop+replacement+charger&qid=1579532069&s=electronics&sprefix=jumper%2Celectronics%2C231&sr=1-3"}, {"question": "Can you record music with it?", "answer": "yes you can. you will need to install the proper software to do that"}, {"question": "Does league of legends work on this EZbook?", "answer": "Not a Gamer, so dont know, just try it!"}, {"question": "How good is fortnite (FPS)", "answer": "I don't know about Fortnite. I can tell you that I have Portal 2 installed on it, and it runs fine, but it's an older game. I'd guess that Fortnite would run, but you'd have to turn the graphics down."}, {"question": "Could you recommend a 2242 m.2 ssd to purchase for this computer? also it states its upgradable to 128gb in product description but 256gb in spec?", "answer": "Answer not available"}, {"question": "Can I use this to edit YouTube videos ?", "answer": "Yes"}, {"question": "What external dvd player and software should I use with this?", "answer": "get the highest priced one that you can afford"}, {"question": "When adding a 128 gb flash memory card, do you have to remove the existing 64 gb, or will this be on top of that, for a total of 192 gb? thanks.", "answer": "On top of that. The card goes in the slot on the side. IN ADDITION to that, on the bottom, there is another slot for a M.2 2242 SSD for even faster speeds. You can clone the 64gb native drive to that SSD and have a much faster computer with a larger capacity drive."}, {"question": "\u00bfA esta computadora se le puede a\u00f1adir disco solido SSD de 250 de capacidad?", "answer": "Si yo se lo a\u00f1adi"}, {"question": "Esta computadora trae su cargador ?", "answer": "Si, trae un cargador."}, {"question": "does this have a camera and where is it locatedWhere is the camera located", "answer": "Top center"}, {"question": "I received the new computer - how do i get the free year of 365? when i clicked on office, it prompted me to pay.", "answer": "I had the same issue. it gave me a week of 365 not a year."}, {"question": "How long do you keep windows 10? Is it just a year or completely installed?", "answer": "It is completely installed. It is not a subscription product."}, {"question": "Does this have wireless printing capability if I download the driver for my printer?", "answer": "Yes"}, {"question": "Would this be good for photoshop?", "answer": "I don't used Photoshop"}, {"question": "Tiene bluetooth?", "answer": "Si y es muy excelente"}, {"question": "Can I game and play fortnight on it?", "answer": "Lol for \u201cgaming\u201d u should prob get a specialty gaming Razerblade or gigabyteAERO... Even my MacBook Pro has absolute crap cooling/overheating for Adobe Photoshop and internet simultaneously, which is not nearly as system intensive as gaming. For example, I have this X3 and it\u2019s works well (and never overheats) for cert\u2026 see more"}, {"question": "Dose it have a warranty?", "answer": "You can buy Asurion 2-year for $50. Asurion is deductible free for drops, spills, cracks. I buy it for all my electronics."}, {"question": "Are there networkcapabilities", "answer": "Yes"}, {"question": "Do i need a mouse ?", "answer": "I don\u2019t have one, but I really can\u2019t endorse this computer. I bought it as a backup and it is largely unused."}, {"question": "Will ot stay on if closed?", "answer": "Answer not available"}, {"question": "Can you download word", "answer": "Yes."}, {"question": "Does anyone have the initial password?", "answer": "Nope"}, {"question": "Can you use a regular mouse?", "answer": "Dont know, I have not tried to use one"}, {"question": "Would someone help me finding a charger replacement for this laptop? i have been looking and buying the wrong generic ones. thanks", "answer": "Sorry, have not had a problem with charging. Why not contact Company and ask them?"}, {"question": "will i be able to use a drawing program with it?", "answer": "Yes. But it would be very slow."}, {"question": "Does it come installed with an anti virus?", "answer": "Yes, it does."}, {"question": "Does this have usb ports?", "answer": "Yes. It has 2 usb ports."}, {"question": "Is it good for video and photo editing?", "answer": "Photo editing seems to work pretty well (photography is a hobby). I don't know about video editing."}, {"question": "Does it come with battery? Can PowerPoint be installed", "answer": "It comes with an internal battery. I'm not sure about power point but you can add a 128 USB for more space."}, {"question": "Can i use quicken with this", "answer": "Yes"}, {"question": "Does it work for cricut", "answer": "Answer not available"}, {"question": "Doe It have Bluetooth", "answer": "Yes."}, {"question": "What is the slot in the bottom for", "answer": "An M.2 Size 2242 ssd."}, {"question": "can it run valorant?", "answer": "I wouldn't try any games from the last five years or so. Nothing graphically intensive because it doesn't have a dedicated video card."}, {"question": "My teen wants to run a beginner application for recording music. How would this handle that?", "answer": "This is a fairly cheap computer that runs slow. I a, not sure that it will be compatible for programs that are intended to run music software."}, {"question": "Can this laptop handle professional ides like pycharm professional", "answer": "no"}, {"question": "Does it come with garage band?", "answer": "It is a PC computer. Garage band is an iOS app. Alternatively, you can start your own garage band. Good luck!"}, {"question": "Can i load Microsoft word", "answer": "We were not able to download Microsoft 360."}, {"question": "trae teclado en espa\u00f1ol. ?", "answer": "Si"}, {"question": "How can you track your packages?", "answer": "Definitely"}, {"question": "Trying to contact support and no luck after 2 weeks, tried phone and email? Laptop died and is still under warranty", "answer": "Answer not available"}, {"question": "Como activo las teclas num\u00e9ricas?", "answer": "En la esquina hay una tecla y hay prende"}, {"question": "Is this compatible with with ugee drawing tablet", "answer": "What\u2019s an ugee?"}, {"question": "What is the difference of a laptop and chromebook", "answer": "The primary difference is the applications they can run. A chromebook will run android apps like those you would find on the google play store. This one will run native windows apps."}, {"question": "Can I yse it in Europe?", "answer": "If you are in Europe, then by all means use it."}, {"question": "does it have mic?", "answer": "Yes"}, {"question": "Can this laptop run java and Linux programs? Or have either java or Linux already installed?", "answer": "Returned jump around"}, {"question": "Can you play runescape on it?", "answer": "No idea."}, {"question": "Can you run dragon software with this laptop? If so which version? Thanks", "answer": "Answer not available"}, {"question": "Does it have a webcam ?", "answer": "It has a built in camera."}, {"question": "Can you use canva.com on this laptop?", "answer": "Yes but online activities may be slow because of a lower end Processor"}, {"question": "Anyone know where I can find a good hard cover case for this laptop?", "answer": "Have you checked Amazon? Or you could just buy a briefcase"}, {"question": "Does it have microsoft office programs, like word, power point etc.? and does it have touch screen function?", "answer": "It does not have touch screen or any Microsoft programs."}, {"question": "Where is this manufactured?", "answer": "Answer not available"}, {"question": "How good is for zoom classes?", "answer": "It's worked well for other video conferences that my GF uses for school. We've never used Zoom but I don't see why it wouldn't."}, {"question": "who is the seller of this computer?", "answer": "Jumper. It should be obvious."}, {"question": "Can i download Netflix and watch movies without a glitch?", "answer": "Not sure but it is a very slow machine."}, {"question": "Does the jumper have a backlight keyboard?", "answer": "No it doesn\u2019t"}, {"question": "Does it have a webcam?", "answer": "Yes, there is a built in webcam. Great quality."}, {"question": "Would this be good for photoshop?", "answer": "No. It's too slow. You need more CPU power and storage for photoshop."}, {"question": "Does it have keyboard backlight?", "answer": "No."}, {"question": "Se puede comfigurar a idioma espa\u00f1ol", "answer": "Obvio. Cojudo."}, {"question": "Where can i buy storage expansion cards? or whatever they are called. i think ssd cards or something? could somebody send a link to some them?", "answer": "Answer not available"}, {"question": "Can you pkay minecraft and roblix on this without lag?", "answer": "Yes my kids play all the time"}, {"question": "Tiene bluetooch", "answer": "Si"}, {"question": "The title mentions m.2 sata ssd slot but the description doesn't talk about that. does this have an m.2 sata ssd slot to expand the storage?", "answer": "Yes"}, {"question": "Does this have office 365?", "answer": "We were not able to download Office 365 on this Jumper model due to the capacity of the processor."}, {"question": "Buenas tardes mi estimado me puede ayudar con todos los detalles del articulo soy de Ecuador por favor", "answer": "Lo unico que le puedo decir es que la compre a muy bajo costo (menos de $200.00 dolares estadounidenses). Aunque dice que es algo basica me funciona perfectamente para mi trabajo que es en linea con el Estado de Panama. Si pudiera compraria otra adicional. Es muy buena compra."}, {"question": "How do I get a replacement charger?", "answer": "Answer not available"}, {"question": "Where do you get the 1tb ssd?", "answer": "Amazon"}, {"question": "Trying to set up Microsoft and the birthdate is required however the only way to enter a year is to scroll through and all years are in the future?", "answer": "All years are in the future, present and past."}, {"question": "can you plug a usba into it?", "answer": "Yes, it should have USB ports on the side. You should be able to see in the pictures on the Amazon webpage if you use the zoom feature to look at the laptop."}, {"question": "what cable do i need to connect to a larger display monitor?", "answer": "Answer not available"}, {"question": "Can you get fortnite", "answer": "Yes"}, {"question": "Jut got my jumper lab top but camera shows dark", "answer": "Horrible"}, {"question": "can the video card be replaced?", "answer": "I know nothing about this product. I ordered it and paid for it but never received it. Scam."}, {"question": "Como funciona con Teams?", "answer": "Entiendo qur no vas a tener problemas mi hijo la utiliza para la universidad online con sus clasrs y es excelente tiene micr\u00f3fono y todo lo demas muy buena"}, {"question": "Will this work with a silhouette cameo?", "answer": "Not sure"}, {"question": "Does this have a built in Camera? It looks like there is one in the picture, but not in the specs.", "answer": "Yes It does."}, {"question": "Can teamviewer be loaded", "answer": "no"}, {"question": "Does it have dvd cd capability?", "answer": "It does not have a built in cd/dvd drive but you can purchase an external one (that\u2019s pretty typical for this size and price range)."}, {"question": "Yes i have a question i ordered this over two months ago where is my item ?", "answer": "Answer not available"}, {"question": "Does anyone that has this laptop know where i can get the silicone keyboard cover in the photo? my jumper did not have it in the box. thank you!", "answer": "You don\u2019t need one. The computer won\u2019t last that long. Mine broke - literally came apart at the hinge - in three months. Have not even got a refund."}, {"question": "How do I do master reset? It won\u2019t charge just shows battery low and won\u2019t turn on?", "answer": "It's right above the shut down option ...but check to see if you have put in the charger correctly it's a bit tricky. A light will turn on at the side to show when it's charging."}, {"question": "Can I play the sims on this computer?", "answer": "Yes, my daughter games on her laptop without any problems."}, {"question": "Can you use this computer for coding?", "answer": "no,,,its not fast enough for that."}, {"question": "Does this laptop run Silhouette?", "answer": "Answer not available"}, {"question": "Tiene incluido office", "answer": "no"}, {"question": "Can this be return to Amazon or direct to the seller? Thanks", "answer": "There were a couple of ways to purchase when I got it. As A Prime user I always attempt to use the Company, but you would need to see what the source you used requires."}, {"question": "What is the port size for the DC Charger port?", "answer": "found this link hope it helps\nhttps://www.amazon.com/USB-Charging-Jumper-EZpad-5SE/dp/B078B93NDH/ref=sr_1_3?crid=3JXQNN1RC72T8&keywords=jumper+laptop+replacement+charger&qid=1579532069&s=electronics&sprefix=jumper%2Celectronics%2C231&sr=1-3"}, {"question": "Does it have s mode", "answer": "No. It runs regular Windows 10."}, {"question": "Can I download itunes?", "answer": "Yes, yo can."}, {"question": "Is this laptop compatible with quicken or QuickBooks?", "answer": "Yes."}, {"question": "How is this for gaming?", "answer": "No way."}, {"question": "Es de 110 V ?", "answer": "S\u00ed, 110 voltios para su alimentaci\u00f3n de la fuente, que la convierte a 12 voltios 3000mA"}, {"question": "can i use a blue tooth wireless keyboard?", "answer": "I have not try that"}, {"question": "What is the contact information for jumper warranty", "answer": "Sorry this laptop is out of stock,thank you"}, {"question": "Is the 64gb SSD removable/replaceable not the tf.", "answer": "No. the 64gb eMMC is part of the motherboard. You have a slot at the back (bottom) that allows for a 2242 M.2 SSD (I installed a 256gb Transcend - cloned the OEM 64gb and changed the boot drive to that). *****In addition******* to both of these, you also have a SD Micro Card slot (the TF card) on the side. Obviously fo\u2026 see more"}, {"question": "What type of memory card should i buy microsd or sd?", "answer": "On the back (bottom), there is a small rectangular slot for an SSD (M.2 2242 size). I would recommend installing a Transcend 256GB, M.2 2242 SSD, SATA3 B+M Key, TLC (TS256GMTS430S) - you can boost your storage up to 256gb with high transfer speeds (>500mbs). Alternatively on the left side there is a port for a microSD\u2026 see more"}, {"question": "How do you activate the microsoft 365 1 Yr subscription?", "answer": "Hello. Make sure your internect is connected to your devise...open a window and type in microsoft 365....Click on activate...Then sign in using username amd pass word....I hope this info help..."}, {"question": "How do I get my keyboard to stay working without shutting down and restarting??", "answer": "Stop locking the keys , there\u2019s a button on the keyboard that turns the keyboard off .if you don\u2019t hit it you will be fine"}, {"question": "Can you download iTunes?", "answer": "Yes, if you can this slow thing to load-up in the first place..."}, {"question": "Can you download Lockdown Respondus Browser?", "answer": "I don't even know what that is."}, {"question": "Can this laptop be able to use for games", "answer": "Old games, yes. New games, not even close. I have Steam installed on it and the newest game I can run is Portal 2. I wouldn't try anything newer than that."}, {"question": "Touchpad does not work. Please advise?", "answer": "I brought a mouse and it worked fine. My touchpad work"}, {"question": "Can a dictation mic be used with this? And is this good, but not complicated, for writing?", "answer": "Answer not available"}, {"question": "Does fortnite run well on this laptop?", "answer": "Answer not available"}, {"question": "How long does shipping take?", "answer": "Took about a week."}, {"question": "?How to access a replacement charger for this device after losing my first charger", "answer": "I\u2019m wondering the same thing. I got a generic charger and it ruined my battery life. If anyone knows where to directly get an original charger for this laptop, please help. Apparently using any other charger besides the original is bad for the battery, yet I can\u2019t find where to buy just the charger from a reliable sour\u2026 see more"}, {"question": "How is the camera?", "answer": "Very very blurry"}, {"question": "I recently purchased this laptop and already experiencing battery problems. how do I replace the battery?", "answer": "This is a bad laptop."}, {"question": "Is this metal or plastic material? Feels compact and solid?", "answer": "It metal and it compact"}, {"question": "What\u2019s the rating on the back of this for voltage? 110 or 110-240?", "answer": "The computer runs on DC voltage. The adapter is universal - runs on any outlet 110 or 220."}, {"question": "What ki d of picture resolution doed it have?", "answer": "The resolution is 1920 x 1080. Very clear. Front camera is 2.0mp. Also .very clear"}, {"question": "Does it ship in Philippines", "answer": "Don't know that answer."}, {"question": "Can it play movie for kids from Disney now or other places?", "answer": "It is able to stream video from Netflix. I only tried to see if it works, I did not watch extensively, but it does wirk."}, {"question": "Are the video card drivers undateable", "answer": "Answer not available"}, {"question": "mini Hdmi adapter cost?", "answer": "Answer not available"}, {"question": "Can I play minecraft java edition on this?", "answer": "Yes"}, {"question": "Keeps saying window cannot install", "answer": "either buy a new version of windows 10 and install from an external DVD or do a reset to factory reinstall"}, {"question": "What kind of hard cover can be used to fit this?", "answer": "My kids use the soft zippered kind of carrying case for this laptop."}, {"question": "What is the input Voltage for the charger?", "answer": "110-120/220-240"}, {"question": "How can I order a replacement charging wire for this laptop. I ordered this laptop and the tip of charging wire fell off.", "answer": "Get a generic charger instead."}, {"question": "The rubber feet fell off. Where can I buy replacement rubber feet?", "answer": "Answer not available"}, {"question": "I changed my letter k to a 2 and i do not know how to change it back can ypu help", "answer": "Answer not available"}, {"question": "Does it come with battery?", "answer": "yes it comes with a battery"}, {"question": "Please help. Daughter kicked my laptop off the bed and now the screen is glitched . Look like its cracked internally, can't access anything or see", "answer": "You can try to plug-in an external monitor to the laptop and use that way. I do not think there is much you can do except reach out to the laptop company if it is still under warranty with Jumper. If not and you purchased an extended warranty through Amazon contact them or reach out to a computer repair business/person."}, {"question": "Is it a touch screen?", "answer": "No.."}, {"question": "A review of this computer mentioned that the description is inaccurate of the processor. Does this actually have a quad core processor?", "answer": "I have no idea. I know it is fast, dependable, and has done all I asked. If you are unsure, contact your purchasing source, Amazon stand behind their customers."}, {"question": "My isp (xfinity) tells me i need to upgrade my wireless card to be compatible with their router/modem. do you sell upgraded wireless cards?", "answer": "Answer not available"}, {"question": "Can this laptop download steam and be and download games like terraria", "answer": "I have Steam downloaded. I can play Portal 2 and other older games. I've never tried Terreria, but I can play Civilization 5 on it, so... Maybe?"}, {"question": "Can i hook a computer monitor up to it?", "answer": "Yes. I believe you can hook a monitor up to the computer. I bought this item as a recent Christmas gift, and my sister found it to be slow. I would try looking at another brand, around the same cost. I will not purchase this product again."}, {"question": "Can i play Minecraft 2020 version on this computer?", "answer": "Answer not available"}, {"question": "Can you hook up a drawing tablet to this laptop?", "answer": "No you can\u2019t,and we have no more of this laptop because all of them have been sold,thank you"}, {"question": "does this have an hdmi port?", "answer": "It has a mini hdmi port, which can connect to a regular hdmi port with an adapter."}, {"question": "What size is the charger?", "answer": "Looks like an ordinary charger."}, {"question": "The m2 ssd slot - is it sata or nvme? and what form factor (2242/2280/etc) and key??", "answer": "Answer not available"}, {"question": "My wife has this and it's locked up hard. I would just remove the battery, but that doesn't seem possible. How do you reset this guy?", "answer": "Once my laptop shut down there was no way to get to restart. The laptop still had a month warranty left on the year-long one the manufacturer gives you. I did not have any luck contacting the Jumper laptop Company either through any of their support contacts or support/FAQ page. I tried calling and emailed 3 different \u2026 see more"}, {"question": "Is this touchscreen?", "answer": "No"}, {"question": "Just received mine and it's asking for a password, does anyone know what the default password is? Seems weird it has profile setup on it already", "answer": "Mine didn\u2019t ask me for a password."}, {"question": "Is this good for online gaming? like Imvu?", "answer": "This laptop is super slow..... I\u2019m sure it\u2019s not good for gaming"}, {"question": "Will this connect to a printer?", "answer": "Obviously. Any computer can connect to a printer, if you know how to install it."}, {"question": "Hi. Can i plug in headphones? Thanks", "answer": "Yes, you can."}, {"question": "Can this run explorer and chrome browsers?", "answer": "Yes. Just download the apps or programs off the internet"}, {"question": "Has anyone used the cricut design space on this?", "answer": "No"}, {"question": "Why does the description say \u201c 1 Lithium Polymer batteries required.\u201c?", "answer": "My guess is its the cmos battery also known as real time clock battery that is installed on the Mother board."}, {"question": "Does this come with Windows Media Player?", "answer": "It runs your standard Windows 10, and obviously includes everything that Windows 10 has by default."}, {"question": "Did it take more than two weeks to arrive? Over two weeks waiting,no tracking number posted and seller not answering emails. . Is this normal?", "answer": "I believe it is coming from China and all deliveries especially overseas are taking longer than normal. They do not have good customer support. I tried for almost 3 weeks with phone calls and 3 different emails but got no answer either."}, {"question": "Will this work well with a Cricut Maker to store projects on the go?", "answer": "I have never used a cricut, so not 100% sure. But, it is a laptop and capable of downloading/storing on your already set up accounts. Google and etc for your cricut projects."}, {"question": "Can you use a focusrite scarlet 2i2 audio interface??", "answer": "Answer not available"}, {"question": "Can I use any power cord", "answer": "I think you can if it power cord tip will slide in easily to the computer.\nI would also call Best Buy for their opinion"}, {"question": "Does it have the feature where you can scan your documents?", "answer": "No it does not. You will need a separate scanner to do scanning."}, {"question": "Will this work with circut", "answer": "All computers have circuits."}, {"question": "Which slot should I use to print?", "answer": "None"}, {"question": "Would I be able to run excel on this computer?", "answer": "Yes"}, {"question": "Would this be good for college for typing papers and such?", "answer": "No, it\u2019s very lagging and won\u2019t be good with most softwares"}, {"question": "Can you upgrade the 4gb RAM?", "answer": "I just checked with the website. if the RAM is under 4gb it can be upgraded.. four or more than they do not suggest it."}, {"question": "Can you install netflix and hulu ??", "answer": "You can install apps from Microsoft store. Also, you can access them from their web sites using any browser."}, {"question": "Does it have a webcam ?", "answer": "Yes."}, {"question": "Is quick books or quicken compatible with this laptop?", "answer": "As this is Windows 10 s, everything must come from the Microsoft play store. If it is there, it should be able, but I do not have direct experience."}, {"question": "Is the OS 32 or 64 bit?", "answer": "64"}, {"question": "Does this model come with blue tooth?", "answer": "Yes."}, {"question": "As an aspiring graphic designer, I've been eyeballing this laptop for a while now. Opinions?", "answer": "I would suggest a different vocation to aspire towards. If you were a graphics designer you would not want a machine such as this. Any graphics designer would know this. This is a very basic setup with a sow CPU, low memory and storage. Good for only basic tasks."}, {"question": "Can I use my printer?", "answer": "Sure You can."}, {"question": "Is this compatible with cricut?", "answer": "I'm sorry I dont know anything about cricut...wish I did though"}, {"question": "Bought the two year warranty and want to know how do I register it?", "answer": "Answer not available"}, {"question": "can it remote access to other windows PC's ?", "answer": "That functionality depends on the software obviously. Has nothing to do with the PC in question."}, {"question": "Would this device be good for my kids to connect for their online assignments they're in elementary school", "answer": "Yes! We are using it for our elementary student and it works great, especially if you are using google docs/classroom/etc."}, {"question": "Is there an ethernet port? I do not have wi fi.", "answer": "No. Two USB ports and a micro HDMI. Fortunately, wireless routers are really cheap if you can install one."}, {"question": "can the labtop download gta5?", "answer": "never recieved it i bought 2 not one came"}, {"question": "Can this system handle basic photoshop work?", "answer": "Maybe very basic but I doubt it."}, {"question": "I just received a laptop with someone else password? in it how do i reset it", "answer": "Hi F2 as you turn it on over and over and it wait a few hours as it resets"}, {"question": "Which hdmi port does it have? mini hdmi or micro hdmi?", "answer": "Answer not available"}, {"question": "Can you use an air printer?", "answer": "Yes"}, {"question": "Can roblox be played on this laptop??", "answer": "I'm not really sure."}, {"question": "How much money i pay monthy", "answer": "C"}, {"question": "How much a month", "answer": "Depends upon your down payment and interest rate."}, {"question": "Can I use Fl studio 20 on this laptop?", "answer": "You can, but probably don't want to. Too slow."}, {"question": "Do you think this is powerful enough to run a large Zoom call? My biggest call has 100+ people and virtual breakout groups.", "answer": "No"}, {"question": "Is this laptop good for on line schooling?", "answer": "It would work for online classes but I wouldn't advise buying it. It is very slow and mine died after 6 months with minimum use. Go for a more reliable brand."}, {"question": "Does this have hdmi? and can you play xbox one on this laptop?", "answer": "No, I can not play."}, {"question": "What are the wireless capabilities", "answer": "I use wireless mouse and headset. Wi-fi decent. Hope that helps."}, {"question": "Does this item have a charger?", "answer": "Yes"}, {"question": "I need 2, do they combine shipping cost?", "answer": "Not sure about that."}, {"question": "Hi. My keyboard is locked with the blue light at the top is on. Pressing the button by the touchpad to unlock is unsuccessful. Help.", "answer": "Did you try pressing the control, alt and delete button at the same time?"}, {"question": "Is this a good laptop for business building like websites ?", "answer": "It is slow so probably not."}, {"question": "Will this work with Microsoft office?", "answer": "Yes, it does very well with every Office program we have installed. Plus it's got Bluetooth so you can use a wireless printer."}, {"question": "does it have back light?", "answer": "It does not have a backlit keyboard."}, {"question": "What batteries do I buy if it stops charging?", "answer": "Flip it over and slide the corner edge piece off and it pulls out, take it to whoever is going to replace it and let them do it"}], "time": ["09/04/2021 16:33:14"], "reviewsCountInfo": {"expRevCount": "0", "actRevCount": 0, "nonEnglishRevCount": 0}, "scrapperInfo": {"Version": "1.3.2", "Released Date": "08/04/2021"}, "productURL": "https://www.amazon.com/gp/product/B07P6NRTNW", "ASIN": "B07P6NRTNW", "title": "Jumper Microsoft Laptop with Office 365 Personal for 1 Year, 13.3-inch FHD (1920 x 1080) IPS Display, 4GB RAM 64GB ROM, Windows 10 Laptop, Traditional Laptop Computers Intel N3350 Laptops", "manufacturer": " jumper Store", "currentPrice": "$269.99", "rating": "3.9", "totalRatings": "1,431 "}