{"features": ["Processor: Intel Core i7-9750H Six Core Processor (12MB Cache, 2.6GHz-4.5GHz) 45W", "RAM: 64GB DDR4 2666MHz | Hard Drive: 2TB NVMe Solid State Drive", "Keyboard: Single Backlight with Anti-Ghost Key + Silver Lining | Operating System: Windows 10 Home x64", "Graphics: NVIDIA GeForce GTX 1660 Ti 6GB GDDR6 | Display: 15.6\" Full HD 120Hz IPS-Level Thin Bezel Display (1920 x 1080)", "64GB RAM + 2TB NVMe SSD Upgrades | 3-Year CUK Limited Warranty (View warranty section below for more details.)"], "reviewsAspects": ["gaming laptop", "got the 64gb ram", "powerful", "computer", "cooling", "games", "video", "editing", "graphics", "machine", "msi", "windows", "performance", "playing", "settings", "taking", "air", "amount"], "productInformation": [{"\nASIN\n": "\nB07PHL249P\n", "Customer Reviews": "\n\n\n\n\n\n\n4.2 out of 5 stars\n\n\n\n\n\n\n\n\n68 ratings\n\n\n\n\n\n\n4.2 out of 5 stars\n", "\nBest Sellers Rank\n": "\n\n#18,136 in Computers & Accessories (See Top 100 in Computers & Accessories)\n\n#2,679 in Traditional Laptop Computers\n\n\n", "\nDate First Available\n": "\nMarch 5, 2019\n"}], "productDescription": "\nDOMINATE ALL WITH HIGHER CLOCK SPEED\nLatest 9th Intel Core i7 processor powers up with 10% performance gains over the previous generation.\nNVIDIA GEFORCE GTX 16 SERIES GRAPHICS\nGeForce GTX 16 Series laptops give you the ultimate combination of speed, portability, and power efficiency. Get supercharged with a GTX 16 Series laptop for your favorite titles.\nTHIN BEZEL GAMING DISPLAY\nEnjoy more immersive gameplay in an even more compact chassis. 120Hz IPS-level thin-bezel gaming display for unprecedented speed and clarity.\nTHIN & LIGHT ALUMINUM HAIR-BRUSHED AESTHETICS\nMetallic top and keyboard cover paired with futuristic design that's packed for battle.\nREVOLUTIONARY COOLING FOR LOW-KEY GAMING\nDedicated thermal solutions for both the CPU and GPU with up to 6 heat pipes, work harmoniously by minimizing the heat and maximizing the airflow for smooth gaming performance in such compact chassis.\nMSI DRAGON CENTER\nSystem Tuner\nLED Wizard (for multi-zone backlight models only)\nGaming Mode\nVoice Wizard\nMobile Center\nTool & Help\nAdditional Specifications:\nKeyboard: Steel Series Single Backlight with Anti-Ghost Key + Silver Lining\nWebcam: 720p HD\nBattery: 3-Cell, 51 Wh Lithium-Ion Polymer\nPorts: 2x USB 3.2 Gen 2 Type-C, 2x USB 3.2 Gen 1, 1x HDMI, 1x Microphone In, 1x Headphone Out, 1x RJ45", "reviews": [{"reviewerName": "Amazon Customer", "reviewerUrl": "https://www.amazon.com/gp/profile/amzn1.account.AG4IJDGOVRCGH6UKDUGUBYPZGNLQ/ref=cm_cr_getr_d_gw_btm?ie=UTF8", "rating": "1.0 out of 5 stars", "reviewTitle": "\"Dont buy this for gaming.\"", "reviewDate": "March 24, 2021", "reviewText": "\"  Do NOT get this laptop!! Dont get me wrong this thing plays games amazing. Got the 64 gb ram ans 2tb ssd was a monstor! BUT it overheated after just 2 hrs of playing csgo. Since its a thin it has NO room for air flow. Had a cooling pad/fan on and still got to 92-100 c.\"", "is_Helpful": ""}, {"reviewerName": "Tessa L.", "reviewerUrl": "https://www.amazon.com/gp/profile/amzn1.account.AE425BGB5NG6NTLFZCJA6P67LXHA/ref=cm_cr_arp_d_gw_btm?ie=UTF8", "rating": "3.0 out of 5 stars", "reviewTitle": "\"More trouble than its worth\"", "reviewDate": "January 10, 2021", "reviewText": "\"  I bought this last year for my sons birthday. He only really uses it for gaming on steam or epic. Hes very careful with his stuff and is only allowed to use it on weekends once all homework is done.  So there hasnt been a lot of hours put on this laptop. We had it for about 7 months before it crashed for no reason. It was fine, he turned it off after playing, then a couple days later he went to turn it on and it was crashed. My boyfriend has experience fixing computers so he ended up taking it apart and putting in a new smaller drive. So we got my son a 1tb drive for Xmas to put in to bring the laptop back up to the space he had before the crash. Now, putting that in has been a  nightmare because the laptop wont acknowledge the new drive. The laptop has 2 slots for 2 drives but now we are thinking that one of the slots is junk, and thats what is screwing up the drives. In any case, at this point Im almost just gonna go with a different laptop all together.  This was a good price but  NOT if it keeps dying. My advice to anyone shopping for a laptop is to go with another brand!\"", "is_Helpful": "One person found this helpful"}, {"reviewerName": "Donald", "reviewerUrl": "https://www.amazon.com/gp/profile/amzn1.account.AHDTE6AQRPOGVVXEEH4HFJM7HEFA/ref=cm_cr_getr_d_gw_btm?ie=UTF8", "rating": "5.0 out of 5 stars", "reviewTitle": "This machine exceeded my expectations", "reviewDate": "December 11, 2020", "reviewText": "\"  This laptop doesnt have the latest CPUs or chipset, and it does not have a Thunderbolt 3 port. Equivalent laptops with the same speed CPUs but newer chipsets and a TB3 port were nearly $500 more. I was prepared for an adequate gaming experience and ok with middle-of-the-road settings on game graphics and getting 40+ FPS.\", \"Ive had this laptop for about 3 weeks. Other than the initial fun of getting all of the Windows updates to install (havent gotten WSL2 working right yet, stopped trying, for now, not the laptops fault), there have been few incidents of anything not working as expected. The only one that comes to mind was the sound output on a video conference call not working, but I blame Windows 10 because other sound output worked, and the sound works correctly the next day for a video conference.\", \"I installed one of my favorite games; one is a little older, Serious Sam Fusion. I was able to set Ultra mode on every graphics setting available and still get 60+ FPS on the in-built 60-second performance tests. For comparison, I installed Serious Sam 4, which was just released in August 2020 (I think, or close enough). I took its graphics setting recommendations and got 60+ FPS. I went 1x1 and turned every setting except GPU RAM to Ultra, the highest setting, and still got 47 FPS on multiple 60-second performance test scenarios. The amount of RAM on the Nividia GTX 1660 Ti wasnt enough to qualify as Ultra anymore, so I left that setting as is.\", \"I have a MacBookPro with 8-i9 processors with 32G of RAM, and this machine has 6-i7 processors with 64G of RAM. I load up my MacBookPro to the hilt with multiple 4 external 4k displays, etc. Its gotten slower due to the OS windowserver taking 1.8G of RAM. Ive started doing work chores on my gaming laptop because its just so rock-solid. This is my second CUK purchase (last was HP convertible 365 with 8-i9s & 4k touchscreen that my daughter uses now), and I will definitely consider purchasing from them again in the future. I was a little hesitant to buy an MSI laptop, and all I can say is that I am very pleased so far.\", \"The fan noise can be louder than Id like at times, but no one on my conference calls noticed or said anything. I purchased an under-system far cooling system, powered by USB. I found that my Mac was putting out more heat than this unit and moved the cooler to the Mac. I highly recommend the latest generation of under-laptop cooling systems. Ive had enough of laptops bulging because of the battery overheating and enlarging. The cooling system on this MSI seems very well thought out, and I havent had a problem. --note that if you purchase an under laptop cooling unit, be sure to get one with a lip on the bottom or has an anti-slide or grip system so that the laptop doesnt slide off. I use an elevated stand/mount for the laptop. With the laptop in the air, sliding off is a greater concern.\", \"Do I wish Id spent the extra money to get Gen 10 i9 CPUs and perhaps a GTX 2080 TI with more RAM? Maybe\u2014I think it would have been gratuitous. The minor difference it may have provided wasnt worth my money right now; this MSI gaming laptop from Computer Upgrade King rocks.\"", "is_Helpful": ""}, {"reviewerName": "Amazon Customer", "reviewerUrl": "https://www.amazon.com/gp/profile/amzn1.account.AEVKCKWZ3C2DRHAHMOLX4A5IGAUA/ref=cm_cr_getr_d_gw_btm?ie=UTF8", "rating": "4.0 out of 5 stars", "reviewTitle": "Quality & Response Time", "reviewDate": "December 8, 2020", "reviewText": "\"  I have only had the computer for a few days. Installing Windows 10 didnt take forever. We have all been there. As of right now all I can say good computer. Give me a few months and Ill have more to say.\"", "is_Helpful": ""}, {"reviewerName": "Michael Griffey II", "reviewerUrl": "https://www.amazon.com/gp/profile/amzn1.account.AGXVSSMGT6TRAR7EKKAEQRMDTBIQ/ref=cm_cr_getr_d_gw_btm?ie=UTF8", "rating": "3.0 out of 5 stars", "reviewTitle": "Fast & Powerful But Annoying", "reviewDate": "November 23, 2020", "reviewText": "\"  Let me start with the good. I LOVE the speed and the sheer power. Its truly awesome and performs wonderfully.\", \"Let me explain by saying that I didnt buy this for gaming. I bought this to edit and record music & video. It generally does the job well.\", The bad is more annoyances than truly \"bad\" but I have wanted to return this a few times over them when I\\m working on something. First, the keyboard is small and tighter than most laptop keyboards. I type up to 100wpm and this damn thing always screws me up. The lack of a keypad also irritates me and is something I took for granted on lesser laptops. Second, I have a serious problem with their Dragon Center sometimes taking over things or generally getting in the way. I REALLY hate the version of Windows they put on that constantly has ad-ware bothering me and isn\\t as functional as the version on cheaper, less powerful laptops I\\ve bought. I\\ve considered uninstalling everything and starting from scratch because it annoys me so much. I use Linux on a separate system but have to use Windows for the recording software I use or else I\\d just wipe it and put Ubuntu on it, lol., \"Another issue Ive had is the lack of ports. Its pretty skimpy so I bought a 7-port external. Again, Im used to having at least three onboard.\", \"Its VERY light and honestly I worry about it breaking sometimes hahaha, but I do love how light it is compared to others when traveling.\", \"Its a great system and will do what you want...you just might find yourself annoyed like I am with all the tweaking to get it to fit your needs unlike other systems that work right out of the box.\"", "is_Helpful": ""}, {"reviewerName": "Samuel", "reviewerUrl": "https://www.amazon.com/gp/profile/amzn1.account.AGB2RECL3YHWOV5RY2M4GU5OC3FA/ref=cm_cr_arp_d_gw_btm?ie=UTF8", "rating": "1.0 out of 5 stars", "reviewTitle": "Constantly overheating.", "reviewDate": "November 14, 2020", "reviewText": "  Don\\t get me wrong, this laptop is powerful, but it overheats harder than Chernobyl in 1986. This laptop gets hotter than the Space Shuttle Columbia upon reentry. I was once in a Starbucks when it overheard, and a psychic medium came up to me to let me know that she was changing Herbert Oglevee. Apparently he wouldn\\t stop saying \"Oh, the humanity!\" Let\\s just say, Mount Vesuvius would be jealous of how hot this laptop gets. Honestly the amount of money I spent on this laptop, I shouldn\\t have to deal with it constantly going into thermal shutdown at the drop of a hat. 1/10 would not recommend.", "is_Helpful": "One person found this helpful"}, {"reviewerName": "Sarah Hreha", "reviewerUrl": "https://www.amazon.com/gp/profile/amzn1.account.AECKCF6TSDF5GC3ZYD6N5WIJYCQQ/ref=cm_cr_getr_d_gw_btm?ie=UTF8", "rating": "5.0 out of 5 stars", "reviewTitle": "Worth it", "reviewDate": "November 10, 2020", "reviewText": "  The laptop is great and the people at Computer Upgrade King were exceptional", "is_Helpful": ""}, {"reviewerName": "Carolina Aguilar", "reviewerUrl": "https://www.amazon.com/gp/profile/amzn1.account.AGNOZ6FEYDFGRFJQGOMYWABE5KOQ/ref=cm_cr_getr_d_gw_btm?ie=UTF8", "rating": "5.0 out of 5 stars", "reviewTitle": "nice", "reviewDate": "November 6, 2020", "reviewText": "  even if is a bit noisi, because of the fan, is really nice, 64 ram is a lot, now I only wait when the internet is bad, and the 2tb wow, just amazing, I installed the genshing impact game and runs perfect!, see my husbando zhongli in hd was the best, I am and artist, and singer, and need a powerful computer for my programs, and everybody works perfect!, ive been using the laptop for a few weeks, and maybe is too early for a review but well", "is_Helpful": ""}, {"reviewerName": "Francisco Rizo B", "reviewerUrl": "https://www.amazon.com/gp/profile/amzn1.account.AFPQMB4R5WRS3TEJGYO7JXDMDPAA/ref=cm_cr_getr_d_gw_btm?ie=UTF8", "rating": "1.0 out of 5 stars", "reviewTitle": "Ner seen a new gaming laptop crash using only Firefox", "reviewDate": "November 5, 2020", "reviewText": "  I thought MSI would bring all their knowledge to this new gaming PC after being a mother board manufacturer. Materials are cheap, speakers are crap and crashes without reason.", "is_Helpful": ""}, {"reviewerName": "Mimi Hieo", "reviewerUrl": "https://www.amazon.com/gp/profile/amzn1.account.AGJMAUULUDTR3GS5KLAD647GINOA/ref=cm_cr_getr_d_gw_btm?ie=UTF8", "rating": "3.0 out of 5 stars", "reviewTitle": "Washed out colors", "reviewDate": "October 6, 2020", "reviewText": "  I mainly got this laptop for playing games and for drawing/editing videos., The only problem I have with it is that the colors are very washed out. It is almost dull and the contrast is very low. Playing around with graphic settings did not fix the problem and I tried everything, including factory resetting. Not sure if this problem is only me, but it\u2019s a huge turn off since I got the 64gb ram version.", "is_Helpful": "One person found this helpful"}, {"reviewerName": "Frank Elavsky", "reviewerUrl": "https://www.amazon.com/gp/profile/amzn1.account.AFZER37OYO5ENSNKJ5RZ6DZ47T6A/ref=cm_cr_arp_d_gw_btm?ie=UTF8", "rating": "1.0 out of 5 stars", "reviewTitle": "Bought 2: 1 Laptop broken, seller unresponsive, money dumped into RMAs, no chance for returns", "reviewDate": "September 4, 2020", "reviewText": "\"  This laptop isnt worth it. The seller isnt responsive either. I wouldnt buy anything from them again.\", I bought two of these at the same time: one for my wife and one myself. We game together. Mine works fine but hers has had continued issues that all began around the 30-day mark: BSOD, overheating, freezing, cannot run many applications. Issues with both the graphics card as well as the motherboard., \"In a situation like this typically the seller would refund or replace. But they havent responded to us. We have been dealing with this terrible machine for months now. In addition, sending the laptop in for RMA work from MSI has gotten too expensive (since we have to insure the laptop and pay for shipping, which is 170$ every time).\", \"Overall this has been one of the worst purchases Ive ever made. So much money has been lost on this. What an enormous disappointment. I just wish the seller would replace this item because mine works fine and there are plenty of 5 star reviews here - so it is clear that the one I purchased for my wife is just a fluke bad machine, an outlier.\", Fingers crossed that the seller at least pays attention to a bad review and can follow through to help us.", "is_Helpful": "8 people found this helpful"}, {"reviewerName": "Ricky", "reviewerUrl": "https://www.amazon.com/gp/profile/amzn1.account.AFZHTWW6SZFAD4AUCRVXUMOUXGGQ/ref=cm_cr_arp_d_gw_btm?ie=UTF8", "rating": "1.0 out of 5 stars", "reviewTitle": "had super high hopes but let down hard", "reviewDate": "August 28, 2020", "reviewText": "  \\xa0bought this on june 10th, 2020 and reviewing this on august 28th, 2020. got the laptop cause the specs were phenomenal for the price and i\u2019m a film major so it could handle editing video and photos. i wasn\u2019t in school just yet so i only played some league of legends occasionally. literally shortly after i receive the purchase, the screen freezes up so i try be hopeful and it works but then periodically it messes up and problems occur. wish i could give better stars but no form of contact and there\u2019s a thirty day policy but what to do when you tried to have hope and you passed it?", "is_Helpful": "3 people found this helpful"}, {"reviewerName": "Amazon Customer", "reviewerUrl": "https://www.amazon.com/gp/profile/amzn1.account.AHEYZQ3RDSSDPZVKUXOP6Z4LIYCQ/ref=cm_cr_getr_d_gw_btm?ie=UTF8", "rating": "4.0 out of 5 stars", "reviewTitle": "A lot of power for the price.", "reviewDate": "August 17, 2020", "reviewText": "  Bought the 64GB version. Incredible performance for the price, but the battery life is atrocious. Only get about 2.5 hours of use, unless I strip it down and put it on battery saver. Then I get 3 hours of use., \"Cooling fan is pretty loud, but Ive not experienced any unusual heat like others have commented.\", I bought it for audio and video editing. Not gaming. Can handle some pretty intense 1080HD editing with no issues.", "is_Helpful": "2 people found this helpful"}, {"reviewerName": "AmazonCustomerNoName", "reviewerUrl": "https://www.amazon.com/gp/profile/amzn1.account.AFSAQZ4XWPBRXNCH2TXTPKTWHYMQ/ref=cm_cr_getr_d_gw_btm?ie=UTF8", "rating": "1.0 out of 5 stars", "reviewTitle": "Bad Device & Value", "reviewDate": "August 14, 2020", "reviewText": "  Slow and inconvenient with all the msi popups", "is_Helpful": ""}, {"reviewerName": "James Anna", "reviewerUrl": "https://www.amazon.com/gp/profile/amzn1.account.AGWOSUSMXMSBNWDSOCNYLASCO2FA/ref=cm_cr_getr_d_gw_btm?ie=UTF8", "rating": "5.0 out of 5 stars", "reviewTitle": "This laptop is super powerful. Best bang for your buck for sure!", "reviewDate": "August 5, 2020", "reviewText": "  Great Laptop for the price!", "is_Helpful": "2 people found this helpful"}, {"reviewerName": "Tammy G.", "reviewerUrl": "https://www.amazon.com/gp/profile/amzn1.account.AHQRGCRDW5S3ARD7HFC6UMURZCNQ/ref=cm_cr_arp_d_gw_btm?ie=UTF8", "rating": "5.0 out of 5 stars", "reviewTitle": "Impressive & great value", "reviewDate": "July 22, 2020", "reviewText": "\"  Wanted to wait until I had the pc for a little while before I reviewed it. When I saw the specs for this price, I had to do a double take. I love pc gaming and I also work as a full stack developer so I wanted something that would be powerful enough to handle my fav games at their best resolution or multiple IDEs and servers running simultaneously. Without getting too lenghty I will say this PC does that flawlessly. Like its really impressive.\", The only things I am not 100% happy about are:, \"1) Only 2 usb ports. I have a usb hub that I use and theyre very affordable but it can be a bit cumbersome, especially if youre traveling.\", 2)Fan noise. This pc is powerful, therefore the fan is powerful. You are able to adjust the settings but if you want to use the fan on its highest setting expect some background noise., Those are sort of miniscule things but really the only complaints I have. This amount of ram and storage.. soooo worth it in my opinion!", "is_Helpful": "5 people found this helpful"}, {"reviewerName": "Amazon Customer", "reviewerUrl": "https://www.amazon.com/gp/profile/amzn1.account.AGN3PDY5NM6RDXFVPJCR37PQWUKA/ref=cm_cr_arp_d_gw_btm?ie=UTF8", "rating": "5.0 out of 5 stars", "reviewTitle": "Suggested, good and powerful laptop", "reviewDate": "June 11, 2020", "reviewText": "  Liked it a lot thanks, great work guys!!", "is_Helpful": "27 people found this helpful"}, {"reviewerName": "Armando P.", "reviewerUrl": "https://www.amazon.com/gp/profile/amzn1.account.AFC2ZRVUM6WEPBZ55KM7VPBHZMKA/ref=cm_cr_getr_d_gw_btm?ie=UTF8", "rating": "5.0 out of 5 stars", "reviewTitle": "Good laptop", "reviewDate": "March 21, 2020", "reviewText": "  Excellent performance. No thunderbolt ports", "is_Helpful": "2 people found this helpful"}, {"reviewerName": "Amazon Customer", "reviewerUrl": "https://www.amazon.com/gp/profile/amzn1.account.AGZU2XGYTJGQ4ZSYT3MIRNJCF5OA/ref=cm_cr_getr_d_gw_btm?ie=UTF8", "rating": "5.0 out of 5 stars", "reviewTitle": "Great performance", "reviewDate": "March 11, 2020", "reviewText": "  Have never had an issue running any game at any settings. just note it will get pretty warm if it doesnt have good air flow.", "is_Helpful": "2 people found this helpful"}, {"reviewerName": "Amazon Customer", "reviewerUrl": "https://www.amazon.com/gp/profile/amzn1.account.AH4R3KTAL3A55K4N4FEOIQKIIOGQ/ref=cm_cr_getr_d_gw_btm?ie=UTF8", "rating": "5.0 out of 5 stars", "reviewTitle": "Highly recommend", "reviewDate": "February 24, 2020", "reviewText": "  Due to the processor taking so much Power, I only play games while plugged in. The laptop is thin, lightweight, and runs perfectly. I personally recommend getting one of these.", "is_Helpful": "2 people found this helpful"}, {"reviewerName": "Aaron T", "reviewerUrl": "https://www.amazon.com/gp/profile/amzn1.account.AFPPLIVRED4DXU3WUWA7DMMWSYMQ/ref=cm_cr_arp_d_gw_btm?ie=UTF8", "rating": "5.0 out of 5 stars", "reviewTitle": "A-MAZ-ING!!!!!", "reviewDate": "February 22, 2020", "reviewText": "  WOW!! This computer is a BEAST!! I got the 64GB RAM one and it is unbelievable!!! This thing is lightning fast and it is pretty quiet for such a powerful machine! Games and video editing (which is what I bought it for) is such a breeze! I\u2019m in love with this computer!", "is_Helpful": "68 people found this helpful"}, {"reviewerName": "Ekpenisi-Igumbor Ewere", "reviewerUrl": "https://www.amazon.com/gp/profile/amzn1.account.AFT7CKERFDIWH24K7U7OUEN6TSWA/ref=cm_cr_getr_d_gw_btm?ie=UTF8", "rating": "2.0 out of 5 stars", "reviewTitle": "32gb Ram is 2400mhz not 2666mh", "reviewDate": "February 17, 2020", "reviewText": "  Good product overall, but I was given a 32gb ram with 2400mhz speed not the 2666mhz written in the description, this is bad and misleading", "is_Helpful": "2 people found this helpful"}, {"reviewerName": "Amulya", "reviewerUrl": "https://www.amazon.com/gp/profile/amzn1.account.AH4YGGOIXMU6Y6BB4KAFTQSKBBOA/ref=cm_cr_arp_d_gw_btm?ie=UTF8", "rating": "5.0 out of 5 stars", "reviewTitle": "So powerful", "reviewDate": "January 18, 2020", "reviewText": "  So powerful! Love it.", "is_Helpful": "28 people found this helpful"}, {"reviewerName": "Jeffrey W. Korp", "reviewerUrl": "https://www.amazon.com/gp/profile/amzn1.account.AGOJXBDCEXC7BUHU4XC36UPOISQQ/ref=cm_cr_arp_d_gw_btm?ie=UTF8", "rating": "5.0 out of 5 stars", "reviewTitle": "Great gaming laptop", "reviewDate": "January 4, 2020", "reviewText": "  I got this for my daughter for Christmas. I wanted a gaming computer that would be good for a few years. The 32gigs of RAM and 2tb nvme will last her a long time. She loves the keyboard, and the lights.  I cant believe how thin it is with everything they pack into it. The graphics are amazing, its lightning fast, and quiet. You cant get better than this for the price.", "is_Helpful": "81 people found this helpful"}, {"reviewerName": "Jonathan", "reviewerUrl": "https://www.amazon.com/gp/profile/amzn1.account.AHFILK3GRBMWOOZUST5MFJHGFHVQ/ref=cm_cr_arp_d_gw_btm?ie=UTF8", "rating": "3.0 out of 5 stars", "reviewTitle": "Almost flawless!", "reviewDate": "November 4, 2019", "reviewText": "  Laptop works like a dream!, My product unfortunately has a noticeable flaw., The trackpad is popping out on the bottom of the trackpad by just a hair, interrupting some clicks or double clicking on the screen unintentionally., The trackpad doesn\u2019t seem to be anchored down very well either.", "is_Helpful": "28 people found this helpful"}], "qAndA": [{"question": "Recently, this was listed with 2 2tb nvme ssd hd (4 tb total) and the technical details shows \"4000 mb\" what are the ssd specs? m2, sata etc?", "answer": "Answer not available"}, {"question": "Can I use external Blu-ray drive?", "answer": "Sure you can, if you have the windows drivers for it"}, {"question": "Does this pc's weight is 5.26 lbs ? Other GF 65 has 4.1 lbs.", "answer": "Can't say for certain, haven't weighed it, but It's Unbelievably lightweight compared to most laptops Like it"}, {"question": "What are the hd and ssd specs? is 32gb max ram?", "answer": "This listing (B07PHL249P) is for config consisting of single 2TB M.2 NVME SSD and 2x32GB (64GB total) RAM in dual channel mode."}, {"question": "My computer keeps shutting off randomly? is this normal for an MSI computer or is it faulty? i stream as well but still, maybe its temperature?", "answer": "It happens to mine too. 2 things why it happen (based on my experience). After your laptop battery died, you use the charger and turned the laptop on just after it dies, it will automatically turn off again. Just wait a bit longer for it to charge it more. The second one is, if it not in use, it will turn off by itself."}, {"question": "Can I play Skyrim on it I\u2019m new to gaming laptops?", "answer": "Absolutely! I play more modern games on this same unit as well with max graphics settings with no issues. Good luck!"}, {"question": "Hola, por qu\u00e9 si selecciono intel i7-9750h, 64 gb de ram, 2 x 2 tb nvme ssd raid en la descripcion tecnica dice ram 32gb? es 64 o 32? gracias", "answer": "Answer not available"}, {"question": "Is the nvme m.2 or sata? does it have an sd (etc) card slot?", "answer": "Answer not available"}, {"question": "What are for the 2 x 2tb ssd? any empty slots?", "answer": "Answer not available"}, {"question": "The colors on my screen are washed out. How do you fix the color accuracy?", "answer": "Answer not available"}, {"question": "This laptop does not have a display port will this hdmi support 144hz display port to hdmi?", "answer": "Answer not available"}, {"question": "Can i connect two external monitors? i only see one hdmi.", "answer": "Only one port, would have to use a usb-hdmi or something similar i think."}, {"question": "What is the voltage on this laptop?", "answer": "Answer not available"}, {"question": "Are the nvme ssd m.2 or sata?", "answer": "Answer not available"}, {"question": "What is the refresh rate on the 4k moniter? And what is the resolution on the 144hz?", "answer": "Answer not available"}, {"question": "This laptop can play vr ganes on htc vive?", "answer": "Answer not available"}, {"question": "Is the gtx 2070 the full video card? or the max-q model?", "answer": "Answer not available"}, {"question": "mine stopped turning on and only the lights work, what do i do?", "answer": "See about making a warranty claim if it's still covered - that's what they're for."}, {"question": "Thunderbolt port?", "answer": "Not all type-c USB is thunderbolt."}, {"question": "Does it have international warranty?", "answer": "Answer not available"}, {"question": "Is it 64gb ram or 32gb? title said 64, but in product information said 32", "answer": "You can choose 32GB to 64 GB the prices change."}, {"question": "Hi, in the 64gb 2tb ssd version, there's an slot to add another ssd/hdd?", "answer": "Yeah, i got a 32gb 2tb ssd and it used up just one slot out of the two ssd slots"}, {"question": "What are the nvme ssd specs? do you still offer the version of this with 2 x 2tb nvme ssd?", "answer": "Answer not available"}, {"question": "What\u2019s the sRGB percentage?", "answer": "Answer not available"}, {"question": "I guess 32 is max ram?? is it dimm or sodimm? how many slots used/available?", "answer": "Answer not available"}, {"question": "Can the gpu on this be updated in the future to a 2060-80 maxq ? is there room for more then one gpu?", "answer": "No"}, {"question": "What cord do I need to use multiple monitors with this laptop??", "answer": "It has a full-size HDMI port and two USB-C ports. I use an HDMI to hook up an external monitor."}, {"question": "Warranty: it states 3 years only for the upgraded components (which i assume can only be ram/nvme ssd) what about the rest? 1 year? 0 years?", "answer": "Correct. For this 64GB RAM and 2TB NVME SSD config, only the RAM and SSD have 3 year defect replacements at no cost. Remote support is also provided for 3 years at no cost. The other non-memory and storage components including the battery have 1 year of warranty coverage."}, {"question": "Does this laptop have internal space for a secondary hdd/ssd?", "answer": "No it does not"}, {"question": "What manufacturer + model of ram,ssd and hdd is used in thertx 2070 | 144hz | 32gb | 2tb nvme+2tb configuration?", "answer": "I returned this product in less than 12 hours of receiving"}, {"question": "Is it 2070 MaxQ version?", "answer": "Answer not available"}, {"question": "Can I run 2 monitors off of this?", "answer": "You can hook your tv up to the hmdi and play games or watch movies"}, {"question": "tiene entrada de micr\u00f3fono", "answer": "Answer not available"}, {"question": "Does this pc have 64gb of ram?", "answer": "Windows show 64 gb"}], "time": ["09/04/2021 18:53:09"], "reviewsCountInfo": {"expRevCount": "25", "actRevCount": 25, "nonEnglishRevCount": 0}, "scrapperInfo": {"Version": "1.3.2", "Released Date": "08/04/2021"}, "productURL": "https://www.amazon.com/gp/product/B07PHL249P", "ASIN": "B07PHL249P", "title": "CUK MSI GF65 Thin Gaming Laptop (Intel i7-9750H, 64GB RAM, 2TB NVMe SSD, NVIDIA GeForce GTX 1660 Ti 6GB, 15.6\" FHD 120Hz IPS-Level, Windows 10 Home) Gamer Notebook Computer", "manufacturer": " Computer Upgrade King Store", "currentPrice": "$1,469.99", "rating": "4.2", "totalRatings": "68 "}