{"features": ["Display: 15.6 inches Fhd (1920 x 1080), IPS-Level 60Hz 45 percent ntsc thin Bezel 1920x1080 16:9", "Graphics: NVIDIA GeForce GTX1650 [Max-Q] 4G GDDR5", "Processor: Intel Core i7-9750h 2.6 - 4.5GHz", "Memory: 16GB (8 gram x 2) DDR4 2666MHz 2 Sockets; Max memory 64GB", "Storage: 512GB NVMe SSD"], "reviewsAspects": ["battery life", "gaming laptop", "video editing", "graphics card", "new laptop", "great for gaming", "use this laptop", "great laptop", "laptop for gaming", "computer", "warranty", "games", "specs", "performance", "powerful"], "productInformation": [{"\nASIN\n": "\nB07QF66YQB\n", "Customer Reviews": "\n\n\n\n\n\n\n4.5 out of 5 stars\n\n\n\n\n\n\n\n\n294 ratings\n\n\n\n\n\n\n4.5 out of 5 stars\n", "\nBest Sellers Rank\n": "\n\n#23,075 in Computers & Accessories (See Top 100 in Computers & Accessories)\n\n#3,565 in Traditional Laptop Computers\n\n\n", "\nDate First Available\n": "\nApril 23, 2019\n"}], "productDescription": "\nNVIDIA Geforce Graphics\nHarness the power of NVIDIA's GeForce GTX Graphics to dominate your game.\n9th Gen Intel 6-Core Processors *Select models\nPower up with 10% performance gains over the previous generation. Smoothly handle the demands of multitasking to efficiently complete your next project. *Select models only.\nDisplay Power Design\nChoose Your Laptop\nPerformance Gaming\nPerformance Gaming\nPerformance Gaming\nPremium Gaming\nPremium Gaming\nUltra Portable Gaming\nUltra Portable Gaming\nDisplay\n15.6\" or 17.3\" IPS-Level 15.6\" 120Hz 15.6\" or 17.3\" 120Hz/ 144Hz 15.6\" 144Hz 15.6\" 144Hz 15.6\" 240Hz 17.3\" 144Hz\nBezel\nThin Bezel Standard Standard Standard Thin Bezel Thin Bezel Thin Bezel\nGraphics\nGTX 1650 [Max-Q] RTX 2060 Up to RTX 2060 Up to RTX 2080 Up to RTX 2080 Up to RTX 2080 Max-Q Up to RTX 2080 Max-Q\nProcessor\nIntel Core i7-9750H Intel Core i7-8750H Intel Core i7-9750H Intel Core i7-9750H Intel Core i7-9750H & i9-9880H Intel Core i7-9750H & i9-9880H Intel Core i7-9750H & i9-9880H\nCooling\n2 fans 4 exhausts 7 pipes 2 fans 4 exhausts 6 pipes 2 fans 4 exhausts 7 pipes 2 fans 4 exhausts 7-8 pipes 2 fans 4 exhausts 8 pipes 3 fans 4 exhausts 7 pipes 3 fans 4 exhausts 7 pipes\nKeyboard\nNon-Backlit Keyboard Red Backlit Keyboard Per Key RGB *NEW Per Key RGB Per Key RGB Per Key RGB Per Key RGB\nConnectivity\nstandard standard standard standard standard Thunderbolt 3 Thunderbolt 3", "reviews": [{"reviewerName": "Nicolas Wilson", "reviewerUrl": "https://www.amazon.com/gp/profile/amzn1.account.AHZQVWTPXY5BEDGYGANVNNVVD3KA/ref=cm_cr_getr_d_gw_btm?ie=UTF8", "rating": "5.0 out of 5 stars", "reviewTitle": "They do not honor warranty", "reviewDate": "March 2, 2021", "reviewText": "\"  My laptop fell and cracked the screen and  they are trying to tell me that my warranty expired 8 months after i bought it. That makes no sense thats not even a warranty time option. Very unhelpful will not purchase a thing form this company.\"", "is_Helpful": ""}, {"reviewerName": "Thomas VH", "reviewerUrl": "https://www.amazon.com/gp/profile/amzn1.account.AHGDJYZTLYLGZ3IL7O5YT7TVCPEQ/ref=cm_cr_getr_d_gw_btm?ie=UTF8", "rating": "5.0 out of 5 stars", "reviewTitle": "Amazing laptop for this price!", "reviewDate": "January 17, 2021", "reviewText": "  This laptop is seriously powerfull. I can play a lot of games on almost the highest settings smoothly. Super glad I bought this laptop and not another. MSI is really worth the price!!", "is_Helpful": ""}, {"reviewerName": "Billy Leung", "reviewerUrl": "https://www.amazon.com/gp/profile/amzn1.account.AEYSCWBPWHQW3JLFYH57TUE2EEGQ/ref=cm_cr_getr_d_gw_btm?ie=UTF8", "rating": "5.0 out of 5 stars", "reviewTitle": "Good for Gaming and Studying", "reviewDate": "December 21, 2020", "reviewText": "  A good device with high-performance for gaming also studying. Good door to door delivery service too!", "is_Helpful": ""}, {"reviewerName": "Sean M.", "reviewerUrl": "https://www.amazon.com/gp/profile/amzn1.account.AGLG7TOFLUDIBV6MRJEN74NHJCZQ/ref=cm_cr_arp_d_gw_btm?ie=UTF8", "rating": "1.0 out of 5 stars", "reviewTitle": "USB C port and WiFi adapter broken out of the box", "reviewDate": "October 17, 2020", "reviewText": "\"  I bought this laptop for gaming on the go but I have a desktop and work laptop so 99% of the time it is sitting safe and sound on a shelf in my office. With that said the very first time I used the laptop the wifi card wouldnt get a solid connection even right next to my router. Turns out the wifi cards in this laptop are known to have massive issues. About 3 months later I buy a quest 2 and I plan to hook it up to the laptop to play, turns out the usb c port is also broken. So far 2/2 times I tried to actually use the laptop that I spent $1000 I got nothing but frustrations and headaches. Customer support is insanely slow and hard to work with. This is my first MSI laptop and I have vowed to never buy another MSI product after my experience with this laptop. And yes, I tried the same cables and devices on other computers and they worked like a charm. I seriously wish I could get be a negative star value. In all reality I bought a $1000 headache not a gaming laptop\"", "is_Helpful": "One person found this helpful"}, {"reviewerName": "Mohammad Shafiqul Islam", "reviewerUrl": "https://www.amazon.com/gp/profile/amzn1.account.AHPJVTFBM7UKX7SEFWQAPO5RJXJA/ref=cm_cr_getr_d_gw_btm?ie=UTF8", "rating": "5.0 out of 5 stars", "reviewTitle": "Good one in that price", "reviewDate": "October 10, 2020", "reviewText": "\"  Its a very good experience to have this item on very good price\"", "is_Helpful": ""}, {"reviewerName": "Jason", "reviewerUrl": "https://www.amazon.com/gp/profile/amzn1.account.AG37ECDRT3KVJ4P3TZFMWTISWX6Q/ref=cm_cr_arp_d_gw_btm?ie=UTF8", "rating": "3.0 out of 5 stars", "reviewTitle": "\"Great, Till its Not...\"", "reviewDate": "October 6, 2020", "reviewText": "\"  This laptop was great.  Had an old desktop (AMD FX8350/Asus ROG Mobo/Geforce 970) that played games decent enough.  When covid happened, my son needed a computer to do online classes.  I gave him mine and bought this (with a 512gb hard drive).  It worked great until about a month ago.  Walked away, came back and dark blue screen.  Restarted, Windows wouldnt start.  Couldnt restore, couldnt reinstall with Windows USB.  Its on its way back to MSI right now under the 1 year warranty.  Lost all my docs/pictures after transferring everything from my desktop over to new laptop, and not backing it all up.  I mean... 5 months, who would think it would die so fast?  Not sure if it was a hard drive failure, Windows Failure, or what, but it died.\"", "is_Helpful": "One person found this helpful"}, {"reviewerName": "Yunho Lee", "reviewerUrl": "https://www.amazon.com/gp/profile/amzn1.account.AGQX3AWI66DJHTPESAXRNRXH6NUA/ref=cm_cr_getr_d_gw_btm?ie=UTF8", "rating": "1.0 out of 5 stars", "reviewTitle": "Died in less than 5 months.", "reviewDate": "September 10, 2020", "reviewText": "\"  Absolute trash. Dont buy MSI ever.\"", "is_Helpful": ""}, {"reviewerName": "Dinty", "reviewerUrl": "https://www.amazon.com/gp/profile/amzn1.account.AFD43SKCUJ3PJWH62YHMEC6MN44Q/ref=cm_cr_getr_d_gw_btm?ie=UTF8", "rating": "4.0 out of 5 stars", "reviewTitle": "Great Specs and Good Looking, but you get what you pay for", "reviewDate": "August 13, 2020", "reviewText": "  For many years I only bought HP machines.  This time I needed a machine for media content creation, and HP simply did not offer the display quality, look, or price I wanted.  But so far as manufacturing quality, and service levels are concerned, clearly I was spoiled.  The quality and performance of all the interior stuff exceeded my expectations.  The display is brilliant, the form factor is great too, with a 15.6\" display housed in the size of a 14\" HP.  The speakers, keyboard, etc were all great.  In fact on all the big things the machine is great, but it fell apart on the details.  The case is cheap, really cheap.  Don\\t expect to ever get it back together perfectly once you crack the case, which you will have to do because of the paltry RAM provided with the machine.  There is too much flex in everything, and the first time I cleaned the machine with windex, the finish began to come off., \"This really wont pose much of an issue, because with about a one hour battery life, and no upgrade available you will not have to worry about damaging this carrying it anywhere.\", The MSI support experience also leaves a lot to be desired.  When I called in to complain about the case discoloration.  I was told to send it in and wait a couple months for them to get around to working on it.  They blamed Covid, of course, but HP would have gotten that fixed in under a week.  Updating things like firmware, BIOS, and the components has also proven tough.  Since this uses Gen 1 USB-C you will not be able to use a docking station, unless you pop for the MSI one for $300.  I have found  USB-C performance to be marginal at best.  The technology is serveral years old at this point and really shouild have been upgraded., Forcing the machine to use the GeForce card and skip the integrated Intel graphics has proven nearly impossible for creative content applications.  There is an upgrade tool, but its only on the Microsoft Store which of course my new computer could not open., \"Recently my web cam stopped working for some mysterious reason, so I just bought an external one.  Thats how over I am on MSIs support policies.\", That being said, so long as I am just working and not trying to transport this, or do anything unusual on it, there is not a single computer in this price range that comes anywhere close to the specs of this one., MSI is the oppisite of Dell and HP, they do not skimp on the qualty of the components, but everything else they do,, \"At the end of the day though, I still (six months later) could not buy an HP that does all this does, or a Dell like it for under $3000.  So Im happy.  Do not get this if you are a road warrior or to transport back and forth to work, but as a laptop thats sits on your desk, its perfect.  The speed, quality of the screen, and keyboard are really better than anything else youll find in this price range.\"", "is_Helpful": ""}, {"reviewerName": "CRREDHAT", "reviewerUrl": "https://www.amazon.com/gp/profile/amzn1.account.AHQTHLP5IXVLHSY47DU7EQGDMVCA/ref=cm_cr_getr_d_gw_btm?ie=UTF8", "rating": "3.0 out of 5 stars", "reviewTitle": "GF63THIN95C - NO NUMBER KEYPAD", "reviewDate": "August 10, 2020", "reviewText": "\"  Ive had this system for about 4 months now and the performance factor is great!  It is very light, as the casing is all plastic.  This can be unsettling at first since it is a laptop and you may have concerns for durable, I assure you though Ive had no problems with the case and the lack of weight is very nice.  The MAJOR DRAWBACK (for me) is the ABSENCE OF THE NUMBER KEYPAD.  It is a feature (look closely as many manufactures are doing it now) I failed to recognize and thought I would grow accustom to it.  I, however, HAVE NOT grown accustom to it and really, really dislike it. I would return the system because of it if possible.  The absence of the keypad did not reduce the over all dimensions of the system, when compared to a similar system with a keypad.  All they have done is made the keys larger.  These larger keys result in many typing errors since (my finger) muscle memory recall thinks a letter should be one position when it will be slightly further or closer resulting in typing errors.  Oh, how I miss that keypad!  Overall the performance has been great.\"", "is_Helpful": ""}, {"reviewerName": "Fireblade87", "reviewerUrl": "https://www.amazon.com/gp/profile/amzn1.account.AGLXW2QHE75C4JKGKI76XBYNXRNQ/ref=cm_cr_getr_d_gw_btm?ie=UTF8", "rating": "5.0 out of 5 stars", "reviewTitle": "Solid versatile laptop", "reviewDate": "August 5, 2020", "reviewText": "\"  I love the size of this laptop, its weight, and ability to upgrade memory and hard drives (SSD). I have been using it heavily and traveling with it since the beginning of this year and its really solid.\", This computer can and will run hot if using for gaming or other high resource use.", "is_Helpful": ""}, {"reviewerName": "Chue Xue Vang", "reviewerUrl": "https://www.amazon.com/gp/profile/amzn1.account.AES4V6YIXUNOHC2LZBSK4D3IH7JQ/ref=cm_cr_getr_d_gw_btm?ie=UTF8", "rating": "5.0 out of 5 stars", "reviewTitle": "I love it!", "reviewDate": "July 27, 2020", "reviewText": "  Its a gaming laptop, not expecting much from battery. Beautiful and sturdy. Very little bloatware. Best bang for buck.", "is_Helpful": ""}, {"reviewerName": "Rhonda", "reviewerUrl": "https://www.amazon.com/gp/profile/amzn1.account.AHZBRC2U4FN7YFZPKC6ZCAWYTNKQ/ref=cm_cr_getr_d_gw_btm?ie=UTF8", "rating": "3.0 out of 5 stars", "reviewTitle": "Just OK", "reviewDate": "July 21, 2020", "reviewText": "  This laptop is not bad at all it\u2019s very powerful but it has some noticeable shortcomings such as the display being not bright at all and the colors aren\u2019t as accurate they are more dull !The trackpad my god is TERRIBLE !!!!!!! I hate that trackpad entirely so i suggest if buying this laptop get a wireless mouse as well cause again the track pad is beyond awful ! The speakers are at the bottom of the laptop -___- so if u are using your laptop let\u2019s say in your lap or on the bed your sound WILL be muffled and in addition to that the speakers aren\u2019t that loud anyways to begin with ! The battery life is SH*T if u take it off the charger it will die within 2 hours. All in all the price is worth it to a extent for the insides I guess but the outsides of this laptop and where things are placed are awful. Not only is the sound under the laptop but the fans are too so if u do sit this laptop on a bed or in your lap chances are it will get hot due to not being able to pull in any air", "is_Helpful": "One person found this helpful"}, {"reviewerName": "EV", "reviewerUrl": "https://www.amazon.com/gp/profile/amzn1.account.AEGLIGA7JFTYZIFXWFZZSFOFRF7A/ref=cm_cr_getr_d_gw_btm?ie=UTF8", "rating": "1.0 out of 5 stars", "reviewTitle": "They had false advertising and the second time im returning a laptop from them. Do not trust them.", "reviewDate": "July 16, 2020", "reviewText": "  The first purchase i made the laptop was sounding very weird, not like a new laptop and the top frame was bent into the lower one.  I purchased it than a second time because i was a fool and i mistrusted the seller and now i have a laptop that is cheaper than what they advertised. There is no led button for lighting up the keyboard. Very disappointed in the seller and i would not trust this kind of business ever again.", "is_Helpful": "One person found this helpful"}, {"reviewerName": "Chippy", "reviewerUrl": "https://www.amazon.com/gp/profile/amzn1.account.AGGXLPNQB2PUHLIEB2K3KCESW63A/ref=cm_cr_getr_d_gw_btm?ie=UTF8", "rating": "5.0 out of 5 stars", "reviewTitle": "Good Laptop", "reviewDate": "June 18, 2020", "reviewText": "  Awesome for gaming, fine for school work aswell but you need to have your charger with you", "is_Helpful": ""}, {"reviewerName": "bakerybabe1069", "reviewerUrl": "https://www.amazon.com/gp/profile/amzn1.account.AHIJV4FKWN37SD7CSA3LXJPJYFAA/ref=cm_cr_getr_d_gw_btm?ie=UTF8", "rating": "5.0 out of 5 stars", "reviewTitle": "great laptop", "reviewDate": "June 16, 2020", "reviewText": "  I am mainly using it for video editing, but I can see where it would be great for gaming. I really like it., \"The only minor thing I dont like about it, and it really is a minor thing, at least to me, is that it shows fingerprints. I wear glasses, so I just use a dry microfiber cloth on it, problem solved,\"", "is_Helpful": ""}, {"reviewerName": "Jamie", "reviewerUrl": "N/A", "rating": "5.0 out of 5 stars", "reviewTitle": "        , Love it,", "reviewDate": "June 11, 2020", "reviewText": "  Was worth every cent  Great gamming laptop", "is_Helpful": ""}, {"reviewerName": "M. Ventrano", "reviewerUrl": "https://www.amazon.com/gp/profile/amzn1.account.AETPKGYT5KQIPILLWRDQN5UJT4TQ/ref=cm_cr_getr_d_gw_btm?ie=UTF8", "rating": "5.0 out of 5 stars", "reviewTitle": "Great laptop for the money", "reviewDate": "June 5, 2020", "reviewText": "  I am very pleased with the purchase, quiet and fast operation.  Plays games at or near max specs.  No problems noted.", "is_Helpful": ""}, {"reviewerName": "PR Athletics", "reviewerUrl": "https://www.amazon.com/gp/profile/amzn1.account.AEQCA2X43PUOGCE5MFFQM5433JXA/ref=cm_cr_getr_d_gw_btm?ie=UTF8", "rating": "4.0 out of 5 stars", "reviewTitle": "good pretty and cheap", "reviewDate": "May 29, 2020", "reviewText": "  Excellent laptop for the price.", "is_Helpful": ""}, {"reviewerName": "Amazon Customer", "reviewerUrl": "https://www.amazon.com/gp/profile/amzn1.account.AEHFGJSQ5MBUCSVILDJI3D52DRUA/ref=cm_cr_getr_d_gw_btm?ie=UTF8", "rating": "5.0 out of 5 stars", "reviewTitle": "Great purchase!!", "reviewDate": "May 28, 2020", "reviewText": "\"  Purchased this laptop for my childrens school use during COVID quarantine with a mind toward gaming.  After a month of solid use we are extremely satisfied with its performance.  Great product!\"", "is_Helpful": ""}, {"reviewerName": "Raju Shivarama", "reviewerUrl": "N/A", "rating": "5.0 out of 5 stars", "reviewTitle": "        , Nice,", "reviewDate": "May 27, 2020", "reviewText": "  Specifications are good", "is_Helpful": ""}, {"reviewerName": "Ron", "reviewerUrl": "https://www.amazon.com/gp/profile/amzn1.account.AE7A3OUY5Y4ZAGPACIOJQR5M5BSA/ref=cm_cr_getr_d_gw_btm?ie=UTF8", "rating": "4.0 out of 5 stars", "reviewTitle": "\"Great for gaming... but the camera doesnt work?!\"", "reviewDate": "May 26, 2020", "reviewText": "\"  I use this laptop for gaming (FPS, RPG, etc) and it runs any AAA title I throw at it! I also use it with trading stock and Forex markets and it runs very well! The thing keeping me from giving it 5 stars is that I cant access the built-in camera for whatever reason. Ive tried everything and watched every self-help video you can find. Im still not sure why Im having this issue. But its not a super necessary thing for me so the laptop serves its purpose.\"", "is_Helpful": ""}, {"reviewerName": "CK", "reviewerUrl": "https://www.amazon.com/gp/profile/amzn1.account.AE5IRJI3RZDT7GCUH5RHSIJZLCEA/ref=cm_cr_getr_d_gw_btm?ie=UTF8", "rating": "5.0 out of 5 stars", "reviewTitle": "Great quality and very light!", "reviewDate": "May 23, 2020", "reviewText": "  Very light weight, and slink design.  Works great on most of the games that we play.", "is_Helpful": "One person found this helpful"}, {"reviewerName": "sreekanth", "reviewerUrl": "https://www.amazon.com/gp/profile/amzn1.account.AHKMFZ2ESOLFG74XNXYYZO25DMQA/ref=cm_cr_getr_d_gw_btm?ie=UTF8", "rating": "1.0 out of 5 stars", "reviewTitle": "Bad Battery life", "reviewDate": "May 10, 2020", "reviewText": "  Bad Battery life, No Video output over USB-C", "is_Helpful": ""}, {"reviewerName": "ebm from Mississauga, ON", "reviewerUrl": "N/A", "rating": "5.0 out of 5 stars", "reviewTitle": "        , Perfect for the price,   ", "reviewDate": "May 9, 2020", "reviewText": "  The main thing I needed from my gaming rig was mobility. I needed to be able to do work during the day but still wanted to wreck kids CS:GO and this laptop does it., \"The design looks professional so I dont look like a child when I pull the laptop out at meetings. No one hires a dude with a toy laptop, no matter how beastly it is.\", \"GPU is good for the physical size of it. This laptop is thin but it can still play most games on High at 60 fps. I dont know much about CPUs but I think the less you have to think about your CPU the better it is. Everything runs flawlessly. Having said that, this thing does get hot but I dont mind.\", SSD has changed my life. Waiting is for suckers., This thing is great! And it\\d be perfect if you can get it with a 17\" screen.", "is_Helpful": "One person found this helpful"}, {"reviewerName": "James Webb", "reviewerUrl": "https://www.amazon.com/gp/profile/amzn1.account.AFYREU4XOTRT72V3A26WZA7ZVCZQ/ref=cm_cr_getr_d_gw_btm?ie=UTF8", "rating": "5.0 out of 5 stars", "reviewTitle": "Quick & Easy", "reviewDate": "May 5, 2020", "reviewText": "  Quick and easy setup with very little bloatware.  Had it up and running with my preferred software in just a few hours.  Laptop is light and easy to move around.  Great price for the specs.", "is_Helpful": ""}, {"reviewerName": "GoogleAndrewYang", "reviewerUrl": "https://www.amazon.com/gp/profile/amzn1.account.AHQIYEUDJKVBCJ2F2ZDWBPKQI7WA/ref=cm_cr_arp_d_gw_btm?ie=UTF8", "rating": "5.0 out of 5 stars", "reviewTitle": "So far so good", "reviewDate": "May 5, 2020", "reviewText": "\"  I used to be a avid ASUS buyer when it came to computer parts, Ive known of MSI for awhile because of their GPU and Mobo among other parts but wasnt too sure about their Computers. I decided to take a chance after swearing off ASUS due to a new laptop of theirs blowing up after just 13 months of use.\", \"I will not be buying any other brand besides MSI from now on, they are far superior in Gaming than any other company. This laptop is thin and very lightweight but dont let that fool you, its very well made and powerful.\", I have had this laptop for about 7 months now and have had no issues with it so far, One thing I really enjoy about it is the extended warranty you get just for registering your laptop.", "is_Helpful": "16 people found this helpful"}, {"reviewerName": "jose e.", "reviewerUrl": "https://www.amazon.com/gp/profile/amzn1.account.AESTCPGNARFJJ4YB2V3GYZINUO7Q/ref=cm_cr_arp_d_gw_btm?ie=UTF8", "rating": "5.0 out of 5 stars", "reviewTitle": "Gaming/work", "reviewDate": "April 25, 2020", "reviewText": "  This is my first ever gaming laptop, love the quality build of this product. I knew I was going to go with MSI because of hearing they specifically specialize in gaming laptops and bringing great products to the market., I use this laptop for gaming and work, so definitely love the portability and how I can switch between playing online to getting straight to work., Along with laptop I am using it for my desk set up at home.", "is_Helpful": "10 people found this helpful"}, {"reviewerName": "Joci McCann", "reviewerUrl": "https://www.amazon.com/gp/profile/amzn1.account.AHIVHWXY734WUY2ZSYY6MHHIQAYQ/ref=cm_cr_getr_d_gw_btm?ie=UTF8", "rating": "5.0 out of 5 stars", "reviewTitle": "So great.", "reviewDate": "April 19, 2020", "reviewText": "  This laptop is amazing and at a great deal. I use it for playing sims 4. I have all the packs and expansions, it runs so smoothly. What is a loading screen?? I don\u2019t know anymore :) battery life is kinda short but playing such a detailed game would drain any laptop quickly.", "is_Helpful": "2 people found this helpful"}, {"reviewerName": "janet gutierrez", "reviewerUrl": "https://www.amazon.com/gp/profile/amzn1.account.AE5FBYKARBH7F3LJWFIMT735HUDA/ref=cm_cr_getr_d_gw_btm?ie=UTF8", "rating": "3.0 out of 5 stars", "reviewTitle": "Connection issues will make you want to return it", "reviewDate": "April 17, 2020", "reviewText": "  I bought the i7, 512 version. It ended up coming with around 450gb. Terrible connection issues. Could not load into a single game even when sitting directly next to my router.  I just got it today and will be returning first thing monday.", "is_Helpful": "One person found this helpful"}, {"reviewerName": "Tony L", "reviewerUrl": "https://www.amazon.com/gp/profile/amzn1.account.AGOQQPJLPOVW6DIUZOW464BYI6DA/ref=cm_cr_getr_d_gw_btm?ie=UTF8", "rating": "4.0 out of 5 stars", "reviewTitle": "Great for overall gaming and quiet, but runs hot above the function keys", "reviewDate": "April 16, 2020", "reviewText": "\"  PROS: Great value for mid-range gaming, especially MMOs like SWTOR and Guild Wars 2; runs very quiet and doesnt come pre-packaged with tons of bloatware; a decent mix of peripheral slots  3 USB, 1 USB-C, 1 HDMI; light for a gaming laptop.\", CONS: Due to the design (heatsink/GPU placement), runs VERY hot above the function keys during gaming.  Regular non-gaming use is not an issue. This can be mitigated with a cooling pad, but I do not recommend closing the lid for hours on end (for example, if you are using an external monitor) as the heat will likely warp your screen over time.", "is_Helpful": "2 people found this helpful"}, {"reviewerName": "Stanley Hui", "reviewerUrl": "https://www.amazon.com/gp/profile/amzn1.account.AE37M7VRHTNCGPFINYBWUUY7RGRA/ref=cm_cr_getr_d_gw_btm?ie=UTF8", "rating": "1.0 out of 5 stars", "reviewTitle": "Monitor is black screen when turned on", "reviewDate": "March 28, 2020", "reviewText": "  The monitor is blackscreen when i turned on the laptop. The display does not work", "is_Helpful": ""}, {"reviewerName": "Roman Zlatov", "reviewerUrl": "https://www.amazon.com/gp/profile/amzn1.account.AHWV3NXWDU4DNLFZKR2VI37CFBBQ/ref=cm_cr_getr_d_gw_btm?ie=UTF8", "rating": "5.0 out of 5 stars", "reviewTitle": "Super", "reviewDate": "March 22, 2020", "reviewText": "  Super", "is_Helpful": ""}, {"reviewerName": "Tierra A. Lomas", "reviewerUrl": "https://www.amazon.com/gp/profile/amzn1.account.AEPUMVGKOEYS36OTZ4MG3ZP45NIQ/ref=cm_cr_getr_d_gw_btm?ie=UTF8", "rating": "1.0 out of 5 stars", "reviewTitle": "Great specs, Poor build construction - MSI GF63-8RD", "reviewDate": "March 19, 2020", "reviewText": "  I purchased this device mainly for the video processing power and the CPU and the price. I need a strong work computer for specific applications. This has the computing power and beyond. Early on this system performed well, but the unit lacks any reasonable longevity. Thus overall, buying this was mistake., The good is the computing power:, \"The bad is the build construction - after maybe 8mos the sound went out. Not out out, but the volume was so low its no longer useful. Unfortunately me for I was in the thick of a major project and going without my unit to process a warranty repair wasnt going to happen.\", \"The very bad is build construction - after maybe 11 mos the screen bezel started separating. Again bad for me, Im still in the thick of project work.  And then while trying to look and figure out how this happens, I noticed the bottom cover is missing screws and cracking.\", \"Now Im post warranty, 12/13 mos after purchase, and this system is essentially a pile of spare parts.\", \"Ive bought MSI motherboards before and thought id be getting a good product.  Unfortunately their laptops are a misleading brand, grossly under-designed for mobile use. Im left feeling taken advantage of, essentially robbed. Now after the fact, Im learning this build construction is a flaw for others. Im debating if i want to go the route to figure out a better fix myself or scrap and get something will proven track record. One things for sure, MSI let me down.\"", "is_Helpful": "2 people found this helpful"}, {"reviewerName": "Jose", "reviewerUrl": "https://www.amazon.com/gp/profile/amzn1.account.AFSC7Y2MPHWBFTQHQXMGY3JW3I2Q/ref=cm_cr_getr_d_gw_btm?ie=UTF8", "rating": "1.0 out of 5 stars", "reviewTitle": "Black Friday Rip Off", "reviewDate": "March 17, 2020", "reviewText": "  I guess they thought they were sneaky raising the price during black Friday and selling it for what they normally do as a \"discount\" price., Also., Battery sucks. Royally.", "is_Helpful": ""}, {"reviewerName": "Nikita S.", "reviewerUrl": "https://www.amazon.com/gp/profile/amzn1.account.AH7ZMH2YVPXS4C2NOBEQGTZZMNJA/ref=cm_cr_getr_d_gw_btm?ie=UTF8", "rating": "4.0 out of 5 stars", "reviewTitle": "Very good computer", "reviewDate": "March 14, 2020", "reviewText": "  A very good computer.", "is_Helpful": ""}, {"reviewerName": "Marcelo", "reviewerUrl": "https://www.amazon.com/gp/profile/amzn1.account.AFHSOP53ERDNLEFNZDT4W6JEJR7Q/ref=cm_cr_getr_d_gw_btm?ie=UTF8", "rating": "5.0 out of 5 stars", "reviewTitle": "Gaming only", "reviewDate": "March 8, 2020", "reviewText": "\"  Dont have a sd card reader\"", "is_Helpful": ""}, {"reviewerName": "Paul Shepherd", "reviewerUrl": "https://www.amazon.com/gp/profile/amzn1.account.AH7TFOXY6DENG54ZN62SHWZNUBIA/ref=cm_cr_getr_d_gw_btm?ie=UTF8", "rating": "5.0 out of 5 stars", "reviewTitle": "Great for sim.", "reviewDate": "March 6, 2020", "reviewText": "  Bought for friend. He uses for golf simulator and it works great.", "is_Helpful": ""}, {"reviewerName": "Felix Tollkuehn", "reviewerUrl": "N/A", "rating": "3.0 out of 5 stars", "reviewTitle": "        , Okqy,", "reviewDate": "March 5, 2020", "reviewText": "  It is okay", "is_Helpful": ""}, {"reviewerName": "P. Cardelli", "reviewerUrl": "https://www.amazon.com/gp/profile/amzn1.account.AFTQOMZTMF4AACVIBYXUZGHFGW5A/ref=cm_cr_getr_d_gw_btm?ie=UTF8", "rating": "5.0 out of 5 stars", "reviewTitle": "Want a good power house laptop for running VMs and a little gaming on the side", "reviewDate": "February 28, 2020", "reviewText": "  Great balanced little laptop, easy to upgrade. Put in 32gb ram chip and 2TB SSD with out much fuss", "is_Helpful": "3 people found this helpful"}, {"reviewerName": "Pedro", "reviewerUrl": "https://www.amazon.com/gp/profile/amzn1.account.AHEG6YBMZRARBAXQGDYJEJWDNFEA/ref=cm_cr_getr_d_gw_btm?ie=UTF8", "rating": "5.0 out of 5 stars", "reviewTitle": "Excellent", "reviewDate": "February 26, 2020", "reviewText": "  Excellent", "is_Helpful": ""}, {"reviewerName": "Erik Valeev", "reviewerUrl": "https://www.amazon.com/gp/profile/amzn1.account.AHPNSXMDJH5GXOJW6J6WYMNERKJA/ref=cm_cr_getr_d_gw_btm?ie=UTF8", "rating": "2.0 out of 5 stars", "reviewTitle": "battery capacity was 89%!", "reviewDate": "February 26, 2020", "reviewText": "  battery capacity was 89%!! so strange for NEW LAPTOP. Checked it in aida64", "is_Helpful": ""}, {"reviewerName": "Richard Horton", "reviewerUrl": "https://www.amazon.com/gp/profile/amzn1.account.AG3DEHHCMQ2OEOQYFSM2USRGVG2Q/ref=cm_cr_getr_d_gw_btm?ie=UTF8", "rating": "1.0 out of 5 stars", "reviewTitle": "Can\u2019t do what it was made for", "reviewDate": "February 24, 2020", "reviewText": "  Can\u2019t play a single game with out it kicking me out. I updated everything and still have the problem. Other things like office and school it does the job but not what the computer was made for. Msi is trash.", "is_Helpful": ""}, {"reviewerName": "Zii-Money-Lebowski", "reviewerUrl": "https://www.amazon.com/gp/profile/amzn1.account.AHHE5W6TMDX5C7GAUC66ZWDXESGA/ref=cm_cr_getr_d_gw_btm?ie=UTF8", "rating": "3.0 out of 5 stars", "reviewTitle": "Shoulda been cheaper", "reviewDate": "February 23, 2020", "reviewText": "\"  Most things run smoothly and fast. Cant run Path of Exile at full quality. Bought a 5 TB external to make up for lack of storage.\"", "is_Helpful": ""}, {"reviewerName": "E Killum", "reviewerUrl": "https://www.amazon.com/gp/profile/amzn1.account.AED5OUM24AP5L5U4N2YMZH7M3WAQ/ref=cm_cr_getr_d_gw_btm?ie=UTF8", "rating": "5.0 out of 5 stars", "reviewTitle": "A portable beast", "reviewDate": "February 22, 2020", "reviewText": "\"  Powerful enough for anything Ive thrown at it. Whether its gaming, music production, video editing. A solid laptop.\"", "is_Helpful": ""}, {"reviewerName": "Julia O.", "reviewerUrl": "https://www.amazon.com/gp/profile/amzn1.account.AEX4OXAMFTXWXYIC23E447K33CJQ/ref=cm_cr_getr_d_gw_btm?ie=UTF8", "rating": "3.0 out of 5 stars", "reviewTitle": "WiFi card came broken", "reviewDate": "February 17, 2020", "reviewText": "\"  The graphics are amazing battery life sucks. My WiFi card came broken so I had to use Ethernet. Its decent definitely not great\"", "is_Helpful": ""}, {"reviewerName": "juan sebastian caicedo", "reviewerUrl": "https://www.amazon.com/gp/profile/amzn1.account.AFD72GCKNEPSZS4BAVHFV4MCBC4A/ref=cm_cr_getr_d_gw_btm?ie=UTF8", "rating": "5.0 out of 5 stars", "reviewTitle": "Excellent", "reviewDate": "February 11, 2020", "reviewText": "  Excellent", "is_Helpful": ""}, {"reviewerName": "Betty A.", "reviewerUrl": "https://www.amazon.com/gp/profile/amzn1.account.AEHQIA3LJJT3XOFA67YSZ7XVOXFQ/ref=cm_cr_getr_d_gw_btm?ie=UTF8", "rating": "5.0 out of 5 stars", "reviewTitle": "Great quality! :)", "reviewDate": "February 7, 2020", "reviewText": "  Great product, Very recommended. Expecting the battery would last longer but it didn\u2019t. But overall, this is a good thin gaming laptop.", "is_Helpful": "3 people found this helpful"}, {"reviewerName": "beanbun", "reviewerUrl": "https://www.amazon.com/gp/profile/amzn1.account.AERHM6FIKFO3CDAYY5I244XFNVMA/ref=cm_cr_getr_d_gw_btm?ie=UTF8", "rating": "5.0 out of 5 stars", "reviewTitle": "So far, so good", "reviewDate": "February 5, 2020", "reviewText": "  Grabbed this on an Amazon Daily Deal to replace my other half\\s sadly underpowered 2 yo laptop. Runs Adobe Creative Cloud like a boss, which is what he wanted. Screen looks great, speed is fantastic, haven\\t run into any \"Lightroom crashes the graphics card\" issues like we did before. Very pleased so far.", "is_Helpful": ""}, {"reviewerName": "Q Q", "reviewerUrl": "https://www.amazon.com/gp/profile/amzn1.account.AEDHSFGUKCKRM6T23LLHLKXCUNPA/ref=cm_cr_getr_d_gw_btm?ie=UTF8", "rating": "5.0 out of 5 stars", "reviewTitle": "Best value laptop for under $ 1,000", "reviewDate": "February 3, 2020", "reviewText": "  This is a powerful laptop, its configuration is enough for me", "is_Helpful": "2 people found this helpful"}, {"reviewerName": "Yilmaz Yapici", "reviewerUrl": "https://www.amazon.com/gp/profile/amzn1.account.AEAM64GKSWNIMJCDKZEOBGBQXPKA/ref=cm_cr_getr_d_gw_btm?ie=UTF8", "rating": "5.0 out of 5 stars", "reviewTitle": "Would be the best if it has a better battery life", "reviewDate": "February 2, 2020", "reviewText": "  Although it has a bad battery life other features are great. If you are looking for a laptop that battery life is not very important, it is the one around $1000", "is_Helpful": ""}, {"reviewerName": "Inna", "reviewerUrl": "https://www.amazon.com/gp/profile/amzn1.account.AH6Z5HL7F4SVTVDEXU23AKCI7PKA/ref=cm_cr_getr_d_gw_btm?ie=UTF8", "rating": "5.0 out of 5 stars", "reviewTitle": "Computer", "reviewDate": "February 2, 2020", "reviewText": "  Great quality and design .", "is_Helpful": "One person found this helpful"}, {"reviewerName": "jason steinberger", "reviewerUrl": "https://www.amazon.com/gp/profile/amzn1.account.AE6XVUPLUM3EJLME2VCPVUIBGHYA/ref=cm_cr_getr_d_gw_btm?ie=UTF8", "rating": "5.0 out of 5 stars", "reviewTitle": "I love it, most powerful laptop I have evern owned", "reviewDate": "January 28, 2020", "reviewText": "\"  Pretty good quality, everything as described, plays WoW like a champ, absolutely wonderful for video editing and 3D printing, its so fast.  Very happey with this purchase.\"", "is_Helpful": "One person found this helpful"}, {"reviewerName": "Igor Silkin", "reviewerUrl": "https://www.amazon.com/gp/profile/amzn1.account.AGMHU2HE4KRHCSN4EZACWO3T2RIQ/ref=cm_cr_getr_d_gw_btm?ie=UTF8", "rating": "5.0 out of 5 stars", "reviewTitle": "Really good !", "reviewDate": "January 25, 2020", "reviewText": "  I really like it !", "is_Helpful": ""}, {"reviewerName": "Enrique Santiago", "reviewerUrl": "https://www.amazon.com/gp/profile/amzn1.account.AH2TD4AOAYI33SQVN6EGKAXJZN5Q/ref=cm_cr_getr_d_gw_btm?ie=UTF8", "rating": "5.0 out of 5 stars", "reviewTitle": "Works well", "reviewDate": "January 25, 2020", "reviewText": "  Runs games very well as long the charger is plugged in, recommend by a storage unit along with this", "is_Helpful": ""}, {"reviewerName": "Peejay", "reviewerUrl": "https://www.amazon.com/gp/profile/amzn1.account.AEUJNBRP63SAMZQXTSJ2R3JJKHXA/ref=cm_cr_getr_d_gw_btm?ie=UTF8", "rating": "5.0 out of 5 stars", "reviewTitle": "Excellent gaming laptop", "reviewDate": "January 24, 2020", "reviewText": "\"  Purchased as a Christmas gift for my grandson.  Now I wish I had not. He is thrilled with it. Cant get it out of his hands. Its the fastest computer he has owned. It allows him to play the games his old one didnt.  I think I made an excellent choice.\"", "is_Helpful": "2 people found this helpful"}, {"reviewerName": "Y G", "reviewerUrl": "https://www.amazon.com/gp/profile/amzn1.account.AE7ONCIHI33ZAHNCRXXQHKL3ORXQ/ref=cm_cr_getr_d_gw_btm?ie=UTF8", "rating": "5.0 out of 5 stars", "reviewTitle": "Great value for money", "reviewDate": "January 24, 2020", "reviewText": "  Great laptop", "is_Helpful": ""}, {"reviewerName": "JT", "reviewerUrl": "https://www.amazon.com/gp/profile/amzn1.account.AEEB67ANONDUKKAVFOV2QYRJPM4Q/ref=cm_cr_getr_d_gw_btm?ie=UTF8", "rating": "1.0 out of 5 stars", "reviewTitle": "Product info is wrong", "reviewDate": "January 24, 2020", "reviewText": "  2 separate hard drives with a total of only 455gb not 512.  And only 1 fan, not 2.", "is_Helpful": "One person found this helpful"}, {"reviewerName": "Amazon Customer", "reviewerUrl": "https://www.amazon.com/gp/profile/amzn1.account.AERUWBIEQC2VTRUVAIUL5DIGIGIA/ref=cm_cr_getr_d_gw_btm?ie=UTF8", "rating": "5.0 out of 5 stars", "reviewTitle": "Awesome", "reviewDate": "January 21, 2020", "reviewText": "  Good deal\uff01", "is_Helpful": ""}, {"reviewerName": "Ron B", "reviewerUrl": "https://www.amazon.com/gp/profile/amzn1.account.AENJWEPYDIFVEIYZTIM4M234CLIA/ref=cm_cr_arp_d_gw_btm?ie=UTF8", "rating": "2.0 out of 5 stars", "reviewTitle": "Roll The Dice with MSI", "reviewDate": "January 14, 2020", "reviewText": "\"  Non stop problems out of the box. Sound did not work, updating drivers as per MSI support bricked computer. Factort reset. Runs hot, fans not working, CPU shuts down. Dragon Center 2 update corrupted SSD, cant log in. Another factory reset and told by MSI to RMA this two week old computer. Disappointed with MSI quality and customer support. Another brick returned to Amazon.\"", "is_Helpful": "8 people found this helpful"}, {"reviewerName": "Safetyfoxxo", "reviewerUrl": "https://www.amazon.com/gp/profile/amzn1.account.AH6L3VNPBKU7DH2EL2TCQV33ZRZA/ref=cm_cr_getr_d_gw_btm?ie=UTF8", "rating": "5.0 out of 5 stars", "reviewTitle": "Best bang for your buck in size and power! ^_^", "reviewDate": "January 3, 2020", "reviewText": "  Best bang for your buck! For capture card streaming and portability! Battery life is ridiculous  awesomes! Great balanced laptop and powerful for its price range. Im happy with and love it", "is_Helpful": ""}, {"reviewerName": "Pen A", "reviewerUrl": "https://www.amazon.com/gp/profile/amzn1.account.AGJU2VG37RVQ5R3DP23L7YZIQGEA/ref=cm_cr_arp_d_gw_btm?ie=UTF8", "rating": "1.0 out of 5 stars", "reviewTitle": "Poor heat management design", "reviewDate": "January 1, 2020", "reviewText": "  Components turn off because of local heat issues. WiFi stops working and CPU throttles once temperature gets above a certain point. Had to return it for a different model.", "is_Helpful": "10 people found this helpful"}, {"reviewerName": "erin sullivan", "reviewerUrl": "https://www.amazon.com/gp/profile/amzn1.account.AE4GJSZHNUNNHBJIMOA7BQ5LDDUQ/ref=cm_cr_getr_d_gw_btm?ie=UTF8", "rating": "5.0 out of 5 stars", "reviewTitle": "Laptop", "reviewDate": "December 26, 2019", "reviewText": "  This was bought for a college student. He absolutely loves it so far. Set up was easy. Would buy again!", "is_Helpful": ""}, {"reviewerName": "Sresq", "reviewerUrl": "https://www.amazon.com/gp/profile/amzn1.account.AEZRYQUIPFESZNCMG3XCNRS3CNVQ/ref=cm_cr_getr_d_gw_btm?ie=UTF8", "rating": "1.0 out of 5 stars", "reviewTitle": "Beware of MSI products! Bad products, bad company!", "reviewDate": "December 24, 2019", "reviewText": "\"  MSI is the only company, ever, that has rejected a mail-in rebate I did. Ive done dozens of them over the years, always kept careful records. MSI decided to just steal $100 it promised.\", \"The particular product they lied about the rebate was a graphics card. That card failed after 2.5 years of LIGHT use. Normally I dont have GPUs ever fail on me and they get tossed out after 6-7 years when the PC gets too old.\"", "is_Helpful": "One person found this helpful"}, {"reviewerName": "Damian R. Kirkwood", "reviewerUrl": "https://www.amazon.com/gp/profile/amzn1.account.AEPBI5L4S3AHZMMEZPJ4HIUGR32A/ref=cm_cr_arp_d_gw_btm?ie=UTF8", "rating": "5.0 out of 5 stars", "reviewTitle": "Great option for price", "reviewDate": "December 20, 2019", "reviewText": "  I chose this because i travel a lot for work and would like a gaming laptop for the motel rooms. This is a perfect option, the specs are amazing for the price.  I got the gf63-9sc-066 with 16gb ram and it runs Destiny 2 with no problem.  I think if your looking for a more affordable gaming laptop, this is the one.  I think it runs a little hot and when you enable the cooling fan its loud, but cmon its a laptop, so far I am very happy with purchase, I will update in a couple months of use and travel.", "is_Helpful": "10 people found this helpful"}, {"reviewerName": "justin", "reviewerUrl": "https://www.amazon.com/gp/profile/amzn1.account.AHP5DESH33EKWJ6DUAKWM2PBTJ6Q/ref=cm_cr_getr_d_gw_btm?ie=UTF8", "rating": "5.0 out of 5 stars", "reviewTitle": "Strong", "reviewDate": "December 13, 2019", "reviewText": "  Very good laptop for price. Plays all games i want to play on ultra easily :)", "is_Helpful": "2 people found this helpful"}, {"reviewerName": "Drewis1337", "reviewerUrl": "https://www.amazon.com/gp/profile/amzn1.account.AGKGQ2LGD55ITTGBFVQ2EAX6HQBA/ref=cm_cr_arp_d_gw_btm?ie=UTF8", "rating": "5.0 out of 5 stars", "reviewTitle": "Good inexpensive gaming laptop", "reviewDate": "December 8, 2019", "reviewText": "  Ok so let me start by saying I only bought this because of the cyber Monday deal they had, was essentially $800 to my door with a GTX1650 and 16mb ram., So my last rig was a 15\u201d Razer Blade that was my absolute favorite. The build quality and overall presentation of that over this one is quite noticeable., HOWEVER...after updates, configuring fans and speeds this thing has played both Rust and Borderlands 3 without a bit of lag and also noticeably quieter fans. It does get warm but doesn\u2019t seem any worse then any other laptop., So if you can get a deal on it, go for it. Not sure I\u2019d pay full price but so far this thing is kicking butt.", "is_Helpful": "24 people found this helpful"}, {"reviewerName": "Otter", "reviewerUrl": "https://www.amazon.com/gp/profile/amzn1.account.AE4XPHPRPYAX4WQ7MU5ILOPO36UQ/ref=cm_cr_getr_d_gw_btm?ie=UTF8", "rating": "5.0 out of 5 stars", "reviewTitle": "Great for the gaming kid", "reviewDate": "December 6, 2019", "reviewText": "  I bought this for my son for his birthday.  It has not disappointed me or my son.  Works great for fortnite and roblox.  Easy to set up and have had no issues yet.  Very happy with the PC.", "is_Helpful": ""}, {"reviewerName": "Tronz73", "reviewerUrl": "https://www.amazon.com/gp/profile/amzn1.account.AHXTSGRWZPPMZKC4RLZ2WOW5BFAQ/ref=cm_cr_getr_d_gw_btm?ie=UTF8", "rating": "5.0 out of 5 stars", "reviewTitle": "Great budget/entry level gaming laptop.", "reviewDate": "December 2, 2019", "reviewText": "  So far, the MSI GF63 Thin 9sc-066 laptop is great. Only knock would be battery life.", "is_Helpful": "One person found this helpful"}, {"reviewerName": "Juan P", "reviewerUrl": "https://www.amazon.com/gp/profile/amzn1.account.AENLYH24RS34QVE22XKK2JAB6EHQ/ref=cm_cr_getr_d_gw_btm?ie=UTF8", "rating": "5.0 out of 5 stars", "reviewTitle": "Just a fan", "reviewDate": "November 25, 2019", "reviewText": "  It has only one air leak, this makes it not so good to play, you have to have the fan to the maximum so that it does not get hot. from the rest very good machine", "is_Helpful": "One person found this helpful"}, {"reviewerName": "william hampton", "reviewerUrl": "https://www.amazon.com/gp/profile/amzn1.account.AFQTJ6BFTUDLRJZQ2QB5HOD4YONA/ref=cm_cr_getr_d_gw_btm?ie=UTF8", "rating": "4.0 out of 5 stars", "reviewTitle": "Great budget laptop...not fire friendly", "reviewDate": "November 18, 2019", "reviewText": "\"  This laptop worked great until my house burned down and took it out. Guess the heatsinks werent rated for a 3 alarm fire. Going to purchase another one when I get the money to.\"", "is_Helpful": "5 people found this helpful"}, {"reviewerName": "Kindle Customer", "reviewerUrl": "https://www.amazon.com/gp/profile/amzn1.account.AF3S7L6YH23Y666R7ZT7TEVR64TA/ref=cm_cr_arp_d_gw_btm?ie=UTF8", "rating": "5.0 out of 5 stars", "reviewTitle": "Best laptop under $1100", "reviewDate": "August 5, 2019", "reviewText": "  The laptop is a perfect all-rounder. It can game very comfortably and can do basically everything you throw at it. The build quality is great. The only real downside was the track pad. It was very responsive but felt cheap. Overall, a great laptop.", "is_Helpful": "41 people found this helpful"}, {"reviewerName": "Nate Grossman", "reviewerUrl": "https://www.amazon.com/gp/profile/amzn1.account.AEAWXBQPDINZGPECX54B4HH4XDFA/ref=cm_cr_arp_d_gw_btm?ie=UTF8", "rating": "3.0 out of 5 stars", "reviewTitle": "Good bargain, noticeable shortcomings.", "reviewDate": "June 10, 2019", "reviewText": "  This laptop works ok for gaming. The Mac screen resolution is 1080p which seems small for the graphics card. When I compare this laptop to my work dell which runs a GTX1060 and has a gen 7 i7, the dell performs much better., I wish this laptop could perform better with online gaming.", "is_Helpful": "54 people found this helpful"}], "qAndA": [{"question": "would this be useful for animation?", "answer": "Yes, it can be useful for animation."}, {"question": "Is the product covered by international warranty?", "answer": "I didn't purchase the product. My account was hacked and purchased without my consent. The item was returned to Amazon."}, {"question": "Me podrias confirmar la velocidad del procesador?", "answer": "Answer not available"}, {"question": "I have a. headset that has a mic on it. will the mic work for discord? or will I have to buy a separate mic. also can it stay on a game all night?", "answer": "The mic on your headset should work the same with this as it would with any other computer. As for game time, you'll be lucky to get an hour and a half of gaming on battery power. if you plan on using this for extended gaming sessions, keep it plugged in. It'll only get about 7 hours max on battery with simple/school\u2026 see more"}, {"question": "The laptop came today but I found out that mine doesn't have the red backlit light. Why is this?", "answer": "Try Fn + PGUP and see if key brightness increases. Otherwise, it may have been an option. I failed to note the laptop did not have number pad."}, {"question": "I just ordered the 512gb one. What if it comes damaged or not the right parts?", "answer": "Just return it, it's Amazon"}, {"question": "How long will the battery last when watching Youtube in HD?", "answer": "Answer not available"}, {"question": "What is the country of origin? Fabrication?", "answer": "Taiwan"}, {"question": "If you want to get the cargo Turkey.", "answer": "Answer not available"}, {"question": "How long will the battery last when watching Youtube in HD?", "answer": "The answer will vary but you may see battery life of about 3-4 hours."}, {"question": "If i buy this product from us and bring it to India will the warranty work here, i mean does ot have global warranty ?", "answer": "Answer not available"}, {"question": "Me podr\u00edas confirmar exactamente las caracter\u00edsticas del equipo por favor?", "answer": "Es una laptop compacta con cubierta de pl\u00e1stico a pesar de eso se siente s\u00f3lida, tiene un solo fan, as\u00ed que si piensas jugar espera que se caliente, a\u00fan as\u00ed no llega a niveles de sobre calentamiento si usas las caracter\u00edsticas de rendimiento, la que yo compr\u00e9 (por qu\u00e9 hay varias opciones) tiene un procesador i7 de nove\u2026 see more"}, {"question": "Does anyone know why the price just dropped from ~$1,000 to ~$800??", "answer": "Answer not available"}, {"question": "How hard is it to install a hdd and ram upgrade?", "answer": "Is very Easy you can look for the video .. upgrading the SSD and HDD in the MSI GF63 Gaming Laptop. I wouldn't do it myself unless you now a little."}, {"question": "Como hago para reservar una unidad con el precio actual? el computador viene con 1tb o 512 gb de ssd. gracias!", "answer": "Answer not available"}, {"question": "Cu\u00e1nto aumenta si se pide para Ecuador??", "answer": "Answer not available"}, {"question": "Can you change the keyboard backlight color?", "answer": "No. The keyboard backlight is red."}, {"question": "Is it seriously 45% ntsc?", "answer": "Yes, this model is listed as having a display with 45% NTSC."}, {"question": "If this has a dedicated 1650 why is there no display options in Nvidia control panel? I can't even turn gsync on ?", "answer": "Contact Dragon Center, they will walk you thru it. The customer service with MSI has been actually amazing"}, {"question": "Can it run \u201cEscape From Tarkov\u201d?", "answer": "Yes it can run a great majority of games, it\u2019s a great laptop. It was specifically bought to play games on."}, {"question": "Can I add Hdd to this laptop beside Ssd?", "answer": "Due to the thin form factor you will not be able to add a 2.5\" SATA HDD."}, {"question": "How fast is the SSD?", "answer": "Answer not available"}, {"question": "can type c connection be used for display port ?", "answer": "USB 3.1 Gen 1 Port (Type C)\nUSB 3.1 Gen 1, the SuperSpeed USB, delivers the higher interface speeds for\nconnecting various devices, such as storage devices, hard drives, or video cameras, \u2026 see more"}, {"question": "How do you get the camera to work?", "answer": "Function (Fn) + F6 turns the camera on/off."}, {"question": "ustedes pueden enviarlo directamente a Guatemala y cuanto sube de costo?", "answer": "Answer not available"}, {"question": "I heard that msi allows the opening and upgrading of the laptop without voiding the warranty even if the seal sticker is broken. is that true in 2020?", "answer": "Answer not available"}, {"question": "Quisiera saber el precio real en libras y su respectivas dimensiones en pulgadas", "answer": "Answer not available"}, {"question": "Whats the purpose of the metal thing that comes in a zip bag with some screws??", "answer": "It is an extra slot, in case if you need to upgrade or add and extra Sdd/hdd"}, {"question": "Does this take single channel or dual channel RAM?", "answer": "This model supports dual channel RAM."}, {"question": "Does this have a slot to put a security lock on it?", "answer": "Answer not available"}, {"question": "free prime membership", "answer": "Answer not available"}, {"question": "Would I be able to hook up an external monitor and keyboards", "answer": "Naturally"}, {"question": "How long is the battery laptop for like browsing the web", "answer": "excelente estoy contento con esta compra"}, {"question": "Can you upgrade ram?", "answer": "It is possible to upgrade RAM, however the RAM slots cannot be easily accessed."}, {"question": "Me lo pueden enviar a M\u00e9xico??", "answer": "Answer not available"}, {"question": "does msi provide a global warranty fro this computer?", "answer": "Answer not available"}, {"question": "Can this laptop run farming simulator with ease?", "answer": "Growing potatoes is very hardware intensive, but this laptop can handle it."}, {"question": "Is the laptop aluminium or plastic ?", "answer": "The shell is made of plastic, it just looks metallic."}, {"question": "Can it work with the Oculus rift or quest?", "answer": "I don't know about this EXACT model, but my son has a similar MSI laptop that he tried using the Occulus Rift with, but it didn't work. Apparently the HDMI port (for anything external to the computer) on the laptop uses the default video, not the onboard graphics card. His MSI is only about a year old, so I'd expect th\u2026 see more"}, {"question": "Good afternoon i would like to know the hard drive? size", "answer": "This is an I7, 16 gb hard drive."}, {"question": "Does this laptop come with warenty of msi ? If yes then how many year ?", "answer": "Answer not available"}, {"question": "Can you hook up 2 monitors? i notice it has hdmi can a monitor be plugged into the usbc as well?", "answer": "No, the USB C port is not a ThunderBolt 3 port for video output."}, {"question": "what is the weight of the notebook?", "answer": "The GF63 Thin weighs about 4.1 lbs."}, {"question": "why does it show that the 1650 is better than the 1060 by 53% on the picture?", "answer": "Answer not available"}, {"question": "Does it have extra m. 2 slot?", "answer": "Answer not available"}, {"question": "Can I use a 144hz monitor with these ports?", "answer": "No, this model only has HDMI port which does not reach to 144Hz refresh rate."}, {"question": "Does it have an international warranty? (Israel)", "answer": "Answer not available"}, {"question": "tiene cargador Bivolt 110 a 220? soy de Chile", "answer": "Power Input 100~240V, 50~60Hz"}, {"question": "Can you change the keyboard backlight color?", "answer": "No. The keyboard only has a red backlight."}, {"question": "Is it possible to get it with a spanish keyboard? I mean, with \"\u00f1\" in it", "answer": "Answer not available"}, {"question": "Is this laptop a touchscreen?", "answer": "No, this laptop does not have a touchscreen."}, {"question": "Does this laptop have a hdmi output?", "answer": "Yes."}, {"question": "Does this have international warranty in India?", "answer": "Answer not available"}, {"question": "Does this laptop has dual cooler for cpu and gpu or is single cooler as previous model?", "answer": "Answer not available"}, {"question": "Does this have a security program", "answer": "It has windows defender but you\u2019d have to purchase norton or one of the other ones if you want a different one, windows defender seems pretty good though"}, {"question": "This notebook really have 2 fans? i saw some videos from the previous gf63 with intel 8th processors with only one fan.", "answer": "Answer not available"}, {"question": "this model is 9750 and gtx 1650 16g ram 512 ssd sell 1099us\uff1f", "answer": "Answer not available"}, {"question": "Does this computer have an international guarantee? I'm from Costa Rica", "answer": "Answer not available"}, {"question": "How well can this laptop run r6 siege?", "answer": "I get 100+ frames on Max settings"}, {"question": "Me podrias confirmar la velocidad del procesador?", "answer": "Intel i7"}, {"question": "Can this run Dead or alive 6 and resident evil 3?", "answer": "Sure I am running Read DEad REdemption with almost all ultra graphics. Works nice."}, {"question": "Is this wifi 5 or wifi6?", "answer": "2.4 and 5ghz"}, {"question": "What items are included in this item? Can I upgrade my memory myself?", "answer": "I am not sure about that. I would check technical stats for those answers"}, {"question": "Would amazon ship this through usps or through ups?", "answer": "Don't remember who dropped it off but came in 2 days."}, {"question": "How are the speakers/audio quality?", "answer": "Good my daughter says"}, {"question": "How do I connect this laptop to an external monitor if it doesn't have an hdmi out port? My monitor only has hdmi input.", "answer": "The one I got for my son has an HDMI out. Not sure what changed."}, {"question": "Is this laptop decent for vr games? more specifically pistol whip, walking dead saints and sinners, and skyrim?", "answer": "Well, depends. I mean yes it can run VR games however it only has a 60hz monitor and 8GB of RAM. To get the best out of VR so as to not feel possibly ill you would want a monitor that can run at least 144hz and with at least 16GB of Ram."}, {"question": "What is the expected battery life while streaming?", "answer": "Answer not available"}, {"question": "Does it have international warranty ? I\u2019m from Sri Lanka.", "answer": "Answer not available"}, {"question": "Is there or is there not an additional (separate) slot apart from ssd in which i can insert a hdd 2.5\" sata? pls be accurate. responses are confusing.", "answer": "Answer not available"}, {"question": "Why is it saying the gtx 1650 is way better than the 1060 if it is clearly not better? This is false info", "answer": "There is no documentation stating the GTX 1650 performs better than GTX 1060."}, {"question": "I want to update the ram memory, what ram memory should I use", "answer": "The laptop supports DDR4 2666MHz SODIMM RAM."}, {"question": "Does this machine support multiple displays? does the usb-c support video?", "answer": "Hi! yes this laptop supports multiple monitors I use it with two... one via HDMI and other vias DP"}, {"question": "Have web cam??", "answer": "Yes, 720p HD Webcam."}, {"question": "The keyword includes the \u00f1 key?", "answer": "No la incluye!!!"}, {"question": "Can i get warranty in india?i heard msi has global warranty of 1 year.", "answer": "Answer not available"}, {"question": "If i decide to buy this one, may i opt to receive it by ups in brazil? is it possible to know how much time of use it have?", "answer": "Answer not available"}, {"question": "How many fans does this model have?", "answer": "2 decent ones that you can turn on \"cooler boost\". Although it's not quiet, it really keeps the heat down. I'm impressed with this little, light, budget gaming laptop."}, {"question": "why the shipping become 1-2 months ? it was only 7-10 days !!", "answer": "no"}, {"question": "Does it come with windows and which version ?", "answer": "Windows 10 and I hate it but all computers have it now."}, {"question": "Que garantia tiene este laptop?", "answer": "1 a\u00f1o, y si la registras en la p\u00e1gina msi, te dan 3 meses m\u00e1s."}, {"question": "Why does my dragon center only include one fan?", "answer": "Answer not available"}, {"question": "is this have dragon center?", "answer": "Yes, the laptop has Dragon Center."}, {"question": "Is it a rtx 1650 ti or a 1050 ti ???", "answer": "No it comes with a gtx 1650 that its more powerfull than a 1050 ti"}, {"question": "is it coming with windows 10 or freedos? and can I arrange the laptop turkish language?", "answer": "Answer not available"}, {"question": "Is this laptop good to use for game coding in Unity?", "answer": "Yes"}, {"question": "Which of these laptpops is best for gaming? (games like astroneer,gta5,minecraft etc.) Any help is appreciated...", "answer": "The msi GF63 comes with a GTX 1650 and I play Monster Hunter with a mid/high config... soo I think it can play those games"}, {"question": "Does this product have international warranty??", "answer": "Answer not available"}, {"question": "Tiene Bluetooth?", "answer": "si"}, {"question": "Does this have windows 10 pro ?", "answer": "Windows 10 Home. I am sure you can purchase license key to download."}, {"question": "Is this laptop good & fast for regular use?", "answer": "yes I use it all the time and it's very fast for daily / business use.\nThe only problem I had was battery life wasn't great (expected) and it has expanded / swollen (not expected). Now I am running it without battery."}, {"question": "Is the webcam 1080p 30fps ??", "answer": "Answer not available"}, {"question": "What is the expected battery life while streaming?", "answer": "If you are streaming and playing games you will only see a battery life of about 1-2 hours."}, {"question": "does international warranty included?", "answer": "Answer not available"}, {"question": "Wi-Fi is available?", "answer": "It can be connected to any wi-fi available."}, {"question": "can I add another ssd?", "answer": "You can add a 2.5\" SATA SSD to the laptop."}, {"question": "Can you upgrade or replace the graphics card? If so, what our your options?", "answer": "No, this is a laptop very few brands allow you to update graphics cards, and those laptops are usually very expensive like the DELL Area 51"}, {"question": "does it work with the oculus rift s?", "answer": "Yes"}, {"question": "Can I play Starcraft 2 on ultra settings?", "answer": "I would be more surprised if you couldn't, but I will warn you it does run pretty hot."}, {"question": "la camara de esta computadora necesita un setting especial? no la he podido usar y zoom no la reconoce", "answer": "Simplemente necesita activarse la camarera"}, {"question": "Hi, does this come with a warranty for United Kingdom purchase?", "answer": "I'm not sure I can answer that question. We purchased ours through Amazon Services in the US."}, {"question": "Cuando el art\u00edculo llega a Colombia debo hacer alg\u00fan pago adicional al que ya le hago a Amazon?", "answer": "No con lo que pagas en Amazon"}, {"question": "does this give me the fortnite bundle?", "answer": "Answer not available"}, {"question": "How bad is the chassis flex?", "answer": "it is flexible but not to the point of damaging the laptop"}, {"question": "Is there thunderbolt?", "answer": "No, this model has one Type-C USB3.2 Gen1 port."}, {"question": "Is this item actually 7 pounds?", "answer": "The shipment is 7 pounds, the laptop is 4.2 pounds."}, {"question": "what is the speed of ssd?", "answer": "Answer not available"}, {"question": "la pantalla es de 60hz o 120hz??", "answer": "La pantalla es de 60Hz."}, {"question": "How loud are the fans? I do vocal recordings in close proximity to the laptop and wouldn't want fan noise to bleed into the recording.", "answer": "I feel like they are extremely quiet. Not as quiet as my ultrabook but pretty close."}, {"question": "Does the gf63x thin 9sc-066 model have international warranty, if so is that valid in ireland and turkey?", "answer": "Answer not available"}, {"question": "How many coolers laptop has? do cpu and gpu have separate heat pipes?", "answer": "Yes, the laptop has dedicated GPU and CPU heat pipes."}, {"question": "Buenas noches. Soy de Colombia. Quiero saber cuanto debo pagar de mas por impuestos de este producto?", "answer": "Answer not available"}, {"question": "Can you yuse it in belgium?", "answer": "Answer not available"}, {"question": "Does this come with a lithium ion battery or nickel cadmium battery?", "answer": "Lithium"}, {"question": "Listing says 64gb ram upgrade. some answers as 32gb ram. any definitive answer from seller /msi? . thanks in advance", "answer": "64 gb maximum"}, {"question": "What is return policy", "answer": "That is a question for Amazon. It was prime eligible when I purchased it"}, {"question": "How load is it while running a game? How load is it not running a game? On scale 1-10. 1 being lowest.", "answer": "10"}, {"question": "Tiene Bluetooth?", "answer": "Si"}, {"question": "I heard that msi allows the opening and upgrading of the laptop without voiding the warranty even if the seal sticker is broken. is that true in 2020?", "answer": "yes it's true, I upgrade mine and I haven't any problem"}, {"question": "What is the silver attachment with holes that is included ?", "answer": "It\u2019s for installing a SATA HD"}, {"question": "Is the hard disk size really only 1gb, as stated in specifications? most others show 256gb or 512gb or 1tg. is this the downside to this machine?", "answer": "Ours came with 1tb. Could be a misprint?"}, {"question": "Is that model gf63 thin 9sc-068 have 2 fan", "answer": "Answer not available"}, {"question": "Can this be used with a 120 hz monitor?", "answer": "Yeah you can connect it to any display you want, the laptop comes with a mini display port and HDMI conections"}, {"question": "I see in the description that it has 16gb(8gb\u00d72) for this model (gtx1650). is it true? because that would make it pretty fast", "answer": "Yes it is true and its very fast."}, {"question": "Does this laptop has TPM ?", "answer": "Answer not available"}, {"question": "Is it suitable for 3D modeling? I know it's a gaming computer, but I'll use it for both work and play.", "answer": "Answer not available"}, {"question": "Which version of windows does this have? Pro or Home?", "answer": "Home"}, {"question": "Why does the hard drige size say 1gb?", "answer": "It's probably a typo. I have it and I can confirm it's a 512gb SSD"}, {"question": "They dont have cooler bost 5 because in my dragon center only one fan appears, I bought this model, which system has real ventilation?", "answer": "Answer not available"}, {"question": "Keyboard arabic ?", "answer": "No, the keyboard is U.S QWERTY."}, {"question": "Can i Upgrade the ssd to a bigger one?", "answer": "Yes"}, {"question": "Is it possible to add an additional SSD to have 2 separate drives?", "answer": "We believe so but sold out now"}, {"question": "does this come with Office Home software?", "answer": "Just a 30-day demo."}, {"question": "You said there is no hdd slot in the previous questions, but in the msi website it says (1x m2 ssd) and (1x 2.5 hdd)?", "answer": "The total amount of storage slots in this model are as follows:\n\n1x M.2 SSD Combo Slot (NVMe PCIe Gen3 / SATA) \u2026 see more"}, {"question": "Does this laptop have a built-in webcam?", "answer": "Yes it does"}, {"question": "What kind of wireless capability does this have? I bought the 9sc 066 and have terrible connection despite my internet being good", "answer": "Not the best wireless. It cuts out on me during high downloads periodically. The only downfall of this laptop."}, {"question": "Is it VR ready?", "answer": "Answer not available"}, {"question": "is there windows 10 in the laptop", "answer": "Answer not available"}, {"question": "Tengo una Dell 7577 (i5 de 7ma y una 1060 maxq) ser\u00eda bueno comprar esta?", "answer": "Answer not available"}, {"question": "can it run star citizens?", "answer": "Probably at lower settings."}, {"question": "Que modelo es? en el titulo indica que es msi gl63 y en la descripci\u00f3n msi gf63", "answer": "gf63 thin 95c"}, {"question": "ac power: is it a 100 to 240V one that can be used in hong kong?", "answer": "Yes it is 120-240v."}, {"question": "How does the warranty work? Is it international?", "answer": "Answer not available"}, {"question": "How big is the ssd? The description says 512 but the reviews all say its 256...", "answer": "The MSI GF63 Thin 9SC-066 version has a 512GB SSD."}, {"question": "Will a seagate firecuda gaming (compute) 2tb solid state hybrid drive performance sshd \u2013 2.5 inch sata 6gb/s fit in the laptop?", "answer": "Answer not available"}, {"question": "Does anyone use this for graphic design / photo editing? How does it do?", "answer": "Answer not available"}, {"question": "Is there extra drive bays for a 2.5 hd or ssd?", "answer": "Answer not available"}, {"question": "Can this run gears 5 at 60 fps on medium or high settings?", "answer": "I haven't tried that BUT it runs Fortnite, World of Warcraft and COD on highest settings with zero lag issues"}, {"question": "\u0131s th\u0131s have true color technology? like p65 or gs65..", "answer": "Answer not available"}, {"question": "What about its warranty if i ask for shipment to india", "answer": "Answer not available"}, {"question": "Does the gf63 thin 9sc-066 15.6\" gaming laptop come wifi capable or do i need to add a card", "answer": "Answer not available"}, {"question": "Can i add a sata hard drive, so it will work along with the 256gb nvme ssd? will adding this hard drive and 8 gb ram void the warranty?", "answer": "Yes, the GF63 Thin has a 2.5\" SATA slot. Adding storage to the laptop does not void warranty unless you damage the laptop by doing so."}, {"question": "Why does my fan center only include one fan?", "answer": "Answer not available"}, {"question": "Can i change or add another higher capacity ssd?", "answer": "Answer not available"}, {"question": "How many fans does this laptop have. Is it one like the last generation gf63 8rc ? Or does it have 2 fans for cooling", "answer": "The GF63 Thin 9SC has two fans for cooling."}, {"question": "How to join free prime membership", "answer": "Answer not available"}, {"question": "What's the brightness of the laptop in nits? Is this good enough?", "answer": "Answer not available"}, {"question": "Does this computer have bluetooth?", "answer": "Yes!!!"}, {"question": "can I put a hdd disk with optane memory? or more ssd memory?", "answer": "Answer not available"}, {"question": "Does this lap top have TPM?", "answer": "Answer not available"}, {"question": "Is it accept all operating systems or just win10?", "answer": "The laptop will come with Windows 10 only. Other operating systems may work, depending on the operating system. Removing the original Windows 10 operating system will void warranty."}, {"question": "can I add another ssd?", "answer": "Answer not available"}, {"question": "This laptop has a spdi/f output? to connect fiber optics cable ?", "answer": "It does not"}, {"question": "Hi I from Israel Is product warranty valid to me?", "answer": "Answer not available"}, {"question": "will return policy applicable for delivery to india?", "answer": "Answer not available"}, {"question": "My screen was damaged, does anyone know where I can get it?", "answer": "No any damaged \u3002"}], "time": ["09/04/2021 18:06:35"], "reviewsCountInfo": {"expRevCount": 72, "actRevCount": 72, "nonEnglishRevCount": 4}, "scrapperInfo": {"Version": "1.3.2", "Released Date": "08/04/2021"}, "productURL": "https://www.amazon.com/gp/product/B07QF66YQB", "ASIN": "B07QF66YQB", "title": "MSI GF63 Thin 9SC-066 15.6\" Gaming Laptop, Thin Bezel, Intel Core i7-9750H, NVIDIA GeForce GTX1650, 16GB, 512GB NVMe SSD", "manufacturer": " MSI Store", "currentPrice": "", "rating": "4.5", "totalRatings": "294 "}