{"features": ["HP Pavilion x360, 11M-AP0013DX, 2-in-1 11.6\" touch, Intel Pe"], "reviewsAspects": ["touch screen", "laptop is perfect", "great laptop", "computer", "college", "lightweight", "school", "desktop", "display", "internet", "student", "switch"], "productInformation": [{"\nProduct Dimensions\n": "\n11 x 7.7 x 0.7 inches\n", "\nItem Weight\n": "\n2.7 pounds\n", "\nASIN\n": "\nB07QRZJRKK\n", "\nItem model number\n": "\n6HS56UA\n", "\nBatteries\n": "\n1 Lithium ion batteries required.\n", "Customer Reviews": "\n\n\n\n\n\n\n4.5 out of 5 stars\n\n\n\n\n\n\n\n\n243 ratings\n\n\n\n\n\n\n4.5 out of 5 stars\n", "\nBest Sellers Rank\n": "\n\n#55,851 in Electronics (See Top 100 in Electronics)\n\n#180 in 2 in 1 Laptop Computers\n\n\n", "\nDate First Available\n": "\nNovember 4, 2019\n", "\nManufacturer\n": "\nhp\n"}], "productDescription": "Product description\nHP Pavilion x360, 11M-AP0013DX, 2-in-1 11.6\" touch, Intel Pe", "reviews": [{"reviewerName": "Sally", "reviewerUrl": "https://www.amazon.com/gp/profile/amzn1.account.AEWIEO4BXYX66H4GXKA2KIR6ICGA/ref=cm_cr_getr_d_gw_btm?ie=UTF8", "rating": "1.0 out of 5 stars", "reviewTitle": "Very slow", "reviewDate": "June 24, 2021", "reviewText": "  Do not buy this laptop is very slow. Total waste of money.", "is_Helpful": ""}, {"reviewerName": "ALL IN ONE HOME HEALTH AGENCY INC.", "reviewerUrl": "https://www.amazon.com/gp/profile/amzn1.account.AGFEI7IOK672PUNVOAAHTOKAMUTA/ref=cm_cr_getr_d_gw_btm?ie=UTF8", "rating": "1.0 out of 5 stars", "reviewTitle": "\"PLEASE DONT WASTE YOUR MONEY. JUNK. CHARGING STOP WORKING AFTER FEW MONTHS OF BRAND NEW PURCHASE.\"", "reviewDate": "May 7, 2021", "reviewText": "  IS OKAY., BUT WILL NOT CHARGEFOR NO REASON.", "is_Helpful": ""}, {"reviewerName": "ismael", "reviewerUrl": "https://www.amazon.com/gp/profile/amzn1.account.AFHR42CG5YH55QLPLS5NV5I2ISYQ/ref=cm_cr_getr_d_gw_btm?ie=UTF8", "rating": "5.0 out of 5 stars", "reviewTitle": "Screening", "reviewDate": "May 2, 2021", "reviewText": "  I like the laptop is great , but the problem is I just barely start using the laptop I opened the box, and it came out like this the screening is broken I wouldn\u2019t be able to use it.", "is_Helpful": ""}, {"reviewerName": "Candace", "reviewerUrl": "https://www.amazon.com/gp/profile/amzn1.account.AHDSEUUUJAXFGRWRVM7QTMKFMRMA/ref=cm_cr_getr_d_gw_btm?ie=UTF8", "rating": "5.0 out of 5 stars", "reviewTitle": "Great", "reviewDate": "April 27, 2021", "reviewText": "  Worth every penny", "is_Helpful": ""}, {"reviewerName": "Ariana", "reviewerUrl": "https://www.amazon.com/gp/profile/amzn1.account.AGL2OUABCYMKEIJX3LCE6FXWJQOQ/ref=cm_cr_getr_d_gw_btm?ie=UTF8", "rating": "2.0 out of 5 stars", "reviewTitle": "Durability is not strong.", "reviewDate": "April 19, 2021", "reviewText": "  Touch screen is amazing. Wouldnt trade it for my desktop. But, this laptop CANNOT handle day to day Zoom and virtual school duties. I leave it alone on the weekends mostly. But on the weekdays its from one zoom room to another & occasionally the screen blacks out. If I were you, I\u2019d switch over to a dell laptop, they have one for double the price probably that\u2019s similar to this with many more features. \ud83d\ude0a", "is_Helpful": ""}, {"reviewerName": "Amazon Customer", "reviewerUrl": "https://www.amazon.com/gp/profile/amzn1.account.AEGCE3MVOJSCJSUMU7Z2QAMTCNEQ/ref=cm_cr_getr_d_gw_btm?ie=UTF8", "rating": "3.0 out of 5 stars", "reviewTitle": "NOT FULL 1080P HD like comparison says.", "reviewDate": "March 26, 2021", "reviewText": "  First thing, I gave it three stars because I feel that this should be brought to everyone\u2019s attention. when you look at the comparison in the models on the ad it shows this as a 1080 P full HD display this is not it is a 13 66 x 7 68. Completely disappointed in that. Other than that everything is wonderful touchscreen light weight and thickness I can write my stories on the go.", "is_Helpful": ""}, {"reviewerName": "Joe R.", "reviewerUrl": "https://www.amazon.com/gp/profile/amzn1.account.AE7GBIH7XWXRWNR6XPIXLDOWY4DA/ref=cm_cr_getr_d_gw_btm?ie=UTF8", "rating": "5.0 out of 5 stars", "reviewTitle": "All I need", "reviewDate": "March 21, 2021", "reviewText": "  Just what I was looking for. Fits in top desk drawer. Regular size keys great picture great little computer.", "is_Helpful": ""}, {"reviewerName": "Justin Reed", "reviewerUrl": "https://www.amazon.com/gp/profile/amzn1.account.AHI5L5PVUXNRM66KBCTH2J3KOT6Q/ref=cm_cr_getr_d_gw_btm?ie=UTF8", "rating": "1.0 out of 5 stars", "reviewTitle": "Do not Buy", "reviewDate": "March 14, 2021", "reviewText": "  Day 1 booted up computer and it took over 10 minutes to open google, awful unfunctional computer. Returned it and got one of their desktop models for about the same price, much happier with that.", "is_Helpful": ""}, {"reviewerName": "ChicaGranadina", "reviewerUrl": "https://www.amazon.com/gp/profile/amzn1.account.AHRVKM5WNAC2X6JDDYHZIFAUWPNQ/ref=cm_cr_getr_d_gw_btm?ie=UTF8", "rating": "5.0 out of 5 stars", "reviewTitle": "Perfect", "reviewDate": "March 2, 2021", "reviewText": "  Love it! Perfect size \ud83d\udc4c", "is_Helpful": ""}, {"reviewerName": "John Cressman", "reviewerUrl": "https://www.amazon.com/gp/profile/amzn1.account.AHSG4EBPQD4K2EPZ4P5AXYURYBYA/ref=cm_cr_getr_d_gw_btm?ie=UTF8", "rating": "5.0 out of 5 stars", "reviewTitle": "Good", "reviewDate": "February 18, 2021", "reviewText": "  Love it", "is_Helpful": ""}, {"reviewerName": "Chanteldra Gardner ", "reviewerUrl": "https://www.amazon.com/gp/profile/amzn1.account.AGE2QJNIJADTOLJPGVXPAB645PFA/ref=cm_cr_getr_d_gw_btm?ie=UTF8", "rating": "5.0 out of 5 stars", "reviewTitle": "It\u2019s a really great laptop/tablet", "reviewDate": "February 15, 2021", "reviewText": "  This laptop is perfect! I got it for graduate school because my chrome book wasn\u2019t doing what I needed. This HP is lightweight and easy to use. I love that it doubles as a tablet. Absolutely perfect!", "is_Helpful": "2 people found this helpful"}, {"reviewerName": "\u0410mazon\\xa0Customer", "reviewerUrl": "https://www.amazon.com/gp/profile/amzn1.account.AGIXDHAEEWVNAEISQJXR5KIFS32A/ref=cm_cr_getr_d_gw_btm?ie=UTF8", "rating": "5.0 out of 5 stars", "reviewTitle": "Using this is my service truck", "reviewDate": "January 21, 2021", "reviewText": "  Using this computer to run a key machine and Quickbooks online. Working very well.", "is_Helpful": "One person found this helpful"}, {"reviewerName": "Sean Thomas", "reviewerUrl": "https://www.amazon.com/gp/profile/amzn1.account.AFJ3KMZD2TWYCSISJUQAFCUE5KCQ/ref=cm_cr_getr_d_gw_btm?ie=UTF8", "rating": "4.0 out of 5 stars", "reviewTitle": "Not too bad.", "reviewDate": "January 6, 2021", "reviewText": "\"  Not too bad.  The speaker is pretty weak on this unit, and could be much better.  Im a little hard of hearing and at 100% I can hear it but not great.\"", "is_Helpful": "One person found this helpful"}, {"reviewerName": "Jill B", "reviewerUrl": "https://www.amazon.com/gp/profile/amzn1.account.AEWMHLW725FHZP7S6YBKJ3TYPBGQ/ref=cm_cr_getr_d_gw_btm?ie=UTF8", "rating": "5.0 out of 5 stars", "reviewTitle": "Nice small size laptop", "reviewDate": "December 29, 2020", "reviewText": "  The computer worked well, but although I knew the size when I ordered it, it ended up being a little too small for me and I returned it.", "is_Helpful": "One person found this helpful"}, {"reviewerName": "J. Huff", "reviewerUrl": "https://www.amazon.com/gp/profile/amzn1.account.AEH5NHKTQXGRSWOGFDT65VFRSALA/ref=cm_cr_getr_d_gw_btm?ie=UTF8", "rating": "1.0 out of 5 stars", "reviewTitle": "DONT PURCHASE HP EVER !!!!!!!!!!!!!!", "reviewDate": "December 8, 2020", "reviewText": "  If I could give it zero stars I would. Hard drive failed after just 2 years. Lost everything.", "is_Helpful": ""}, {"reviewerName": "Jose", "reviewerUrl": "https://www.amazon.com/gp/profile/amzn1.account.AHBETMH2CAR3UGWKLLBMT3C3RM2Q/ref=cm_cr_getr_d_gw_btm?ie=UTF8", "rating": "5.0 out of 5 stars", "reviewTitle": "\ud83d\udc4d\ud83c\udffc", "reviewDate": "December 8, 2020", "reviewText": "  Computer is not bad for the price. Not meant for gaming but it gets the job done.", "is_Helpful": ""}, {"reviewerName": "Jc Bolton", "reviewerUrl": "https://www.amazon.com/gp/profile/amzn1.account.AFX6PFXRPJFRHLFWPMPOFQACUQCQ/ref=cm_cr_getr_d_gw_btm?ie=UTF8", "rating": "4.0 out of 5 stars", "reviewTitle": "No problems to report", "reviewDate": "November 30, 2020", "reviewText": "  Overall good purchase", "is_Helpful": ""}, {"reviewerName": "Queen Bee", "reviewerUrl": "https://www.amazon.com/gp/profile/amzn1.account.AGXUZJU5N5XTL6N2CFFRX5GXTYLQ/ref=cm_cr_arp_d_gw_btm?ie=UTF8", "rating": "3.0 out of 5 stars", "reviewTitle": "Wouldnt BUY it again!", "reviewDate": "November 23, 2020", "reviewText": "  I wouldnt buy it again. First the Volume SUCKS. You would have to use speakers and its so low I dont even use it at this point. Second this lap top downloads all day long it will harass you to download and when you try and stop it, It wont let you. This computer appears to be RIGGED to do things on its own even when you have shut off the switch it will down load something. Then if you try to remove it It wont let you.  The color of the screen is weird not like my other lap tops. This computer was a BIG mistake. Not happy at all.", "is_Helpful": "5 people found this helpful"}, {"reviewerName": "Tommy Holm", "reviewerUrl": "https://www.amazon.com/gp/profile/amzn1.account.AGG5K5WJAOGGDGSCBVQPK5MCIESA/ref=cm_cr_getr_d_gw_btm?ie=UTF8", "rating": "4.0 out of 5 stars", "reviewTitle": "Stopped connecting to wifi after 10 months", "reviewDate": "October 12, 2020", "reviewText": "  I like it it was good my mom got me this laptop last Christmas but as of about a week ago it has stopped connecting to wifi, it has always been a little whacky like my home wifi won\u2019t pop up for a while or straight up wouldn\u2019t connect and just say cannot connect to this network, but last week it stopped connecting to wifi all together and I can only use it with a wired Ethernet connection, it doesn\u2019t have an Ethernet port I have an adapter, I plan on getting a new laptop soon to replace this one, also it doesn\u2019t say hear but the ram is on board so you can\u2019t upgrade it, Edit: the wifi problem was not specific to this laptop the wifi card became unplugged somehow, I fixed the issue now it is fine, Changed from three stars to four", "is_Helpful": "2 people found this helpful"}, {"reviewerName": "Valerie Heronemus", "reviewerUrl": "https://www.amazon.com/gp/profile/amzn1.account.AGZJX2CV6JG6FZ3XZIO6GVARMMYA/ref=cm_cr_getr_d_gw_btm?ie=UTF8", "rating": "5.0 out of 5 stars", "reviewTitle": "Sweet little laptop!", "reviewDate": "October 12, 2020", "reviewText": "  Good senior computer- easy to use.", "is_Helpful": ""}, {"reviewerName": "Chris", "reviewerUrl": "https://www.amazon.com/gp/profile/amzn1.account.AHDUNHHVERGUE5HHOUVIUF3E5Z5Q/ref=cm_cr_arp_d_gw_btm?ie=UTF8", "rating": "5.0 out of 5 stars", "reviewTitle": "Perfect for the school", "reviewDate": "October 4, 2020", "reviewText": "\"  The laptop is perfect for the school and other usage like drawing. You can not use it for retouching or video editing but for a student daily works, its nice. Good quality, the screen is not too much shinning. the touchscreen works fine. Overall satisfied.\"", "is_Helpful": "2 people found this helpful"}, {"reviewerName": "Harold Young Jr", "reviewerUrl": "https://www.amazon.com/gp/profile/amzn1.account.AEBBXLW4EXCJVR4BIOMZE2OULPNA/ref=cm_cr_getr_d_gw_btm?ie=UTF8", "rating": "5.0 out of 5 stars", "reviewTitle": "weight", "reviewDate": "September 30, 2020", "reviewText": "  excellent product, no dislikes", "is_Helpful": ""}, {"reviewerName": "Chic", "reviewerUrl": "https://www.amazon.com/gp/profile/amzn1.account.AFLOMFEJVZDP6HPJLI6QK52ABV3Q/ref=cm_cr_getr_d_gw_btm?ie=UTF8", "rating": "1.0 out of 5 stars", "reviewTitle": "did not receive this product in an optimal condition", "reviewDate": "September 13, 2020", "reviewText": "  product was problematic. It appeared as if someone tried to install Microsoft office and did not complete the process before it was delivered so i could not use the system until it was completely formatted.", "is_Helpful": "One person found this helpful"}, {"reviewerName": "Thermonuclear", "reviewerUrl": "https://www.amazon.com/gp/profile/amzn1.account.AF2DW5CEL67U43ECQZCQ24Q73XAQ/ref=cm_cr_getr_d_gw_btm?ie=UTF8", "rating": "5.0 out of 5 stars", "reviewTitle": "HP Always Comes Through", "reviewDate": "August 13, 2020", "reviewText": "  HP is one of the best if not the best desktop/laptop/printer manufacture around.  Their products are sturdy and reliable.  HP support is also excellent in helping resolve user problems.  You just cannot go wrong with HP.", "is_Helpful": ""}, {"reviewerName": "Black Widow", "reviewerUrl": "https://www.amazon.com/gp/profile/amzn1.account.AHSXC3DSKURORMMBH37LBCVOLG2A/ref=cm_cr_getr_d_gw_btm?ie=UTF8", "rating": "5.0 out of 5 stars", "reviewTitle": "Nifty", "reviewDate": "July 28, 2020", "reviewText": "\"  Its so lightweight and function able. It was bought for someone else and as I have an older looking  laptop, this one made me jealous;)\"", "is_Helpful": "One person found this helpful"}, {"reviewerName": "Lisa Zacharias", "reviewerUrl": "https://www.amazon.com/gp/profile/amzn1.account.AH6ZJWAMHJ363BSPGTYY2KBZLWPA/ref=cm_cr_getr_d_gw_btm?ie=UTF8", "rating": "5.0 out of 5 stars", "reviewTitle": "Great little computer", "reviewDate": "July 19, 2020", "reviewText": "\"  Purchased this computer for my college kid in her senior year. She picked it and absolutely loves it. An upgrade from the one she got 3 years ago. She likes the size, and that its lightweight, it flips so she can watch movies n stuff.\"", "is_Helpful": "One person found this helpful"}, {"reviewerName": "char", "reviewerUrl": "https://www.amazon.com/gp/profile/amzn1.account.AFFASPQKUEXWJY4YBDH2VMUYV2LQ/ref=cm_cr_getr_d_gw_btm?ie=UTF8", "rating": "5.0 out of 5 stars", "reviewTitle": "Very efficient and nice size", "reviewDate": "June 4, 2020", "reviewText": "  This is a great product for on the go. Small and lightweight. Fairly good memory for average work and personal use.", "is_Helpful": "One person found this helpful"}, {"reviewerName": "Trisha Nevado", "reviewerUrl": "https://www.amazon.com/gp/profile/amzn1.account.AGIDGWG3UDGM7SHROEJS6EBPLXKA/ref=cm_cr_getr_d_gw_btm?ie=UTF8", "rating": "5.0 out of 5 stars", "reviewTitle": "Great budget al", "reviewDate": "May 13, 2020", "reviewText": "  Really worth it and really good for the price offer.", "is_Helpful": ""}, {"reviewerName": "Matthew Curtis", "reviewerUrl": "https://www.amazon.com/gp/profile/amzn1.account.AEOMARL3ARXNE4Y32SY5556SK7UQ/ref=cm_cr_getr_d_gw_btm?ie=UTF8", "rating": "1.0 out of 5 stars", "reviewTitle": "Beware", "reviewDate": "April 21, 2020", "reviewText": "  The ad did not clearly indicate this as a refurbished product. I was surprised when that is what I received. I decided to give it a try and after initial setup, it errored out and would never restart. Had to send it back.", "is_Helpful": "3 people found this helpful"}, {"reviewerName": "Theslysmoker", "reviewerUrl": "https://www.amazon.com/gp/profile/amzn1.account.AHL5VNHCL76WRS6WHUQXBTFYFAYQ/ref=cm_cr_getr_d_gw_btm?ie=UTF8", "rating": "5.0 out of 5 stars", "reviewTitle": "love it", "reviewDate": "April 4, 2020", "reviewText": "  ive wanted a laptop for a long time and finally broke down and bought one, glad i picked this one! super compact, nice keyboard, responsive screen(though the display quality could be a little better), and a surprisingly good battery. highly reccommend for schoolwork, drawing, or just basic browsing and internet use. perfect student laptop. not to mention the ssd makes it nice and fast to boot and load applications.", "is_Helpful": "One person found this helpful"}, {"reviewerName": "Tracy", "reviewerUrl": "https://www.amazon.com/gp/profile/amzn1.account.AF5QBYMIGYBWSSFU643RMMLFUVXA/ref=cm_cr_getr_d_gw_btm?ie=UTF8", "rating": "5.0 out of 5 stars", "reviewTitle": "Worth its price", "reviewDate": "March 22, 2020", "reviewText": "  Amazing, worth it\u2019s price. It ran smoothly when I had a lot of tabs open, like about 10. Battery lasts long. It came brand new", "is_Helpful": "2 people found this helpful"}, {"reviewerName": "tk ", "reviewerUrl": "https://www.amazon.com/gp/profile/amzn1.account.AGXNRAM2E3A3BG7MQEDM6KFPNWZA/ref=cm_cr_arp_d_gw_btm?ie=UTF8", "rating": "5.0 out of 5 stars", "reviewTitle": "college student approved.", "reviewDate": "March 9, 2020", "reviewText": "  I just received it and I love it already. It\u2019s fast enough for my college work and it\u2019s lightweight. I saw a few that have fingerprint scanners but this one doesn\u2019t. if you\u2019re in school and need something reliable, this is it.", "is_Helpful": "18 people found this helpful"}, {"reviewerName": "Samantha Graham", "reviewerUrl": "https://www.amazon.com/gp/profile/amzn1.account.AGSZK3SYFMQEXV4AM53N4N7KSKSA/ref=cm_cr_getr_d_gw_btm?ie=UTF8", "rating": "5.0 out of 5 stars", "reviewTitle": "Does what it needs to", "reviewDate": "February 23, 2020", "reviewText": "  It\u2019s very easy to use, the track pad gets stuck sometimes, but I just use the touch screen when it does... we use it for small amounts of time, but the battery has been awesome so far.", "is_Helpful": ""}, {"reviewerName": "Kindle Customer", "reviewerUrl": "https://www.amazon.com/gp/profile/amzn1.account.AGE4CCQV7HH455C2GII6YOSP4TIA/ref=cm_cr_getr_d_gw_btm?ie=UTF8", "rating": "3.0 out of 5 stars", "reviewTitle": "Great laptop but the screen has a missing pixel.", "reviewDate": "February 23, 2020", "reviewText": "  This laptop is great for my school-aged daughter until she noticed that a pixel is not working on the screen and there is a small black spot that does not go away. She loves everything about the laptop but was very disappointed once she discovered this.", "is_Helpful": ""}, {"reviewerName": "Dana", "reviewerUrl": "https://www.amazon.com/gp/profile/amzn1.account.AEEYFYQ222VZKKWC7LMCDLYG45IA/ref=cm_cr_getr_d_gw_btm?ie=UTF8", "rating": "5.0 out of 5 stars", "reviewTitle": "Light weight and great screen clarity", "reviewDate": "February 18, 2020", "reviewText": "  Super light weight and I love the touch screen.", "is_Helpful": ""}, {"reviewerName": "Paul", "reviewerUrl": "https://www.amazon.com/gp/profile/amzn1.account.AFPPDP6YJHUVOGN2GERIEVUSPUSA/ref=cm_cr_getr_d_gw_btm?ie=UTF8", "rating": "5.0 out of 5 stars", "reviewTitle": "Great notebook; excellent value!", "reviewDate": "February 10, 2020", "reviewText": "  Stylish, light, fast. ..Loving it...", "is_Helpful": "3 people found this helpful"}, {"reviewerName": "Claudia S. Losada", "reviewerUrl": "https://www.amazon.com/gp/profile/amzn1.account.AHYJRN56AAIRRDEIGEAXMYNXB4RQ/ref=cm_cr_arp_d_gw_btm?ie=UTF8", "rating": "5.0 out of 5 stars", "reviewTitle": "Great small notebook!", "reviewDate": "February 8, 2020", "reviewText": "  Great small notebook. Just what I needed., The sound is not very high, but the rest of the features are amazing !", "is_Helpful": "9 people found this helpful"}, {"reviewerName": "Jacob", "reviewerUrl": "https://www.amazon.com/gp/profile/amzn1.account.AHCBYX7GHT73IPQ3FKRIB7WTLLFA/ref=cm_cr_arp_d_gw_btm?ie=UTF8", "rating": "5.0 out of 5 stars", "reviewTitle": "Great value", "reviewDate": "February 1, 2020", "reviewText": "  The touch screen is responsive and accurate and the computing power is fast enough for college work or other daily use. The battery life is excellent. The only down side is the display quality. While using some apps or viewing articles, the words can become slightly blurry. This has been noticed using Adobe and on the internet. Overall, I am happy I made the switch from my MacBook pro which seemed to slow down significantly within a year and had constant battery issues.", "is_Helpful": "12 people found this helpful"}, {"reviewerName": "James Tung", "reviewerUrl": "https://www.amazon.com/gp/profile/amzn1.account.AHXS3ACSOWR3M6FKJOFLSOSEEZIQ/ref=cm_cr_arp_d_gw_btm?ie=UTF8", "rating": "4.0 out of 5 stars", "reviewTitle": "Affordable and good quality", "reviewDate": "January 30, 2020", "reviewText": "\"  First of all, I love this laptop , it is fast and good quality,  however its speaker isnt very good, not loud enough and the battery doesnt last very long, 6 hours max but overall its a solid deal for this price\"", "is_Helpful": "10 people found this helpful"}, {"reviewerName": "Renee Spivey ", "reviewerUrl": "https://www.amazon.com/gp/profile/amzn1.account.AFBHWUUQRMHZUFLRZCSYNGSZ2QBA/ref=cm_cr_arp_d_gw_btm?ie=UTF8", "rating": "5.0 out of 5 stars", "reviewTitle": "Great Laptop", "reviewDate": "January 23, 2020", "reviewText": "  I absolutely love my laptop. Came very much new and worth the money. You want be disappointed.", "is_Helpful": "4 people found this helpful"}, {"reviewerName": "Brianna", "reviewerUrl": "https://www.amazon.com/gp/profile/amzn1.account.AGMQP4VY2W2IY5WBKCM7DKKUBLTQ/ref=cm_cr_arp_d_gw_btm?ie=UTF8", "rating": "5.0 out of 5 stars", "reviewTitle": "Great for the price honestly. Must buy!!", "reviewDate": "January 8, 2020", "reviewText": "  I bought this laptop for college. I just received it today but honestly I absolutely love it. It\u2019s definitely smaller then I expected it but it\u2019s definitely the most portable 2 in 1 laptop I have ever seen! The internet is super fast. Overall the computer is very fast and super efficient. I love it so much. It\u2019s wonderful!! It\u2019s definitely a great price for how efficient it is! I would definitely buy again. The tablet features are also amazing. You can place sticky notes and notes on your desktop and draw. I LOVE IT\ud83d\ude0d\ud83d\ude0d\u2764\ufe0f\u2764\ufe0f", "is_Helpful": "16 people found this helpful"}, {"reviewerName": "peter kop", "reviewerUrl": "https://www.amazon.com/gp/profile/amzn1.account.AE2U3JR7MBVYSPZYMXFGWQQXNH5A/ref=cm_cr_arp_d_gw_btm?ie=UTF8", "rating": "5.0 out of 5 stars", "reviewTitle": "Large lettered keyboard on a compact laptop.", "reviewDate": "December 26, 2019", "reviewText": "  The laptop is compact but it has large lettered keyboard.", "is_Helpful": "22 people found this helpful"}, {"reviewerName": "Laura Ann Steffie", "reviewerUrl": "https://www.amazon.com/gp/profile/amzn1.account.AGWAJHC72AI2YWUZVAOXSVEREMVQ/ref=cm_cr_arp_d_gw_btm?ie=UTF8", "rating": "5.0 out of 5 stars", "reviewTitle": "Perfect little laptop!", "reviewDate": "December 26, 2019", "reviewText": "  I just got this little laptop and it is perfect!!! I use it for work. The office programs run smoothly. I also have watched a movie and use for social media and games. Worth every penny!!", "is_Helpful": "21 people found this helpful"}], "qAndA": [{"question": "Does it have usb ports , ethernet port and does it use sd card?", "answer": "2 USB Ports, C-Port, HDMI, and SD"}, {"question": "Is the hard drive upgradeable", "answer": "Yes.as long as you use the same size and interface."}, {"question": "is this returnable?", "answer": "Yes, I found it too small for myself SNV I returned it"}, {"question": "Is there a webcam and audio?", "answer": "Yes"}, {"question": "Can you charge through the usb-c port?", "answer": "No"}, {"question": "Screen is glossy or matte? Thanks.", "answer": "I would say it's glossy"}, {"question": "can it run fortnite?", "answer": "Yes but it\u2019s slow at times"}, {"question": "What size hard drive does this laptop use?", "answer": "128 GB"}, {"question": "does this laptop have more than one ram slot to add more?", "answer": "Answer not available"}, {"question": "What case/cover do I need for this HP.?", "answer": "11.6 inch. Make sure you find a HP Pavillion one. It\u2019s very computer specific."}, {"question": "How many MHz?", "answer": "Answer not available"}, {"question": "Does it have a dvd drive?", "answer": "No. However, I have an independent cd/dvd drive. I do not use this feature as much as I used to; due to advance in technology."}, {"question": "Computer year?", "answer": "Answer not available"}, {"question": "Can the 11\" version support 2.5 inch SSD?", "answer": "Answer not available"}, {"question": "Why it's $399.00 at BestBuy? Same model, same specs?", "answer": "Different companies negotiate different deals from the various manufacturers and suppliers."}, {"question": "What external ports are there?", "answer": "USB, HDMI, C-Port, and headphones. I was kind of upset it didn\u2019t have a CD slot, but overall still a very fast computer and I love it so much."}, {"question": "Active pen/stylus supported? which one?", "answer": "I just purchased the K2-C pen and it works great."}, {"question": "What is the screen resolution?", "answer": "It is 1330 x 766.\nIt is NOT full 1080p like listing shows"}, {"question": "Does this 2 in 1 laptop have N-trig technology for the surface Pen?", "answer": "Answer not available"}, {"question": "Are you able to download google play store on the hp?", "answer": "Has a Microsoft store, I think you can download google related products if you take the computer out of S-Mode. Runs off Microsoft Edge."}, {"question": "Is it possible to install the chrome browser on this laptop?", "answer": "Yes it is"}, {"question": "Can i use it with pen? And which one?", "answer": "Answer not available"}, {"question": "Windws 10 S?", "answer": "Yes but you can opt out"}, {"question": "can charge itself through usb c?", "answer": "Answer not available"}, {"question": "Can you convert a file to pdf and write and highlight? And if so do you need a specific app?", "answer": "You will need the appropriate software."}, {"question": "Does it come with a charger cord?", "answer": "Yes"}, {"question": "I am looking for least \" intel core i3\" . can someone clarify what this laptop is?, i3, i5 or what? i couldn't see it. thanks", "answer": "Answer not available"}, {"question": "What is the screen resolution?", "answer": "Answer not available"}, {"question": "What type of stylus pen does this computer use?", "answer": "I just order off brand ones and they work great! They have a recommended HP Pen as well"}, {"question": "Does the keyboard have a backlight feature?", "answer": "No, it does not."}, {"question": "can RAM be expanded?", "answer": "Answer not available"}, {"question": "Is it compatible with my iphone and able to download pictures from it?", "answer": "Answer not available"}, {"question": "Can this laptop be pair with this printer? hp deskjet 4155e all-in-one wireless color printer", "answer": "Any laptop can work with any printer. Since they are both HP's than definitely yes."}, {"question": "Has 4gb memory. Can a higher capacity memory card be installed?", "answer": "Answer not available"}, {"question": "Does it have an hdmi port and can it use google play apps?", "answer": "I think only if you remove the computer out of S-Mode but the Microsoft store has a lot of great apps!"}, {"question": "What is the model ? is it 11m-ap0013 dx ?", "answer": "Answer not available"}, {"question": "Can you add to external monitors to it?", "answer": "Yes it has hdmi output"}, {"question": "Can ram be added?", "answer": "Yes."}, {"question": "Does it work well with zoom?", "answer": "We do not use ours for Zoom or other video chats, but do not know why it would not work for you. We use a similar HP laptop that has a larger screen."}, {"question": "What physical size hard drive (for replacing), not storage size, does this laptop use\u2014 2.5\u201d or smaller?", "answer": "Answer not available"}, {"question": "does it have WiFi", "answer": "You can connect it to your WiFi network, yes."}, {"question": "What year was this released please?", "answer": "2019 I think"}, {"question": "Is there a slot to insert a camera SD card for uploading photos? Or a plug that would accept the camera cord?", "answer": "Yes !"}, {"question": "In tablet mode, can you make the screen show vertically? Like an Ipad?", "answer": "Answer not available"}, {"question": "Does it have a touchpad?", "answer": "Answer not available"}, {"question": "The graphics uhd 610", "answer": "Answer not available"}, {"question": "I heard the c-port (usb-c) is not intended for charging. what can it do/how do you use it?", "answer": "Answer not available"}, {"question": "Does anyone know where to get a keyboard cover for this?", "answer": "Answer not available"}, {"question": "Does it come with Microsoft word?", "answer": "No"}, {"question": "What is the casing made of? Is it plastic or aluminium?", "answer": "Answer not available"}, {"question": "Can you upgrade the hard drives?", "answer": "I think so."}, {"question": "What is the screen resolution?", "answer": "Answer not available"}, {"question": "Can you add more ram", "answer": "All things are possible, but I would advise that you buy a laptop that comes with all the features you want. This is actually the most economical solution."}, {"question": "Is it easily convertible? does it have hdmi/sd card ports? does it work well with microsoft word?", "answer": "Answer not available"}, {"question": "Can you convert a file to pdf and write and highlight?", "answer": "You can if you have the correct Adobe software."}, {"question": "Would it be possible to plug in & use a regular keyboard with this?", "answer": "Yes without a doubt."}, {"question": "can you use a pen to draw with or mark up documents such as pdf using the touch screen", "answer": "Yes! I use pens. I love it."}, {"question": "can ram be upgraded?", "answer": "Answer not available"}, {"question": "Storage size?", "answer": "Answer not available"}, {"question": "how many Ram ports?", "answer": "Answer not available"}, {"question": "Screen size? it says \"11.6\" but then in 'product description' it says \"11.5\"?? additionally.. can i order it with a 512gb ssd drive??", "answer": "It\u2019s a small computer, it didn\u2019t give me a drive option when I ordered it, but it does have an SD slot to hold more memory."}, {"question": "Does it come with the battery and charger? It just says 1 lithium ion batteries required...r", "answer": "It comes with a battery. No charger. Also, you will need to phone in to HP Tech in order to turn the laptop on. I had an excellent tech that got me up and running in about 10 mins. Hope this helps. I love this laptop!"}, {"question": "Does it have blue tooth", "answer": "Yes it does"}, {"question": "What does 2 in 1 really mean", "answer": "It means that it can be used as a standard laptop or the keyboard can be flipped backwards and used as a tablet. It has a touch screen."}, {"question": "Have you found a case that fits and allows you to use the tablet mode?", "answer": "Can someone recommend one???"}], "time": ["30/06/2021 13:24:32"], "reviewsCountInfo": {"expRevCount": 43, "actRevCount": 43, "nonEnglishRevCount": 1}, "scrapperInfo": {"ScrapperType": "Non-Headless", "Version": "1.4.1", "Released Date": "30-june-2021"}, "breadcrumb": {"breadcrumb": "Electronics\u203aComputers & Accessories\u203aComputers & Tablets\u203aLaptops\u203a2 in 1 Laptops"}, "productURL": "https://www.amazon.com/gp/product/B07QRZJRKK", "ASIN": "B07QRZJRKK", "title": "HP - Pavilion x360 2-in-1 11.6\" Touch-Screen Laptop - Intel Pentium - 4GB Memory - 128GB Solid State Drive - Ash Silver Keyboard Frame, Natural Silver", "manufacturer": " HP Store", "currentPrice": [], "rating": "4.5", "totalRatings": "243 "}