{"features": ["UPC: 193905244928", "Weight: 8.720 lbs"], "reviewsAspects": ["laptop", "computer", "omen", "games", "gaming", "keyboard", "lighting"], "productInformation": [{"\nASIN\n": "\nB07SMBCB3V\n", "Customer Reviews": "\n\n\n\n\n\n\n4.4 out of 5 stars\n\n\n\n\n\n\n\n\n48 ratings\n\n\n\n\n\n\n4.4 out of 5 stars\n", "\nBest Sellers Rank\n": "\n\n#50,105 in Computers & Accessories (See Top 100 in Computers & Accessories)\n\n#8,292 in Traditional Laptop Computers\n\n\n", "\nDate First Available\n": "\nJuly 1, 2019\n"}], "productDescription": "Product description\nHP OMEN 15\" Gaming Laptop Intel Core i5 12GB RAM 1TB HD 128GB SSD Black - 9th Gen i5-9300H Quad-core - NVIDIA GeForce GTX 1650 4 GB - Full HD IPS display - 60 Hz Refresh Rate - NVIDIA G-sync Tech", "reviews": [{"reviewerName": "Ciitronii", "reviewerUrl": "https://www.amazon.com/gp/profile/amzn1.account.AFD4TVO6B4RCMET5AM6DG5JLU3AA/ref=cm_cr_arp_d_gw_btm?ie=UTF8", "rating": "1.0 out of 5 stars", "reviewTitle": "found rocks in the fan", "reviewDate": "August 22, 2020", "reviewText": "\"  I noticed one of my fans werent working properly. when I turned it on it made this really gross grainy sound. when I opened it up I noticed that one fan would work while the other seemed to lag to start spinning. then it would shut down completely. I managed to remove two small rocks from it and I can still hear pieces stuck inside. im by no means a computer Wizz and I doubt putting this thing back together will be any easier than it was taking it apart. dont waste your time and just buy it from the official website so you dont get duped like I did.\"", "is_Helpful": "One person found this helpful"}, {"reviewerName": "Amazon Customer", "reviewerUrl": "https://www.amazon.com/gp/profile/amzn1.account.AFVFFZRCWGSXPYJY77TKLELSWGIQ/ref=cm_cr_getr_d_gw_btm?ie=UTF8", "rating": "5.0 out of 5 stars", "reviewTitle": "Great price for a high performing laptop.", "reviewDate": "August 18, 2020", "reviewText": "  Bought it while I was away at bootcamp in Fort Lee. Works great! Able to watch high quality movies, play modern games... multi task with ease. Very reliable!", "is_Helpful": ""}, {"reviewerName": "MAmbrose", "reviewerUrl": "https://www.amazon.com/gp/profile/amzn1.account.AF54LHTBHPY7ITN7KC3GTLEPSLLQ/ref=cm_cr_getr_d_gw_btm?ie=UTF8", "rating": "5.0 out of 5 stars", "reviewTitle": "Good", "reviewDate": "July 3, 2020", "reviewText": "  Great graphics", "is_Helpful": ""}, {"reviewerName": "Barrel", "reviewerUrl": "https://www.amazon.com/gp/profile/amzn1.account.AGWQLIVBLI5PBCPZVBQQYO2JJIRA/ref=cm_cr_arp_d_gw_btm?ie=UTF8", "rating": "1.0 out of 5 stars", "reviewTitle": "Faulty Graphics Card", "reviewDate": "June 18, 2020", "reviewText": "  I wanted to buy this as a temporary PC until I bought a gaming tower. DO NOT BUY IT. Save your money and build either a tower PC or buy from a better manufacture., \"After 6 hours of troubleshooting the device trying to get any games to run, when they did run they were perfect... until it crashes randomly.  The NVIDIA graphics card constantly crashes with Direct X issues due to overheating on the GPU. When the pc crashes, the next time it boots up it does not identify the graphics card at all. This is a known issue for the device according to HP. The quality of the motherboard connection to the graphics card is faulty making the device think its constantly overheating or sending improper amounts of power. When the graphics card is not identified, the laptop becomes essentially a low end laptop.\", Thankfully I was able to get a refund VIA Amazon. But if you are looking for a laptop for a gamer or because of the graphics card, you are better off elsewhere.", "is_Helpful": ""}, {"reviewerName": "Xastur", "reviewerUrl": "https://www.amazon.com/gp/profile/amzn1.account.AFWN3ZQPB7ALTV377BTKQ7K3NKPA/ref=cm_cr_arp_d_gw_btm?ie=UTF8", "rating": "5.0 out of 5 stars", "reviewTitle": "Great laptop for the price!", "reviewDate": "May 25, 2020", "reviewText": "\"  My girlfriend has dreamed of owning one of these laptops for some time and finally was able to get it. She doesnt seem the least bit displeased with it and it is actually better than mine in some ways. We mainly got it so that we could both play Minecraft again and so that she should finally play Skyrim on her PC since we had to share this one and I could not play since I didnt want to mess up her save files.\"", "is_Helpful": ""}, {"reviewerName": "john kravich", "reviewerUrl": "https://www.amazon.com/gp/profile/amzn1.account.AFX6PD3RPEJMS63Q5TDXNF66GVBQ/ref=cm_cr_arp_d_gw_btm?ie=UTF8", "rating": "5.0 out of 5 stars", "reviewTitle": "LOVE IT!!!", "reviewDate": "May 19, 2020", "reviewText": "\"  I bought this as a replacement for my desktop that I built a few years ago that was a hand me down from a friend of mine that was getting a new computer. I needed something faster and wanted the bonus that it was portable. He performance is insane for the price point. The only negative Ive seen was that it only has 2 usb ports which is a SLIGHT inconvenience.\"", "is_Helpful": ""}, {"reviewerName": "Jonathan Gonzales", "reviewerUrl": "https://www.amazon.com/gp/profile/amzn1.account.AHHXGGKFBW62LANOEYGH6FIFGTCA/ref=cm_cr_getr_d_gw_btm?ie=UTF8", "rating": "5.0 out of 5 stars", "reviewTitle": "Great machine for an affordable price", "reviewDate": "May 18, 2020", "reviewText": "  \\xa0The product was good and accurate on the description, I\u2019ve ran multiple tests and checked the programs and they all seem legit as I can tell.", "is_Helpful": ""}, {"reviewerName": "rashelle j mckenzie", "reviewerUrl": "https://www.amazon.com/gp/profile/amzn1.account.AHJTEIBMLY5BKAS3LNZJ3754BH3Q/ref=cm_cr_arp_d_gw_btm?ie=UTF8", "rating": "3.0 out of 5 stars", "reviewTitle": "If you research, then research even further", "reviewDate": "May 14, 2020", "reviewText": "  With all the descriptions from websites about the OMEN 15 and the capability to change keyboard colors, and with answers to questions even on the Amazon website where the answers to questions confirming you can (\"you can change the colors of the lighting.....\" is what one said), one would believe that the computer has the capability.  YouTube will show you that you have the ability as well.  Videos and \"how-tos\" instruct you step by step.  I looked many places, and waited a week to determine if this is the computer that I wanted for gaming.  Not bad for a 12G 128 SSD and TB HD, so I purchased it.  I was reserved in doing so, but I dismissed my apprehension.  I thought that there would be something that would juxtapose the positive.  Found it.  I cannot customize the keyboard which is what I was looking forward to.  I certainly paid enough (with taxes included of course).  The red is too strong for my vision so I more than likely have some decisions to make.  It does not perform the way Omens are advertised nor the way people talk about them.  So, if you want customization do not get this model., \"Update:. Crashed after first game installed. The game was from 2011 and works on my regular computer very well.  Had to do a hard reset.  So frustrated.  Had everyone tech savvy confused about why.  Dont think this is meant to be.\"", "is_Helpful": "4 people found this helpful"}, {"reviewerName": "Grouchy_Guy", "reviewerUrl": "https://www.amazon.com/gp/profile/amzn1.account.AEX4DX7KO3B2653WWZ2WCR2DBMAQ/ref=cm_cr_arp_d_gw_btm?ie=UTF8", "rating": "5.0 out of 5 stars", "reviewTitle": "A lot of power for not a lot of money.", "reviewDate": "May 7, 2020", "reviewText": "\"  This is the second Omen that Ive owned. I love it. I play WoW casually and it runs the game super smooth. I have never had any issues with either of my Omens other than my daughter leaving my first one out in the rain. The Omen does not appreciate that level of neglect. If youre going to game a lot on this I would buy a cooling pad for it because it does get pretty warm.\"", "is_Helpful": ""}, {"reviewerName": "Loyd", "reviewerUrl": "https://www.amazon.com/gp/profile/amzn1.account.AEUKJASMNFXPUOVCIXCICVP6EF3Q/ref=cm_cr_arp_d_gw_btm?ie=UTF8", "rating": "1.0 out of 5 stars", "reviewTitle": "Untweakable !", "reviewDate": "May 6, 2020", "reviewText": "\"  This is a nice machine but it is completely locked down.. It can not be tweaked.. No Bias tweaks and in the OMEN app the processor and GPU are both locked down. No under volt, over-volt .. NOTHING  You are also stuck with the red keyboard , no different colors, no different zone controls, the lighting is either on or off..  This is a very disappointing machine for someone expecting those things from an OMEN branded HP machine..  Before someone hammers me , I read all I could find for days , compared machines until I was Blue in the face. Watched a ton of videos about the OMEN laptops..Not one single thing I read or video I watched ever mentioned all those features would not be available in all OMEN laptops..  So if youre a gamer and want and need these features..LEAVE THIS PIG ALONE.\", \"This is NOT a rant against the seller.. The machine arrived days ahead of the stated delivery date. It was well packed. It is exactly what the seller described the machine as. Im disappointed in HP not the vendor.\"", "is_Helpful": "6 people found this helpful"}, {"reviewerName": "David J. Witten", "reviewerUrl": "https://www.amazon.com/gp/profile/amzn1.account.AFI2U3S6UP7D5EPZBIZHDPCLL5UA/ref=cm_cr_arp_d_gw_btm?ie=UTF8", "rating": "1.0 out of 5 stars", "reviewTitle": "\"Worthless computer that cant run directx and came with a myriad of issues from days 1.\"", "reviewDate": "May 2, 2020", "reviewText": "\"  After four days of troubleshooting I cant get half the games I own to work. Its not a problem with the games, its a direct x issue. The issue prevents me from resetting the pc, reinstalling directx, or doing anything else to fix the problem. Now I have a $800+ chromebook. Stay away from this headache and waste of time and money. What an unbelievable disappointment.\"", "is_Helpful": "3 people found this helpful"}, {"reviewerName": "Jose Acevedo", "reviewerUrl": "https://www.amazon.com/gp/profile/amzn1.account.AFUQQ3GDS2DB7HCQCR5JRG7WKRHQ/ref=cm_cr_arp_d_gw_btm?ie=UTF8", "rating": "5.0 out of 5 stars", "reviewTitle": "So Far Im Loving it!!", "reviewDate": "April 8, 2020", "reviewText": "\"  So far I like everything. I have never play a game with so high quality without lag. So far is Ill say the money is worth it.\"", "is_Helpful": "6 people found this helpful"}, {"reviewerName": "Vasiko Tsabadze", "reviewerUrl": "https://www.amazon.com/gp/profile/amzn1.account.AG3TO5LZYPBPCOSSVPRAM4T6BROA/ref=cm_cr_getr_d_gw_btm?ie=UTF8", "rating": "5.0 out of 5 stars", "reviewTitle": "Great for gaming.", "reviewDate": "December 14, 2019", "reviewText": "  This laptop is so powerful at this price point.", "is_Helpful": "3 people found this helpful"}, {"reviewerName": "Amazon Customer", "reviewerUrl": "https://www.amazon.com/gp/profile/amzn1.account.AFFEP3C44KTWK3XGQC6FMKZPRZVA/ref=cm_cr_arp_d_gw_btm?ie=UTF8", "rating": "3.0 out of 5 stars", "reviewTitle": "Mostly satisfied but still disappointed.", "reviewDate": "December 13, 2019", "reviewText": "  My son bought this computer mainly for gaming. This computer is fine for the little gaming he does. The keyboard lighting isn\u2019t great but he can deal with it until he figures out how to make it brighter., He wanted a laptop with \u201ci7\u201d but with what he had budgeted from his savings he decided to buy the \u201ci5\u201d. Wise decision for a young man!!!, I, as the mother, was VERY DISAPPOINTED in the fact that after researching and shopping for 3 months, one week after he got his laptop, I received an advertisement for the \u201ci7\u201d at the same cost of the \u201ci5\u201d my son settled for!!", "is_Helpful": "13 people found this helpful"}], "qAndA": [{"question": "60 hz refresh rate? shouldn't all omen have 144 hz?", "answer": "This one is 60hz as described."}, {"question": "A que frecuencia corre la ram?", "answer": "Answer not available"}, {"question": "?It a good first timer gaming laptop will it last awhile and is it upgradeable", "answer": "It\u2019s a excellent gaming laptop and will last as long as you keep it clean and allow general maintenance. Yes it is upgradable it has an extra ram slot and you can always swap out the SSD and the hard drive"}, {"question": "Will something extra have to be paid at customs or what Amazon's global shipping charges would be all?", "answer": "Answer not available"}, {"question": "A cu\u00e1nto es el maximo que llega el procesador con turbo boost?", "answer": "Answer not available"}, {"question": "Warranty? Is it the full HP factory warranty of one year?", "answer": "The paper in the box says warranty information can be found in the product or on a CD that comes with the computer. The computer did not come with a CD which is good because it does not have a disc drive. When I went to the HP support warranty section in the computer I clicked on the link that took me to a page stating\u2026 see more"}, {"question": "how long can the battery hold if I was gaming on this device?", "answer": "Depending on the game, probably not more than 1-2 hours..."}, {"question": "Suitable for gta5", "answer": "Yep"}, {"question": "Does it run vr\u2019s such as the oculus", "answer": "I dont have a VR setup, but it runs WOW at max settings getting 40-60 FPS so I believe it should be capable"}, {"question": "Does pc work with directx? Cant run half the games in my steam folder since i got this", "answer": "Answer not available"}, {"question": "Not a computer nerd, but I\u2019ve heard you can fill another slot with more ram for more storage? Is there anything about this", "answer": "Answer not available"}, {"question": "Is the os system on the ssd and it boots up fast?", "answer": "Yes, it's on SSD and boots really fast."}, {"question": "Where is the 1tb hd all that is visible is 128gb?", "answer": "You have 1Tb on D, and 123 SSD on C."}, {"question": "Does it have Thunderbolt port?", "answer": "It does."}, {"question": "keyboard only red back light ? and ddr5 ram ?", "answer": "Only red backlight. DDR4 ram"}, {"question": "Can you provide a spec list? which wifi card does it have? which keyboard? what's the model number?", "answer": "All of that should be in the listing below"}, {"question": "Does this have a Displayport or a mini Displayport?", "answer": "Mini"}, {"question": "Is this laptop compatible with games like medal of honor, cod, battlefield 1942, or hunting, truck or rail simulator games? good graphics?", "answer": "Absolutely, you can play Battlefield on Ultra graphics and COD Warzone on medium settings."}, {"question": "Does it come with bluetooth capability?", "answer": "yes it can connect to blue tooth devices."}, {"question": "can you lower brightness of keyboard?", "answer": "you can change the color not sure about brightness"}], "time": ["09/04/2021 17:11:58"], "reviewsCountInfo": {"expRevCount": 14, "actRevCount": 14, "nonEnglishRevCount": 3}, "scrapperInfo": {"Version": "1.3.2", "Released Date": "08/04/2021"}, "productURL": "https://www.amazon.com/gp/product/B07SMBCB3V", "ASIN": "B07SMBCB3V", "title": "HP OMEN 15\" Gaming Laptop Intel Core i5 12GB RAM 128GB SSD 1TB HDD GTX 1650 Shadow Black - 9th Gen i5-9300H Quad-core - NVIDIA GeForce GTX 1650 - in-Plane Switching Technology - NVIDIA G-SYNC - N", "manufacturer": " HP Store", "currentPrice": "$1,200.00", "rating": "4.4", "totalRatings": "48 "}