{"features": ["Windows 10 operating system. Windows 10 brings back the start menu from Windows 7 and introduces new features, like the edge web browser that lets you markup web pages on your screen", "Powered by the latest Intel Pentium Gold processor 4417U 2.3GHz, 2M cahce, smart dual-core processing performance for HD-quality computing", "14\" Display bright View glossy screen maintains the vivid colors in your photos and videos. Typical 1366 x 768 HD resolution. Wled backlight no Optical Drive", "8GB system Memory for advanced multitasking substantial high-bandwidth RAM", "128GB Solid State Drive (SSD) while offering less storage space than a hard drive, a flash-based SSD has no moving parts, resulting in faster start-up times"], "reviewsAspects": ["waste of money", "computer", "due", "keyboard", "slow", "online", "school", "setup", "turned"], "productInformation": [{"\nASIN\n": "\nB07SHJ8HXY\n", "Customer Reviews": "\n\n\n\n\n\n\n4.4 out of 5 stars\n\n\n\n\n\n\n\n\n485 ratings\n\n\n\n\n\n\n4.4 out of 5 stars\n", "\nBest Sellers Rank\n": "\n\n#16,087 in Computers & Accessories (See Top 100 in Computers & Accessories)\n\n#2,315 in Traditional Laptop Computers\n\n\n", "\nDate First Available\n": "\nAugust 29, 2019\n"}], "productDescription": "Product description\nCapacity:Intel Pentium 4417U\nTravel lightly while remaining productive with this slim HP laptop. \nThe 4GB of RAM and Intel Pentium Gold processor handle multi-tab browsing and streaming with ease, while the 128GB SSD offers quiet, fast performance. \nThis HP laptop has a 14-inch HD display for sharp visuals, and the built-in camera and microphone support video conferencing.", "reviews": [{"reviewerName": "Eric Seese", "reviewerUrl": "https://www.amazon.com/gp/profile/amzn1.account.AFVDCKMXU4HLLZPES4EWMRNCOFUA/ref=cm_cr_getr_d_gw_btm?ie=UTF8", "rating": "1.0 out of 5 stars", "reviewTitle": "Sooooooo slow", "reviewDate": "January 25, 2021", "reviewText": "  This thing sucks. The OS is incredibly slow and unresponsive.", "is_Helpful": ""}, {"reviewerName": "Candice M.", "reviewerUrl": "https://www.amazon.com/gp/profile/amzn1.account.AE66FNKEWHOWYADYZVDZFBTQJWOA/ref=cm_cr_getr_d_gw_btm?ie=UTF8", "rating": "1.0 out of 5 stars", "reviewTitle": "I need some form of refund or something", "reviewDate": "October 1, 2020", "reviewText": "  I have purchased this laptop in December and I havent use it not even 5 times due the covid-19 and now I turn it on to use I see that my screen is damage, total waste of money etc", "is_Helpful": ""}, {"reviewerName": "Paulette E", "reviewerUrl": "https://www.amazon.com/gp/profile/amzn1.account.AHV3WTUFZSO4UHADZEWNETR6TDWQ/ref=cm_cr_arp_d_gw_btm?ie=UTF8", "rating": "2.0 out of 5 stars", "reviewTitle": "Dont buy this.", "reviewDate": "September 19, 2020", "reviewText": "\"  Got it 3/19 and now it is dead. Called amazon. Talked to Christian. Who gave me the wring model of instructions. Once i told him to look at my order to see that i had an HP & not an apple he couldnt help me. He tried to contact HP and the laptop division was closed. Christian said he would call them on monday and call ne back. Never happened. He told me to renove the battery. OMG the worst assembly i have ever seen. I was a programmer for apx. 35 years. And i have to say that HP sorely dissappointed me with this. You have to strip off the sticky strp feet, remove anout 6/7 tiny screws then pry open the case. I got to the pry part & couldnt get it apart. Gave up. Guess my $300+ dollars are down the drain. Good thing I backed every thing up on thumb drives.\"", "is_Helpful": ""}, {"reviewerName": "Brian", "reviewerUrl": "https://www.amazon.com/gp/profile/amzn1.account.AGCQ6OPP43U637DEVYX3DZBAA3EA/ref=cm_cr_getr_d_gw_btm?ie=UTF8", "rating": "5.0 out of 5 stars", "reviewTitle": "Great Laptop for the money", "reviewDate": "September 14, 2020", "reviewText": "  This is a great computer for a student, someone who just wants to surf the web or watch a movie.  I use if for hooking to my truck and writing.  Good buy.  Battery is a little lacking but thats ok.", "is_Helpful": ""}, {"reviewerName": "Amazon Customer", "reviewerUrl": "https://www.amazon.com/gp/profile/amzn1.account.AFL74AF5S6LTC66M5Z73DPAS3RMA/ref=cm_cr_getr_d_gw_btm?ie=UTF8", "rating": "1.0 out of 5 stars", "reviewTitle": "UGH.", "reviewDate": "September 2, 2020", "reviewText": "\"  This computer is sooooo slow. I should have just splurged and gotten a higher quality one, because this one is TERRIBLE. Super slow to load anything, and heaven forbid I should have more than one application open at a time. It has caused me so many headaches. Ive had this computer for less than 6 months, and I am ready to just bite the bullet and buy a new Mac.\"", "is_Helpful": ""}, {"reviewerName": "Dayanne", "reviewerUrl": "https://www.amazon.com/gp/profile/amzn1.account.AFBKVVSAA7OF7WK6PYUYFI2R66EQ/ref=cm_cr_getr_d_gw_btm?ie=UTF8", "rating": "5.0 out of 5 stars", "reviewTitle": "10/10", "reviewDate": "August 20, 2020", "reviewText": "  Very fast shipping! Really pretty!", "is_Helpful": ""}, {"reviewerName": "Kathy aikens", "reviewerUrl": "https://www.amazon.com/gp/profile/amzn1.account.AHDFEMSJFNF7U6DM7PSEZK5QXRFQ/ref=cm_cr_getr_d_gw_btm?ie=UTF8", "rating": "1.0 out of 5 stars", "reviewTitle": "TERRIBLE PRODUCT/SERVICE FROM HP", "reviewDate": "June 25, 2020", "reviewText": "  Had this laptop for about 5 weeks, and then it started self rebooting, with ultimately the screen going pink/black every 5 minutes. Since I was a week past the return date, the only thing HP could offer me is a 3 week process to get the laptop shipped to them, fixed and resent. I sent it 10 days ago and the estimate time for arrival back to me is July 8th. Terrible customer service on HP\u2019s side. Will never buy another HP product!", "is_Helpful": ""}, {"reviewerName": "Dr Richard Forrester", "reviewerUrl": "https://www.amazon.com/gp/profile/amzn1.account.AHXEVLSCASKJTZAUCGQYISAORITA/ref=cm_cr_getr_d_gw_btm?ie=UTF8", "rating": "1.0 out of 5 stars", "reviewTitle": "Never connected to internet", "reviewDate": "June 6, 2020", "reviewText": "  It was still setup for a user in CA and could not reset to Dunkirk ,NY what a waste of money!", "is_Helpful": ""}, {"reviewerName": "Lee", "reviewerUrl": "https://www.amazon.com/gp/profile/amzn1.account.AFQCRJQ6TWTY2NU7Q3KCLPXRVAMA/ref=cm_cr_getr_d_gw_btm?ie=UTF8", "rating": "1.0 out of 5 stars", "reviewTitle": "Touchpad Left and Right Click buttons are cheaply made", "reviewDate": "May 6, 2020", "reviewText": "  Within one week the touchpad left click button broke. Now I am unable to use the touchpad to navigate and can only operate the laptop with a mouse. Both the left  and right touchpad buttons are cheaply made and can easily break in a short period of time like mine.", "is_Helpful": ""}, {"reviewerName": "B Cantu", "reviewerUrl": "https://www.amazon.com/gp/profile/amzn1.account.AG24XTMFU7UHXCLPCH2WGBE2H6EA/ref=cm_cr_getr_d_gw_btm?ie=UTF8", "rating": "4.0 out of 5 stars", "reviewTitle": "Good laptop", "reviewDate": "May 4, 2020", "reviewText": "  Decent quality. Packing was a bit rough.", "is_Helpful": ""}, {"reviewerName": "Monet", "reviewerUrl": "https://www.amazon.com/gp/profile/amzn1.account.AHVC5EJB4RPICOLDMYAGRT3L2X5Q/ref=cm_cr_getr_d_gw_btm?ie=UTF8", "rating": "5.0 out of 5 stars", "reviewTitle": "Great for my childs distance learning", "reviewDate": "April 27, 2020", "reviewText": "  Not sure why it says touch screen.", "is_Helpful": ""}, {"reviewerName": "Mekeal scruggs", "reviewerUrl": "https://www.amazon.com/gp/profile/amzn1.account.AECIDEREWQ253IWO5NBML3PVBGLQ/ref=cm_cr_getr_d_gw_btm?ie=UTF8", "rating": "5.0 out of 5 stars", "reviewTitle": "Very amazing", "reviewDate": "April 21, 2020", "reviewText": "  Great", "is_Helpful": ""}, {"reviewerName": "A*********", "reviewerUrl": "https://www.amazon.com/gp/profile/amzn1.account.AEN6QUROBX6MW2X62ANN323IFUFQ/ref=cm_cr_getr_d_gw_btm?ie=UTF8", "rating": "5.0 out of 5 stars", "reviewTitle": "Not touchscreen", "reviewDate": "April 20, 2020", "reviewText": "  Nice laptop was in s mode but easy to remove", "is_Helpful": ""}, {"reviewerName": "Jon Jensen", "reviewerUrl": "https://www.amazon.com/gp/profile/amzn1.account.AG5P7WMA2UO66GDIMBXS3LI4BFEA/ref=cm_cr_getr_d_gw_btm?ie=UTF8", "rating": "2.0 out of 5 stars", "reviewTitle": "Keyboard not backlit", "reviewDate": "April 19, 2020", "reviewText": "  No backlit keyboard or fingerprint sign in. Otherwise a good value", "is_Helpful": ""}, {"reviewerName": "Sandralee Quade", "reviewerUrl": "https://www.amazon.com/gp/profile/amzn1.account.AEMSCUPYTKATLVXUSHPIP7HR3HMQ/ref=cm_cr_getr_d_gw_btm?ie=UTF8", "rating": "5.0 out of 5 stars", "reviewTitle": "Is what it says. Ok price", "reviewDate": "April 15, 2020", "reviewText": "  Not touch screen", "is_Helpful": ""}, {"reviewerName": "lynn", "reviewerUrl": "https://www.amazon.com/gp/profile/amzn1.account.AHXGPCAJ7TKTNU2ADH6WP4XPXTIQ/ref=cm_cr_getr_d_gw_btm?ie=UTF8", "rating": "1.0 out of 5 stars", "reviewTitle": "computer", "reviewDate": "April 14, 2020", "reviewText": "\"  This is supposed to be a new computer but there is absolutely no sound.  This hasnt helped me being a teacher who needs a computer.\"", "is_Helpful": ""}, {"reviewerName": "Amazon Customer", "reviewerUrl": "https://www.amazon.com/gp/profile/amzn1.account.AGIT5AWFQ3HU2EBMT6QRQSQTLFGQ/ref=cm_cr_getr_d_gw_btm?ie=UTF8", "rating": "1.0 out of 5 stars", "reviewTitle": "Not as shown", "reviewDate": "April 14, 2020", "reviewText": "  I did not receive the silver keyboard ordered (came in black).  System is extremely slow, then jumpy.  Will not allow me to install Chrome - says it is blocked.  So uses Bing which is awful.  Was really looking forward to a work-tool and it feels more like a toy than a tool.", "is_Helpful": ""}, {"reviewerName": "Shandia", "reviewerUrl": "https://www.amazon.com/gp/profile/amzn1.account.AHAVOQAIFORET4PKANAA2F2MU36Q/ref=cm_cr_getr_d_gw_btm?ie=UTF8", "rating": "5.0 out of 5 stars", "reviewTitle": "Do Not Buy!", "reviewDate": "April 7, 2020", "reviewText": "  Poor quality, my phone wasn\u2019t able To attach properly, the screen was dim., Stop working April 3.2020 I got it  February 2020!", "is_Helpful": ""}, {"reviewerName": "Stephen W Castle", "reviewerUrl": "https://www.amazon.com/gp/profile/amzn1.account.AF2YER4OKSGOUQXFNFULW3MBIOAA/ref=cm_cr_getr_d_gw_btm?ie=UTF8", "rating": "5.0 out of 5 stars", "reviewTitle": "Light weight, works great for entry level laptop.", "reviewDate": "March 28, 2020", "reviewText": "  I joined Amazon and applied for the credit card when purchasing this laptop.  My final cost was under $200., Setup was easy and it performs as expected.  I do find the screen a bit small as I use the laptop for preparing my tax return, Amazon purchases, internet searches, no gaming.  I did purchase a 22 inch plug and play monitor to use with the laptop at Walmart for $58. Overall a great value for light use.", "is_Helpful": ""}, {"reviewerName": "Amazon Customer", "reviewerUrl": "https://www.amazon.com/gp/profile/amzn1.account.AG65BIURZCZBOVEQUGDR5SBRJ3SQ/ref=cm_cr_getr_d_gw_btm?ie=UTF8", "rating": "3.0 out of 5 stars", "reviewTitle": "Good but kept freezing.", "reviewDate": "March 27, 2020", "reviewText": "  I got this product which is everything that I wanted but was lagging and kept freezing.", "is_Helpful": ""}, {"reviewerName": "Karma S Oded", "reviewerUrl": "https://www.amazon.com/gp/profile/amzn1.account.AGZF5ANMDMOLW2NCBCKJDSYFC2PA/ref=cm_cr_getr_d_gw_btm?ie=UTF8", "rating": "5.0 out of 5 stars", "reviewTitle": "Great", "reviewDate": "March 26, 2020", "reviewText": "  Work and home", "is_Helpful": ""}, {"reviewerName": "Michele Gunter", "reviewerUrl": "https://www.amazon.com/gp/profile/amzn1.account.AE55LVGSZCXHQIMPMJJRPJ6TFWCA/ref=cm_cr_getr_d_gw_btm?ie=UTF8", "rating": "1.0 out of 5 stars", "reviewTitle": "Scammed", "reviewDate": "March 25, 2020", "reviewText": "  The product keyboard did not work when I received it. I needed this computer so I could work from home as mental health professional due to the Coronavirus. I feel as if I have been scammed", "is_Helpful": "One person found this helpful"}, {"reviewerName": "Amazon Customer", "reviewerUrl": "https://www.amazon.com/gp/profile/amzn1.account.AGBWM5GZWJTP2HAMC7L4PQ6DY73A/ref=cm_cr_getr_d_gw_btm?ie=UTF8", "rating": "5.0 out of 5 stars", "reviewTitle": "Just what was needed for my COVID-18 office!", "reviewDate": "March 23, 2020", "reviewText": "  For my COVID-19 \"office\"......perfect!", "is_Helpful": ""}, {"reviewerName": "Joyce F.", "reviewerUrl": "https://www.amazon.com/gp/profile/amzn1.account.AFRK2SYCCUZPPAZ3MRSLZZMSMWIA/ref=cm_cr_getr_d_gw_btm?ie=UTF8", "rating": "1.0 out of 5 stars", "reviewTitle": "Windows Home-S", "reviewDate": "March 21, 2020", "reviewText": "  Purchased 2 of these.  They are not as advertised. They are Windows Home S", "is_Helpful": "One person found this helpful"}, {"reviewerName": "Amazon Customer", "reviewerUrl": "https://www.amazon.com/gp/profile/amzn1.account.AHLG4T2R4OEG4PPUZY5EIHSAJXUA/ref=cm_cr_getr_d_gw_btm?ie=UTF8", "rating": "1.0 out of 5 stars", "reviewTitle": "Screen malfunction in less than 3 months", "reviewDate": "March 18, 2020", "reviewText": "  We bought this HP laptop in late December. Today, the screen has malfunctioned (see picture) -- no spills or drops, or user-caused damage.  What is our recourse with HP?  Very upset this happened after spending $300 less than 3 months ago.  Thank you.", "is_Helpful": ""}, {"reviewerName": "Chan Maharaj", "reviewerUrl": "https://www.amazon.com/gp/profile/amzn1.account.AGHNR2SVPLZNX2EHH4BJRKWJ67NA/ref=cm_cr_getr_d_gw_btm?ie=UTF8", "rating": "4.0 out of 5 stars", "reviewTitle": "Laptop review", "reviewDate": "March 12, 2020", "reviewText": "  Good quality for the price", "is_Helpful": ""}, {"reviewerName": "Catherine", "reviewerUrl": "https://www.amazon.com/gp/profile/amzn1.account.AHOJ7FTJ2CDIPOWFNV7E47VBOWFQ/ref=cm_cr_getr_d_gw_btm?ie=UTF8", "rating": "5.0 out of 5 stars", "reviewTitle": "\"Good computer for reading, research and streaming.  I dont know about gaming or social media.\"", "reviewDate": "March 11, 2020", "reviewText": "  Very lightweight and easy to manage.  Screen bright and clear.  Fast.  No complaints.", "is_Helpful": ""}, {"reviewerName": "Andi Elliott", "reviewerUrl": "https://www.amazon.com/gp/profile/amzn1.account.AHL2V7LEMVIJ3GE2R74SQWCYHDQQ/ref=cm_cr_getr_d_gw_btm?ie=UTF8", "rating": "5.0 out of 5 stars", "reviewTitle": "Bought it for our church", "reviewDate": "March 9, 2020", "reviewText": "  ..and it is just what we needed.", "is_Helpful": ""}, {"reviewerName": "lie", "reviewerUrl": "https://www.amazon.com/gp/profile/amzn1.account.AHYHPKMQ7C4SM74RGAVE4MP2GDLA/ref=cm_cr_getr_d_gw_btm?ie=UTF8", "rating": "5.0 out of 5 stars", "reviewTitle": "Great and affordable!", "reviewDate": "March 5, 2020", "reviewText": "  My girl loves it!", "is_Helpful": ""}, {"reviewerName": "Anne Pashak", "reviewerUrl": "https://www.amazon.com/gp/profile/amzn1.account.AFJPFHTOTIQXACUO4PLUDSIB4X6A/ref=cm_cr_getr_d_gw_btm?ie=UTF8", "rating": "1.0 out of 5 stars", "reviewTitle": "Laptop would not setup!", "reviewDate": "February 29, 2020", "reviewText": "  This laptop did not work.  I could not set it up. I called HP and they are charging $39 to repair it.  I should have sent it back!", "is_Helpful": "One person found this helpful"}, {"reviewerName": "Ousain Trawally", "reviewerUrl": "https://www.amazon.com/gp/profile/amzn1.account.AEEJRIZO372HAGXGJVZQJQD4I5FA/ref=cm_cr_getr_d_gw_btm?ie=UTF8", "rating": "5.0 out of 5 stars", "reviewTitle": "It amazing", "reviewDate": "February 26, 2020", "reviewText": "  Very good", "is_Helpful": ""}, {"reviewerName": "Amazon Customer", "reviewerUrl": "https://www.amazon.com/gp/profile/amzn1.account.AH6CGCFIDW4HL7YT7AIDIXZOF3DA/ref=cm_cr_getr_d_gw_btm?ie=UTF8", "rating": "5.0 out of 5 stars", "reviewTitle": "Perfect", "reviewDate": "February 22, 2020", "reviewText": "  Buying a computer online is scary but this one was just as described. We only use it for school but it serves its purpose.", "is_Helpful": "One person found this helpful"}, {"reviewerName": "Kelly Frett", "reviewerUrl": "https://www.amazon.com/gp/profile/amzn1.account.AEARTILJY7GI5SVNSFTZJLW6HTGA/ref=cm_cr_getr_d_gw_btm?ie=UTF8", "rating": "5.0 out of 5 stars", "reviewTitle": "Great", "reviewDate": "February 21, 2020", "reviewText": "\"  Its working very nice\"", "is_Helpful": ""}, {"reviewerName": "Ronald J. zwolinski", "reviewerUrl": "https://www.amazon.com/gp/profile/amzn1.account.AEAHLFE4UMWOXIS5I6AGZJKEMQ6Q/ref=cm_cr_getr_d_gw_btm?ie=UTF8", "rating": "2.0 out of 5 stars", "reviewTitle": "Just would like the computer to work!!", "reviewDate": "February 20, 2020", "reviewText": "\"  I orded 2 computers both worked,and is still working,computer #2 worked when it got here, 5 days ago it stoped working cant even get online,computer says it has a problem, and you cant reset it\"", "is_Helpful": "One person found this helpful"}, {"reviewerName": "Regan E", "reviewerUrl": "https://www.amazon.com/gp/profile/amzn1.account.AGJ2LGA5FS27O3XBQJP2VPBGKTXQ/ref=cm_cr_getr_d_gw_btm?ie=UTF8", "rating": "5.0 out of 5 stars", "reviewTitle": "Fast, easy, has everything", "reviewDate": "February 18, 2020", "reviewText": "  Upgraded from a big heavy laptop that was very slow.  This is a huge improvement.  Keyboard is large and legible.  Windows is familiar.  No trouble at all!", "is_Helpful": ""}, {"reviewerName": "Prabhat agasti", "reviewerUrl": "https://www.amazon.com/gp/profile/amzn1.account.AFJPMTW3G2D633QFE77YFZ7SKLPQ/ref=cm_cr_getr_d_gw_btm?ie=UTF8", "rating": "5.0 out of 5 stars", "reviewTitle": "Good budget laptop", "reviewDate": "February 11, 2020", "reviewText": "  I have been using it from last 2 months until now it works great., It has frequent updates", "is_Helpful": ""}, {"reviewerName": "Brian", "reviewerUrl": "https://www.amazon.com/gp/profile/amzn1.account.AGCKLUQRVXZ4VEMB56KJWBU4JPLQ/ref=cm_cr_getr_d_gw_btm?ie=UTF8", "rating": "5.0 out of 5 stars", "reviewTitle": "Very pleased", "reviewDate": "February 10, 2020", "reviewText": "  A good computer for the price. I\u2019m very happy with it so far. The screen is 14 inches. Most of the comments on here says it\u2019s not but I think that\u2019s cause they are measuring it wrong. Changing to regular windows 10 is easy and free !", "is_Helpful": "2 people found this helpful"}, {"reviewerName": "Debbie martin", "reviewerUrl": "https://www.amazon.com/gp/profile/amzn1.account.AGTSDRYOON2OCARYHRJBEHEMAJ2Q/ref=cm_cr_getr_d_gw_btm?ie=UTF8", "rating": "5.0 out of 5 stars", "reviewTitle": "Great laptop!", "reviewDate": "February 6, 2020", "reviewText": "  Perfect laptop for my daughter who\u2019s taking on line classes. Great value and a great price", "is_Helpful": "One person found this helpful"}, {"reviewerName": "Donald T. Burke Sr.", "reviewerUrl": "https://www.amazon.com/gp/profile/amzn1.account.AFGA6XAVN477YEFS5X3AVU3FZ4GQ/ref=cm_cr_getr_d_gw_btm?ie=UTF8", "rating": "1.0 out of 5 stars", "reviewTitle": "Waste of money", "reviewDate": "February 6, 2020", "reviewText": "  Return key  inoperable.. other unexpected quirks .. tech support of little help", "is_Helpful": "2 people found this helpful"}, {"reviewerName": "jack glidewell", "reviewerUrl": "https://www.amazon.com/gp/profile/amzn1.account.AFU5AGR3O62MU6S4YNKRD6VN7QLQ/ref=cm_cr_getr_d_gw_btm?ie=UTF8", "rating": "4.0 out of 5 stars", "reviewTitle": "dont get thoch scree", "reviewDate": "February 4, 2020", "reviewText": "  good pc", "is_Helpful": ""}, {"reviewerName": "Jordan ", "reviewerUrl": "https://www.amazon.com/gp/profile/amzn1.account.AF62QLLEU37TYUKEDVUQO67P66XA/ref=cm_cr_getr_d_gw_btm?ie=UTF8", "rating": "5.0 out of 5 stars", "reviewTitle": "Its great", "reviewDate": "February 2, 2020", "reviewText": "  It a great laptop no problems at all", "is_Helpful": ""}, {"reviewerName": "RoseMarie Cann", "reviewerUrl": "https://www.amazon.com/gp/profile/amzn1.account.AFWV5E7STU6EN4WJNI4LW5472A2Q/ref=cm_cr_getr_d_gw_btm?ie=UTF8", "rating": "5.0 out of 5 stars", "reviewTitle": "Excellent", "reviewDate": "February 2, 2020", "reviewText": "  I  use it to play games, check my emails, bills, and even type letters.", "is_Helpful": ""}, {"reviewerName": "Lizzy", "reviewerUrl": "https://www.amazon.com/gp/profile/amzn1.account.AEIJ3AWB6WG5GKCPDLUEUYBJFULQ/ref=cm_cr_getr_d_gw_btm?ie=UTF8", "rating": "5.0 out of 5 stars", "reviewTitle": "Love this laptop", "reviewDate": "January 29, 2020", "reviewText": "  I love this laptop soooo worth the money , I use it for school and I have no problems with it! Very nice quality", "is_Helpful": "2 people found this helpful"}, {"reviewerName": "Ernest Brown", "reviewerUrl": "https://www.amazon.com/gp/profile/amzn1.account.AFGHWVF4PULW64E3JBDOUM3TTBPA/ref=cm_cr_getr_d_gw_btm?ie=UTF8", "rating": "5.0 out of 5 stars", "reviewTitle": "Awesome for what it worth", "reviewDate": "January 26, 2020", "reviewText": "  My Son loves it", "is_Helpful": ""}, {"reviewerName": "cviola", "reviewerUrl": "https://www.amazon.com/gp/profile/amzn1.account.AFP56Z6KY72KDDBIFKBN2WMEU7FQ/ref=cm_cr_getr_d_gw_btm?ie=UTF8", "rating": "5.0 out of 5 stars", "reviewTitle": "Great Value", "reviewDate": "January 24, 2020", "reviewText": "\"  This laptop is of great value and is perfect for my husbands use.\"", "is_Helpful": ""}, {"reviewerName": "Locksley A.", "reviewerUrl": "https://www.amazon.com/gp/profile/amzn1.account.AGCXZSVRM5MFKPH7WLRZD2LC4MDQ/ref=cm_cr_getr_d_gw_btm?ie=UTF8", "rating": "4.0 out of 5 stars", "reviewTitle": "Shipped fast, good experience", "reviewDate": "January 23, 2020", "reviewText": "  Shipped fast, good experience", "is_Helpful": ""}, {"reviewerName": "Freethinker", "reviewerUrl": "https://www.amazon.com/gp/profile/amzn1.account.AHDXSNQ4JBO24MWXSR6A23WQQVTA/ref=cm_cr_getr_d_gw_btm?ie=UTF8", "rating": "4.0 out of 5 stars", "reviewTitle": "Going to need a larger hard drive", "reviewDate": "January 23, 2020", "reviewText": "  All it needs is a larger hard drive unles you have an external drive", "is_Helpful": ""}, {"reviewerName": "R G TEJIRIAN", "reviewerUrl": "https://www.amazon.com/gp/profile/amzn1.account.AHRENLHOV7P4E6QL7E2US33GHNEQ/ref=cm_cr_getr_d_gw_btm?ie=UTF8", "rating": "4.0 out of 5 stars", "reviewTitle": "Satisfies my needs", "reviewDate": "January 18, 2020", "reviewText": "  Does what I expect it to do at a budget price.", "is_Helpful": ""}, {"reviewerName": "Nganga", "reviewerUrl": "https://www.amazon.com/gp/profile/amzn1.account.AGF7C5226RGXAN7HCDSB5QA5GF3Q/ref=cm_cr_getr_d_gw_btm?ie=UTF8", "rating": "5.0 out of 5 stars", "reviewTitle": "i love it", "reviewDate": "January 15, 2020", "reviewText": "  arrived quick and very easy to use, perfect.", "is_Helpful": ""}, {"reviewerName": "great", "reviewerUrl": "https://www.amazon.com/gp/profile/amzn1.account.AFCICPSEH5ERNZJCWQ36ESFRSXEA/ref=cm_cr_getr_d_gw_btm?ie=UTF8", "rating": "5.0 out of 5 stars", "reviewTitle": "Reliable", "reviewDate": "January 14, 2020", "reviewText": "  Not a bad item  for the price.", "is_Helpful": ""}, {"reviewerName": "MikaAnnika", "reviewerUrl": "https://www.amazon.com/gp/profile/amzn1.account.AHRLTBLJKC7O27FETGCLZPNQRB2Q/ref=cm_cr_arp_d_gw_btm?ie=UTF8", "rating": "2.0 out of 5 stars", "reviewTitle": "Lemon", "reviewDate": "January 13, 2020", "reviewText": "\"  Bought this to replace my hp pro book which still works, but only lasts 2 hours on a charge. The new one arrived in about 10 days. I plugged in the charger for 30 minutes and then started it up. Went through the initial startup, pass word, preferences then checked it for half an hour and shut it off. Plugged in the charger and it sat on a table for 3 days UNTOUCHED after which I pulled the charger off and turned it on ...... Nothing just a black screen. The only activity was the power lite flickering. Thought it had a bad battery. Plugged the charger back in. Still nothing, this time the power lite stays on and the caps key is flashing. Called hp tech support. Guess where it is ? India on the other side of the planet. So over the course of an hour and through a connection that kept breaking up and a thick accent he had me try several key combinations , still nothing. Finally he said hell send me a prepaid box so I can send it to their IT-tech wholl probably punch in the same key combos I did. So thats where Im at waiting for the prepaid box. Keep you posted.\", Update;, Received prepaid box on 1/14 and shipped it out. Just got the laptop back on 1/22. They replaced a part \"ASSY MB UMA\" what ever that is. Started right up. Got online via wifi and browsed awhile. Seems to be working ok now. Next up is to get it out of S mode to make it more useful. Keep ya posted if it bombs out again.", "is_Helpful": "24 people found this helpful"}, {"reviewerName": "David Barda", "reviewerUrl": "https://www.amazon.com/gp/profile/amzn1.account.AEV7H2SA66BZT5SVQYXYEUTT2QEA/ref=cm_cr_getr_d_gw_btm?ie=UTF8", "rating": "4.0 out of 5 stars", "reviewTitle": "Good value for money", "reviewDate": "January 10, 2020", "reviewText": "  Works good", "is_Helpful": ""}, {"reviewerName": "Betty Grant", "reviewerUrl": "https://www.amazon.com/gp/profile/amzn1.account.AGHPWNF774JF7MVFFMYVAZIMOI5A/ref=cm_cr_getr_d_gw_btm?ie=UTF8", "rating": "4.0 out of 5 stars", "reviewTitle": "Many help features and guidance.", "reviewDate": "January 9, 2020", "reviewText": "  Size and many features.  Do alot of downloads for crafting and do taxes.  Many new features to try.", "is_Helpful": ""}, {"reviewerName": "Joseph Watson", "reviewerUrl": "https://www.amazon.com/gp/profile/amzn1.account.AHVIXN62AH7IKK45OML4PIAN3TZA/ref=cm_cr_getr_d_gw_btm?ie=UTF8", "rating": "4.0 out of 5 stars", "reviewTitle": "Good", "reviewDate": "January 7, 2020", "reviewText": "  Good start up laptop", "is_Helpful": ""}, {"reviewerName": "Christopher speight", "reviewerUrl": "https://www.amazon.com/gp/profile/amzn1.account.AEXAYGBZ6FRU5JTCROYOFHISUSSQ/ref=cm_cr_getr_d_gw_btm?ie=UTF8", "rating": "5.0 out of 5 stars", "reviewTitle": "Good quality", "reviewDate": "January 2, 2020", "reviewText": "  Great buy", "is_Helpful": ""}, {"reviewerName": "Saul E Barrera", "reviewerUrl": "https://www.amazon.com/gp/profile/amzn1.account.AFVEPKR73W22J3JG7EQXL7DF4OTQ/ref=cm_cr_getr_d_gw_btm?ie=UTF8", "rating": "3.0 out of 5 stars", "reviewTitle": "Good", "reviewDate": "January 2, 2020", "reviewText": "  Very good, more than what I expected", "is_Helpful": ""}, {"reviewerName": "SAP", "reviewerUrl": "https://www.amazon.com/gp/profile/amzn1.account.AG6OOFIMKGEJYTI3KAXKXDB7HKFA/ref=cm_cr_getr_d_gw_btm?ie=UTF8", "rating": "3.0 out of 5 stars", "reviewTitle": "Advertised 128GB is actually 118GB of which you only get 94.6 GB", "reviewDate": "December 29, 2019", "reviewText": "\"  One of the main reasons I bought this laptop was for the 128GB which is advertised.  However after I turned it on and checked the GBs I lost 33GBs right off the bat so this is false advertising as it showed 94.6 GB free of 118 GB.\"", "is_Helpful": "2 people found this helpful"}, {"reviewerName": "Tracy Mc", "reviewerUrl": "https://www.amazon.com/gp/profile/amzn1.account.AGYLIIOJ4OD3IRK7LA2NLYLLRDIA/ref=cm_cr_getr_d_gw_btm?ie=UTF8", "rating": "5.0 out of 5 stars", "reviewTitle": "\"Dont forget to measure screen size diagonally\"", "reviewDate": "December 26, 2019", "reviewText": "\"  I have not purchased this laptop ... I just wanted to note that laptop size is measured like television size ... you measure the screen diagonally from top left to bottom right (or vice versa).  Its not measured as regular length and width. I wanted to mention that so folks wont be surprised by the size they are expecting.\"", "is_Helpful": "4 people found this helpful"}, {"reviewerName": "Anything but my real name", "reviewerUrl": "https://www.amazon.com/gp/profile/amzn1.account.AF2BNIPDXWXL4CIZ7OIU3O5TRIGQ/ref=cm_cr_arp_d_gw_btm?ie=UTF8", "rating": "4.0 out of 5 stars", "reviewTitle": "good performance and price but the 2.4 Ghz wifi may be deal breaker", "reviewDate": "December 24, 2019", "reviewText": "\"  To keep this short I bought this machine to replace a HP compaq for a retired family member. It had to be cheap and light so as to be useable on a couch but with a nice large screen and keyboard, which is why a tablet wouldnt work. I chose this based on reviews of its upgradability. The machine looks great feels great to the touch despite it being plastic and is very portable. The resolution is below HD but that makes the OS elements very large and usable for older eyes. I got this for $250 and change and Im more or less pleased. The biggest drawback is the single antennae 2.4 wifi. It really slows down setup activities and certain large web information sharing operations. youtube videos are fine and things like emailing arent affected much but cloud backup and sharing is confusing until I remember the antennae issue. The user will need patience for things like this, use ethernet or, a travel wifi device or, something.\", I upgraded the ram to 12Gb and this model came with an SSD.", "is_Helpful": "15 people found this helpful"}, {"reviewerName": "Buffalo Bills fan", "reviewerUrl": "https://www.amazon.com/gp/profile/amzn1.account.AG34USV4Y7RCPMG3CP2GFMR3DY3A/ref=cm_cr_getr_d_gw_btm?ie=UTF8", "rating": "5.0 out of 5 stars", "reviewTitle": "Speed", "reviewDate": "December 22, 2019", "reviewText": "  Loved the size and weight", "is_Helpful": ""}, {"reviewerName": "Richard l.", "reviewerUrl": "https://www.amazon.com/gp/profile/amzn1.account.AE4FDONCUO4HIDW5V5TEMXDB2IHQ/ref=cm_cr_getr_d_gw_btm?ie=UTF8", "rating": "4.0 out of 5 stars", "reviewTitle": "Great budget laptop!", "reviewDate": "December 21, 2019", "reviewText": "  I use this laptop to play old school RuneScape. It works great.", "is_Helpful": "One person found this helpful"}, {"reviewerName": "Ron Lundie", "reviewerUrl": "https://www.amazon.com/gp/profile/amzn1.account.AHKBQBQ5QDTXCLRYND55EVUZRL4Q/ref=cm_cr_getr_d_gw_btm?ie=UTF8", "rating": "5.0 out of 5 stars", "reviewTitle": "Very nice small laptop", "reviewDate": "December 16, 2019", "reviewText": "  Very fast, and light, easy to use", "is_Helpful": ""}, {"reviewerName": "CFC", "reviewerUrl": "https://www.amazon.com/gp/profile/amzn1.account.AENGJ3P24K23TAPIVWQELECJSCIA/ref=cm_cr_arp_d_gw_btm?ie=UTF8", "rating": "4.0 out of 5 stars", "reviewTitle": "Great laptop for basic functions, NOT 14\u201d inch display as advertised!", "reviewDate": "December 12, 2019", "reviewText": "  Simple laptop the is able to do all basic computer functions without fail. Laptop had Windows 10S installed which was a bummer, although there is a free option from Microsoft to easily upgrade to Windows 10 Home (due to many customer complaints &  negative reviews).  Would have given this product 5 stars however the display is definitely not 14\u201d inches, it is actually a little bit over 12\u201d inches. The length of the laptop itself is about 12.75\u201d inches, which is still below the 14\u201dinch.  Unfortunately ordered a travel case and laptop sleeve designed for 14\u201d inch laptop, that was far too big/ loose for it. Due to false advertisement of a 14\u201dinch display, I cannot give this product a 5/5 stars.", "is_Helpful": "14 people found this helpful"}, {"reviewerName": "THOMAS A. SUMMEY", "reviewerUrl": "https://www.amazon.com/gp/profile/amzn1.account.AHW4M422IPYD2JCESAGPPQWUL2OA/ref=cm_cr_getr_d_gw_btm?ie=UTF8", "rating": "5.0 out of 5 stars", "reviewTitle": "Fantastic product and price", "reviewDate": "December 11, 2019", "reviewText": "  My daughter needed this for school and has been pleased with its performance. I would happily make another purchase from this vendor !!", "is_Helpful": "One person found this helpful"}, {"reviewerName": "Jakhongir Umarov", "reviewerUrl": "https://www.amazon.com/gp/profile/amzn1.account.AHJCJRC3DPFJBB3FY2YTTDHFN4TA/ref=cm_cr_getr_d_gw_btm?ie=UTF8", "rating": "5.0 out of 5 stars", "reviewTitle": "Slimm notebook", "reviewDate": "December 11, 2019", "reviewText": "  Light weight, slim notebook", "is_Helpful": ""}, {"reviewerName": "Rick M.", "reviewerUrl": "https://www.amazon.com/gp/profile/amzn1.account.AEBGTEAU33PUBGULXJ45UEUBSBSA/ref=cm_cr_getr_d_gw_btm?ie=UTF8", "rating": "5.0 out of 5 stars", "reviewTitle": "Excellent product!", "reviewDate": "December 11, 2019", "reviewText": "  Thank you! My second HP laptop.", "is_Helpful": ""}, {"reviewerName": "Jerenny ramirez", "reviewerUrl": "https://www.amazon.com/gp/profile/amzn1.account.AFQYKWLQDGVX4ZGKKH3T6B6WW2HA/ref=cm_cr_arp_d_gw_btm?ie=UTF8", "rating": "5.0 out of 5 stars", "reviewTitle": "Perfect", "reviewDate": "November 27, 2019", "reviewText": "  Just what i needed it", "is_Helpful": "4 people found this helpful"}, {"reviewerName": "Dondi", "reviewerUrl": "https://www.amazon.com/gp/profile/amzn1.account.AGQS5NYNWCMP2OZ6ABWXHK26NLYQ/ref=cm_cr_getr_d_gw_btm?ie=UTF8", "rating": "5.0 out of 5 stars", "reviewTitle": "Easy to self install", "reviewDate": "November 19, 2019", "reviewText": "  Terrific!", "is_Helpful": "2 people found this helpful"}, {"reviewerName": "T", "reviewerUrl": "https://www.amazon.com/gp/profile/amzn1.account.AELJDZ6X3BN3LAI2J3HBORD2NCNA/ref=cm_cr_arp_d_gw_btm?ie=UTF8", "rating": "4.0 out of 5 stars", "reviewTitle": "Nice laptop", "reviewDate": "November 1, 2019", "reviewText": "\"  Im very please with this device. If you just need something simple, then this is not a bad device. I figure it was time to upgrade to a newer laptop after having my ancient laptop that weighed like 10lbs was starting to slowly die on me. If you need to just do something here and there, then this is not a bad choice. I contemplated whether I wanted to save a few extra bucks and not go with the touch screen laptop and the i3 core. Which I dont mind. I have a wireless mouse I can use, so the touch screen was not a big deal. Overall, I am please with the laptop.\"", "is_Helpful": "18 people found this helpful"}, {"reviewerName": "JAMES CAMPBELL", "reviewerUrl": "https://www.amazon.com/gp/profile/amzn1.account.AGEV5UA4VVS3G6NAWDAGF74HU4YA/ref=cm_cr_getr_d_gw_btm?ie=UTF8", "rating": "5.0 out of 5 stars", "reviewTitle": "Exactly what was needed.", "reviewDate": "October 30, 2019", "reviewText": "  This is exactly what my daughter needed. Nothing extra but everything she needed at the right price.", "is_Helpful": "One person found this helpful"}, {"reviewerName": "John Nightingale", "reviewerUrl": "https://www.amazon.com/gp/profile/amzn1.account.AFBSWW6YKN4AKGLBASF2LOD2F4YQ/ref=cm_cr_arp_d_gw_btm?ie=UTF8", "rating": "1.0 out of 5 stars", "reviewTitle": "Not happy at all!!!", "reviewDate": "October 16, 2019", "reviewText": "  The screen was messed up as soon as I turned it on. The return sucks have to take it to one of two places and there just drop boxes!!", "is_Helpful": "12 people found this helpful"}, {"reviewerName": "Amazon Customer", "reviewerUrl": "https://www.amazon.com/gp/profile/amzn1.account.AHJHE2ZX67ZCXAZZOWEDPEO2GCHA/ref=cm_cr_arp_d_gw_btm?ie=UTF8", "rating": "4.0 out of 5 stars", "reviewTitle": "\"Not Happy with the size Its wrong\"", "reviewDate": "October 7, 2019", "reviewText": "  I never had a lab top before and I like I like all the things it has so far ok but I must say  It\\s not a 14\" more like 13\" not happy about that at all  and It needs to be changed May write more on this later on on how It runs", "is_Helpful": "10 people found this helpful"}, {"reviewerName": "T Sharp", "reviewerUrl": "https://www.amazon.com/gp/profile/amzn1.account.AEDWLMY4ETXTPXSWGHGBVKLPRJBQ/ref=cm_cr_arp_d_gw_btm?ie=UTF8", "rating": "3.0 out of 5 stars", "reviewTitle": "HP Laptop is Windows 10 S Mode NOT Windows 10 Home Operating System", "reviewDate": "October 6, 2019", "reviewText": "\"  I just received my laptop this morning and I am a little upset. I bought this specific laptop because it said that the operating system is Windows 10 Home not Windows 10 S.  As everyone knows Windows 10 S allows only apps etc from the Microsoft store. Supposedly, a back and forth conversion is in the works, but as it stands once you leave Windows S Mode thats it. I will update my rating after I have used the laptop for awhile.  If anyone has any updated information, please share. Thanks!!\"", "is_Helpful": "76 people found this helpful"}, {"reviewerName": "Laura Mauser", "reviewerUrl": "https://www.amazon.com/gp/profile/amzn1.account.AE6HJUCSLH4EETJ3UIOAOLEM2GPA/ref=cm_cr_arp_d_gw_btm?ie=UTF8", "rating": "4.0 out of 5 stars", "reviewTitle": "Love this laptop!", "reviewDate": "September 30, 2019", "reviewText": "  Perfect size,,got the S off the windows 10 so easily. Highly recommend. I searched a long time...got the perfect one for me.", "is_Helpful": "46 people found this helpful"}], "qAndA": [{"question": "Is this a decent laptop for business", "answer": "It's a really nice laptop for a very decent price, but it's far from top of the line. I am very eased with it, but whether it's appropriate for business use, I couldn't say."}, {"question": "Geekbench score?", "answer": "Yes"}, {"question": "can upgrade the 4 gb ram memory?", "answer": "Not that I am aware of"}, {"question": "How much is shipping fee if delivered to philippines?", "answer": "Answer not available"}, {"question": "Has anyone used this computer with Wires-X and Fusion?", "answer": "Not me"}, {"question": "Can i activate ms office 365 with the product key?", "answer": "Yes, though I did not get a key myself."}, {"question": "Does it come with Product Key?", "answer": "Yes"}, {"question": "How is this computer with video editing?", "answer": "Have not tried"}, {"question": "What is the warranty", "answer": "Answer not available"}, {"question": "Does this have I5 or I7 processor?", "answer": "Not sure but it is fast and easy to use"}, {"question": "Does it have WiFi built in", "answer": "Yes, it does."}, {"question": "Would photoshop and a drawing pad work well on this computer?", "answer": "Better buy a corei 4 minimal"}, {"question": "Is this compatible with a cricut explore air 2?", "answer": "Some programs need a big memory. This has 128 GB ssd"}, {"question": "Does this laptop come with a charger?", "answer": "Yes the charger was included"}, {"question": "Does it have a ethernet port?", "answer": "Answer not available"}, {"question": "Does this have bluetooth & a webcam?", "answer": "Yes it has Bluetooth and a webcam"}, {"question": "Can you play sims 4 on it?", "answer": "Hello,\nI'm sorry to say but I have no experience with games. I checked out the minimal requirements of Sims 4, I think it will work with this computer."}, {"question": "Does this work with the LR & photoshop?", "answer": "Answer not available"}, {"question": "Can this upgrade from 128gb storage to a higher storage.?", "answer": "Yes it can. I just upgraded mine to 500 gigs and installed more ram as well."}, {"question": "What type of lithium ion battery is required?", "answer": "It comes with its own stock OEM HP battery. No need to purchase one."}, {"question": "Does this come with the battery?", "answer": "yes"}, {"question": "Does this have a backlit keyboard?", "answer": "No"}, {"question": "How good is the battery? How many hours with a full charge?", "answer": "Answer not available"}, {"question": "Is this compatible with world of Warcraft?", "answer": "Answer not available"}, {"question": "My daughter is going to fifth grade and doing 100% remote learning, is this computer good for that?", "answer": "Yes, this would be just fine for her. Its light and has adequate processing power"}, {"question": "Is this a good laptop for djing?", "answer": "I have not tried that, sorry, maybe it is."}, {"question": "Does it have a Ethernet port?", "answer": "yes Sr"}, {"question": "Where can i find the product key? i need to active my microsoft office 365", "answer": "Returned mine. It was an annoying toy."}, {"question": "Does it come with a power cord?", "answer": "Yes"}, {"question": "Does it have cd rom", "answer": "No."}, {"question": "Can you connect an external dvd drive?", "answer": "yes, via USB port"}, {"question": "Can this upgrade from 128gb storage to a higher storage.", "answer": "Answer not available"}, {"question": "Does is have hdmi", "answer": "Yes. The pictures has all options"}, {"question": "La medida de la pantalla si es 14\u201d ?? Veo comentarios q dicen q es menos que eso", "answer": "Son de 14\", pero como en todas las televisiones, la medida es en diagonal, de ah\u00ed la confusi\u00f3n."}, {"question": "Does it have Touch screen", "answer": "No, it\u2019s not touchscreen."}, {"question": "Does it accommodate zoom?", "answer": "You'll need to upgrade your Edge browser to the newest version, which is based on Chrome. Your Windows 10 computer in S-Mode will allow this installation.\nhttps://www.microsoft.com/en-us/edge\nOnce you've upgraded Edge, then you can install an extension that will tell websites you're using Chrome, even though you're \u2026 see more"}, {"question": "Does it include word?", "answer": "Only the trial version."}, {"question": "Can this be upgraded from 4gb to 8gb?", "answer": "Yes, but you need to replace the existing 4GB memory stick with a new 8GB memory stick, as there is only one memory slot."}, {"question": "Does this model come with windows s or windows home/10 etc? multiple reviews are saying its windows s. thanks.", "answer": "Windows has a free upgrade however for the S mode. Just go to Microsoft store and do a search. Follow the steps to get home or pro."}, {"question": "Can W10 S mode in the 14\" version be switched off?", "answer": "Yes only you need to use your outlook account"}, {"question": "Is this operating system windows 10 s-mode only or the full home version?", "answer": "Answer not available"}, {"question": "Good laptop to play the sims on?", "answer": "No. It needs more memory and drive space."}, {"question": "can you plug in a large external monitor?", "answer": "Yes. Use the\nHDMI output."}, {"question": "Does this laptop have a backlit keyboard?", "answer": "I'm sorry I don't have my new laptop set up yet"}, {"question": "accept quicken download?", "answer": "I use Quicken and it is fine."}, {"question": "My ms office is inactive, how do i activate it?", "answer": "Check your MS account to see if it has expired with Windows 7 9n 2017 like mine did. I'm still looking for free Office (not a facsimile)."}, {"question": "Does this model include anti-virus software?", "answer": "Yes. Norton"}, {"question": "Does this have built in speakers", "answer": "Yes"}, {"question": "As i need to load quickbooks pro 2020", "answer": "Not sure. I use Quicken and it is fine."}, {"question": "Could someone please explain to me how to password protect this computer? I haven't been able to figure it out. Thanks!", "answer": "Answer not available"}, {"question": "How many usb ports does it have?", "answer": "2 USB Ports Sr"}, {"question": "can you play roblox on this?", "answer": "Yes, you can play roblox on this laptop."}, {"question": "Does this have a dvd drive?", "answer": "No it does not have a DVD drive."}, {"question": "Does this have a backlit keyboard?", "answer": "Yes Sr"}, {"question": "Can anyone suggest a hard case that fits this laptop? i just ordered the mcover hard shell case 14\" probook 440 gs series & it's too big.", "answer": "I have never seen anyone using a hard case for a laptop. I bought a soft padded case from Amazon (an Amazon special). This is excellent."}, {"question": "Can windows 10s be removed and switched to windows 10?", "answer": "Answer not available"}, {"question": "Can you get steam on it?", "answer": "I'm sure you could, but the current memory size is a bit low for gaming."}, {"question": "is this i7?", "answer": "Great one"}, {"question": "Does it have a back lit keyboard?", "answer": "No back lite keyboard."}, {"question": "Is this one in s mode?", "answer": "Yes it is in s mode."}, {"question": "Can I return it if the box has been opened?", "answer": "You would need to call customer service first."}, {"question": "Does it come with office 365?", "answer": "No"}, {"question": "What is the operating voltage?", "answer": "110-220v"}, {"question": "Does this have a webcam?", "answer": "Yes!"}, {"question": "Is the processor intel i5 or i3?", "answer": "I hated the silly thing. Returned it."}, {"question": "Where can i find the product key? i need to active my microsoft office 365", "answer": "It should be located under the laptop (very tiny and blends in w/the laptop)"}], "time": ["09/04/2021 16:50:34"], "reviewsCountInfo": {"expRevCount": 74, "actRevCount": 74, "nonEnglishRevCount": 3}, "scrapperInfo": {"Version": "1.3.2", "Released Date": "08/04/2021"}, "productURL": "https://www.amazon.com/gp/product/B07SHJ8HXY", "ASIN": "B07SHJ8HXY", "title": "2019 HP 14\u201c Laptop (Intel Pentium Gold 2.3GHz, Dual Cores, 4GB DDR4 RAM, 128GB SSD, Wi-Fi, Bluetooth, HDMI, Windows 10 Home) (Ash Silver) (14-CF0012DX)", "manufacturer": " HP Store", "currentPrice": "$498.00", "rating": "4.4", "totalRatings": "485 "}