{"features": ["\u25b6 With the latest 9th Gen Intel Core i7-9750H mobile processor; (2. 60 GHz, Max Turbo Frequency 4. 50 GHz, 12 MB SmartCache); Powerful 6-core, twelve-way processing performance.", "\u25b6 With a beautiful 15. 6\" Full HD display; the 1920 x 1080 resolution boasts impressive color and clarity. Energy-efficient LED backlight, With NVIDIA GeForce GTX 1650 graphics. Backed by 4GB GDDR5 dedicated video memory for a fast, advanced GPU to fuel your games.", "\u25b6 16GB 2666MHz DDR4 SDRAM Memory for full-power multitasking; 1TB HDD + 512GB Solid State Drive, While offering less storage space than a hard drive, a flash-based SSD has no moving parts, resulting in faster start-up times and data access, no noise, and reduced heat production and power draw on the battery.", "\u25b6 Intel 802. 11ac (2x2) + Bluetooth, Backlit Keyboard, 3 x USB 3. 0, 1 x HDMI, NO Webcam, NO Optical Drive, 1 x headphone combo jack", "\u25b6 Windows 10 home 64 bit, brings back the Start Menu from Windows 7 and introduces new features, like the Edge Web browser that lets you markup Web pages on your screen, Dimension: 1x14. 2x10. 8\u201d; Product Weight: 5. 32 pounds"], "reviewsAspects": ["hard drive", "battery life", "year old", "turbo mode", "sent back", "gaming laptop", "super fast", "really good", "runs games", "worth the money", "far so good", "great laptop", "good gaming"], "productInformation": [{"\nASIN\n": "\nB07SZ1J9TG\n", "Customer Reviews": "\n\n\n\n\n\n\n4.5 out of 5 stars\n\n\n\n\n\n\n\n\n352 ratings\n\n\n\n\n\n\n4.5 out of 5 stars\n", "\nBest Sellers Rank\n": "\n\n#15,519 in Computers & Accessories (See Top 100 in Computers & Accessories)\n\n#2,232 in Traditional Laptop Computers\n\n\n", "\nDate First Available\n": "\nJune 12, 2019\n"}], "productDescription": "Product description\nNote: The manufacturer box was opened to upgrade the laptop to the specific configuration. ASUS ROG G531GT Laptop: Game like a pro with this ASUS laptop. A powerful Intel Core i7 processor and NVIDIA GeForce GTX 1650 graphics card deliver staggering performance, while Overstroke technology with n-key rollover protects you from typos. The improved thermal design of this ASUS laptop keeps things cool even during heated gaming sessions. Key Specs: ASUS ROG G531GT 15. 6\" FHD Gaming Laptop - Hexa-core 4. 5 GHz Intel i7-9750H, 16GB DDR4, NVIDIA GeForce GTX 1650 with 4GB GDDR5, 512GB PCIe SSD + 1TB HDD, RGB Backlit Keyboard, HDMI, USB 3. 0, Windows 10, Black Screen Size: 15. 6 inches Screen Resolution: 1920 x 1080 (Full HD) Display Type: Widescreen LED backlight LCD Processor Model: Intel 9th Gen Core i7 Processor Model Number: i7-9750H Processor Speed: Base Frequency 2. 6 GHz, Max Turbo Frequency: 4. 5 GHz Graphics: NVIDIA GeForce GTX 1650 graphics with 4GB GDDR5 dedicated video memory Total Storage Capacity: 512GB PCIe SSD + 1TB HDD System Memory: 16GB DDR4 Ports: 1x HDMI, 3x USB 3. 0 Type A Ports Microphone-in/headphone-out Combo Jack: Yes Bluetooth Enabled: Yes Built-in Webcam: No RGB Backlit Keyboard: Yes Optical Drive Type: None Battery Life: 4 hours Battery Cells: 3-cells Battery Type: Lithium-ion Speaker Type: Speakers Network: Wireless-AC Ethernet Card: 10/100/1000 Dimension: 14. 2 x 10. 8 x 1 D/W/H (inches) Weight: 5. 29 LB", "reviews": [{"reviewerName": "Jose", "reviewerUrl": "https://www.amazon.com/gp/profile/amzn1.account.AFNXAUWJDTHAVY7XRPLFDHFKKP4Q/ref=cm_cr_getr_d_gw_btm?ie=UTF8", "rating": "4.0 out of 5 stars", "reviewTitle": "Great PC. Finicky keyboard.", "reviewDate": "February 14, 2021", "reviewText": "\"  Great laptop. Overall very fast, with crisp graphics and quality construction.  So far, Ive ran BioShock Infinite and Tekken 7 with this rig. Both have ran with little problems.\", \"My only complaint is with the keyboard. It seems to freeze up when in turbo or performance mode. So much so, I had to make sure I was in silent mode when working on papers or non gaming applications.  Otherwise, Id have to restart the PC sometimes more than once to regain keyboard control.\", \"Id still buy it again though.  The price for the specs was definitely worth it. And the ergonomics of the keyboard are comfortable and easy to use.\"", "is_Helpful": ""}, {"reviewerName": "Tara M. Trent", "reviewerUrl": "https://www.amazon.com/gp/profile/amzn1.account.AFDJM2LZEGGSHUTJWBCO3LXPA34Q/ref=cm_cr_getr_d_gw_btm?ie=UTF8", "rating": "5.0 out of 5 stars", "reviewTitle": "Great gaming laptop", "reviewDate": "February 9, 2021", "reviewText": "  I\u2019ve had this laptop for several months. It\u2019s perfect!  Battery life is just ok but I just keep a cord near.  Lots of memory and very fast.  I use it for gaming, especially the Sims.  I was able to put all of the packs and a ton of custom content and it\u2019s still quite fast.  I love it!", "is_Helpful": ""}, {"reviewerName": "Paul", "reviewerUrl": "https://www.amazon.com/gp/profile/amzn1.account.AE3J5AQDPT2ZX44E3GFVSXXB37EQ/ref=cm_cr_getr_d_gw_btm?ie=UTF8", "rating": "5.0 out of 5 stars", "reviewTitle": "Backlit keyboard makes it much easier to play", "reviewDate": "January 30, 2021", "reviewText": "  My grandson loves it", "is_Helpful": ""}, {"reviewerName": "david", "reviewerUrl": "https://www.amazon.com/gp/profile/amzn1.account.AGZ7RAAVM2IM74NZIVGMXMTLZ7GQ/ref=cm_cr_getr_d_gw_btm?ie=UTF8", "rating": "5.0 out of 5 stars", "reviewTitle": "Great product", "reviewDate": "January 2, 2021", "reviewText": "  I\u2019ve had my Asus laptop for almost a year and it has performed very well. For the price it is excellent. I will definitely be buying Asus again in the future.", "is_Helpful": ""}, {"reviewerName": "Wallace Hill", "reviewerUrl": "https://www.amazon.com/gp/profile/amzn1.account.AEM3XUAH7HEARKGD3HO5NAR3EUUA/ref=cm_cr_getr_d_gw_btm?ie=UTF8", "rating": "5.0 out of 5 stars", "reviewTitle": "ASUS ROG 15.6\" FHD Gaming Laptop, Intel Hexa-Core i7-9750H Up to 4.5GHz, 16GB DDR4, 1TB HDD", "reviewDate": "December 13, 2020", "reviewText": "  This Laptop is wild, responsive, RGB COLORFULL and stays cool... everybody get one for Christmas.", "is_Helpful": ""}, {"reviewerName": "marlene gutierrez", "reviewerUrl": "https://www.amazon.com/gp/profile/amzn1.account.AG2LDPWDBAVWVV66KWDKLQ5FPABA/ref=cm_cr_getr_d_gw_btm?ie=UTF8", "rating": "1.0 out of 5 stars", "reviewTitle": "\"The computer dont work only work for 4 month\"", "reviewDate": "December 13, 2020", "reviewText": "\"  This computer only works 4 months, after that was turning of by itself, happen a couple of time and them one day turn off and I was not able to turning on again and it been off for tree month I have to call Asus the seller I not be able to contact, so I call Asus and I need to send for repair. I dont not how much I have to pay for repair and if it is worth to repair\"", "is_Helpful": ""}, {"reviewerName": "conner", "reviewerUrl": "https://www.amazon.com/gp/profile/amzn1.account.AHZ4J36AHQDGALLOCZLTFVUU6NOA/ref=cm_cr_getr_d_gw_btm?ie=UTF8", "rating": "5.0 out of 5 stars", "reviewTitle": "Great for what you buy.", "reviewDate": "December 5, 2020", "reviewText": "\"  For the price and the LEDs and the gaming compacity included with the updates to take care of basic needs its battery last maybe 6 hours on me but other than that its all around great for the price and the perks that come together in the package I am not disappointed it replaces my other one by far the only other critique is that it doesnt include a camera but you can buy one to hook up but I still kind of miss the built in. You can play some new games on pretty good settings with it and considering its a laptop I dont really have much more to critique.\"", "is_Helpful": ""}, {"reviewerName": "charles ward", "reviewerUrl": "https://www.amazon.com/gp/profile/amzn1.account.AEDCXGLCKN44YDVW5XIR6ZJXYKGA/ref=cm_cr_getr_d_gw_btm?ie=UTF8", "rating": "5.0 out of 5 stars", "reviewTitle": "great for what i use it for", "reviewDate": "November 12, 2020", "reviewText": "  my only complaint is the battery life but I bought it knowing the life of it. great for gaming and other uses", "is_Helpful": ""}, {"reviewerName": "WondrousDreamer", "reviewerUrl": "https://www.amazon.com/gp/profile/amzn1.account.AHQDO6BDALXMPHY7RRNNAXWS42BQ/ref=cm_cr_getr_d_gw_btm?ie=UTF8", "rating": "5.0 out of 5 stars", "reviewTitle": "Amazing!", "reviewDate": "November 9, 2020", "reviewText": "  I am in love with this laptop! It\u2019s the first real gaming computer I\u2019ve ever had, and it\u2019s amazing. The difference is crazy.", "is_Helpful": ""}, {"reviewerName": "PerfectSky", "reviewerUrl": "https://www.amazon.com/gp/profile/amzn1.account.AFCC3CE7JXR3SPQBCHJOY4WFCTSA/ref=cm_cr_getr_d_gw_btm?ie=UTF8", "rating": "3.0 out of 5 stars", "reviewTitle": "Overheating battery", "reviewDate": "October 15, 2020", "reviewText": "\"  The battery only lasted one year and when I ordered the same battery model number, the connector was different and the replacement wouldnt fit.\"", "is_Helpful": ""}, {"reviewerName": "Amazon Customer", "reviewerUrl": "https://www.amazon.com/gp/profile/amzn1.account.AHDRYPN7D5SEEYONEC25DHOM77JQ/ref=cm_cr_getr_d_gw_btm?ie=UTF8", "rating": "5.0 out of 5 stars", "reviewTitle": "My product keeps failing!", "reviewDate": "October 1, 2020", "reviewText": "\"  My computer charge does last,the computer keep rebooting on its own and costumer service has not helped me or try to reach back to service my product.\"", "is_Helpful": ""}, {"reviewerName": "Justin B.", "reviewerUrl": "https://www.amazon.com/gp/profile/amzn1.account.AEQFDULROWZCXZRAG3IUYGQLX3UA/ref=cm_cr_getr_d_gw_btm?ie=UTF8", "rating": "1.0 out of 5 stars", "reviewTitle": "The laptop died after 1 year and 2 months", "reviewDate": "September 24, 2020", "reviewText": "  I purchased this laptop for my son who needed it for college. I have purchased many ASUS items over the years and had great results. But with this laptop, the results were not same. My son was home from college for the weekend completing assignments, and without notice the laptop turned off. I tried all the recommended troubleshooting out there on the old inter-web, but nothing worked. When the laptop died, it was outside the warranty by 2 months, so now I am out $1200. ASUS tech support did not offer to help troubleshoot over the phone, they wanted $85 dollars up front for support, so that was the end of my recommendation and support for ASUS. Since I have never purchased a gaming laptop before, I decided to purchase the extended warranty offered by Asurion, they are covering the faulty laptop in full.", "is_Helpful": "3 people found this helpful"}, {"reviewerName": "Thomas La Roche", "reviewerUrl": "https://www.amazon.com/gp/profile/amzn1.account.AGILJFVEHJX5W3Q7QYJZ7MRVU6ZQ/ref=cm_cr_getr_d_gw_btm?ie=UTF8", "rating": "5.0 out of 5 stars", "reviewTitle": "\ud83d\udc4d\ud83d\udc4d", "reviewDate": "August 8, 2020", "reviewText": "  Got this Top of the line gaming computer for my Grandsons birthday. He loves it!", "is_Helpful": ""}, {"reviewerName": "Evangeline Stepter", "reviewerUrl": "https://www.amazon.com/gp/profile/amzn1.account.AH7LIBIU3ZSNOJ6MLEDODXY65TLQ/ref=cm_cr_getr_d_gw_btm?ie=UTF8", "rating": "4.0 out of 5 stars", "reviewTitle": "Good value", "reviewDate": "August 2, 2020", "reviewText": "  Wish it had multiple hdmi ports but still a great laptop", "is_Helpful": ""}, {"reviewerName": "David Stephens", "reviewerUrl": "https://www.amazon.com/gp/profile/amzn1.account.AE3ACL7UASY7XB2HTUVTRIEHMZOQ/ref=cm_cr_getr_d_gw_btm?ie=UTF8", "rating": "4.0 out of 5 stars", "reviewTitle": "Great laptop - but needs to be pluged in", "reviewDate": "July 30, 2020", "reviewText": "  This is a power-house budget laptop.  It could easily replace either one of my desktops., I use it for music production -- running Maschine.  No glitches or pops.  Everything is smooth throughout a whole track with lots of external plugins.", "is_Helpful": ""}, {"reviewerName": "kimmylapoo", "reviewerUrl": "https://www.amazon.com/gp/profile/amzn1.account.AHNDGZBU76FWKTBC6LGEAZD5AR2A/ref=cm_cr_getr_d_gw_btm?ie=UTF8", "rating": "5.0 out of 5 stars", "reviewTitle": "Excellent!", "reviewDate": "July 12, 2020", "reviewText": "  Perfect for the price! Very happy!!", "is_Helpful": ""}, {"reviewerName": "cat", "reviewerUrl": "https://www.amazon.com/gp/profile/amzn1.account.AGXS3ZXNOUCG3X6J3X2PN6ZDS37A/ref=cm_cr_getr_d_gw_btm?ie=UTF8", "rating": "5.0 out of 5 stars", "reviewTitle": "first impression is great so far!", "reviewDate": "July 9, 2020", "reviewText": "\"  first things first: this DOES come with a 1TB HDD along with the 512GB SSD, i messaged customer service because at first i thought it wasnt included with my laptop or that they had forgotten to install it, but they responded super fast and it turns out you just need to format the disk in disk manager. once thats finished its ready to go!\", \"ive gotten this laptop as a replacement for my 6 year old mid-range gaming desktop, as im both a gamer and a graphic design/art major, so i needed something more portable and capable for both my hobbies and schooling. compared to my boyfriends gaming laptop of another brand, its pretty light and slim, and the silent mode is definitely handy for using in the classroom or when just browsing. the keyboard feels pretty responsive, and the touchpad works great. after updating and installing drivers, i noticed an issue with changing the color of the rgb glow on the keys where it kind of flashed randomly and then turned off, but upon restarting it works fine. i will update this review after a while of use, but so far its looking good. (:\", \"in other notes, it came in earlier than expected, and fit snugly in an unmarked box so that others cant tell what is inside of it. the box is pure cardboard so i assume it can be recycled if you choose to dispose of it. customer service also responds asap! my only thoughts is maybe some line of foam can be added to the box for extra protection, but my box was luckily undamaged. (:\"", "is_Helpful": "One person found this helpful"}, {"reviewerName": "Amazon Customer", "reviewerUrl": "https://www.amazon.com/gp/profile/amzn1.account.AF44T6NITLEQFBLL4I6L2PKD6ZOA/ref=cm_cr_getr_d_gw_btm?ie=UTF8", "rating": "4.0 out of 5 stars", "reviewTitle": "What you should know", "reviewDate": "July 9, 2020", "reviewText": "\"  The monitor is only 60hz which unfortunately is pretty subpar in todays gaming world.  I play guild wars 2 which is a massive open world game with tons of animation.  The laptop can handle the game at its highest settings, but doesnt feel as comfortable to lesser graphic settings in the game.  I play hours on in and the laptop doesnt get hot and operates the way it should.  Overall I am really with the laptop.  The speed if the processor is great and the keyboard feels good under my fingers.  The monitor and graphics card are good for what you are paying, but if you have a little extra cash maybe find a laptop with better monitor and graphics card.\"", "is_Helpful": ""}, {"reviewerName": "Ikraam Ghanniaiman", "reviewerUrl": "https://www.amazon.com/gp/profile/amzn1.account.AHKWJAB5V5PNXAISSWWJ2SKJUPPQ/ref=cm_cr_getr_d_gw_btm?ie=UTF8", "rating": "5.0 out of 5 stars", "reviewTitle": "Best Affordable Asus Laptop for multiple purpose use", "reviewDate": "July 1, 2020", "reviewText": "  Love everything about it. I use this specifically for gaming and other purposes too. This has no touchscreen, cd/dvd(accessory that can be plugged in via usb 3.0 port), and camera(can also be bought as accessory).However, Its glowing keyboard keys, faster performance, and decent graphics cards make it worth the shipping time and price worth it  and way better than other laptops out there and even how cool it looks and it is 16 GB ram that is awesome. One last important thing that makes all the more difference, is the massive space it has that is 1.5TB. A tip. Choose the seller you buy from very carefully tho. I bought from ebestpurchase.", "is_Helpful": ""}, {"reviewerName": "Timothy McLaughlin", "reviewerUrl": "https://www.amazon.com/gp/profile/amzn1.account.AFMHZ365Y2BLATQBOC32TMWTKTCA/ref=cm_cr_getr_d_gw_btm?ie=UTF8", "rating": "5.0 out of 5 stars", "reviewTitle": "Very good", "reviewDate": "June 30, 2020", "reviewText": "  Very sleek design/ extremely responsive", "is_Helpful": ""}, {"reviewerName": "Bob Riddle", "reviewerUrl": "https://www.amazon.com/gp/profile/amzn1.account.AG44OMDDCYNSFYRTUBKBTOONZSNA/ref=cm_cr_arp_d_gw_btm?ie=UTF8", "rating": "5.0 out of 5 stars", "reviewTitle": "Good Buy for the Money", "reviewDate": "June 24, 2020", "reviewText": "  Bought this to replace a 6-year old Asus ROG laptop, and at about the same price. Runs well with no problems so far (3rd day of using it)., Out of the box and turned on the first thing I saw after the ROG logo was Auto Repair notification. A brief cause for concern but whatever the issue was it was resolved. Windows 10 updated properly with no problems., Interesting keyboard layout - no numeric keypad but all buttons, other than numbers are along the right side., Boots up quickly taking advantage of the 512 Gb SSD., \"Runs PC games quite well. Tried Tom Clancys Ghost Recon Breakpoint at maximum settings and game ran smoothly. This laptop handles video editing and graphics applications like Photoshop and Pinnacle Video quite well.\", \"Overall I would say this Laptop is well worth the money - may not be the top of the line (whatever that means) but I dont think you could go wrong with buying this one.\"", "is_Helpful": "3 people found this helpful"}, {"reviewerName": "Ramon ortega", "reviewerUrl": "https://www.amazon.com/gp/profile/amzn1.account.AGRJPU3TZZBBVZTE56PMEK55ZKSA/ref=cm_cr_getr_d_gw_btm?ie=UTF8", "rating": "4.0 out of 5 stars", "reviewTitle": "Handles games pretty good.", "reviewDate": "June 19, 2020", "reviewText": "  Did not like the fact that the laptop box was damaged. Not the packaging box. Someone dropped it, Machine runing ok right now hope i dont have any problems in the near future with this issue.", "is_Helpful": ""}, {"reviewerName": "Ethan Wolf", "reviewerUrl": "https://www.amazon.com/gp/profile/amzn1.account.AFRM3MS47A6OOAMMZIW4S4GIKBBA/ref=cm_cr_getr_d_gw_btm?ie=UTF8", "rating": "5.0 out of 5 stars", "reviewTitle": "Runs games well", "reviewDate": "June 16, 2020", "reviewText": "  It can play any modern game comfortably and older games beautifully. The lights are a neat touch to the keyboard, and the key placement is something to get used to transferring from a regular laptop to a gaming one.", "is_Helpful": ""}, {"reviewerName": "Daniel Patterson", "reviewerUrl": "https://www.amazon.com/gp/profile/amzn1.account.AGYIECPDMPHSJNR2RWP4F35UYKDA/ref=cm_cr_getr_d_gw_btm?ie=UTF8", "rating": "4.0 out of 5 stars", "reviewTitle": "Great Laptop! Might need to contact seller for upgrade...", "reviewDate": "June 15, 2020", "reviewText": "\"  The laptop itself is great! Smooth operation, customizable fan speeds and graphics, and lightweight. I am, however, only giving this laptop 4 stars instead of 5. I wouldve given only one star and its because the original laptop I received did not have the terabyte hard drive and only had the SSD card. After spending some time with Asus customer service, I discovered that I had not bought it from Asus, but Oceanus Deals. I was directed to message them and I was able to send them the laptop and they added the hard drive and sent it back to me. So, I give the product 4 stars. The laptop itself is great and Oceanus is willing to help, but I dont understand why it didnt have that hard drive in the first place.\"", "is_Helpful": "One person found this helpful"}, {"reviewerName": "Adhara Radhara", "reviewerUrl": "https://www.amazon.com/gp/profile/amzn1.account.AH2JXQTIEQMCKCQ47BDYWV7T2HDA/ref=cm_cr_getr_d_gw_btm?ie=UTF8", "rating": "4.0 out of 5 stars", "reviewTitle": "So far so good", "reviewDate": "June 11, 2020", "reviewText": "  I just bought this. It was flawless when I opened it up, easy to setup, and had minimal bloatware. I updated the drivers, did a bit of customization of the RGB and it was good to go. Overall a good product, the only things I don\\t like are that it doesn\\t have a numpad and its battery life is a bit short while running on \"balanced\" mode., \"Ill update this review if I run into anything.\", EDIT: this model only has a 40hz screen. this means that the maximum FPS you can see is 40fps in any game.", "is_Helpful": ""}, {"reviewerName": "Amazon Customer", "reviewerUrl": "https://www.amazon.com/gp/profile/amzn1.account.AGKWCLSWMVMPL44ASBPI3EJJDHHQ/ref=cm_cr_getr_d_gw_btm?ie=UTF8", "rating": "5.0 out of 5 stars", "reviewTitle": "Nice Laptop", "reviewDate": "May 31, 2020", "reviewText": "  Nice Laptop. Customer service is better!", "is_Helpful": ""}, {"reviewerName": "Alex snow", "reviewerUrl": "https://www.amazon.com/gp/profile/amzn1.account.AGXWWOWU2H7U4IT2B7TRJ5GADONQ/ref=cm_cr_getr_d_gw_btm?ie=UTF8", "rating": "5.0 out of 5 stars", "reviewTitle": "Awesome laptop", "reviewDate": "April 27, 2020", "reviewText": "  Awesome laptop. Does everything I need it for and more", "is_Helpful": ""}, {"reviewerName": "Sof\u00eda D", "reviewerUrl": "https://www.amazon.com/gp/profile/amzn1.account.AFKE6KL4P7LZO6HYBY4CSTW3MPHQ/ref=cm_cr_getr_d_gw_btm?ie=UTF8", "rating": "5.0 out of 5 stars", "reviewTitle": "Great product", "reviewDate": "April 25, 2020", "reviewText": "  Very nice computer. I love this brand", "is_Helpful": ""}, {"reviewerName": "Charley Tran", "reviewerUrl": "https://www.amazon.com/gp/profile/amzn1.account.AG34JSUXNB3RCZM33NJNPMMO3I2Q/ref=cm_cr_getr_d_gw_btm?ie=UTF8", "rating": "3.0 out of 5 stars", "reviewTitle": "performance not that great", "reviewDate": "March 26, 2020", "reviewText": "\"  This isnt really a good price to performance kind of laptop. Even when plugged in and preset to performance, games are still capped at 60 fps or less. Ram and GPU are pinned at like 90% and higher at like medium to low settings.\"", "is_Helpful": ""}, {"reviewerName": "Sandra Leigh", "reviewerUrl": "https://www.amazon.com/gp/profile/amzn1.account.AGAFDFQEQLQF4ZWMCEAXBPMZZLCQ/ref=cm_cr_getr_d_gw_btm?ie=UTF8", "rating": "5.0 out of 5 stars", "reviewTitle": "\"I havent used the laptop much as yet.\"", "reviewDate": "March 19, 2020", "reviewText": "\"  I havent used the laptop much as yet - so unable to give an honest review.\"", "is_Helpful": ""}, {"reviewerName": "Julieta Pezzani", "reviewerUrl": "https://www.amazon.com/gp/profile/amzn1.account.AGNKHEAWIKGQZ5N6OURLDAC7ADIA/ref=cm_cr_getr_d_gw_btm?ie=UTF8", "rating": "5.0 out of 5 stars", "reviewTitle": "Very good laptop", "reviewDate": "March 16, 2020", "reviewText": "  I\u2019ve been using it for a month now, and so far i\u2019m 100% satisfied. Easy to set and quick to download programs (at least autocad and sketchup). I recommend.", "is_Helpful": ""}, {"reviewerName": "Christopher Martinez", "reviewerUrl": "https://www.amazon.com/gp/profile/amzn1.account.AGM2RRYZJUIGDVJBT6JBDVZ4HTDQ/ref=cm_cr_getr_d_gw_btm?ie=UTF8", "rating": "1.0 out of 5 stars", "reviewTitle": "\"Didnt work properly.\"", "reviewDate": "March 13, 2020", "reviewText": "\"  Opened it up and it worked great. Then I got a many different Blue Screens. Couldnt Even run scans to try and find out the problem because it always blue screened. The only scan I could do told me it was a hardware problem. So now Im stuck with this until I can get a replacement or a refund.\"", "is_Helpful": ""}, {"reviewerName": "Ahmed Hammad", "reviewerUrl": "https://www.amazon.com/gp/profile/amzn1.account.AGOHJZSEY53E3MC26A25KXE3SYKA/ref=cm_cr_getr_d_gw_btm?ie=UTF8", "rating": "5.0 out of 5 stars", "reviewTitle": "The battery is drained very very fast", "reviewDate": "March 11, 2020", "reviewText": "  The device is great. But, if the battery life is much improved, it would be even greater", "is_Helpful": "One person found this helpful"}, {"reviewerName": "Amazon Customer", "reviewerUrl": "https://www.amazon.com/gp/profile/amzn1.account.AGXAZSPTAK2K6RU63ZBOY3A5LEYA/ref=cm_cr_getr_d_gw_btm?ie=UTF8", "rating": "5.0 out of 5 stars", "reviewTitle": "VERY COOL", "reviewDate": "March 9, 2020", "reviewText": "  it is just as pictured, i love it", "is_Helpful": ""}, {"reviewerName": "Allen Setzer", "reviewerUrl": "https://www.amazon.com/gp/profile/amzn1.account.AHWLC3K7SKDV2SL2C327O2VTURDA/ref=cm_cr_getr_d_gw_btm?ie=UTF8", "rating": "4.0 out of 5 stars", "reviewTitle": "Good Laptop, Short Battery", "reviewDate": "March 6, 2020", "reviewText": "\"  Ive been using this laptop now for four months or so. Here are my thoughts.\", \"For general-use applications, it works very well. I like the size of the keyboard and screen. I like that it comes with a full set of arrow keys. I havent played too many games, but the ones I have have run very well. For $1,000, the hardware youre getting is very good.\", \"The biggest detractor to the experience has been the battery life, which is almost none at all. Even in full sleep mode, it wont last overnight. You MUST turn the laptop off completely to save battery if youre not going to use it or charge it for a while.\", \"Other than that, with the screen brightness dimmed it has about a 4-5 hour lifespan for doing non-strenuous tasks like word processing. Thats okay for me, since I rarely use it without it being plugged in. But if youre looking for a laptop with the virtue of portability and use on the go, this aint it.\", \"I also have occasional weird audio glitches, but nothing disastrously bad. Just keep it plugged in and youll have a good time.\"", "is_Helpful": "One person found this helpful"}, {"reviewerName": "Miguel", "reviewerUrl": "https://www.amazon.com/gp/profile/amzn1.account.AHKMXU3DEUILR3RALWWQVCHXUDDQ/ref=cm_cr_getr_d_gw_btm?ie=UTF8", "rating": "5.0 out of 5 stars", "reviewTitle": "Best for what it offers!", "reviewDate": "February 27, 2020", "reviewText": "  Bought this twice, not out of choice but the first vendor send me one with flaws. Second vendor, Holiday Electronics Deal sent me a one in perfect condition. Been using this for virtual simulations and heavy programing in my I.T. class. So far laptop runs smooth and feels sturdy. Not too fancy when it comes to looks but more about the higher end specs and what I need. Definitely buy from Holiday Electronics Deal. Also, do your research and check out the specs.", "is_Helpful": ""}, {"reviewerName": "Nate", "reviewerUrl": "https://www.amazon.com/gp/profile/amzn1.account.AE6SSOZLSVAUVMAJRETXPGOACXQA/ref=cm_cr_getr_d_gw_btm?ie=UTF8", "rating": "4.0 out of 5 stars", "reviewTitle": "Great performance for the money, but kinda bad battery life", "reviewDate": "February 18, 2020", "reviewText": "\"  With its 6 core 12 thread CPU, 16gb of ram, and GTX 1650 (slightly better than a 1060 I think?) this thing is a beast for only $900. It is VR ready for the Oculus rift, rift s and HTC vive, but not the valve index. (too high of a resolution/refresh rate on that headset). I also really like the RGB keyboard, and the trackpad surprised me, usually trackpads are pretty doodoo on gaming laptops. One thing I didnt like was the loud and obnoxious sound it makes on bootup. But that can be easily disabled, so no harm no foul. The build quality is pretty dang good too for a plastic housing.\", \"Now the bad. The battery life on this thing is so so SO bad. Im getting 3.5 hours on a full charge, and thats just web browsing. Cant imagine what it would be like gaming.\", \"Overall 4 stars. Would be 5 if it werent for the battery life.\"", "is_Helpful": "One person found this helpful"}, {"reviewerName": "rubialba ocampo", "reviewerUrl": "https://www.amazon.com/gp/profile/amzn1.account.AFHPC5CVBXYCR22LAACLSI5LHWCA/ref=cm_cr_getr_d_gw_btm?ie=UTF8", "rating": "5.0 out of 5 stars", "reviewTitle": "The Desing of the computer", "reviewDate": "February 15, 2020", "reviewText": "  I really liked the keyboard, is so beatifull and soft to key.", "is_Helpful": ""}, {"reviewerName": "camille", "reviewerUrl": "https://www.amazon.com/gp/profile/amzn1.account.AEBWV7EMKQVSFFVSQMIP4GHGMMNQ/ref=cm_cr_arp_d_gw_btm?ie=UTF8", "rating": "5.0 out of 5 stars", "reviewTitle": "Wonderful I have purchased 3 of these laptops", "reviewDate": "February 13, 2020", "reviewText": "  Absolutely wonderful I bought 3 of these me my husband and our son . They play all games perfectly. Son plays a lot of steam games subnotica ,world of Warcraft,and more .... hubby plays 7 days to die ,atlas,ark,Conan,world of Warcraft..... I play world of Warcraft , recipes movies ,Hulu,netflix ..... these computers will handle just about everything run fast and great graphics . I saw reviews stating hard to set time and a few others but that is user error not knowing how to do it . We had no problem setting time date and other laptop stuff . User friendly. Asus is a wonderful brand", "is_Helpful": "4 people found this helpful"}, {"reviewerName": "Casey12088", "reviewerUrl": "https://www.amazon.com/gp/profile/amzn1.account.AGS2UTJQD5UI5OLFJCPLTLJW4XRA/ref=cm_cr_getr_d_gw_btm?ie=UTF8", "rating": "2.0 out of 5 stars", "reviewTitle": "Customer support should have existed", "reviewDate": "February 6, 2020", "reviewText": "  2nd day having it the 2nd hard drive stopped registering it was there and has been intermittently found since. The track pad only works about 1/3 of the time. Had to buy usb mouse within the first week to make the laptop usable", "is_Helpful": ""}, {"reviewerName": "00_Jay", "reviewerUrl": "https://www.amazon.com/gp/profile/amzn1.account.AHKZH43P2DN3TUTE6OBMQZCVCJWA/ref=cm_cr_getr_d_gw_btm?ie=UTF8", "rating": "5.0 out of 5 stars", "reviewTitle": "\"Id recommend\"", "reviewDate": "February 4, 2020", "reviewText": "\"  I ordered this laptop and upon arrival, the secondary 1tb hard drive was not working. I worked with the upgrade team and they were very responsive. After the troubleshooting steps didnt work they offered to have me send it back to resolve which they did free of charge. I just got the laptop back and it is in working order. I have very happy with my purchase and would highly recommend to anyone!\"", "is_Helpful": "One person found this helpful"}, {"reviewerName": "James Yang", "reviewerUrl": "https://www.amazon.com/gp/profile/amzn1.account.AGPDEQR366W5XYAXOBQ6WIBELEPA/ref=cm_cr_getr_d_gw_btm?ie=UTF8", "rating": "4.0 out of 5 stars", "reviewTitle": "Great laptop but here are the cons so far", "reviewDate": "February 3, 2020", "reviewText": "\"  I really like this laptop because its super fast and not as heavy as I thought itll be. The only downside to this laptop is that it doesnt have a webcam and its not a touch screen. Currently testing it out still so will update if anything else were to happen.\", Update 12-1-2020:, \"This laptop is still running well, I like it a lot. But I found another downside to this computer, it doesnt have an SD card slot. But playing games like Skyward Sword on this laptop runs perfectly fine at 720P with the charger plugged in and running at turbo mode.\"", "is_Helpful": ""}, {"reviewerName": "Esteban", "reviewerUrl": "https://www.amazon.com/gp/profile/amzn1.account.AEKRDOFC6J2MJRGH7NEYZ55TMRDQ/ref=cm_cr_getr_d_gw_btm?ie=UTF8", "rating": "4.0 out of 5 stars", "reviewTitle": "Good but noisy", "reviewDate": "February 1, 2020", "reviewText": "  Works fast, Little noisy fans and battery last 3 hours. It has no camera, Although its not on the specs seems weird.", "is_Helpful": ""}, {"reviewerName": "John", "reviewerUrl": "https://www.amazon.com/gp/profile/amzn1.account.AEIG7ONAGRBAXPTUA7UYSQ7XW4XA/ref=cm_cr_getr_d_gw_btm?ie=UTF8", "rating": "5.0 out of 5 stars", "reviewTitle": "Good value", "reviewDate": "February 1, 2020", "reviewText": "\"  Cant believe it doesnt have a USBc everything else is good\"", "is_Helpful": "One person found this helpful"}, {"reviewerName": "JD Daniels", "reviewerUrl": "https://www.amazon.com/gp/profile/amzn1.account.AGI6LRKWIF6J7QDWYUAMK5DBV3HQ/ref=cm_cr_getr_d_gw_btm?ie=UTF8", "rating": "5.0 out of 5 stars", "reviewTitle": "Great machine", "reviewDate": "January 23, 2020", "reviewText": "  Great machine. Awesome bang for the buck", "is_Helpful": ""}, {"reviewerName": "April Golden", "reviewerUrl": "https://www.amazon.com/gp/profile/amzn1.account.AEZ6QRLOHYGIFE7OFMPJBQNJONJQ/ref=cm_cr_getr_d_gw_btm?ie=UTF8", "rating": "5.0 out of 5 stars", "reviewTitle": "Awesome", "reviewDate": "January 22, 2020", "reviewText": "  Purchase this for my 11 year old son.  He loves it.  He says its super fast and never lags and has alot of storage space", "is_Helpful": ""}, {"reviewerName": "Bonblast", "reviewerUrl": "https://www.amazon.com/gp/profile/amzn1.account.AEHIF36ODUS4MWEZRTCRYFYORCRQ/ref=cm_cr_getr_d_gw_btm?ie=UTF8", "rating": "1.0 out of 5 stars", "reviewTitle": "A Costly  Disappointment", "reviewDate": "January 19, 2020", "reviewText": "  First, the laptop was shipped in a box without any extra protection and when opened I could hear broken pieces inside., Second, this laptop is \u201csecondhand\u201d with upgrades.  It is not factory new.  Pay special attention to the warranty Information given in the description., Third, the sound does not work., Fourth, it over heats., I threw away my money on this beauty.", "is_Helpful": "3 people found this helpful"}, {"reviewerName": "Amazon Customer", "reviewerUrl": "https://www.amazon.com/gp/profile/amzn1.account.AG654HHRGSVIOYP4AROPUT57LLUA/ref=cm_cr_getr_d_gw_btm?ie=UTF8", "rating": "1.0 out of 5 stars", "reviewTitle": "How can I return this", "reviewDate": "January 18, 2020", "reviewText": "  I bought it for the memory but it\u2019s the most difficult computer I\u2019ve ever owned. I want to return if I can.", "is_Helpful": ""}, {"reviewerName": "Karina Estrada", "reviewerUrl": "https://www.amazon.com/gp/profile/amzn1.account.AGXTFL3PN7G3LGDKH7DQPKHQRFSQ/ref=cm_cr_getr_d_gw_btm?ie=UTF8", "rating": "5.0 out of 5 stars", "reviewTitle": "Battery is fickle", "reviewDate": "January 16, 2020", "reviewText": "  I use this product to game and for college. It is perfect for it has a \"windows\" setting and a \"turbo\"setting for gaming. For turbo mode however the laptop needs to be plugged in.", "is_Helpful": ""}, {"reviewerName": "Claudea", "reviewerUrl": "https://www.amazon.com/gp/profile/amzn1.account.AHON2V5GLVIWVPF4FCD76HT36CIQ/ref=cm_cr_getr_d_gw_btm?ie=UTF8", "rating": "3.0 out of 5 stars", "reviewTitle": "Good laptop", "reviewDate": "January 12, 2020", "reviewText": "\"  It plays the games I want really well and doesnt lag me\"", "is_Helpful": "One person found this helpful"}, {"reviewerName": "Lisa", "reviewerUrl": "https://www.amazon.com/gp/profile/amzn1.account.AESKN3JZNVPZ4NSXPE2MF7AFARLA/ref=cm_cr_getr_d_gw_btm?ie=UTF8", "rating": "5.0 out of 5 stars", "reviewTitle": "Beast computer", "reviewDate": "January 10, 2020", "reviewText": "  Beast computer, performs well with high gaming specs. Fast operation.", "is_Helpful": ""}, {"reviewerName": "Kristina", "reviewerUrl": "https://www.amazon.com/gp/profile/amzn1.account.AHFXP62NWZDOMBP4JW5XGFBN5PVA/ref=cm_cr_getr_d_gw_btm?ie=UTF8", "rating": "5.0 out of 5 stars", "reviewTitle": "Excellent Computer", "reviewDate": "January 8, 2020", "reviewText": "  Works very fast! Excellent computer for gaming!", "is_Helpful": ""}, {"reviewerName": "Aidan", "reviewerUrl": "https://www.amazon.com/gp/profile/amzn1.account.AG665JGU7K46KILLQSBJBPPNHAHQ/ref=cm_cr_getr_d_gw_btm?ie=UTF8", "rating": "5.0 out of 5 stars", "reviewTitle": "Worth the money", "reviewDate": "January 8, 2020", "reviewText": "\"  Really nice laptop for its price! Great performance for gaming and it looks really nice too. The battery is really good for a gaming laptop. It can get pretty loud at times but nothing I wouldnt expect out of something with a 9th gen i7. I would recommend this for anyone who wants a good performer and a good gaming laptop. Its pretty thin too!\"", "is_Helpful": ""}, {"reviewerName": "Ryan ", "reviewerUrl": "https://www.amazon.com/gp/profile/amzn1.account.AEKVXRH6OE6G7N23TLXWROIBHRPQ/ref=cm_cr_getr_d_gw_btm?ie=UTF8", "rating": "4.0 out of 5 stars", "reviewTitle": "Bruh", "reviewDate": "January 8, 2020", "reviewText": "  The computer is nice but the battery is really bad, which I guess I can deal with. But what I can\u2019t deal with is that the hard drive is formatted in FAT32, which means you can\u2019t download anything more than 32gb. It\u2019s the oldest file system which means it\u2019s cheaper, so they put this hard drive in here. I can\u2019t install any games over 32gb on my hard drive, which sucks because I have a TB that can\u2019t download much. I\u2019m a new computer user so I don\u2019t know if I can convert NTFS (games) to FAT32. I wish I knew this before", "is_Helpful": "One person found this helpful"}, {"reviewerName": "Caleb", "reviewerUrl": "https://www.amazon.com/gp/profile/amzn1.account.AGFGGRG2RA6IN27MV7SMOLFPO3DA/ref=cm_cr_getr_d_gw_btm?ie=UTF8", "rating": "5.0 out of 5 stars", "reviewTitle": "GREATEST OF ALL TIME", "reviewDate": "December 31, 2019", "reviewText": "  Best laptop Ever. OF ALL TIME", "is_Helpful": ""}, {"reviewerName": "Amazon Customer", "reviewerUrl": "https://www.amazon.com/gp/profile/amzn1.account.AGJNLMDMMRRDQQWRVAEN7U3PT5SA/ref=cm_cr_getr_d_gw_btm?ie=UTF8", "rating": "5.0 out of 5 stars", "reviewTitle": "It did what I would want.", "reviewDate": "December 30, 2019", "reviewText": "\"  I didnt check to see if the computer had a built in webcam and number pad so i had to return it for a computer of similar price that had those features. As for the computer itself, it did everything I wanted. Played games well. Playing dota on high graphics caused a dip in frames or something but Id get a huge lag spike that would last awhile. But the computer played anything else with no problem.\"", "is_Helpful": "One person found this helpful"}, {"reviewerName": "Radu Oanta", "reviewerUrl": "https://www.amazon.com/gp/profile/amzn1.account.AEV4PSFRBFL53YWUEERFOVDVZ5LQ/ref=cm_cr_getr_d_gw_btm?ie=UTF8", "rating": "5.0 out of 5 stars", "reviewTitle": "Best you could buy for 970 usd", "reviewDate": "December 29, 2019", "reviewText": "  Solid build,good configuration, a little heavy but definitely a good gaming notbook!!!", "is_Helpful": ""}, {"reviewerName": "Daniel Morris", "reviewerUrl": "https://www.amazon.com/gp/profile/amzn1.account.AGZ5W3OPT5JLWL4DLDFUI322IVZQ/ref=cm_cr_getr_d_gw_btm?ie=UTF8", "rating": "5.0 out of 5 stars", "reviewTitle": "Rog", "reviewDate": "December 28, 2019", "reviewText": "  Removable battery and didn\u2019t state it was integrated within system", "is_Helpful": "One person found this helpful"}, {"reviewerName": "tanya v.", "reviewerUrl": "https://www.amazon.com/gp/profile/amzn1.account.AH25XKCXP4EOOW35FAJ7HG4MYUDA/ref=cm_cr_getr_d_gw_btm?ie=UTF8", "rating": "5.0 out of 5 stars", "reviewTitle": "Sweet;)", "reviewDate": "December 26, 2019", "reviewText": "  Awesome!!!", "is_Helpful": ""}, {"reviewerName": "Octave Bastien", "reviewerUrl": "https://www.amazon.com/gp/profile/amzn1.account.AEWLNDOHLQRDN4ONRDSVR3UE6LOQ/ref=cm_cr_getr_d_gw_btm?ie=UTF8", "rating": "5.0 out of 5 stars", "reviewTitle": "Great for music production", "reviewDate": "December 19, 2019", "reviewText": "  All-round great laptop. Battery life is the only thing I disliked", "is_Helpful": ""}, {"reviewerName": "B Blas", "reviewerUrl": "https://www.amazon.com/gp/profile/amzn1.account.AETUYRDKQXSYGACSTA5CUNUASKDA/ref=cm_cr_getr_d_gw_btm?ie=UTF8", "rating": "5.0 out of 5 stars", "reviewTitle": "Powerful laptop", "reviewDate": "December 17, 2019", "reviewText": "  Screen is a little dim even on brightest setting,  but I hooked up bigger external monitor,  this laptop is a beast, runs games and audio production software like a dream", "is_Helpful": ""}, {"reviewerName": "anka", "reviewerUrl": "https://www.amazon.com/gp/profile/amzn1.account.AEFZT2KFMWSIXOCXF6PGSDHBMM2Q/ref=cm_cr_getr_d_gw_btm?ie=UTF8", "rating": "5.0 out of 5 stars", "reviewTitle": "So far so good!", "reviewDate": "December 9, 2019", "reviewText": "  We bought this laptop 4 months ago for a 16 year old. He uses it for gaming and editing videos. There have been no problems so far with it. Very good money for the value... I wished it had a camera as well, but this does not bother our son...", "is_Helpful": ""}, {"reviewerName": "Mohammad Al-Najjar", "reviewerUrl": "https://www.amazon.com/gp/profile/amzn1.account.AFCUUAMGT5LD4LM6A5JGNGBCIYKQ/ref=cm_cr_getr_d_gw_btm?ie=UTF8", "rating": "5.0 out of 5 stars", "reviewTitle": "Amazing item", "reviewDate": "December 7, 2019", "reviewText": "\"  Nothing more than this is the best item i have ever buy working very good, and as a gaming laptop its working very good on that way\"", "is_Helpful": ""}, {"reviewerName": "Alan L", "reviewerUrl": "https://www.amazon.com/gp/profile/amzn1.account.AFDFUKC4OJHM3UW36TQYOZB5T55A/ref=cm_cr_getr_d_gw_btm?ie=UTF8", "rating": "5.0 out of 5 stars", "reviewTitle": "Perfect", "reviewDate": "December 6, 2019", "reviewText": "  arrived on perfect conditions", "is_Helpful": ""}, {"reviewerName": "Edwin Alexis Abot", "reviewerUrl": "https://www.amazon.com/gp/profile/amzn1.account.AGEP7Y3LM7NFZWSZAVMKQKM4HNJQ/ref=cm_cr_getr_d_gw_btm?ie=UTF8", "rating": "5.0 out of 5 stars", "reviewTitle": "Hardcore software developer, light gamer.", "reviewDate": "December 4, 2019", "reviewText": "  Very nice piece of hardware. Im using this laptop mostly for software development. I built an amazing working station with it. Superb!., \"In terms of gaming I cant say much because Im not a harcore gamer. Suffice to say that I olaya Age of Empires 2 and Europa Universalis, sporadically...\"", "is_Helpful": ""}, {"reviewerName": "Greg Heisen", "reviewerUrl": "https://www.amazon.com/gp/profile/amzn1.account.AHSY7ONQEPOJHCNHU3675PS35B3A/ref=cm_cr_getr_d_gw_btm?ie=UTF8", "rating": "5.0 out of 5 stars", "reviewTitle": "This is a excellent Product for the money.", "reviewDate": "November 29, 2019", "reviewText": "  I just wish that this Product had a better battery life and it came Pre installed Microsoft Office.", "is_Helpful": ""}, {"reviewerName": "bveroma", "reviewerUrl": "https://www.amazon.com/gp/profile/amzn1.account.AFY4MQKRBSCEY2JXIRILJSBYV5IA/ref=cm_cr_getr_d_gw_btm?ie=UTF8", "rating": "5.0 out of 5 stars", "reviewTitle": "Perfect for casual gamer", "reviewDate": "November 26, 2019", "reviewText": "  Perfect for casual gamer, rog strix works for me", "is_Helpful": ""}, {"reviewerName": "Amazon Customer", "reviewerUrl": "https://www.amazon.com/gp/profile/amzn1.account.AG5L6CNGU567KWSDXBQEXIKLICRA/ref=cm_cr_getr_d_gw_btm?ie=UTF8", "rating": "1.0 out of 5 stars", "reviewTitle": "Bad Laptop Batch Received", "reviewDate": "November 23, 2019", "reviewText": "\"  \\xa0We have just received this laptop but when we started theres no display. The power and keyboard LEDs turns on and off in a cycle. We tried to google for solutions but nothing works. Very bad! To think shipping it back will cost us valuable money.\"", "is_Helpful": "2 people found this helpful"}, {"reviewerName": "ScotE2HotE", "reviewerUrl": "https://www.amazon.com/gp/profile/amzn1.account.AF2253F6R4GWL2YZUC6EQABYXWBQ/ref=cm_cr_getr_d_gw_btm?ie=UTF8", "rating": "1.0 out of 5 stars", "reviewTitle": "PART TIMER", "reviewDate": "November 19, 2019", "reviewText": "  Bought this as a gift gaming machine... Definitely has video overheating issues and after owning it for only 10 months it has become useless and is being sent back to ASUS for warranty repair. Spend a litle extra & get something more reliable.", "is_Helpful": "One person found this helpful"}, {"reviewerName": "JCCM", "reviewerUrl": "https://www.amazon.com/gp/profile/amzn1.account.AG7BJZ7W4OU76A7HVELN6M7BXO6A/ref=cm_cr_arp_d_gw_btm?ie=UTF8", "rating": "5.0 out of 5 stars", "reviewTitle": "Are you a smart buyer?", "reviewDate": "November 18, 2019", "reviewText": "\"  So I will start this review by making the obvious comparison so that anyone can understand why money doesnt always equal value. This machine its worth its every penny!\", On a Mac of 2k-3k dollars you get halve the power of this machine., Perhaps the only Mac advantage would be having a camera,a better mic, an a equally as good monitor., If you speak about ram...this comes with 16GB same as Mac., 1.5Terabytes...500 more than mac (a Mac that is 3k dollars)., \"Not to mentioned that if you want power this allows you to adjust the extent of power of the cores it has.  Unlike apple which the turbo boost is mostly automatically used for unimportant tasks to make it seem faster. Yes, I was a mac user. And now that I got into understanding Computers it is why I realized that more expensive doesnt always mean more power.\", This little laptop is both powerful and relatively cheap. Just because they compromised aesthetics to put more power into the machine., The only negative things about this machine are:, No front camera., And an average mic., But honestly if you own a cellphone who cares., This is a great gaming machine., Is great for editing videos or photos., It is great for entertainment., You can wirelessly link to smart TVs., It is actually beautiful if you like carbon fiber look. Like a high end car kinna look., Keyboard lights up different colors., Asus power adjustment software., And that is just a few reasons to buy this one., I know this looks like an advertisement for Asus vs Mac. But j think if you value your money and your hard work you should always buy what is useful not what is pretty., \"The only reason why you should buy Mac is if you are loaded with money and dont mind paying more for less.\", But if you are indeed a smart person you should pay for what you want to get. Not more and not less.", "is_Helpful": "20 people found this helpful"}, {"reviewerName": "Andrew", "reviewerUrl": "https://www.amazon.com/gp/profile/amzn1.account.AHCM2K2W4C2BO3ACRX3RU4ITSGPA/ref=cm_cr_getr_d_gw_btm?ie=UTF8", "rating": "5.0 out of 5 stars", "reviewTitle": "Awesome for Music Production", "reviewDate": "November 15, 2019", "reviewText": "  Super Powerful can run Ableton Live 9 with a gang of tracks plus plugins. also great for gamingits a huge step up from playing fortnite on the nintendo switch.", "is_Helpful": "2 people found this helpful"}, {"reviewerName": "Nathan C.", "reviewerUrl": "https://www.amazon.com/gp/profile/amzn1.account.AGGHVU2FB5IYMW6VOEIUQ4WWQD7Q/ref=cm_cr_getr_d_gw_btm?ie=UTF8", "rating": "5.0 out of 5 stars", "reviewTitle": "Great price", "reviewDate": "November 10, 2019", "reviewText": "  Video quality for me is great. Easy to setup and go. I feel the price was well worth it for what I got.", "is_Helpful": ""}, {"reviewerName": "Brian Zhang", "reviewerUrl": "https://www.amazon.com/gp/profile/amzn1.account.AGME7DYACJWDIOCW4ATFX3AMWVGQ/ref=cm_cr_getr_d_gw_btm?ie=UTF8", "rating": "4.0 out of 5 stars", "reviewTitle": "Cool", "reviewDate": "November 8, 2019", "reviewText": "  Good", "is_Helpful": ""}, {"reviewerName": "Marie Gomez", "reviewerUrl": "https://www.amazon.com/gp/profile/amzn1.account.AGARD657WZ4OGIE2LBJG4ZYWV5TA/ref=cm_cr_arp_d_gw_btm?ie=UTF8", "rating": "1.0 out of 5 stars", "reviewTitle": "Do not buy this product", "reviewDate": "November 8, 2019", "reviewText": "  This product is defective do not buy this product. The computer had overheating issues right away and I called the company I purchased it from and they said they did not do repairs on Asus products. I called Asus to send it to them and they asked me if I had contacted the seller yet which I had. So after a few minutes Asus decided they would repair the computer if I paid for shipping. So only a month after having the computer I had to send it out for repairs after approximately a week and a half the computer was sent back to me and was working but would still overheat after a few hours of usage. After a short period of time I became frustrated again and sent the computer back to asus once again for repairs. It has been a week since I shipped the computer back to them and after talking to technical services they told me it could be up to another two weeks my computer is repaired. Do not buy this computer.", "is_Helpful": "75 people found this helpful"}, {"reviewerName": "Tyrone", "reviewerUrl": "https://www.amazon.com/gp/profile/amzn1.account.AHOHYJZGCV5YGN7I3SH3Z6NVGDZA/ref=cm_cr_getr_d_gw_btm?ie=UTF8", "rating": "5.0 out of 5 stars", "reviewTitle": "Easy to implement Linux", "reviewDate": "November 2, 2019", "reviewText": "  Easy to implement Linux", "is_Helpful": ""}, {"reviewerName": "BLUDSHOTiZ", "reviewerUrl": "https://www.amazon.com/gp/profile/amzn1.account.AHIU5VVSMBWMAGUTUBDHVFGW76JQ/ref=cm_cr_getr_d_gw_btm?ie=UTF8", "rating": "5.0 out of 5 stars", "reviewTitle": "Blown away", "reviewDate": "November 2, 2019", "reviewText": "\"  This is the best laptop Ive ever owned. I came from a toshiba satellite so this seems like a super computer to me. Runs apex legends and fornite with my stream obs in the background with no issues.\"", "is_Helpful": ""}, {"reviewerName": "Amazon Customer", "reviewerUrl": "https://www.amazon.com/gp/profile/amzn1.account.AFMNMF45GSQIINZUMBSTHKLC3JMA/ref=cm_cr_getr_d_gw_btm?ie=UTF8", "rating": "5.0 out of 5 stars", "reviewTitle": "Love this computer", "reviewDate": "November 1, 2019", "reviewText": "  This is one of the best computers that I have purchased. It is a really great computer for the price.", "is_Helpful": "One person found this helpful"}, {"reviewerName": "S. H.", "reviewerUrl": "https://www.amazon.com/gp/profile/amzn1.account.AEYM5X7CCSASWG7RJOLTI45MJC7Q/ref=cm_cr_getr_d_gw_btm?ie=UTF8", "rating": "5.0 out of 5 stars", "reviewTitle": "It\u2019s grea", "reviewDate": "October 25, 2019", "reviewText": "  Best Ever", "is_Helpful": ""}, {"reviewerName": "Tim King", "reviewerUrl": "https://www.amazon.com/gp/profile/amzn1.account.AFAP2OTNP66S4U6ATXYLWCINHAPA/ref=cm_cr_arp_d_gw_btm?ie=UTF8", "rating": "1.0 out of 5 stars", "reviewTitle": "I am going to learn about product support", "reviewDate": "October 13, 2019", "reviewText": "  I bought this for my son to take to College.  He is not an expert and trying to set up by self at school.  He was scared to inform me that he could not.  I finally looked at it. apparently it will not recognize the hard drive.  I hope I can get some help with this.  I am just past 60 days.", "is_Helpful": "19 people found this helpful"}, {"reviewerName": "Gabriel Oliveira", "reviewerUrl": "https://www.amazon.com/gp/profile/amzn1.account.AHTC6HJTFN63GHXCQQSH72YLQMFQ/ref=cm_cr_getr_d_gw_btm?ie=UTF8", "rating": "5.0 out of 5 stars", "reviewTitle": "Powerful computer", "reviewDate": "October 5, 2019", "reviewText": "\"  Its an amazing computer for a really good price. Ive had it for 2 months now, played several heavy games, and used for work, and its been working fast like a charm.\"", "is_Helpful": ""}, {"reviewerName": "balamurugan.105", "reviewerUrl": "https://www.amazon.com/gp/profile/amzn1.account.AFOD2RXWWFCPX6AOHJDSBXD2GFRQ/ref=cm_cr_getr_d_gw_btm?ie=UTF8", "rating": "5.0 out of 5 stars", "reviewTitle": "Gamers Laptop", "reviewDate": "September 24, 2019", "reviewText": "  As a Gamer, I purchase the ACER laptop, which comes with the latest i7 9th gen intel processor and graphic card.  so far the Laptop is working awesome and I am highly satisfied with its performance.", "is_Helpful": "6 people found this helpful"}, {"reviewerName": "T - From KC", "reviewerUrl": "https://www.amazon.com/gp/profile/amzn1.account.AHCXEPSUJ3ABKYDU6T4MOW7CSA4Q/ref=cm_cr_getr_d_gw_btm?ie=UTF8", "rating": "5.0 out of 5 stars", "reviewTitle": "Light weight - high preformance", "reviewDate": "September 12, 2019", "reviewText": "  Light weight - high preformance", "is_Helpful": ""}, {"reviewerName": "gig", "reviewerUrl": "https://www.amazon.com/gp/profile/amzn1.account.AFONMFD535ODLFMZ3P3NXG35V5YA/ref=cm_cr_getr_d_gw_btm?ie=UTF8", "rating": "3.0 out of 5 stars", "reviewTitle": "fans", "reviewDate": "September 9, 2019", "reviewText": "  there is an irritant noise from the fans. Remember, this is a hexa core machine, this needs to be taken care of right away.", "is_Helpful": "3 people found this helpful"}, {"reviewerName": "John Brown", "reviewerUrl": "https://www.amazon.com/gp/profile/amzn1.account.AGO47IUN2P6LI4QPUXKL6GRECIPQ/ref=cm_cr_getr_d_gw_btm?ie=UTF8", "rating": "3.0 out of 5 stars", "reviewTitle": "problems with backward compatiable software, liked my old one but it died could not get a gateway...", "reviewDate": "September 7, 2019", "reviewText": "  having problems with backward compatiable software, touch pad does not like my fingers.  still getting a feel for the difference between my old pc and this one.  not what I had I liked my old one but it died and could not get a gateway...", "is_Helpful": "One person found this helpful"}, {"reviewerName": "Koby Stange", "reviewerUrl": "https://www.amazon.com/gp/profile/amzn1.account.AECHAAASM4IPH2CP3LWDC34OWGOA/ref=cm_cr_getr_d_gw_btm?ie=UTF8", "rating": "5.0 out of 5 stars", "reviewTitle": "Worth the money if you buy on sale.", "reviewDate": "September 7, 2019", "reviewText": "  Works as advertised. Lightning quick. Nothing to complain about.", "is_Helpful": ""}, {"reviewerName": "Charles H.", "reviewerUrl": "https://www.amazon.com/gp/profile/amzn1.account.AGXLITXMFIU3UF42KPFTEPPB6ACQ/ref=cm_cr_getr_d_gw_btm?ie=UTF8", "rating": "5.0 out of 5 stars", "reviewTitle": "Buy it now", "reviewDate": "August 31, 2019", "reviewText": "  Love this laptop!! I use this to run a real time mapping program for a transportation company and have had no issues with lagging and with the large screen and superb screen quality it makes my job that much easier", "is_Helpful": "5 people found this helpful"}, {"reviewerName": "Joshua ", "reviewerUrl": "https://www.amazon.com/gp/profile/amzn1.account.AFXSJ35FGAEFM42PRV7EDNKOPTGQ/ref=cm_cr_arp_d_gw_btm?ie=UTF8", "rating": "4.0 out of 5 stars", "reviewTitle": "Good so far but keep some things in mind.", "reviewDate": "August 10, 2019", "reviewText": "  I would say my knowledge of computers is slightly above average, but not a lot.  Please keep that in mind., Bought this laptop for three reasons:  School, video editing, and my old one is getting old (bought in 2013).  This is a very good laptop, just remember that for serous gaming you will definitely need it plugged in., This lap top is useful if you want the convenience of one machine serving dual purposes as a portable work/school machine by day and a \"friend\\s house LAN party\" gaming beast by night. It won\\t be the absolute best at either, but very very decent at both. If you want the absolute best at both those things you need two different machines., \"So far I have seen this laptop run Farcry 5 flawlessly on high settings, when plugged in to an outlet.  On battery power it seems to try to conserve battery by limiting its performance.  Understandable, at least as a default setting.  Theoretically one could simply adjust settings so the machine would not make any sacrifices on battery power, but battery life in this lap top is poor to begin with.  Maybe this is standard for gaming laptops:  It did less than 2 hours playing Farcry 5, and thats with the sacrifice in performance.  I can only imagine what it would be at full performance.\", \"For normal use like office and web browsing I get around 4 hours, and 5 hours if I put it in battery saver mode. There are a few drawbacks to battery saver mode, like severely reduced screen brightness and suspension of one drive syncing, ect. I wouldnt recommend doing any serious gaming without being plugged in to an outlet. Battery life under those conditions is extremely short, and performance will be heavily throttled.\", \"If you only want a computer that is powerful for normal use and some decent video editing, and you dont care much about gaming, you can find laptops that will suit you better for cheaper.\", The screen tops out at 60hz.  It seems average to me.  Not amazing and not bad either.  I use an external monitor and it looks great., \"Again, for gaming this thing is a beast as far as I can tell.  Just make sure its plugged in to an outlet, and dont expect to be able to use it more than 5 hours tops even for non-gaming applications without needing to charge.\", Not a fan of the RGB stuff and as far as I have found you can\\t turn it off completely, but you can set it to \"static\" and at least it won\\t pulse all the time.  Also there is a loud ROG boot-up sound that you can turn off by pressing the ROG button on your keyboard and deselecting the \"boot-up sound\" option under device configuration.  You can also go into the BIOS at boot-up to disable it.", "is_Helpful": "146 people found this helpful"}, {"reviewerName": "TMS239", "reviewerUrl": "https://www.amazon.com/gp/profile/amzn1.account.AHVQQF6S7LCTZVUPFKA67YZ5F3ZQ/ref=cm_cr_getr_d_gw_btm?ie=UTF8", "rating": "3.0 out of 5 stars", "reviewTitle": "Good laptop until it starts to black screen", "reviewDate": "July 31, 2019", "reviewText": "  Update: Moved this to 3 stars because it has started to black screen. Very disappointing because I like this laptop.", "is_Helpful": "2 people found this helpful"}, {"reviewerName": "R_Krishna", "reviewerUrl": "https://www.amazon.com/gp/profile/amzn1.account.AG7O4MJBUAB4K6WU27CLPZLY7PPQ/ref=cm_cr_arp_d_gw_btm?ie=UTF8", "rating": "5.0 out of 5 stars", "reviewTitle": "So far so good", "reviewDate": "July 21, 2019", "reviewText": "\"  I havent tested this machine to its fullest as yet but, honestly, I thought it was going to be an ugly machine with great specs. Turns out, its actually not bad to look at.\", OH AND IT CAME WITH A LITTLE RUBBER CAT from the seller. So nice. So nice.", "is_Helpful": "73 people found this helpful"}, {"reviewerName": "K Decker", "reviewerUrl": "https://www.amazon.com/gp/profile/amzn1.account.AG75N5ZPSHA6AGXPNZ742EZLYTUQ/ref=cm_cr_arp_d_gw_btm?ie=UTF8", "rating": "4.0 out of 5 stars", "reviewTitle": "Wonderful laptop", "reviewDate": "July 18, 2019", "reviewText": "  Just recieved today have been playing for over an hour and already love everything about it. It runs so smooth and I love the rgb keyboard", "is_Helpful": "48 people found this helpful"}, {"reviewerName": "itsCaptRex", "reviewerUrl": "https://www.amazon.com/gp/profile/amzn1.account.AFHZODQBZTW5Z7DOGO3PBHG6VIPA/ref=cm_cr_arp_d_gw_btm?ie=UTF8", "rating": "1.0 out of 5 stars", "reviewTitle": "Garbage!", "reviewDate": "July 17, 2019", "reviewText": "  Absolutely a piece of garbage! Wouldn\u2019t even set the clock properly. Was slow to basic functions.", "is_Helpful": "25 people found this helpful"}, {"reviewerName": "the_butter_cow", "reviewerUrl": "https://www.amazon.com/gp/profile/amzn1.account.AF7IOK5MYSEZO5PFQDYKWS2PSGHA/ref=cm_cr_arp_d_gw_btm?ie=UTF8", "rating": "5.0 out of 5 stars", "reviewTitle": "Really good laptop for the money", "reviewDate": "July 12, 2019", "reviewText": "\"  just got this brand new laptop the other day and Ill tell you what, I definitely feel like I got my moneys worth out of this baby.\", \"With the ssd in the laptop, it starts up very quickly. The base clock of the 9th gen i7 is 2.6ghz, but is able to be overclocked. The fans in the laptop can be put onto silent, regular, or turbo mode for intense gaming. And even at turbo mode they arent loud at all. The keyboard, let me tell you, is one of the most solid laptop keyboards Ive felt in a while. Good travel distance with the keys (RGB lighting). The overall construction of the laptop feels solid. It doesnt feel like some cheaply made plastic box made to last a week, no, this can take some serious love from the looks of it. The track pad and buttons are responsive and have a good solid feel to them. I ran some benchmarks on the system at its base clock for everything and it ran medium-high settings at 60fps-120fps, and that is for flagship level games.\", I will update my review if anything changes, but as of right now, this is a great laptop.", "is_Helpful": "114 people found this helpful"}], "qAndA": [{"question": "Its a touch screen?", "answer": "No it is not"}, {"question": "Is it possible to setup dual monitors with this laptop (3 screens total)?", "answer": "No. It only has one HDMI outlets. Unless you have a splitter. But that will make the two screens be exactly the same."}, {"question": "Is it has anti dust technology?", "answer": "Yes"}, {"question": "Can I use a Xbox controller with this?", "answer": "I don't know about Xbox but PS4 controller works."}, {"question": "Does this laptop actually have a 1tb hd with an additional 512gb ssd? what i see from manufacturer is just the 512gb ssd", "answer": "this item originally come with 512gb, we added another 1tb hdd ."}, {"question": "how long would the battery last while playing minecraft and other popular games on max settings? what about just normally?", "answer": "Answer not available"}, {"question": "Screen is 120hz or 60hz ?", "answer": "Answer not available"}, {"question": "Screen Hertz?", "answer": "60"}, {"question": "You guys said you opened box and made some upgrades. Is it not voiding a manufacturer's warranty?", "answer": "Answer not available"}, {"question": "Is it worth it for the price?", "answer": "If you see it at around 800 dollars yes.\nI think that is a steal between 800 and 900 for the 16Gb ram and hard drive size1.5 tera). The graphics card is good for up to 50 fps on most games on epic graphics so far (triple A titles most of the time are between 40 and 55fps).\n\u2026 see more"}, {"question": "Does it have a thunderbolt port?", "answer": "No"}, {"question": "Does it have a slot for NVMe?", "answer": "Answer not available"}, {"question": "Can you do homework on it?", "answer": "Sure, Im doing homework on it for 4 months and it works fine. You have to get an external webcam for meetings since it doesn't bring an incorporated one, at the end for me that is good for privacy. Connecting a second screen works good. The speed starting windows an loading programs is very good so you can connect real\u2026 see more"}, {"question": "Is ssd is expandable???", "answer": "Yes. You can change some parts. Ram and SSD. But you have to know how to open the laptop without braking a few attached cables."}, {"question": "Does it run vr", "answer": "No bro"}, {"question": "is it 4 hours with normal using (like use chrome, Microsoft Office) ?", "answer": "This is a powerful machine and it has 4 settings. If you run it on turbo you might have 2 hours or less unplug. If you run it on performance it might run 2.5 hours or more. And on silent it might run 4 hours or more unplugged.\n\nThis laptop if more for people who are going to be plugged most of the time. This is power\u2026 see more"}, {"question": "Does it have a built-in microphone ?", "answer": "Yes, it has a built-in microphone"}, {"question": "Can you tell me the dimensions of the box where the laptop comes in?", "answer": "Is just a tad bigger than the laptop.\nAbout 1.5 feet by 1 feet if I remember correctly."}, {"question": "Hola necesito el equipo lo puedes entregar garantizado el domingo 2 de febrero en holiday", "answer": "Answer not available"}, {"question": "Does this have International warranty ?", "answer": "no"}, {"question": "how do i get it to 4.5 GHz?", "answer": "I think that is what come with the lab top"}, {"question": "Do you know about a notebook that has the same but with 1660 ti graphic card?", "answer": "Answer not available"}, {"question": "Does this laptop have any global warranty and guarantee?", "answer": "Nope only USA"}, {"question": "Is Windows installed to the Sdd or Hdd?", "answer": "ssd"}, {"question": "Excuse me, i was asking me if you could change the video card for a 1660 6gb ti? And how much it will cost if this is posible? Thank you", "answer": "This item is unable to change graphic card."}, {"question": "How to upgrade memory, 1 or 2 slot(s), (32x1 or 16x2)? 2666mhz ddr4 sdram.", "answer": "I was told you could upgrade to 32 with this computer"}, {"question": "\u00bfHacen envi\u00f3 a Mexico?", "answer": "Answer not available"}, {"question": "What are highest audio sample rate and bit depth available?", "answer": "Answer not available"}, {"question": "Is the display 60 Hz or 144 Hz?", "answer": "The display is 60hz"}, {"question": "How many ram slots does it have?", "answer": "Well it comes with 2.\nAs you buy it is 2 of 8gb.\nSo you can upgraded later with 2 of 16. \u2026 see more"}, {"question": "What is required for me to swap out hdd for a sdd i have here? What special tools if any are needed, and how difficult would you say is it to do so?", "answer": "You might break the warranty if you open up your laptop. But it is actually pretty easy. Just removing the bottom screws and being careful opening it. Not too complicated. You can look in YouTube how to open that specific model. Lucky you \ud83d\ude1c"}, {"question": "Se puede pedir con teclado en espa\u00f1ol ?", "answer": "Answer not available"}, {"question": "Whats the battery life?", "answer": "4 hours of web browsing/office tasks. About 2 or 3 if you are gaming or editing video."}, {"question": "What is the rpm of the hard drive?", "answer": "Answer not available"}, {"question": "Why is this discounted by so much ?", "answer": "Answer not available"}, {"question": "Hacen env\u00edo a Mexico? :(", "answer": "Answer not available"}, {"question": "do you ship to Barcelona? how about the outlet and voltage settings? would it be suitable for Barcelona standards?", "answer": "I believe you would only need an adapter as the converter will do the job of ensuring your laptop gets the right amount of voltage."}, {"question": "is this provide uk plug?", "answer": "Answer not available"}, {"question": "Does this laptop come with 1tb hdd +512gb ssd ??", "answer": "Answer not available"}, {"question": "how do you change backlit keyboard color", "answer": "The laptop has an application that controls the backlit keyboard color, along with multiple other features."}, {"question": "Is this laptop is new and no one open it before the shipping or making an update on it", "answer": "NEXIPC upgrades their systems to better specs."}, {"question": "Excuse me, is single channel or dual channel the ram?", "answer": "Answer not available"}, {"question": "hi. it model have virtual numpad on touchpad?", "answer": "No it doesn't."}, {"question": "Hi. does it have the usb type c?", "answer": "Yes, it does. I think it it has 3-4 entries for USB c"}, {"question": "My laptop wont work. i recently updated my drivers and now it wont boot past the asus logo. ive reset my pc and still no luck. what else can i do?", "answer": "Send it back. Get a new one. It's probably a mess up hard drive. And its failing to run windows."}, {"question": "On Asus website Asus says G series is 120hz refresh screen why here they mention 60hz?", "answer": "It is 120hz. Thank you."}, {"question": "Why is the price so much lower than normal on this?", "answer": "Answer not available"}, {"question": "Can you request for win10 pro rather than Home prior to delivery?", "answer": "No. But you can buy it online. Is very easy to install if you buy the Microsoft key."}, {"question": "does it have fan on two sides?", "answer": "yes..it does.."}, {"question": "compared to acer predator helios is this better?", "answer": "I think it is.."}, {"question": "What type of panel does it use?", "answer": "Answer not available"}, {"question": "can it run design programs like 3ds max without any problems?", "answer": "I really am not sure I bought it for other things for work."}, {"question": "Why is the price so low", "answer": "Answer not available"}, {"question": "Does the laptop have an Ethernet port?", "answer": "it does have ethernet port"}, {"question": "Can the Wifi card be updated to 802.11ax?", "answer": "You would need to buy an external adapter. Ie USB etc"}, {"question": "How long does it take to deliver to Orlando?", "answer": "5 business day."}, {"question": "what it the specific model number of this laptop?", "answer": "ASUS - ROG G531GT 15.6\" Gaming Laptop - Intel Core i7 - 16GB Memory - NVIDIA GeForce GTX 1650 - 512GB Solid State Drive - Black and 1tb with a internal rpm drive. Windows 10 operating system"}, {"question": "Does it have 8 or 6 cores?", "answer": "6 cores, 12 threads."}, {"question": "It looks like, this laptop specs is diffrent from that of the manufacturer. Is it true that this laptop is opened and upgraded before it is ships?", "answer": "I'm having trouble replacing the battery because it looks like the cord to the connection port was extended. I bought a new battery of the exact same model number and the cord was too short to fit. It looks like someone did post factory work on the battery cord to get it to fit."}, {"question": "What is the model number? g531gt/gu/gv/gw?", "answer": "G531GT-B17N6"}, {"question": "Does this have a usb 3 type c port?", "answer": "Yes"}, {"question": "Is that using 512gb pcle ssd? Or using another type of ssd ?", "answer": "Answer not available"}, {"question": "Hi,the product mentions free shipping to India. if i order this product to India, will i be charged extra duty and taxes?", "answer": "I DO NOT KNOW........"}, {"question": "Can the RGB keyboard backlight be turned off?", "answer": "Yes you can. You can even customize the colors and brightness.."}, {"question": "does it have 1x16gb ram or 2x8gb?", "answer": "2X8GB"}, {"question": "Does the processor support microsoft virtual machine?", "answer": "I don't know. It's my son's computer."}, {"question": "Tienes env\u00edos a mexico?? a silao, guanajuato", "answer": "Answer not available"}, {"question": "Is this laptop able to pla scrap mechanic, team fortress 2, roblox, Minecraft, kernel space program, and a few other game like those.", "answer": "This laptop runs much higher resolution games at about 40 to 50 frames per second on epic/high graphics settings.\nGames like Minecraft are low resolution games so that would be very easy to run on a laptop like the Asus Rog. In fact, you would probably be able to run the games you are mentioning on a cheaper PC Witho\u2026 see more"}, {"question": "Acabo de comprar ordenador port\u00e1til para juegos asus rog y necesito factura, solicito un correo para ponerme en contacto", "answer": "Answer not available"}, {"question": "does it have a 60hz refresh rate or 120hz? i saw questions where people answered 60 and another said 120.", "answer": "60hz"}, {"question": "Why is thier such a big sale", "answer": "Answer not available"}, {"question": "Is the keyboard fully rgb or just red backlit?", "answer": "Answer not available"}, {"question": "Can you make gaming and animation(odd1sout kind) with this?", "answer": "Answer not available"}, {"question": "Any international warranty?", "answer": "Answer not available"}, {"question": "Are you delivering to Argentina? Thank you in advance", "answer": "Tienes que chequiar si Amazon Manda a Argentina. Eso lo dice en su pagina oficial."}, {"question": "I see you upgraded this PC, does that mean that the warranty is null and void? If not, what warranty does it come with?", "answer": "Comes with a one year warranty if I remembered correctly. But it does allow you to change the ram and the hard to be change. I think other parts void the warranty but not those...I am 80% sure lol"}, {"question": "Will this run gears of war 5 smoothly?", "answer": "I bought this for my son. Not sure about gears, but I know he runs league of legends, rainbow 6, and borderlands 3 on it with no problems."}, {"question": "Can it play 7 days to die on max Settings?", "answer": "You can play most games on max. Usually I run AAA titles between 40 to 50 fps. But if you adjust a mix of high and epic settings on games you can get up to 60fps."}, {"question": "How much time does the battery last when gaming?", "answer": "Answer not available"}, {"question": "What is the speed of the 1tb hdd on this?", "answer": "I believe the 1TB drive is 5400 speed HD, which is fine for additional storage. The primary drive on mine is a fast 512GB SSD."}, {"question": "is it noisy?", "answer": "Answer not available"}, {"question": "Hola es posible con el teclado en espa\u00f1ol?", "answer": "Answer not available"}, {"question": "Is keyboard Arabic-english Or English only ?", "answer": "Answer not available"}, {"question": "Does this have global warranty?", "answer": "Answer not available"}, {"question": "If send this asus to guatemala can i have warranty in my country? or i need send this asus to usa again to cover warranty", "answer": "Hey! I recommend you get in touch whith ASUS, in general if you buy in the US warranty will be valid only within the US"}, {"question": "I have a slightly older asus can i take my cloned ssd and clone the internal ssd just to upgrade my computer?", "answer": "I am not sure bout this but it seems to me that you probably can not do this, due to most of 0/S have a key code for each specific system, the cloned drive has different hardware configuration and may not work"}, {"question": "can this item be shipped to canada?", "answer": "Answer not available"}, {"question": "since this model does not have a webcam so is external camera included in the box or no ? as asus normally inlcudes it. does it also have ?", "answer": "Not included"}, {"question": "Is the RAM upgradable or is 16 the limit?", "answer": "Answer not available"}, {"question": "Does this have a sd card reader?", "answer": "No."}, {"question": "Does this laptop have a blu ray or dvd player?", "answer": "no"}, {"question": "Can you change out the battery?", "answer": "Yes"}, {"question": "Hacen env\u00edo a Mexico?", "answer": "Answer not available"}, {"question": "Does it ship with 1 or 2 sticks of ram?", "answer": "Answer not available"}, {"question": "so is the refresh rate 60 or 120? my friend is telling me that you can go somewhere in the settings and make the refresh rate higher", "answer": "I have not really looked for that kind is setting.. I\u2019ll check and respond accordingly"}, {"question": "What is the amps and watts for the charger?", "answer": "My charger shows: Input 100-240 volts, 2.5 amps and Output 20 volts, 7.5 amps."}, {"question": "can it play cd's ?", "answer": "No."}, {"question": "How's the battery life when using it for non gaming activities?", "answer": "Answer not available"}, {"question": "Is there a reason they don't build usb cables on the right side of the laptop on Asus? Major design fail", "answer": "Answer not available"}, {"question": "Does it have worldwide warranty, and how long?", "answer": "Answer not available"}, {"question": "Hi! Do you have with spanish keyboard?", "answer": "only standard english keyboards"}, {"question": "Este portatil usa NVme???", "answer": "Answer not available"}, {"question": "Is the screen glossy or matte, can I choose while ordering?", "answer": "Answer not available"}, {"question": "On the specs it says 2 mb of ram for the graphics card. wondering if anyone can tell me if it's a typo, due to most nowadays having at least 2 gb?", "answer": "Answer not available"}, {"question": "How many fps? what is the refresh rate?", "answer": "The screen has a 60hz refresh rate"}, {"question": "can I send this to a store or something like Fedex to pick it up? Cause I am going next week just for vacations and i can't be in house to receive it", "answer": "Mine went to Fedex and I had to pick it up because they didn\u2019t find me when they initially tried to deliver it. I hope that helps!"}, {"question": "Is this system robust enough to run surveilance systems/programs such as Blue Iris with 15-20 cameras?", "answer": "I believe so. But that depends on which model you buy. Meaning which graphics card you are getting on the model. I would buy the one with the best graphics card. The entry level Asus might be not good for this.\nAlso, check for video outputs. The better the graphics card the more it has. Usually!"}, {"question": "Este es el precio final hasta llegar a la puerta de la casa, o debo pagar algo m\u00e1s ? Alg\u00fan impuesto en Colombia ?", "answer": "Answer not available"}, {"question": "Hi, is this the laptop with RGB color at the bottom or just the keyboard?", "answer": "Just the keyboard."}, {"question": "Does this work with the Astro a40 tr for Xbox no mixamp?", "answer": "Answer not available"}, {"question": "Hi, is the Keyboard is qwerty?", "answer": "Yes"}, {"question": "Viene con teclado en espa\u00f1ol y cu\u00e1nto hay que pagar de aduana??", "answer": "Answer not available"}, {"question": "What is the warranty in the continental US?", "answer": "USA only for the warranty it offers."}, {"question": "Does it have bluetooth?", "answer": "Yes. I use it regularly."}, {"question": "Would this be a good laptop for school?", "answer": "It's more than qualified for school. I have a previous model that has a GTX 1050 and that's has been my daily driver for college."}, {"question": "When will they do international shipping?", "answer": "we only ship to within US. thanks!"}, {"question": "Who handles the warranty ? asus or the company that upgraded the product ? does it not void asus warranty if it was upgraded or modified ?", "answer": "The company doesn\u2019t. I had issue out of the box and they \u201chad no record\u201d of me buying it from them. Contacted amazon and they contacted them for me. I then got a warning email to stop harassing them."}, {"question": "total storage capacity:512gb pcie ssd + 1tb hdd and you wrote else hard drive 512 gb ssd.which one is correct?", "answer": "512GB SSD +1TB Hard Drive"}, {"question": "How easy is it to remove the pci 512gb ssd and the 1tb hdd easily removable ?", "answer": "Answer not available"}, {"question": "Does it have international warranty?", "answer": "No. Sadly."}, {"question": "Screen ips", "answer": "yes"}, {"question": "Does the laptop weigh 4kg by itself (without the charger)? And how much does it weigh with the charger?", "answer": "Answer not available"}, {"question": "Are your screen colors washed out too?", "answer": "I agree this laptop's screen colors and resolution are a little weak. That's why I bought a separate Asus VG248QE monitor with 144hz refresh and excellent colors. Problem solved for me."}, {"question": "The wifi and ethernet connection absolutely demolish all internet in our home just connected. Is there a fix for this? Our other exact unit doesn't do", "answer": "It\u2019s prob a driver issue or hardware issue with that system"}, {"question": "It is 120hz or 60hz ?", "answer": "60hz"}, {"question": "Does the laptop get hot when playing games? Where does the laptop get hot?", "answer": "Answer not available"}, {"question": "este articulo podr\u00eda recibirlo gratis el el d\u00eda 6 de enero del 2021", "answer": "Answer not available"}, {"question": "Stylis for Asus labtop", "answer": "This is not a touch screen laptop. But you can buy a Bamboo Tablet to draw.\nSo in other words this does not have a native Stylus. I think that is what you meant."}, {"question": "what is the refresh rate on the monitor?", "answer": "60hz"}, {"question": "the bottom illuminate ?", "answer": "The keyboard lights up, but the bottom of the laptop does not"}, {"question": "how much graphics card ram size does it has ?", "answer": "16GB DRR4"}, {"question": "La pantalla tiene el sistema de protecci\u00f3n visual anti reflejo ?", "answer": "Answer not available"}, {"question": "Sorry someone sent to Mexico?", "answer": "No. Unless, you have a person you know here in the states trustworthy to sent it to you after they receive it."}, {"question": "In an earlier question, you said the box wasn't opened and you did not modify the unit, however later you said you added a 1tb hd. What's the truth?", "answer": "The \"TRUTH IS - \"I DID NOT RESPOND TO THE QUESTION\" and I still have not\"....."}, {"question": "is the ram upgradeable? how many ram slots? are the ssd and hdd accessible in case of failure? does it have the necessary outputs for 4k monitor?", "answer": "Answer not available"}, {"question": "is it slim", "answer": "Yes."}, {"question": "Is the ram upgradeable?", "answer": "up to 32gb."}, {"question": "What about warranty period? is the ram can be expandable upto 32gb? how much gb is alocatted for graphics card?", "answer": "Answer not available"}, {"question": "Is the ssd nvme ?", "answer": "Answer not available"}, {"question": "Que garant\u00eda tiene de f\u00e1brica?", "answer": "Answer not available"}, {"question": "What are the included accesories in the box?", "answer": "The only thing in the box is the adapter."}, {"question": "Do you lose and of the pre-installed features like the keyboard lighting by installing linux?", "answer": "Answer not available"}, {"question": "does this have a IPS screen?", "answer": "Answer not available"}, {"question": "Is this compatible with WiFi 6?", "answer": "Answer not available"}, {"question": "Whats the rpm of the hdd?", "answer": "Answer not available"}], "time": ["09/04/2021 17:36:14"], "reviewsCountInfo": {"expRevCount": 92, "actRevCount": 92, "nonEnglishRevCount": 8}, "scrapperInfo": {"Version": "1.3.2", "Released Date": "08/04/2021"}, "productURL": "https://www.amazon.com/gp/product/B07SZ1J9TG", "ASIN": "B07SZ1J9TG", "title": "2019 ASUS ROG 15.6\" FHD Gaming Laptop Computer, Intel Hexa-Core i7-9750H Up to 4.5GHz, 16GB DDR4, 1TB HDD + 512GB SSD, NVIDIA GeForce GTX 1650, 802.11ac WiFi, HDMI, USB 3.0, Windows 10", "manufacturer": " ASUS Store", "currentPrice": "$1,019.99", "rating": "4.5", "totalRatings": "352 "}