{"features": ["Display: 15. 6 inches FHD (1920 x 1080), IPS-Level, 60Hz, 45 percent NTSC, Thin Bezel", "Processor: intel core i5-9300h 2. 4 - 4. 1ghz", "Graphics: NVidia GeForce GTX 1650 [max-q] 4g gddr5", "Memory: 8gb (8g x 1) ddr4 2666mhz, 2 sockets; max memory 64gb", "Storage: 512gb NVME SSD"], "reviewsAspects": ["gaming laptop", "battery life", "power cord", "great laptop", "ultra settings", "graphics card", "pretty good", "budget gaming", "good laptop", "laptop for the price", "games", "fps", "keyboard", "computer", "device"], "productInformation": [{"\nASIN\n": "\nB07TR7WRK9\n", "Customer Reviews": "\n\n\n\n\n\n\n4.5 out of 5 stars\n\n\n\n\n\n\n\n\n319 ratings\n\n\n\n\n\n\n4.5 out of 5 stars\n", "\nBest Sellers Rank\n": "\n\n#21,798 in Computers & Accessories (See Top 100 in Computers & Accessories)\n\n#3,373 in Traditional Laptop Computers\n\n\n", "\nDate First Available\n": "\nJune 28, 2019\n"}], "productDescription": "\nLatest 9th Gen Intel 6-Core Processors\nEnjoy boosted gameplay and faster rendering with up to 10% performance gain from previous generation.\nNVIDIA GeForce GTX 16 Series Graphics\nNVIDIA Max-Q is an innovative approach to crafting the world\u2019s thinnest, fastest, and quietest gaming laptops. It hits the sweet spot of ultimate GeForce gaming and impossibly sleek design.\nThin & Light Audio System Quiet & Cool\nThin and Powerful\nSingle-Lit Keyboard\nBrush Aluminum Chassis\n7 Hour Battery Life", "reviews": [{"reviewerName": "Wolfgang", "reviewerUrl": "https://www.amazon.com/gp/profile/amzn1.account.AESVPJL6TQOPQ4VC3MRNDBRMVJLA/ref=cm_cr_getr_d_gw_btm?ie=UTF8", "rating": "5.0 out of 5 stars", "reviewTitle": "Laptop", "reviewDate": "March 30, 2021", "reviewText": "  Excellent", "is_Helpful": ""}, {"reviewerName": "Vincent", "reviewerUrl": "https://www.amazon.com/gp/profile/amzn1.account.AH3B6XAJDGXUACXNLVLXY3NYAIDA/ref=cm_cr_getr_d_gw_btm?ie=UTF8", "rating": "1.0 out of 5 stars", "reviewTitle": "customer service is terrible", "reviewDate": "January 26, 2021", "reviewText": "  I bought this customer a few months ago and the screen is glitching.  I have called and emailed to get someone to help with the warranty.  They have been unhelpful and unresponsive.  I would think twice before buying a MSI product mainly because of the lack of response when there is an issue.", "is_Helpful": ""}, {"reviewerName": "Robert przastek", "reviewerUrl": "https://www.amazon.com/gp/profile/amzn1.account.AH2WEQKL62MQJSM623RYGZ3UY6HQ/ref=cm_cr_getr_d_gw_btm?ie=UTF8", "rating": "1.0 out of 5 stars", "reviewTitle": "Its cheaply made. Terrible parts for the price", "reviewDate": "January 22, 2021", "reviewText": "  Bought the laptop in february of 2020, broke about a week ago (january 2021) A piece of the motherboard fell out causing the display of the monitor to turn off. Terrible laptop for $1k dollars. Find something else", "is_Helpful": ""}, {"reviewerName": "L. Van Tol", "reviewerUrl": "https://www.amazon.com/gp/profile/amzn1.account.AGBB3OLDMNE32PXBGUSAVE6KXAQQ/ref=cm_cr_getr_d_gw_btm?ie=UTF8", "rating": "1.0 out of 5 stars", "reviewTitle": "Lasted 9 Months", "reviewDate": "January 22, 2021", "reviewText": "\"  I purchased this computer as a birthday present for my 10-year-old son who loves gaming.  It seemed like it would be perfect for him!  Little did I know that this computer was made with such flimsy material that it wouldnt even last a year.  The most glaring issue was the hinge.  For some reason, they decided it was a good idea to make two extremely tiny and fragile plastic hinges that support the entire LCD screen.  As you can imagine this was the first thing to go.  Apparently, this is a knows issue by MSI.  This rendered the laptop unusable.\", I contacted MSI about the issue in November and just received the information on repair.  I just barely made the one year warranty.  I would be very cautious purchasing this laptop.  It might be okay if you rarely plan on opening it.", "is_Helpful": ""}, {"reviewerName": "Laura Rodr\u00edguez", "reviewerUrl": "https://www.amazon.com/gp/profile/amzn1.account.AGSVHDACTFNKRNTZXCD3UP636XJQ/ref=cm_cr_getr_d_gw_btm?ie=UTF8", "rating": "5.0 out of 5 stars", "reviewTitle": "\"Its a really fast computer\"", "reviewDate": "November 23, 2020", "reviewText": "\"  Its really fast, I can use it to run all my programs without any problem. Its the best you can find by its price. I really recommend it.\"", "is_Helpful": ""}, {"reviewerName": "Sif", "reviewerUrl": "https://www.amazon.com/gp/profile/amzn1.account.AE7CRQWH22ICJ7RIG6WZCCYCNX7Q/ref=cm_cr_getr_d_gw_btm?ie=UTF8", "rating": "4.0 out of 5 stars", "reviewTitle": "Personal Jet Engine", "reviewDate": "September 18, 2020", "reviewText": "\"  Its a great laptop.\", It does all of my jobs and tasks really well., The only downside is either it heats up really quickly, or you have to turn on the jet engine fan.", "is_Helpful": ""}, {"reviewerName": "Bucks", "reviewerUrl": "https://www.amazon.com/gp/profile/amzn1.account.AGPKJXTLY5ZZGDKLWX7BTQFEQYZA/ref=cm_cr_getr_d_gw_btm?ie=UTF8", "rating": "1.0 out of 5 stars", "reviewTitle": "Terribly slow. Battery last 2 hours. A ghost app is draining all the power and CPU.", "reviewDate": "August 17, 2020", "reviewText": "\"  Had it for six months, had several problems. It is very slow and battery will die in 2.5 hours for brand new laptop. It comes installed with Bloatware Nahimic.exe which makes it really slow. MSI support service is horrible, you will have to pay shipping, and they wont replace it as well. Will just do repairs.\"", "is_Helpful": ""}, {"reviewerName": "Jhon Alexander Rodr\u00edguez", "reviewerUrl": "https://www.amazon.com/gp/profile/amzn1.account.AF5L75WPUYTAVONZBX2K245P2HFQ/ref=cm_cr_getr_d_gw_btm?ie=UTF8", "rating": "5.0 out of 5 stars", "reviewTitle": "10/10", "reviewDate": "August 6, 2020", "reviewText": "  5 months using this laptop and have worked flawless, 0 problems and game on.", "is_Helpful": ""}, {"reviewerName": "Dustin", "reviewerUrl": "https://www.amazon.com/gp/profile/amzn1.account.AGSRK763NBXA35ATZ35OKQXA2AEQ/ref=cm_cr_getr_d_gw_btm?ie=UTF8", "rating": "5.0 out of 5 stars", "reviewTitle": "Incredibly good.", "reviewDate": "August 6, 2020", "reviewText": "\"  An incredibly well priced laptop. When I bought it at $699 comparable laptops when for close to $1000. Ive had it for almost 4 months now and it can do everything I want to. I can play games and have numerous things going at the same time with no lag (provided you have the right settings and/or plugged in).\", The only critique would be that the battery life is not the best especially if you are doing anything that requires a decent amount or resources. It does run a bit hot (not always) but that is to be somewhat expected for something doing a million things at once., You could only get a better laptop set up if you paid more for it. This was one of my favorite purchases especially during covid era considering I had to work from home (and play). Treat yourself.", "is_Helpful": ""}, {"reviewerName": "Lucas", "reviewerUrl": "https://www.amazon.com/gp/profile/amzn1.account.AFISNDBF6RFWTQXCBTZTZRKEPUNA/ref=cm_cr_getr_d_gw_btm?ie=UTF8", "rating": "4.0 out of 5 stars", "reviewTitle": "Great budget gaming laptop", "reviewDate": "August 3, 2020", "reviewText": "\"  Overall this laptop is pretty good, though there are some things that could be improved. The screen is great for indoor use and I have gotten around 5-6 hours of use on battery with the screen brightness close to minimum, fans set to 0 and on ECO mode in dragoncenter, and the processor undervolted by -155.3mV in throttlestop. I dont play too many intensive games, though I have been able to get around 250fps on Minecraft with optifine and a render distance of 12 on 1.15.2. Civ6 with close to max settings gets pretty toasty around 90C, but I can still get 60fps.\", \"I cant say much about the keyboard, since I usually just use an external keyboard with my laptop on a stand, but it doesnt seem bad. On the other hand, the brushed aluminum on the keyboard deck and the back of the screen is a fingerprint magnet, so you will want to try not to touch it as much as possible if you dont like a bunch of smudges all over your laptop. The trackpad is also not great and it is a little lifted up on the lower portion. The extra travel doesnt do anything, but it does get a little annoying and just seems to be bad design.\"", "is_Helpful": ""}, {"reviewerName": "Sharon B", "reviewerUrl": "https://www.amazon.com/gp/profile/amzn1.account.AEBCZQRXP2R4IISNPSIVHTBY2H7A/ref=cm_cr_getr_d_gw_btm?ie=UTF8", "rating": "4.0 out of 5 stars", "reviewTitle": "Brightness", "reviewDate": "July 28, 2020", "reviewText": "\"  The only complaint I have is the brightness. Its just too dim for me!\"", "is_Helpful": ""}, {"reviewerName": "Thomas", "reviewerUrl": "https://www.amazon.com/gp/profile/amzn1.account.AHE3PZZOQWLFO6ARXZQX4LDVDIGA/ref=cm_cr_getr_d_gw_btm?ie=UTF8", "rating": "4.0 out of 5 stars", "reviewTitle": "Power cord blocks the USB ports", "reviewDate": "July 2, 2020", "reviewText": "\"  Does not use the same cord as other MSI laptops. And who puts a power cord on the side? Not even near the back, but right in the middle. If you want to plug it in, youll need to unplug the USB. Great laptop. Stupid design.\"", "is_Helpful": ""}, {"reviewerName": "Nadia Bramhan", "reviewerUrl": "https://www.amazon.com/gp/profile/amzn1.account.AEQBYV3J2QZFO3ZUZ3GQOBI7TLSA/ref=cm_cr_getr_d_gw_btm?ie=UTF8", "rating": "1.0 out of 5 stars", "reviewTitle": "Dont waste your money...", "reviewDate": "June 28, 2020", "reviewText": "\"  The sound on this thing absolutely sucks. Had to replace sound. Also it doesnt entirely shut down when you prompt it to do so.\"", "is_Helpful": ""}, {"reviewerName": "TCano", "reviewerUrl": "https://www.amazon.com/gp/profile/amzn1.account.AFUWNI4RCBUIRXHNLX526M7P7IEQ/ref=cm_cr_getr_d_gw_btm?ie=UTF8", "rating": "5.0 out of 5 stars", "reviewTitle": "Perfectly suited for our needs", "reviewDate": "June 8, 2020", "reviewText": "\"  This gaming laptop worked perfectly for live-streaming our churchs worship service during the beginning of the Covid-19 stay at home order. Because it is a gaming laptop with a NVidia GeForce graphics card is perfect for what we need it for. Would I buy another? Sure.\"", "is_Helpful": ""}, {"reviewerName": "David Skirvin", "reviewerUrl": "https://www.amazon.com/gp/profile/amzn1.account.AGAVQ7U5ABU24TAN4NAWDU7MTOHA/ref=cm_cr_getr_d_gw_btm?ie=UTF8", "rating": "1.0 out of 5 stars", "reviewTitle": "Arrived with a defective screen", "reviewDate": "June 3, 2020", "reviewText": "\"  When I booted it up for the first time the screen did not turn on at all. Doing a bit of research it seems this is a common problem for this model. There are fixes out there, but I shouldnt have to do hardware troubleshooting for a brand new laptop. Immediately returning this.\"", "is_Helpful": "One person found this helpful"}, {"reviewerName": "Ross A. Harold", "reviewerUrl": "https://www.amazon.com/gp/profile/amzn1.account.AGVL6KZCAK3ICQZRYIXDGI6PYNRA/ref=cm_cr_getr_d_gw_btm?ie=UTF8", "rating": "4.0 out of 5 stars", "reviewTitle": "Great laptop for Zwift", "reviewDate": "May 31, 2020", "reviewText": "  I purchased this laptop specifically to run the online cycling app Zwift. These are my initial impressions.  If you understand that this laptop is a low end gaming computer, you will not be disappointed. It\\s a good value for the money. First the positive traits.  The graphics card is powerful enough to run Zwift at its highest 4K setting.  Web browsing is seamless. Minimal junk apps installed. There are so far only a few minor annoyances.  The LCD is just adequate, this appears to be where MSI cut a corner to get the price point low - not surprising.  The speakers have a distinct \"tinny\" sound this can be improved with the installed sound effect app. The keyboard feels cheap but I tend to pound the keys. The power cord is in a weird location but so far has not been a problem.", "is_Helpful": ""}, {"reviewerName": "Brittany Jacobson", "reviewerUrl": "https://www.amazon.com/gp/profile/amzn1.account.AFJZ4SYJTYLKWQMM6MRJECTOFPDA/ref=cm_cr_getr_d_gw_btm?ie=UTF8", "rating": "5.0 out of 5 stars", "reviewTitle": "\"Its all good\"", "reviewDate": "May 28, 2020", "reviewText": "  It needs more RAM and a bigger SSD, but overall good laptop.", "is_Helpful": ""}, {"reviewerName": "JBookReviewer", "reviewerUrl": "https://www.amazon.com/gp/profile/amzn1.account.AG4E3O75MPRJYGGFDSCD5IQFJIOA/ref=cm_cr_arp_d_gw_btm?ie=UTF8", "rating": "2.0 out of 5 stars", "reviewTitle": "\"Too much trouble for its price point\"", "reviewDate": "May 18, 2020", "reviewText": "  My son wanted a gaming laptop after growing out of his hand me down Apple Air. He wanted a laptop that he can do his school work and game on and after reading reviews and talking to friends, he decided this laptop would fit his price point., Well after having this for five months or so, either we got a lemon or MSI does not build good laptop., The positive is that the price point for the specification that would be suitable for general gaming.  We like how the laptop looks and feel, though it does feel a bit \"cheap\"., \"Hes had problem with the speakers working and not working (he has to Zoom for school), the laptop crashes often, browsers will suddenly crash (window issue?), battery issues, video suddenly not working.\", All these add up to an unsatisfactory experience with this MSI laptop. He regrets spending his money purchasing this laptop.", "is_Helpful": ""}, {"reviewerName": "Jahlil J. Joubert", "reviewerUrl": "https://www.amazon.com/gp/profile/amzn1.account.AF7B6I3OA3G5PNTNTWDAZDXFMYFA/ref=cm_cr_getr_d_gw_btm?ie=UTF8", "rating": "5.0 out of 5 stars", "reviewTitle": "Great for gaming", "reviewDate": "May 16, 2020", "reviewText": "  So happy with this purchase. I\u2019m new to online gaming and this was a great price for what I got.", "is_Helpful": ""}, {"reviewerName": "Greta Garbo", "reviewerUrl": "https://www.amazon.com/gp/profile/amzn1.account.AEYR7P4SYCFXYW5XPQJRFYFO7CQA/ref=cm_cr_getr_d_gw_btm?ie=UTF8", "rating": "5.0 out of 5 stars", "reviewTitle": "Great for gaming", "reviewDate": "May 10, 2020", "reviewText": "  My son enjoys this gaming laptop, it\u2019s keeping him happy.", "is_Helpful": ""}, {"reviewerName": "JJR", "reviewerUrl": "https://www.amazon.com/gp/profile/amzn1.account.AEDTGWF6HG33UGCGMXQY2UGF2Q5Q/ref=cm_cr_getr_d_gw_btm?ie=UTF8", "rating": "3.0 out of 5 stars", "reviewTitle": "Cannot Utilize Gsync", "reviewDate": "May 5, 2020", "reviewText": "\"  So I bought this with performance in mind and not so much the display as im gaming on a new viewsonic monitor . But, because of the onboard Intel shared graphics card you cannot use gync :/ I really am at a loss as to why in todays world of technology why you would pair these 2 graphics cards and limiting function and features .\", Thought I had covered all my newbie basics when researching laptops but this issue never came up when talking with people or researching .....", "is_Helpful": "One person found this helpful"}, {"reviewerName": "Basiru  Mohammed", "reviewerUrl": "https://www.amazon.com/gp/profile/amzn1.account.AGAR7VKW4ICKCTMTPJVQSNKD6YAA/ref=cm_cr_getr_d_gw_btm?ie=UTF8", "rating": "5.0 out of 5 stars", "reviewTitle": "Good product and great seller", "reviewDate": "April 18, 2020", "reviewText": "  Bought for my son it was great \ud83d\udc4d experienced for him. The seller is great \ud83d\udc4d and honestly and understanding. Very excellent seller I recommend. Thanks \ud83d\ude4f", "is_Helpful": ""}, {"reviewerName": "Amazon Customer", "reviewerUrl": "https://www.amazon.com/gp/profile/amzn1.account.AETID77D4V4IBP43QFHORCYREQQA/ref=cm_cr_getr_d_gw_btm?ie=UTF8", "rating": "4.0 out of 5 stars", "reviewTitle": "Came with defected fan", "reviewDate": "April 15, 2020", "reviewText": "\"  Came out the box with only one working fan contacted the seller for a replacement and I havent heard anything back yet. Just something to take into consideration.\"", "is_Helpful": ""}, {"reviewerName": "Botirjon Tayirov", "reviewerUrl": "https://www.amazon.com/gp/profile/amzn1.account.AFQJSVGTCNRVV7TOOOYLLBIXWSTA/ref=cm_cr_getr_d_gw_btm?ie=UTF8", "rating": "5.0 out of 5 stars", "reviewTitle": "Perfect gaming laptop", "reviewDate": "April 12, 2020", "reviewText": "\"  I really liked gaming on this laptop. It works great, fps is always 60 or higher. It ran alot of games in high settings even Warzone that came out recently. The only thing I didnt like was battery life. You need to leave laptop plugged\"", "is_Helpful": ""}, {"reviewerName": "Matt Almanza", "reviewerUrl": "https://www.amazon.com/gp/profile/amzn1.account.AELUVUMEH37JSL3LXSS4UJEXRRAQ/ref=cm_cr_getr_d_gw_btm?ie=UTF8", "rating": "5.0 out of 5 stars", "reviewTitle": "Great Value", "reviewDate": "April 10, 2020", "reviewText": "  This computer is fantastic for gaming and at an excellent price point for my kids!", "is_Helpful": ""}, {"reviewerName": "Amazon Customer", "reviewerUrl": "https://www.amazon.com/gp/profile/amzn1.account.AFSCJITDP3MXERJNNB3IVBJNAOBQ/ref=cm_cr_arp_d_gw_btm?ie=UTF8", "rating": "1.0 out of 5 stars", "reviewTitle": "\"Dont buy renewed!\"", "reviewDate": "April 9, 2020", "reviewText": "  There is a certain degree of trust that Amazon has established with me over the years. I buy products through them with the understanding that not only will the products be of low cost, but will also arrive in a timely manner in working condition., \"Ive never used the renewed product feature through amazon, but I trusted them and thought Id give it a try on the MSI GF63 gaming laptop.\", \"The laptop arrived earlier than expected (even during quarantine Amazon managed to work delivery magic.) As I unboxed the product it looked like new. I downloaded steam, epic games, and minecraft to give them a try. Minecraft worked great, subnautica works but its very touch and go. Then on to Fortnite, this is where i hit a snag.\", \"Fortnite ran fine on ultra settings, but the game itself was unplayable due constant connection issues. I thought perhaps it was just fortnites servers as my primary desktop worked fine, and my housemates laptop was doing fine. A day later I boot up minecraft to play with my much younger cousin on one of the online servers. And I find myself rubber banding around. This time Im at his house, and I ask my sister if shes had any network issues. (After running a speed test and trying out several other devices on the wifi I came to the realization that the issue was the wifi card.)\", I\\ve spent several hours trying to fix the issue, going through countless forums and trying multiple \"guarantee\" fixes for this. But at the end of the day, almost every site I checked stated that if nothing else worked, to not rule out that the wifi card has a hardware problem., \"So, here I am, with a gaming laptop that, cant game.\", \"TLDR: DO not buy renewed. Its not from amazon its from a 3rd party reseller.\"", "is_Helpful": "One person found this helpful"}, {"reviewerName": "Antonio Medeiros", "reviewerUrl": "N/A", "rating": "5.0 out of 5 stars", "reviewTitle": "        , Excellent bang for your buck,   ", "reviewDate": "April 6, 2020", "reviewText": "  This is one of the better lower end gaming laptops. I can assure you this will run mostly everything you want to play even on medium to high. GTA, Assassins Creed Odyssey, Bannerlord, to name a few games", "is_Helpful": "2 people found this helpful"}, {"reviewerName": "Eric", "reviewerUrl": "https://www.amazon.com/gp/profile/amzn1.account.AF4K4BXRFZBKJAGORUHU2GEEMLIQ/ref=cm_cr_arp_d_gw_btm?ie=UTF8", "rating": "4.0 out of 5 stars", "reviewTitle": "Solved Ping problem. Working well.", "reviewDate": "April 2, 2020", "reviewText": "\"  I had a problem but I fixed it. When the charger was plugged, the MS was going to the moon. 3k MS, impossible to play. If you disconnect the charger the ms back to normal. I experienced this in League of Legends, and I saw a couple of people with the same problem in Reddit and other forums. You need to go to device manager and update the wi fi driver, also do the following:\", On Windows, go to \"Device Manager>Network adapters>Intel(R) Wireless AC 9560>Properties>Advanced\" (or any other wireless adapter that you have), -Set both \"Channel Width for 2.4GHz\" and \"Channel Width for 5GHz\" from \"Auto\" to \"20 MHz Only\", Worked for me. Playing lol without issues now.", "is_Helpful": "7 people found this helpful"}, {"reviewerName": "Megatron", "reviewerUrl": "https://www.amazon.com/gp/profile/amzn1.account.AHPQG2SVJBOODQCREANRXWR232PQ/ref=cm_cr_getr_d_gw_btm?ie=UTF8", "rating": "5.0 out of 5 stars", "reviewTitle": "Great for the price", "reviewDate": "March 15, 2020", "reviewText": "  Good mid level gaming laptop.  Excellent for the price.", "is_Helpful": ""}, {"reviewerName": "JB", "reviewerUrl": "https://www.amazon.com/gp/profile/amzn1.account.AHULP4SUDS2GFXJCRKSKFGOLZBQQ/ref=cm_cr_arp_d_gw_btm?ie=UTF8", "rating": "4.0 out of 5 stars", "reviewTitle": "Great value for the money, just a few cons.", "reviewDate": "March 12, 2020", "reviewText": "\"  First off, this laptop looks and feels great and although I havent had the chance to test many games yet it seems to do well. Since theres plenty of info on the Pros of this laptop (value for the money being a big one) I thought Id mention a few Cons that really stick out to me.\", 1) The very first thing I noticed was the power plug-in location. The hole to plug in the power cord is located on the left side of the laptop roughly in the middle. This is a weird location in general but on this laptop it makes even less sense because it means that if you run the cord behind your laptop (like most people) the cord will be directly in front of the fan that blows out the heat from the laptop. This was nearly a deal-breaker for me., \"2) This hasnt been an issue yet since I rarely use the laptop unplugged but the laptop boasts 7hrs of battery life unplugged. First off, this doesnt strike me as an impressive stat since my previous laptop was 12hrs. Second; this is only if you dont optimize your settings for gaming. One way the laptop tries to save power is by using the integrated Intel graphics whenever possible. If you tell it to always use the GTX 1060 (as most people will do for gaming) it will be a stronger drain on the battery.\", 3) The GTX 1060 in this laptop is the Max-Q variant. While this name may make it sound like an upgrade, it is actually slower than the regular 1060. The Max-Q is designed for and used in lighter/thinner laptops but benchmarks show it is roughly 18-20% slower than the base 1060 model. This again might be a deal-breaker for some., All-in-all this is a great budget gaming laptop and you can\\t buy a gaming laptop this cheap and expect it to not have a few caveats. However I am considering returning it and spending the extra $200 for something less \"limited\" for lack of a better word. The 2020 model for $900 seems promising but has the same weird power inlet location.", "is_Helpful": "One person found this helpful"}, {"reviewerName": "Amazon buyer #66", "reviewerUrl": "https://www.amazon.com/gp/profile/amzn1.account.AGB2PGXYLN5BC5F4XSGB26UYVVXA/ref=cm_cr_getr_d_gw_btm?ie=UTF8", "rating": "5.0 out of 5 stars", "reviewTitle": "Inexpensive powerhouse", "reviewDate": "March 10, 2020", "reviewText": "  I bought this as a upgrade to my older Lenovo gaming laptop. Plays most of the titles I enjoy at high to ultra settings with no issues. My only concern is that this thing gets really warm. GPU /MPU temps never get hot enough to throttle, but laptop very warm to touch during a gaming session., I would recommend this to anyone who wants a less expensive laptop that runs games at high fps., I get about 5 to 6 hours battery time when watching videos and closer to 7 surfing the web in battery conserve mode.", "is_Helpful": ""}, {"reviewerName": "Kim Magenheimer", "reviewerUrl": "https://www.amazon.com/gp/profile/amzn1.account.AHYULJZYOLHLK2NGQA2DMBQ763GQ/ref=cm_cr_getr_d_gw_btm?ie=UTF8", "rating": "3.0 out of 5 stars", "reviewTitle": "No web cam", "reviewDate": "March 5, 2020", "reviewText": "\"  Just realized it doesnt have a camera\"", "is_Helpful": ""}, {"reviewerName": "David", "reviewerUrl": "https://www.amazon.com/gp/profile/amzn1.account.AGTHSNEPUDFATCQRRCQJ3ZRB7NCQ/ref=cm_cr_getr_d_gw_btm?ie=UTF8", "rating": "5.0 out of 5 stars", "reviewTitle": "Pretty decent gaming laptop", "reviewDate": "March 3, 2020", "reviewText": "\"  Great MSI PC under $900 you cant beat it\"", "is_Helpful": ""}, {"reviewerName": "d.denzler", "reviewerUrl": "https://www.amazon.com/gp/profile/amzn1.account.AGOACFEA3NI26SUBWFH4SZUIBK5Q/ref=cm_cr_getr_d_gw_btm?ie=UTF8", "rating": "5.0 out of 5 stars", "reviewTitle": "Best laptop for the $", "reviewDate": "March 2, 2020", "reviewText": "  Great laptop. Very fast for the money", "is_Helpful": ""}, {"reviewerName": "Johnnys Tech Tips", "reviewerUrl": "https://www.amazon.com/gp/profile/amzn1.account.AFQGP4M3OYA6SOZK35ARFTND6FFA/ref=cm_cr_getr_d_gw_btm?ie=UTF8", "rating": "5.0 out of 5 stars", "reviewTitle": "Very good", "reviewDate": "March 1, 2020", "reviewText": "\"  Everything is good the only downside is that the battery life isnt too good\"", "is_Helpful": ""}, {"reviewerName": "\"Vincent OBrien\"", "reviewerUrl": "https://www.amazon.com/gp/profile/amzn1.account.AGI63MFRDCJ4QMIXUM3M4YUMGTEA/ref=cm_cr_getr_d_gw_btm?ie=UTF8", "rating": "5.0 out of 5 stars", "reviewTitle": "Amazing gaming laptop for the price.", "reviewDate": "February 28, 2020", "reviewText": "  Could not believe the price I got this for, and when it got here and I started installing games like Apex Legends on it I was shocked with how well it plays. I doubt you can do better for the money.", "is_Helpful": ""}, {"reviewerName": "meljen", "reviewerUrl": "https://www.amazon.com/gp/profile/amzn1.account.AGNANP6CDVFL72GPJG5ROMKQJAXA/ref=cm_cr_arp_d_gw_btm?ie=UTF8", "rating": "4.0 out of 5 stars", "reviewTitle": "Gorgeous graphics for the price", "reviewDate": "February 26, 2020", "reviewText": "  I normally play on a potato laptop for gaming, this is my first actual gaming laptop. So you can imagine the pleasure of being able to game with quality fps and graphics. I am mostly running Diablo 3 with ultra settings right now and it is gorgeous. Rich color, smooth frame rate., \"The only cons so far is the brushed metal casing, which shows fingerprints badly if you barely touch it (thats just a nitpick though), and it gets pretty hot along the top area above the keyboard and to the left. Puts out massive heat too. I have the fan settings on auto, I might boost them higher in the dragon app that comes with the laptop.\", \"Overall it is a GREAT laptop for the price. Looks nice, feels great, runs wonderfully, has a great built in program for managing the graphics and the fans. This is the 3rd MSI laptop weve purchased for ourselves (were using the other 2 as well) and were pretty much sold on this brand.\"", "is_Helpful": "2 people found this helpful"}, {"reviewerName": "Michael T.", "reviewerUrl": "https://www.amazon.com/gp/profile/amzn1.account.AHHXKHSFUYXF7IMNNLKV57UJZXLA/ref=cm_cr_getr_d_gw_btm?ie=UTF8", "rating": "4.0 out of 5 stars", "reviewTitle": "Fundamentaly a sound device", "reviewDate": "February 25, 2020", "reviewText": "  Great but has its flaws. Does lag in some games like x=plane 11. All you do is lessen the settings. Fundamentally a sound device, I think.", "is_Helpful": ""}, {"reviewerName": "Tim Hardin", "reviewerUrl": "https://www.amazon.com/gp/profile/amzn1.account.AF65GLOOUYG7LKAMJJXJ5K2IYT3A/ref=cm_cr_getr_d_gw_btm?ie=UTF8", "rating": "3.0 out of 5 stars", "reviewTitle": "Underwhelming and it has problems", "reviewDate": "February 25, 2020", "reviewText": "  Overall I like the speed of the laptop. There are two problems that are just annoying me to death. The first one is the sound distortion. I immediately upgraded to 40 gigs of RAM. Still when the laptop gets even remotely bogged down the sound starts becoming distorted. Also, it has trouble staying connected to wifi. It is constantly disconnecting and it is very inconvenient. It is a reasonably priced gaming computer, but you might want to try a different laptop and pay a little more to avoid these headaches.", "is_Helpful": "One person found this helpful"}, {"reviewerName": "Ross", "reviewerUrl": "https://www.amazon.com/gp/profile/amzn1.account.AHKULXYJIJLNWFIXDJRFHKX3EGPA/ref=cm_cr_getr_d_gw_btm?ie=UTF8", "rating": "5.0 out of 5 stars", "reviewTitle": "Gold deal.", "reviewDate": "February 23, 2020", "reviewText": "  Solid choice.", "is_Helpful": ""}, {"reviewerName": "Neoavatara", "reviewerUrl": "https://www.amazon.com/gp/profile/amzn1.account.AFMIM5VVPMUHYLTECM57WYGMDS4Q/ref=cm_cr_getr_d_gw_btm?ie=UTF8", "rating": "5.0 out of 5 stars", "reviewTitle": "Great cost effective laptop", "reviewDate": "February 22, 2020", "reviewText": "  Great laptop computer I bought for my son. He is able to do everything he needs to do, while also having great graphics and being able to play games if he needs to. I would recommend it.", "is_Helpful": ""}, {"reviewerName": "Kenneth", "reviewerUrl": "https://www.amazon.com/gp/profile/amzn1.account.AEOC2E4YQGFPTO2A32F6AHVHT3EQ/ref=cm_cr_getr_d_gw_btm?ie=UTF8", "rating": "5.0 out of 5 stars", "reviewTitle": "\"Amazing for its price!\"", "reviewDate": "February 22, 2020", "reviewText": "\"  Im a console player but getting this little guy is a nifty lil sucker if you wanna play modded games.\"", "is_Helpful": "One person found this helpful"}, {"reviewerName": "Curtis johnson", "reviewerUrl": "https://www.amazon.com/gp/profile/amzn1.account.AFNZHDDRLBLKIZSE6S6FUL6WSC3Q/ref=cm_cr_getr_d_gw_btm?ie=UTF8", "rating": "1.0 out of 5 stars", "reviewTitle": "PC overall performance", "reviewDate": "February 16, 2020", "reviewText": "\"  PC literally acts on the first week,  my speakers  start glitching out,my fps on league of legends isnt  over 120 it over heats super fast bater last for 1-2 hours max not plugged in just a terrible pc over all ,and now after 1 month of having it the pc randomly shuts of guy  dont buy this piece of garbage the only reason why I kept it is because it was a birthday gift , if your serious about gaming go somewhere else..... terrible pc already aroused... and also this pc hates discord and lags super bad .... msi more like trashsi\"", "is_Helpful": ""}, {"reviewerName": "leo", "reviewerUrl": "https://www.amazon.com/gp/profile/amzn1.account.AG6EJLBGP567JG4ZOGVSLLSSG6QQ/ref=cm_cr_getr_d_gw_btm?ie=UTF8", "rating": "5.0 out of 5 stars", "reviewTitle": "Love my purchase", "reviewDate": "February 13, 2020", "reviewText": "  Very good. I was surprised to came in good condition. I\u2019m always fearful on buy things like that online. It works great with no problems. I used it for A few months now \ud83e\udd14 I didn\u2019t do much but the battery stopped charging for some reason.", "is_Helpful": ""}, {"reviewerName": "aldreen", "reviewerUrl": "https://www.amazon.com/gp/profile/amzn1.account.AGM7NOZEYYO4F6NNVST7PFBYVS2Q/ref=cm_cr_getr_d_gw_btm?ie=UTF8", "rating": "5.0 out of 5 stars", "reviewTitle": "Bang for your buck", "reviewDate": "February 11, 2020", "reviewText": "  Slim, light and sleek laptop. Yet powerful to run games on 60 fps. \ud83d\ude0f\ud83d\ude0f\ud83d\ude0f", "is_Helpful": ""}, {"reviewerName": "Rickyg1974", "reviewerUrl": "https://www.amazon.com/gp/profile/amzn1.account.AEE4KRF3VR5RG662CN7B43PGH7PQ/ref=cm_cr_arp_d_gw_btm?ie=UTF8", "rating": "5.0 out of 5 stars", "reviewTitle": "Great Machine at a Great Price", "reviewDate": "February 7, 2020", "reviewText": "\"  I purchased a desktop 2 years ago and didnt realize Id be playing as many PC games as I currently am (have mostly been a console and mobile gamer in the past).  I wanted an inexpensive, yet powerful rig that could handle the graphics load I needed it to.  In addition, I didnt want anything too flashy, and something I could take into the office if required.  The GF63 perfectly checks all my boxes.  Having just purchased a desktop (and outfitted it with all the bells and whistles) just 2 years ago, I didnt want to spend a lot on a new machine.  Once I settled on the GF63 I shopped around and Amazon had the best price for the configuration (i.e. most memory, SSD capacity size, etc.).  I especially loved the stylish, yet tone downed aesthetic of the machine.  Even with the keyboard LEDs off, the MSI dragon logo on the lid says theres something a little different that sets this laptop apart from your standard office machine.\", \"Speaking of the keyboard, a lot of reviews I read mentioned that is was mushy or too soft to type on.  Ive found nothing of the sort.  The keys offer good feedback and have nice travel distance (though it maybe a little short for some), and I found the typing experience to be pretty good.  In addition, the screen is crisp and bright, and it handles colors and animations perfectly.  The SSD handles boot up in under 10 seconds, and has plenty of room considering we save most things to one cloud or another these days.\", \"My one and only complaint about this machine is the memory.  At 8 GB the machine should be faster than it is.  Simple everyday tasks like saving a WORD file can take way longer than expected.  If you decide to buy this laptop make sure theres enough room in your budget to purchase a memory upgrade (Im in the process of maxing mine up to 32 GB -- an extra $100 expense -- but even adding an additional 8 GB chip to increase overall memory to 16 GB should make a world of difference).  I should also note that I keep my laptop plugged in so cant really speak to battery life.\", \"Ill end on another good note:  bloat-ware.  There was practically none to uninstall (just the usual Norton programs, Microsoft Office trial version, and a redundant media program).  There are a couple of MSI proprietary programs that are borderline, but Ive chosen to just ignore them for now.  All-in-all this is a great machine that I highly recommend if youre in the market for new gaming rig.\"", "is_Helpful": "3 people found this helpful"}, {"reviewerName": "T. P.", "reviewerUrl": "https://www.amazon.com/gp/profile/amzn1.account.AHL37QVT5IPJ3IBROPBWAZ37NFCA/ref=cm_cr_getr_d_gw_btm?ie=UTF8", "rating": "5.0 out of 5 stars", "reviewTitle": "Great buy!", "reviewDate": "February 3, 2020", "reviewText": "  Love this laptop! Great graphics capabilities, expandable memory, and awesome suite of applications from msi. Highly recommended.", "is_Helpful": ""}, {"reviewerName": "FunFatFemale =", "reviewerUrl": "https://www.amazon.com/gp/profile/amzn1.account.AHWJTGNADOJ5E7RCGDL4NL6AWHDQ/ref=cm_cr_arp_d_gw_btm?ie=UTF8", "rating": "4.0 out of 5 stars", "reviewTitle": "Short period gaming laptop", "reviewDate": "January 30, 2020", "reviewText": "  Definitely a great laptop for the price I found it at. Will work great for our short gaming and streaming times. Noticed that the laptop gets decently hot to the touch while in use, so we had to get a laptop cooling system to go underneath. Luckily found a 6 fan MSI brand cooling stand for only 25usd and now things are moderate temperatures. Would Not Recommend for Long periods of gaming. Will definitely get too hot.", "is_Helpful": "2 people found this helpful"}, {"reviewerName": "david felipe", "reviewerUrl": "https://www.amazon.com/gp/profile/amzn1.account.AGAPR3V4LEOTCG4KCOOYNNFF6ZFQ/ref=cm_cr_getr_d_gw_btm?ie=UTF8", "rating": "4.0 out of 5 stars", "reviewTitle": "Good buy", "reviewDate": "January 29, 2020", "reviewText": "  the only really bad thing is that gets super hot and u have to constantly use the fan on boost mode", "is_Helpful": "One person found this helpful"}, {"reviewerName": "Amazon Customer", "reviewerUrl": "https://www.amazon.com/gp/profile/amzn1.account.AG6JMV6PP5KXLC7MOEC34FCSYFTA/ref=cm_cr_getr_d_gw_btm?ie=UTF8", "rating": "5.0 out of 5 stars", "reviewTitle": "Great laptop", "reviewDate": "January 29, 2020", "reviewText": "  Arrived without any issues. Ready to use right out of the box with only two minutes of set up. Performs as expected, and is able to handle low to mid level games. The only problem is its short battery life.", "is_Helpful": "One person found this helpful"}, {"reviewerName": "R.Caldwell", "reviewerUrl": "https://www.amazon.com/gp/profile/amzn1.account.AHICJFQR6CWEPAQRPKQR435QVXUQ/ref=cm_cr_getr_d_gw_btm?ie=UTF8", "rating": "1.0 out of 5 stars", "reviewTitle": "Camera???? Really none....", "reviewDate": "January 28, 2020", "reviewText": "  There is no camera on this laptop settings device management everything it does not show a camera is installed.....you\u2019d think paying 700 for a laptop it would have a dang camera installed nope it does not. I would give zero stars", "is_Helpful": "One person found this helpful"}, {"reviewerName": "Frank", "reviewerUrl": "https://www.amazon.com/gp/profile/amzn1.account.AFTI3PLN572G3PJJNYHETSMDIRGQ/ref=cm_cr_getr_d_gw_btm?ie=UTF8", "rating": "5.0 out of 5 stars", "reviewTitle": "a Very good budget gaming laptop", "reviewDate": "January 27, 2020", "reviewText": "  This is a very good laptop and it worths the money. I bought the I5-9300H, GTX1650 version\uff0c512GB version. this laptop fits into my backpack . Currently I installed Battlefield 4, Arma 3, Insurgency 2 and The Division 2. It can run division 2 in 60 fps in medium video setting. For BF4, It can run about 60 - 90 FPS in Ultra video setting. highly recommand", "is_Helpful": ""}, {"reviewerName": "MsDC16", "reviewerUrl": "https://www.amazon.com/gp/profile/amzn1.account.AF4YGRH55TB4ASKFTKFPKNMBX2WQ/ref=cm_cr_getr_d_gw_btm?ie=UTF8", "rating": "5.0 out of 5 stars", "reviewTitle": "Fast little beast!", "reviewDate": "January 25, 2020", "reviewText": "  This device takes a lot of what you throw at it. After removing some bloatware, configuring some privacy settings... it runs like a dream. It is incredibly fast and perfect for my needs. I wanted something for programming, work, education, media, and light gaming. So far so good. The screen looks beautiful. The keyboard is pretty good. Laptop itself is incredibly light and thin., No problems with it so far. I recommend!", "is_Helpful": "One person found this helpful"}, {"reviewerName": "Heinz", "reviewerUrl": "https://www.amazon.com/gp/profile/amzn1.account.AFHZSX5PR6D24Y763OSOSB3XFGNA/ref=cm_cr_getr_d_gw_btm?ie=UTF8", "rating": "5.0 out of 5 stars", "reviewTitle": "Light Laptop for gaming", "reviewDate": "January 24, 2020", "reviewText": "  I searsched 3 day gaming laptop this one better for price ., okay price dropped now 10% but anyway this best one in market for this price", "is_Helpful": ""}, {"reviewerName": "Tek", "reviewerUrl": "https://www.amazon.com/gp/profile/amzn1.account.AHXMSPZ4JJMOIEDCJMN5HRXLAYNA/ref=cm_cr_getr_d_gw_btm?ie=UTF8", "rating": "4.0 out of 5 stars", "reviewTitle": "Generally", "reviewDate": "January 20, 2020", "reviewText": "  It is perfect and like it", "is_Helpful": ""}, {"reviewerName": "Howard", "reviewerUrl": "https://www.amazon.com/gp/profile/amzn1.account.AGLEBVJMMPUQB3QONESCUJ3AMOPQ/ref=cm_cr_getr_d_gw_btm?ie=UTF8", "rating": "5.0 out of 5 stars", "reviewTitle": "Great laptop!", "reviewDate": "January 16, 2020", "reviewText": "\"  Got it for my wife as a gift, she loves it, I wanted one that would keep up with her, even if she doesnt game she needed one that can keep up with her.\"", "is_Helpful": ""}, {"reviewerName": "Heriberto", "reviewerUrl": "https://www.amazon.com/gp/profile/amzn1.account.AG4UICKMXPZPOWHPVGZON3WNLVTA/ref=cm_cr_getr_d_gw_btm?ie=UTF8", "rating": "4.0 out of 5 stars", "reviewTitle": "Poor battery life", "reviewDate": "January 14, 2020", "reviewText": "  Expect something better for the price but it is what it is, 40 minutes of battery while gaming before it dies, runs almost everything on medium and some in high", "is_Helpful": "One person found this helpful"}, {"reviewerName": "Grant Moore", "reviewerUrl": "https://www.amazon.com/gp/profile/amzn1.account.AEEVA3JJ77D52HULSSA4BNK2EL3Q/ref=cm_cr_getr_d_gw_btm?ie=UTF8", "rating": "5.0 out of 5 stars", "reviewTitle": "Great Laptop", "reviewDate": "January 14, 2020", "reviewText": "  Great laptop for the price. Very satisfied with it. Can play a variety of modern games on the go with ease.", "is_Helpful": "One person found this helpful"}, {"reviewerName": "Arnold", "reviewerUrl": "https://www.amazon.com/gp/profile/amzn1.account.AFLAWRRUVRHZQ6XRWPPD5ZSTJQRQ/ref=cm_cr_getr_d_gw_btm?ie=UTF8", "rating": "5.0 out of 5 stars", "reviewTitle": "1650 better 1050 ti", "reviewDate": "January 12, 2020", "reviewText": "  Hi im loking for cheap gaming laptop but with good benchmark after 3 day hard search i find this one, its 9300h 2019 processor benchamrk like 8750h but cold 8gb not good but possilbe easy upgrade install later, 1650 better 1050ti this one very old gpu not good in 2020 512nvme its really fast after 2 day test i can give 5 start this laptop", "is_Helpful": ""}, {"reviewerName": "Alex", "reviewerUrl": "https://www.amazon.com/gp/profile/amzn1.account.AE5A3775G6ZJBMJUJPNU4WNY545Q/ref=cm_cr_arp_d_gw_btm?ie=UTF8", "rating": "1.0 out of 5 stars", "reviewTitle": "Screen came cracked", "reviewDate": "October 21, 2019", "reviewText": "  It is probably a good laptop for light gaming but when I turned mine on to set it up I noticed the screen is cracked. Returning to Amazon.", "is_Helpful": "31 people found this helpful"}, {"reviewerName": "Rak Kim", "reviewerUrl": "https://www.amazon.com/gp/profile/amzn1.account.AGHNDVLVEQIAJKNIGQ4LDLR75HWQ/ref=cm_cr_arp_d_gw_btm?ie=UTF8", "rating": "2.0 out of 5 stars", "reviewTitle": "screen resolution is not as good", "reviewDate": "October 17, 2019", "reviewText": "  First msi laptop., \"Its got good graphic cards but screen resolution does not live up to its spec.  HD video are not all that HD.  It feels like an old lcd tv screen.  I should have gotten high refresh rate equipped screen laptops or another brand.  7hr battery statement is misleading too.  It will last 7 hrs if you dont do anything and leave the computer on without running any program.  good marketing strategy. Theres no point of returning this now since Im not playing for that restocking fee.  stick to dell if you can.\"", "is_Helpful": "36 people found this helpful"}, {"reviewerName": "Lothar", "reviewerUrl": "https://www.amazon.com/gp/profile/amzn1.account.AE3CLBIYQIW5BHOVBQHJZRU2ETSQ/ref=cm_cr_arp_d_gw_btm?ie=UTF8", "rating": "5.0 out of 5 stars", "reviewTitle": "Looking buy gaming Laptop 2019? you dont have mony money? This one For you", "reviewDate": "September 23, 2019", "reviewText": "  9300h 2019 Processor, Gtx 1650 2019 GPU, 512 Gb NVME SSD, all this just $850? do you know any one alterinative for this price?, i very very happy purchase latest game laptop for cheap price", "is_Helpful": "93 people found this helpful"}], "qAndA": [{"question": "My GF63 crash with windows 10 1909 feature update. Any idea why?", "answer": "Mine didn't blue screen crash but it did freeze up during 1909 update. Running task manager showed ram at 33% (16gb ram). All other resources were within normal limits. After all updates, I updated drivers and ran system file checker in CMD as admiin (sfc/ scannow then ran Dism /Onine /Clenup-image /RestoreHeath). Af\u2026 see more"}, {"question": "When you turn off the backlit keyboard, can you still tell it's red? I do not like the red", "answer": "Yes, the letters are red even without light."}, {"question": "is a 4core or a 6core?", "answer": "Answer not available"}, {"question": "When i buy it from amazon what type of warrante i got. it is from msi or i have to pay for amazon protection plan?", "answer": "The warranty is through the manufacturer. You'll register your laptop when you get it."}, {"question": "what brand is the memory", "answer": "ram is Samsung 8gb 2666mhz"}, {"question": "Can you upgrade the storage?", "answer": "Yes, it is possible to upgrade the storage."}, {"question": "Will it take a phone company sim card,so i can use my mobile data on it?", "answer": "No, it does not support SIM cards."}, {"question": "can this lapto run games such ghost recon wildlands?", "answer": "YES"}, {"question": "Could i use this laptop for school as well as gaming?", "answer": "Yes. I use mine for gaming mostly but it should work well for school alsom"}, {"question": "Why do msi gf63 intel core i5-9300h, nvidia gtx 1650, 8gb, 512gb nvme ssd, win10 (799usd) cheaper than the 256 gb ssd model (899usd)", "answer": "Must be a pricing error... I'd jump on that. I paid $799 USD for the 256gb model."}, {"question": "Does it came with a 220 V charger?", "answer": "Issa 240 V"}, {"question": "can I add a dvd/cd drive?", "answer": "You can add an external cd/dvd drive, but there is not any internal space or drive bay that will allow for an internal installation."}, {"question": "Can it run red dead redemption 2 tho?", "answer": "Answer not available"}, {"question": "What is the Refresh rate", "answer": "60hz"}, {"question": "Does this computer support VR for the Oculus rift 2?", "answer": "No"}, {"question": "Does this have an SD card slot?", "answer": "No, it has not."}, {"question": "Does the msi logo has light on it?", "answer": "No. Only keyboard"}, {"question": "Why won't this laptop use pre-installed nvida graphic card, it only relys on intel gpu. What's the point of having high end graphic card then?", "answer": "Answer not available"}, {"question": "La pantalla es 720p o 1080p, y cuanta duraci\u00f3n de bater\u00eda tiene?", "answer": "la compre para jugar al wow y corre perfecto"}, {"question": "What\u2019s better for gaming the 1050ti or 1650?", "answer": "I don't know what the other answer is going on about; higher resolution doesn't cause lag, provided your system is adequate for higher resolutions. To answer your question, the 1650 is the more powerful gpu and is more than enough to handle the 1080p resolution of this laptop."}, {"question": "When i buy it from amazon what type of warrante i got. it is from msi or i have to pay for amazon protection plan?", "answer": "Answer not available"}, {"question": "I want to upgrade to 16gb of ram, what ram do i need to buy that is compatible with the current factory 8gb?", "answer": "You would need 16GB SODIMM DDR4 260pin 2666Mhz notebook memory"}, {"question": "Screen is 1920x1080 or 1366x768?", "answer": "Answer not available"}, {"question": "Can you upgrade the 512gb sdd for one with 1tb? and can you a separate HDD?", "answer": "I upgraded mine with an m.2 ssd and i think they only have one slot of m.2 and u cant add an HDD"}, {"question": "I want to add another 8 gigabytes of memory = 16 gigabytes possible? Can you add? If I do it myself, will it not violate the warranty?", "answer": "Yes, the laptop has dual-channel memory...i.e. 2 memory slots, one of which is already occupied by an 8 GB chip. I'd actually highly recommend, at the very least, buying another 8 GB chip to bring the total RAM to 16 GB (I believe it maxes out at 64 GB -- two 32 GB chips). Please note that servicing this model is NO\u2026 see more"}, {"question": "How is the long term reliability? Did any of the drives fail? Or hinges begin to break?", "answer": "No everything came as it was fresh from a store. No problems at all. I was surprised. Reliability mean warranty or the product it self? If the product well a very long time meaning years. If warranty then read description. It should say. You need to sign up."}, {"question": "Does this have a web cam?", "answer": "Yes, and a built-in mic and speakers. They work well but I\u2019d recommend a headset w/mic if you don\u2019t want the built-in mic to pick up everything going on around you."}, {"question": "My laptop doesn\u2019t work. When I plug it in and turn it on, the keyboard lights up but not the screen. Helppppppppp", "answer": "do a hard reboot hold the power button for 30 seconds it may work"}, {"question": "Does it come with 512 oe 256 gb ssd? because i see one thing on the title and another thing in the options. is the 512 one $742?", "answer": "Core i5 comes with 512.\nCore i7 comes with 256 or 512."}, {"question": "how can i have this laptop in azerty ?", "answer": "Answer not available"}, {"question": "Does the laptop come with a hard drive bracket for installing an extra sata hdd? And will it fit with any 2.5 sata hdd?", "answer": "Answer not available"}, {"question": "How many hrtz?", "answer": "60hz display"}, {"question": "Does it have backlit keyboard?", "answer": "It\u2019s backlit with MSI red and you aren\u2019t able to change it."}, {"question": "Does this computer support VR", "answer": "Yes the computer does support VR despite what other answers say."}, {"question": "Does it display to vga monitors? i have attached a vga monitor through hdmi port and is not displaying anything.", "answer": "Answer not available"}, {"question": "What is the actual weight of only this computer ? because i saw the weight written on the product information is 7.55pounds.", "answer": "It is 4.10lbs according to MSI website for the weight of actual unit"}, {"question": "Will it run the isles good?", "answer": "I\u2019m going to assume you\u2019re talking about \u201cThe Isle\u201d on Steam. I haven\u2019t actually tested it but based on the Steam system requirements listed for that game I would say it can run the game but might struggle a bit. This laptop is more than the minimum requirements but it looks like it doesn\u2019t quite meet the recommended r\u2026 see more"}, {"question": "Is that model gf63 thin 9sc-614 have dual fans and something like cool boost", "answer": "Cool boost it does have, But I don't think it has two fans, or at least that is what the built in monitor tells me. (as in it only tells me that there is one fan and what its RPM is.)"}, {"question": "Is this a good gaming laptop for the Sims 4? I\u2019d like something where I can play and actually have a good image.", "answer": "Yes, definitely! The dedicated graphics card, rather than an integrated, makes this laptop awesome for gaming! Also, Sims 5 is coming out and the trailer looks awesome lol!"}, {"question": "How much RAM can the laptop hold", "answer": "As far as I can tell it can hold up to 64GB of RAM if using 2x32GB sticks. It comes with 1x8GB stick of RAM installed and has an extra slot. 16-32GB is plenty though and most people will opt for 2x8GB sticks (only have to buy 1x8GB since it already comes with one) or 2x16GB sticks because 32GB sticks are very expensive\u2026 see more"}, {"question": "Does it come with a protection plan, or do I have to order that separately?", "answer": "This laptop does NOT come with a protection plan. You would have to purchase that separately."}, {"question": "Will it run well with apex legends?", "answer": "Yes"}, {"question": "Can this run stellaris decently without lag?", "answer": "This computer is far above the Steam recommended system requirements for Stellaris so I would expect it to run Stellaris very well but I have not tried it myself."}, {"question": "Can i remove 512 gb and i add 2000gb ?", "answer": "You can indeed upgrade this Laptop for better storage."}, {"question": "Did charger have a little pin inside? Mine doesnt have and it stopped working", "answer": "If you are looking at the part that plugs into the computer then NO there is no pin."}, {"question": "Did charger have a little pin inside? I think I broke it and it stopped giving charge", "answer": "No pin in mine"}, {"question": "Panel response time?", "answer": "Not really sure how to answer this but in Windows 10 60hrz. In linux mint 19.3 120hrz. Not sure why its locked to 60hrz in Windows."}, {"question": "How much ram 16-32gb?", "answer": "We purchased with 8 ram and added additional 8"}, {"question": "When i get the laptop, do i have to download special programs to run games ?", "answer": "No"}, {"question": "What charger does this use?", "answer": "It comes with a charger."}, {"question": "is there any snap on protective cases that fit this computer?", "answer": "16.5 case"}, {"question": "Does this have RGB keyboard ?", "answer": "No, this laptop is solid red backlighting"}, {"question": "Which hdmi port is this? 1.4 or 2.0?", "answer": "2.0"}, {"question": "Does it have a gigabit Ethernet card and AC wireless card?", "answer": "yes"}, {"question": "Does this have a usb type c port? if yes, can it do video output or only data transfer?", "answer": "This does have a usb-c port on it I believe, it is also sports an hdmi port on the back, as well as 3 usb 3.0"}, {"question": "How many RAM slots are in this laptop?", "answer": "2"}, {"question": "What is the Ram speed?", "answer": "8gb"}, {"question": "El disco duro es de 256 gb \u00f3 512 gb? En la info del producto menciona que son 256gb?", "answer": "Depende de la opci\u00f3n de compra que eliges yo eleg\u00ed la de 512 y esa me llego"}, {"question": "Camera not working?? Why?", "answer": "Check the settings. My camera works just fine."}, {"question": "What Speed is the Ram? (in Mhz, example 1600, 1333 etc)", "answer": "1333, confirmed with cpu-z"}, {"question": "How much vram does the 1660 have?", "answer": "Answer not available"}, {"question": "Will this run the game snowrunner?", "answer": "Answer not available"}, {"question": "Can the keys be removed if something spills on them and they get sticky?", "answer": "Answer not available"}, {"question": "Is this a dual channel ram setup?", "answer": "this is single channel ram setup confirmed by cpu-z"}, {"question": "Soy de mexico, va a ser el monto total el mesionado o se agregaran gastos de envio?", "answer": "El costo total es el que suma al final al pagar en Amazon"}, {"question": "Can this run oregon trail? i\u2019m worried it doesn\u2019t have enough ram", "answer": "You can upgrade RAM to 16GB or more."}, {"question": "Whats the dfreent about gtx1650vs gtx 1650 max q", "answer": "Answer not available"}, {"question": "Can anyone speak to the performance of Tarkov on this lappy?", "answer": "I dont think vodka goes well while using this lappy"}, {"question": "Does it only come in red or can you change it", "answer": "Mine is black with red lit up keyboard. I am not sure if it changes. I hadnt ever looked into it. I doubt it though."}, {"question": "699$ its max q edition or standard 1650 ?", "answer": "standard but you can overclock"}, {"question": "Can someone confirm the presence of an 2.5 sata hdd slot? i'd like to add an hdd beside the ssd.", "answer": "it does, but you do have to dismantle the laptop to install it."}, {"question": "For model 9SC-614, what's the 512gb nvme ssd speed? (read/write)", "answer": "Answer not available"}, {"question": "Is the screen 120 hz?", "answer": "no it is 60Hz. You could also see in its description: Display: 15. 6 inches FHD (1920 x 1080), IPS-Level, 60Hz, 45 percent NTSC, Thin Bezel"}, {"question": "What are the lengths of the vents?", "answer": "The two fan vents are 6.5 centimeters each. It has other vents at the bottom, where you can see part of cooling system"}, {"question": "Does this come with a web cam and if not, can one be added?", "answer": "has a built in web cam (use fn+F6 to toggle.)"}, {"question": "Does this laptop hold 32 gb of ram or 64 gigabytes of ram", "answer": "64"}, {"question": "Will it work in europe ?", "answer": "If the same law of physics apply to Europe as it does for the rest of the world, then yes."}, {"question": "is this compatible with a PS4 or Xbox controller?", "answer": "Yes, it is possible when using compatible software."}, {"question": "Is the gpu in this model the standard gtx 1650 or the less poweful max-q variant?", "answer": "It's the standard GTX 1650"}, {"question": "can i add extra hdd beside the ssd", "answer": "Yes! You can put a hdd 2.5"}, {"question": "Can you turn off keyboard led?", "answer": "Yes, you can control the intensity of the keyboard's LED to the point of turning it completely off."}, {"question": "\u00bfViene con teclado num\u00e9rico?, es que las fotos en la descripci\u00f3n confunden", "answer": "No recuerdo la compre para regalo"}, {"question": "Is this ships to indonesia?", "answer": "Don't now"}, {"question": "Changing the ssd to a bigger one, but keeping the same os (cloning it using, say, acronis), will it void warranty?", "answer": "Answer not available"}, {"question": "Can this laptop be charged with usb-c ?", "answer": "No"}, {"question": "Can i contact the seller directly?", "answer": "I didnt need that beacuse I knew exactly what the hardware I need for gaming"}, {"question": "Can you add an addtional Sata hard drive to this?", "answer": "I just upgraded the RAM in mine, it appeared to have an additional slot for another hard drive."}, {"question": "How long does the Warenty last in europe and how does claiming it work?", "answer": "Answer not available"}, {"question": "Can you play gta v with mods?", "answer": "Ive played minecraft rlcraft (like 125 mods) and it runs but gets really hot ( it happens always no matter the game, but with performance mode it gets relatively cool)"}, {"question": "Will it run Half life on at least minimum spec's?", "answer": "Answer not available"}, {"question": "If i buy it from france, will the keyboard be a qwerty or an azerty one ?", "answer": "Answer not available"}, {"question": "Cuanto de memoria interna tiene?", "answer": "512 Gigas aunque el que me llego solo tra\u00eda 485 gigas . es buen equipo. recomendado"}, {"question": "I bought it in march, the battery runs for 2 hours only. Is this normal? I thought it would have a 4 hour battery life at least.", "answer": "That does not seem right but it depends on how the laptop is used. I wouldn't expect it to last 4+ hours while gaming or where the processor and fan are running full speed the whole time I would call MSI and submit a service request or warranty claim."}, {"question": "Can you add an addtional Sata hard drive to this?", "answer": "Yes, there is a space for a 2.5\" drive."}, {"question": "Will this run bf5?", "answer": "Yes lol ... That's easy to run."}, {"question": "Do any of you have experience playing Guild Wars 2? I'm wanting to play on max settings.", "answer": "Based on what I\u2019m able to look up about GW2 system requirements (this was just a quick scan of Google search so don\u2019t take this answer as 100% truth), it is an extremely poorly optimized game and even the best desktop custom PC can struggle to run max settings with reliable FPS. This laptop is probably above the minimu\u2026 see more"}, {"question": "Could it be shipped combined with a latin and Cyrillic font keyboard destribution?", "answer": "Unit has built in US English keyboard only. Under windows set up, you can select different regions."}, {"question": "Is the configuration Gtx 1650, or is it the 1650 MaxQ?", "answer": "Gtx 1650"}, {"question": "hi i am living in italy and want to buy this do you have any idea how much custom tax i need to pay for this pc?", "answer": "Answer not available"}], "time": ["09/04/2021 16:23:24"], "reviewsCountInfo": {"expRevCount": 62, "actRevCount": 62, "nonEnglishRevCount": 30}, "scrapperInfo": {"Version": "1.3.2", "Released Date": "08/04/2021"}, "productURL": "https://www.amazon.com/gp/product/B07TR7WRK9", "ASIN": "B07TR7WRK9", "title": "MSI GF63 Thin 9SC-614 15.6\" Gaming Laptop, Intel Core i5-9300H, NVIDIA GTX 1650, 8GB, 512GB NVMe SSD, Win10", "manufacturer": " MSI Store", "currentPrice": "$1,060.00", "rating": "4.5", "totalRatings": "319 "}