{"features": ["The powerful AMD Ryzen 7 3750H Quad-Core (2. 3GHz base frequency, up to 4. 0GHz burst frequency) APU is quick and versatile, with quad cores and eight threads capable of cutting through day-to-day work.", "17. 3\" IPS-Level Full HD Widescreen LED Display (1920 x 1080) Display boasts impressive color and clarity. NVIDIA GeForce GTX 1650 Graphics backed by 4GB GDDR5 dedicated video memory for an ultrafast, advanced GPU to fuel your games.", "8GB DDR4 2400MHz Memory for full-power multitasking; 512GB M. 2 NVMe PCIe SSD for faster performance and better reliability; Pci-e SSDs are great for major gaming applications, multiple servers, daily backups, and more.", "802. 11 Wireless-AC + Bluetooth 4. 2, 1 x USB 3. 1, 1 x USB 2. 0, 1 x HDMI 2. 0", "Windows 10 Home 64-bit; RGB backlit keyboard allows you to enjoy comfortable and accurate typing, even in dim lighting."], "reviewsAspects": ["battery life", "gaming laptop", "stopped working", "cooling pad", "brand new", "worth the money", "bought this computer", "works great", "laptop for the price", "good laptop", "received the laptop", "great laptop"], "productInformation": [{"\nASIN\n": "\nB07V5FPM21\n", "Customer Reviews": "\n\n\n\n\n\n\n4.5 out of 5 stars\n\n\n\n\n\n\n\n\n292 ratings\n\n\n\n\n\n\n4.5 out of 5 stars\n", "\nBest Sellers Rank\n": "\n\n#31,776 in Computers & Accessories (See Top 100 in Computers & Accessories)\n\n#5,075 in Traditional Laptop Computers\n\n\n", "\nDate First Available\n": "\nJuly 10, 2019\n"}], "productDescription": "Product description\n2019 ASUS TUF 17. 3\" FHD Gaming Laptop Computer, AMD Ryzen 7 3750H Quad-Core up to 4. 0GHz, 8GB DDR4 RAM, 512GB PCIE SSD, GeForce GTX 1650 4GB, 802. 11ac WiFi, Bluetooth 4. 2, HDMI, Windows 10", "reviews": [{"reviewerName": "Christian", "reviewerUrl": "https://www.amazon.com/gp/profile/amzn1.account.AGO3HMCSFSAWELYOAHNCPNA3UB2Q/ref=cm_cr_getr_d_gw_btm?ie=UTF8", "rating": "4.0 out of 5 stars", "reviewTitle": "Great laptop so far, yet battery life if not accurate.", "reviewDate": "March 25, 2021", "reviewText": "  Been using this for college work, regular googling, and a little gaming here and there.  The keyboard is nice and I love the look of rgb lights shining underneath.  Visuals look good when watching videos or playing a game.  My actual only issue with the laptop is the lack of battery life it has.  The laptop is listed for up to 5 hours, yet when i checked the hours it has left it always has a max time of 2 hours which is really poor.  I could just have a faulty power supply or may not but 2 hours of battery life is really hard to deal with incase you want to use the laptop on the go.  Other than battery life the laptop still looks great and works great as well.", "is_Helpful": ""}, {"reviewerName": "MDL", "reviewerUrl": "https://www.amazon.com/gp/profile/amzn1.account.AETQ7B7N5SR6P63NOUG6L253AVZQ/ref=cm_cr_getr_d_gw_btm?ie=UTF8", "rating": "1.0 out of 5 stars", "reviewTitle": "Cheap", "reviewDate": "February 23, 2021", "reviewText": "  Less than a week after purchase the keyboard backlights stopped working.  Spent hours trying to find a fix.  8 months in the keyboard itself has stopped working.  This is a meh laptop.  If I could do it all over again, I would spend more money on a quality laptop.", "is_Helpful": "One person found this helpful"}, {"reviewerName": "Amazon Customer", "reviewerUrl": "https://www.amazon.com/gp/profile/amzn1.account.AFEYPUS3SCTXSA75Z53SCQBKFNLA/ref=cm_cr_getr_d_gw_btm?ie=UTF8", "rating": "5.0 out of 5 stars", "reviewTitle": "Had this6 Months so far.. LOVE IT", "reviewDate": "February 3, 2021", "reviewText": "  Its a great computer.. Its for gaming I think but I run my business off of it as I do some photoshop and wanted more performance..., I like it!", "is_Helpful": ""}, {"reviewerName": "Jessie Nilan", "reviewerUrl": "https://www.amazon.com/gp/profile/amzn1.account.AHGLQYNMR6XJQJM4IFEMV7IWVHAQ/ref=cm_cr_getr_d_gw_btm?ie=UTF8", "rating": "5.0 out of 5 stars", "reviewTitle": "Great for Price!!", "reviewDate": "January 20, 2021", "reviewText": "\"  My fianc\u00e9e and I both desperately needed our laptops replaced, so I bought us each one of these back in 2020. We LOVE these laptops! Theyre speedy and very lightweight, able to run games and our art programs very well! The only issue I have with them is they sometimes freeze (not sure why,) but restarting the laptop only takes a few seconds when you hold down the power button. Other than that, these laptops have been perfect for our needs.\"", "is_Helpful": ""}, {"reviewerName": "John Nelson", "reviewerUrl": "https://www.amazon.com/gp/profile/amzn1.account.AHOSJTW3QFDLZR6DQXEDHR7Q332A/ref=cm_cr_getr_d_gw_btm?ie=UTF8", "rating": "1.0 out of 5 stars", "reviewTitle": "WARNING!!!", "reviewDate": "December 14, 2020", "reviewText": "  WARNING!!!Purchased this laptop from Best Tech dealer! Laptop screen stopped working dealer will only give half of refund back. YOU HAVE BEEN WARNED.", "is_Helpful": ""}, {"reviewerName": "Kassie S.", "reviewerUrl": "https://www.amazon.com/gp/profile/amzn1.account.AHDWTVKZCJTJH4YU6KYCZEKFTFYA/ref=cm_cr_getr_d_gw_btm?ie=UTF8", "rating": "5.0 out of 5 stars", "reviewTitle": "Great for light-medium gaming - better than other top gaming laptop brands by far!", "reviewDate": "November 5, 2020", "reviewText": "  Really a big fan of this laptop, and 200% confidence would get another ASUS Tuf Gaming laptop again. I bought this after using an Alienware 17 for several years. The Alienware was super bulky and heavy - built like a tank - and had cooling issues. In fact, the wiring actually melted inside and fried the hard drive, even though I used a cooling pad (which is a common issue with those per reviews)., But THIS laptop I\\ve had now for over 6 months and it runs amazing. I recently upgraded RAM, which I highly recommend if you\\re going to be gaming - 16 or more. Also love that it has an open 2.5\" SSD slot - adding a 500gb SSD SATA III today in the open slot. 500GB is great if you\\re only playing one game or lightweight games, but anything hefty will eat up a lot of the space. For example, CoD Cold War needs 250gb, but I play 4-5 games so altogether they\\re more than the out-of-box SSD can handle for storage. Upgrading RAM + SSD was about 120 after tax and easy to upgrade! Playing WoW, I can run on max graphics even in 40-man BGs with 60FPS. I plan on using this for years and am very impressed with how lightweight this is and how well this runs. **Great value** for a gaming laptop.", "is_Helpful": "One person found this helpful"}, {"reviewerName": "Chris Thiele", "reviewerUrl": "https://www.amazon.com/gp/profile/amzn1.account.AHY5O2RAK4PNE3NBOGCS6VY7X4DQ/ref=cm_cr_getr_d_gw_btm?ie=UTF8", "rating": "1.0 out of 5 stars", "reviewTitle": "Garbage", "reviewDate": "November 2, 2020", "reviewText": "  Garbage, bought it in March and crapped out in October. Left. Mouse doesn\u2019t work anymore and the sound went out, literally hasn\u2019t left my desk. Last asus product I buy", "is_Helpful": "2 people found this helpful"}, {"reviewerName": "Blake D.", "reviewerUrl": "https://www.amazon.com/gp/profile/amzn1.account.AH4D2BNEKZ732IJD6KNES3SBUC5Q/ref=cm_cr_getr_d_gw_btm?ie=UTF8", "rating": "1.0 out of 5 stars", "reviewTitle": "Great seller, terrible manufacturer", "reviewDate": "September 20, 2020", "reviewText": "\"  This is not a review based on the seller but based on Asus. I bought this computer primarily as a back up that I could use for 3d CAD programs such as SolidWorks. Computer ran great for a few months then stopped loading the system software. First appearance was that it was a BIOS issue but it wasnt. At this point it had only been used between 10-20 hours and it was set aside and nearly forgotten about.\", \"Final verdict was it had to go back to Asus. While there I was treated with a disregard Ive only found in people who can not communicate in English. After they had the computer several weeks they contacted me stating the repair would cost nearly $500. That was argued and they did the repair for free, replacing the motherboard and the hard drive as they were both faulty. That repair took another almost 6 weeks.\", Received the computer back and needed to reformat the thing because Asus left their own profiles and admin lockout on the system. When they were contacted again they stated that they received the laptop with scratches all over the top, bottom, and screen. That was a pure lie, I can take photos of it now and prove that there are no scratches anywhere in the computer., Also when it was shipped back from Asus they packages it in such a half a$$ed manner that I was amazed it wasn\\t destroyed. They stated to ship to them with 2 inches of padding/packing in all sides. What they shipped back was maybe \u00bd\" of foam, less than adequate., \"I wish Id paid more attention because if Id dealt with it immediately I could have returned to the seller for a refund. Instead Im stuck with a computer I dont trust to last that supposedly now is out of warranty. This was my second Asus laptop and it will be the last Asus product I ever purchase.\"", "is_Helpful": "2 people found this helpful"}, {"reviewerName": "GEODUDE", "reviewerUrl": "https://www.amazon.com/gp/profile/amzn1.account.AGQUAQZECSLGXX3HSSNBZRBY2JYQ/ref=cm_cr_getr_d_gw_btm?ie=UTF8", "rating": "1.0 out of 5 stars", "reviewTitle": "Was great for about 2 months.", "reviewDate": "August 14, 2020", "reviewText": "\"  Was great , heavy and large, worked well for gaming and work. 2 months in just stopped turning on. No idea why , opened the back up, no issues, all components in and taped black. Box was brand new. Now IDK who to contact, asus or the seller, about a refund or warranty replacement. Been speaking with Asus because this platform doesnt let me contact the seller. It says I can still return it, but need RMA and Asus to tell them its defective, and then still pay shipping and restocking. Really? if its cheaper than it should be, beware.\"", "is_Helpful": "2 people found this helpful"}, {"reviewerName": "Michele Schuster", "reviewerUrl": "https://www.amazon.com/gp/profile/amzn1.account.AENRIJHQGKKSZMMPZHAAKIY3KLPQ/ref=cm_cr_getr_d_gw_btm?ie=UTF8", "rating": "1.0 out of 5 stars", "reviewTitle": "\"Computer slow now, Im without a computer\"", "reviewDate": "August 14, 2020", "reviewText": "\"  I bought this computer for work per a recommendation bc it was supposed to be quick. Within a month it was slowing down, having problems and good thing my friend that is IT guy was able to try to fix it...as the months went by, slower and slower...my friend said it was the mother board. So we contacted Amazon and they told us to go through the company...this computer is now leaving me without a computer for who knows how long...Im not happy!!!\"", "is_Helpful": "One person found this helpful"}, {"reviewerName": "Japheth", "reviewerUrl": "https://www.amazon.com/gp/profile/amzn1.account.AGLXRAI3LSTYJSXNAKRGIXJEJ3JQ/ref=cm_cr_getr_d_gw_btm?ie=UTF8", "rating": "1.0 out of 5 stars", "reviewTitle": "Buyers Beware", "reviewDate": "August 11, 2020", "reviewText": "  Buyers beware!!! Terrible color quality... the pixels on this Laptop are so bad your", "is_Helpful": "2 people found this helpful"}, {"reviewerName": "grimhunter", "reviewerUrl": "https://www.amazon.com/gp/profile/amzn1.account.AEPVV7PDGK2R5SDFGFKK7WP4SZCQ/ref=cm_cr_getr_d_gw_btm?ie=UTF8", "rating": "5.0 out of 5 stars", "reviewTitle": "Worth the buy.\ud83d\ude09\ud83d\udc4d\ud83c\udfae", "reviewDate": "July 17, 2020", "reviewText": "\"  Well first, arrived on time. 2nd its a worth the price and have been enjoying this laptop....no problem so far. Also I read a lot of reviews about adding more memory since Ill be gaming and purchased some Ripjaws 2 x16 . Battery is ok but it would be better if it lasted more than 5hrs ....even so its not that big of a issue for me.  Overall Im happy with this laptop.\"", "is_Helpful": ""}, {"reviewerName": "Shannon H.", "reviewerUrl": "https://www.amazon.com/gp/profile/amzn1.account.AG3MJ5VPFF5XSF5WQPYNDTEJKBRQ/ref=cm_cr_getr_d_gw_btm?ie=UTF8", "rating": "1.0 out of 5 stars", "reviewTitle": "High price, poor quality", "reviewDate": "July 9, 2020", "reviewText": "  Had the computer for 3 months and motherboard is out. What a mess. Now the process to get an exchange.", "is_Helpful": "3 people found this helpful"}, {"reviewerName": "Yazan", "reviewerUrl": "https://www.amazon.com/gp/profile/amzn1.account.AGRWAQQH7OTT3AU5W6MBHGZWMSWA/ref=cm_cr_getr_d_gw_btm?ie=UTF8", "rating": "3.0 out of 5 stars", "reviewTitle": "Thanks", "reviewDate": "July 6, 2020", "reviewText": "  It\u2019s good but not for me", "is_Helpful": ""}, {"reviewerName": "\"Chante\"", "reviewerUrl": "https://www.amazon.com/gp/profile/amzn1.account.AFBXJJFIQYLD3ZTDB6765FLJYBNA/ref=cm_cr_getr_d_gw_btm?ie=UTF8", "rating": "5.0 out of 5 stars", "reviewTitle": "\"Great price and great computer \ud83d\udc4d\ud83d\udc4c\ud83d\udc9d! Great mothers day gift!!!!\"", "reviewDate": "July 4, 2020", "reviewText": "  Beautiful \u2764\ufe0f", "is_Helpful": ""}, {"reviewerName": "SweePowerhouse", "reviewerUrl": "https://www.amazon.com/gp/profile/amzn1.account.AEKUKCURZFSCMJ52WQ3E6WSR65IQ/ref=cm_cr_getr_d_gw_btm?ie=UTF8", "rating": "5.0 out of 5 stars", "reviewTitle": "As described!", "reviewDate": "June 23, 2020", "reviewText": "  Very happy with this computer. Have not had an issue with any games so far., Runs smooth. Works great. Sound output seems a little low to me at max volume.", "is_Helpful": ""}, {"reviewerName": "David", "reviewerUrl": "https://www.amazon.com/gp/profile/amzn1.account.AF7LSM7OUFU5265FBDCLOJG2P5XQ/ref=cm_cr_getr_d_gw_btm?ie=UTF8", "rating": "5.0 out of 5 stars", "reviewTitle": "Never go wrong with ASUS!", "reviewDate": "June 20, 2020", "reviewText": "\"  My last laptop was an ASUS, and I had it for nearly eight years. Was finally time to upgrade and I bought this model. Runs all current games well and have not had any issues to date. Only down side is the fans get loud when running multiple programs or gaming, but its manageable. Excellent for the price!\"", "is_Helpful": ""}, {"reviewerName": "Amazon Customer", "reviewerUrl": "https://www.amazon.com/gp/profile/amzn1.account.AFV4RF5OCIZC4AQVGDMWZEITISCA/ref=cm_cr_getr_d_gw_btm?ie=UTF8", "rating": "5.0 out of 5 stars", "reviewTitle": "Good", "reviewDate": "June 15, 2020", "reviewText": "  No", "is_Helpful": ""}, {"reviewerName": "avahzd", "reviewerUrl": "https://www.amazon.com/gp/profile/amzn1.account.AHXKYGF5Y55JNWC6FP4IZHBGCVHA/ref=cm_cr_getr_d_gw_btm?ie=UTF8", "rating": "5.0 out of 5 stars", "reviewTitle": "Good computer", "reviewDate": "June 14, 2020", "reviewText": "  The significant other uses this for the business.  Also this rig will play Skyrim with decent settings., It does what we want it to... It\u2019s not a super Computer by any stretch, but it works for us just fine. It was a wonderful buy!", "is_Helpful": ""}, {"reviewerName": "C. Liesner", "reviewerUrl": "https://www.amazon.com/gp/profile/amzn1.account.AH4GZKU7JOLCDAOLT2RB7ZRR7WTA/ref=cm_cr_getr_d_gw_btm?ie=UTF8", "rating": "4.0 out of 5 stars", "reviewTitle": "Crappy Wifi card", "reviewDate": "June 12, 2020", "reviewText": "\"  The biggest problem I found, it comes with a RealTek wifi card which sucks big time, I had to buy a wifi dongle another $30.00 to add to the total!! Beware of RealTek cards, they are CRAP!!! If you buy this machine dont forgot to buy a wifi dongle too.\"", "is_Helpful": ""}, {"reviewerName": "Lena", "reviewerUrl": "https://www.amazon.com/gp/profile/amzn1.account.AFRWGB3QWIMV47EWP4B7QPXHOSPA/ref=cm_cr_getr_d_gw_btm?ie=UTF8", "rating": "3.0 out of 5 stars", "reviewTitle": "Good laptop other than the constant freezing.", "reviewDate": "June 9, 2020", "reviewText": "  When it arrived it already had issues of freezing for no reason.", "is_Helpful": ""}, {"reviewerName": "Sa L", "reviewerUrl": "https://www.amazon.com/gp/profile/amzn1.account.AGGTGZI5XJGVGNJQ77TYD4SO7ITA/ref=cm_cr_getr_d_gw_btm?ie=UTF8", "rating": "1.0 out of 5 stars", "reviewTitle": "One week with this laptop, 3 crashes and net framework not working", "reviewDate": "May 24, 2020", "reviewText": "\"  when i received the laptop it was packaged brand new. ive only had this laptop for a week now and it crashed the very next day i got it. thought maybe i was just on too many windows but i literally only had chrome up and league of legends downloading. i have downloaded steam but the games wont launch. this laptop net framework had errors so i could download directx to play games. now the keyboard back light is not working. everytime i reset the computer i get the asus system program screen. the performance of this laptop is terrible. this shouldnt even be 900. i feel like this is a 400 laptop. i did not think i would have this much issues already. planning to return this\"", "is_Helpful": "3 people found this helpful"}, {"reviewerName": "ayman sawa", "reviewerUrl": "https://www.amazon.com/gp/profile/amzn1.account.AH32YK27Y36UITYSOBQZN2OBLEGQ/ref=cm_cr_getr_d_gw_btm?ie=UTF8", "rating": "4.0 out of 5 stars", "reviewTitle": "Good", "reviewDate": "May 17, 2020", "reviewText": "  Great laptop for work and gaming fans are loud though and I average around 80-90 FPS in warzone", "is_Helpful": ""}, {"reviewerName": "xDqwerty", "reviewerUrl": "https://www.amazon.com/gp/profile/amzn1.account.AFYG7DV67MYRZ7PLKFC6VZOEFLRQ/ref=cm_cr_getr_d_gw_btm?ie=UTF8", "rating": "5.0 out of 5 stars", "reviewTitle": "2019 ASUS TUF 17.3\" FHD Gaming Laptop", "reviewDate": "May 16, 2020", "reviewText": "  I give this product a five star bec. It has good battery life that\u2019s what I need for gaming laptops. The only thing that isn\u2019t good is the mouse pad other than that everything works perfectly and fast. I just did a battery test it last 9hrs for downloading games. It takes 1hr and half to get fully charged.", "is_Helpful": "2 people found this helpful"}, {"reviewerName": "Sammie", "reviewerUrl": "https://www.amazon.com/gp/profile/amzn1.account.AGSQU4S2ZV4VIBGJH5J3PM4DOMBA/ref=cm_cr_getr_d_gw_btm?ie=UTF8", "rating": "2.0 out of 5 stars", "reviewTitle": "BSOD Issues", "reviewDate": "May 16, 2020", "reviewText": "  This computer has a bad habit of crashing VERY frequently. I have only had this computer about 6 months, and it is currently unusable because it will not stay on. Thank goodness I just finished my semester for college or I would be in a lot of trouble. Has definitely shaken my faith in ASUS products. Pick a different version for sure.", "is_Helpful": "3 people found this helpful"}, {"reviewerName": "M Sipu", "reviewerUrl": "https://www.amazon.com/gp/profile/amzn1.account.AEZLTGOXYRQXP4B6R7BXGWTS2CBA/ref=cm_cr_getr_d_gw_btm?ie=UTF8", "rating": "1.0 out of 5 stars", "reviewTitle": "Not good\ud83d\ude4f", "reviewDate": "May 15, 2020", "reviewText": "  bad better backup", "is_Helpful": "One person found this helpful"}, {"reviewerName": "Jeremy G.", "reviewerUrl": "https://www.amazon.com/gp/profile/amzn1.account.AFKF6QK4CSEQ66WZJWZEIOK2AK3Q/ref=cm_cr_getr_d_gw_btm?ie=UTF8", "rating": "4.0 out of 5 stars", "reviewTitle": "Buy on sale, get a mouse, and have fun.", "reviewDate": "May 11, 2020", "reviewText": "  Its good", "is_Helpful": "2 people found this helpful"}, {"reviewerName": "Robbie Rotten ", "reviewerUrl": "https://www.amazon.com/gp/profile/amzn1.account.AHJ2PSGD2I6RBVYU522TC4L4AM4A/ref=cm_cr_getr_d_gw_btm?ie=UTF8", "rating": "3.0 out of 5 stars", "reviewTitle": "Good Laptop, bad battery", "reviewDate": "May 9, 2020", "reviewText": "  Its a overall good laptop but I only barley got 3 hours of regular web browsing.", "is_Helpful": ""}, {"reviewerName": "Alan L.", "reviewerUrl": "https://www.amazon.com/gp/profile/amzn1.account.AGNKZNNZ2VFMYTUWFSULKRYA5FBQ/ref=cm_cr_getr_d_gw_btm?ie=UTF8", "rating": "5.0 out of 5 stars", "reviewTitle": "Good screen quality, bad sound.", "reviewDate": "May 7, 2020", "reviewText": "\"  Excellent screen quality. Theres a little bug that prevents the back light from turning off when you start the computer with another screen plugged in. So you need to witch screens (CTR+P) back and forth once. Then the laptop screen will go fully black. Didnt happen with my other laptop (also Asus). Sound is awful. Zero bass whatsoever, not as loud as my Asus ROG from 6 years ago (similarly priced). So that was disappointing, but built-in sound quality is not a necessity.\"", "is_Helpful": ""}, {"reviewerName": "Amazon Kunde", "reviewerUrl": "https://www.amazon.com/gp/profile/amzn1.account.AGKHG7KQNXLHBTR4GCJSMXI5G62A/ref=cm_cr_getr_d_gw_btm?ie=UTF8", "rating": "4.0 out of 5 stars", "reviewTitle": "Totally buy again!", "reviewDate": "April 28, 2020", "reviewText": "  It\u2019s fast and perfect for beginner gamers. The only problem is that it is very loud when it is trying to cool down. But since I only use it at home it\u2019s okay., It is totally worth the money!", "is_Helpful": ""}, {"reviewerName": "Brent", "reviewerUrl": "https://www.amazon.com/gp/profile/amzn1.account.AG4BC5KV7MXXHFSLFPLDN7GEFGNQ/ref=cm_cr_getr_d_gw_btm?ie=UTF8", "rating": "5.0 out of 5 stars", "reviewTitle": "Very awesome", "reviewDate": "April 26, 2020", "reviewText": "\"  Very impressed, handles Assassins Creed extremely well, diedy not even get hot, can play hours on end with no issues.\"", "is_Helpful": ""}, {"reviewerName": "Stefka Petrova", "reviewerUrl": "https://www.amazon.com/gp/profile/amzn1.account.AHPMFXC64CAUY4DIL2OAN5PRKEMA/ref=cm_cr_getr_d_gw_btm?ie=UTF8", "rating": "1.0 out of 5 stars", "reviewTitle": "This is a SCAM! Be aware!!!", "reviewDate": "April 24, 2020", "reviewText": "  This is a SCAM!, When computer arrived, it felt cheap!, After I installed few basic game and try to play them, one of them being \u201cWe were here too\u201d, computer froze right away after overheating( fans made loud noises). The screen became blurry and I had to restart. Second try to play the game it froze again., I immediately returned the laptop and send them email with pictures of the frozen and blurry monitor., They returned me 200$ less., For what? For a broken computer experience I ended up being charged 200$., Tried to contact the company. Nothing., Called Amazon and they reached out to them. Still nothing., Be aware!!!! This is a scam company!", "is_Helpful": "4 people found this helpful"}, {"reviewerName": "Amazon Customer", "reviewerUrl": "https://www.amazon.com/gp/profile/amzn1.account.AHZ43LFGTI725OXU4M6VVAIPOM4Q/ref=cm_cr_getr_d_gw_btm?ie=UTF8", "rating": "5.0 out of 5 stars", "reviewTitle": "Great value", "reviewDate": "April 20, 2020", "reviewText": "\"  Amazing laptop for the price. Wont run a new full priced game at highest quality settings but worth it when youre somewhat on a budget\"", "is_Helpful": ""}, {"reviewerName": "Michael", "reviewerUrl": "https://www.amazon.com/gp/profile/amzn1.account.AGNIMS52PS4PCCIEAL56H5CB6XMQ/ref=cm_cr_getr_d_gw_btm?ie=UTF8", "rating": "3.0 out of 5 stars", "reviewTitle": "Good budget gaming laptop", "reviewDate": "April 12, 2020", "reviewText": "  Pros:  -RGB lit keys,   -Crisp monitor,   -GTX 1600 series graphics card, Cons:  -8 gigs of ram but you can upgrade that  with a bit more $$.,   -Rear exhaust is nice but not enough cooling under heavy load so might look into a cooling pad., \"Overall thoughts is that this laptop isnt your mid - high lvl gaming laptop, but it can handle most games you throw at it. At least for the ones I play like CS-GO, League, Minecraft, Terraria. I got this on sale for like $800 or so which is like the same price as their 15 inch monitor counterpart pricing. Lastly update the graphics driver before you play and set your browser to use the graphics card instead of the integrated version if you encounter any green flickering while browsing.\", 2021 update: Laptop does what it needs to but only issue is the keys started to chip, and the paint peeled as well.", "is_Helpful": "3 people found this helpful"}, {"reviewerName": "Abrorjon", "reviewerUrl": "https://www.amazon.com/gp/profile/amzn1.account.AFHBOSMCM25OG3PJE36KDFATA3SA/ref=cm_cr_getr_d_gw_btm?ie=UTF8", "rating": "1.0 out of 5 stars", "reviewTitle": "DOES NOT TURN ON!!!!", "reviewDate": "April 11, 2020", "reviewText": "  I have just received the laptop but cant turn it on. It is charging, when i push turn on button it turns on and turns  off immediately. I don\u2019t recommend this product!", "is_Helpful": "2 people found this helpful"}, {"reviewerName": "Christopher Rubin", "reviewerUrl": "https://www.amazon.com/gp/profile/amzn1.account.AGZ4SII6FYAEWWWNWJLQUFBT7Q2Q/ref=cm_cr_arp_d_gw_btm?ie=UTF8", "rating": "1.0 out of 5 stars", "reviewTitle": "Blue screen of death issues, USB issues, Chrome malfunctioning...", "reviewDate": "March 28, 2020", "reviewText": "  I got this within the last 30 days (3 weeks ago, to be exact). I have treated it very well because I was excited about all the good reviews. It has crashed to blue screen multiple times already with a \"THREAD STUCK IN DEVICE DRIVER\" error message. My wireless USB mouse stopped working mysteriously even though it works on my other computer, and the fan sometimes ramps up and gets very loud when I\\m not even using the computer. The seller, AMAZING WAREHOUSE DEAL(Record SN) return policy states \"We hold the right to charge at least 50% restocking\" and \"If you file a defective product return, the defective return must be filed within the 15 days of the delivery of the product. We will send the returned product to the third party to inspect the product condition. We will give you a full refund if the defective product is approved to be defective.\" So this product revealed its worthlessness just late enough for me to be ineligible for a return.", "is_Helpful": "7 people found this helpful"}, {"reviewerName": "Ryan L.", "reviewerUrl": "https://www.amazon.com/gp/profile/amzn1.account.AEXAMCVCWEZDUYDS44D7EJL5ZE4A/ref=cm_cr_arp_d_gw_btm?ie=UTF8", "rating": "5.0 out of 5 stars", "reviewTitle": "Good laptop. Get dual channel RAM.", "reviewDate": "March 26, 2020", "reviewText": "  I wrote a review a while ago. Wanted to update it with my current situation., \"This is overall a good laptop for the price. Out of the box, 8 GB of ram isnt enough though.\", I went out and bought a dual channel 32gb ram, made things a lot smoother., Most games can run on medium to high settings with playable FPS., Mount and Blade 2 runs about 110 FPS on high settings, but during seiges the FPS can drop to about 50 FPS. (Before the dual channel ram seiges were at lows of 14 FPS, but I think that was an early release bug that was fixed in the game), GTA V runs almost always 60+ FPS om highest settings. No lag issues. (Before dual channel ram it was like 50 FPS on highest settings), War Thunder lits between 110-140 FPS oh high settings. (90 FPS before dual channel ram), My point is, get dual channel ram. It helps a lot., \"I havent tested very many tripple A games yet. Gotta buy them first before i try them.\", \"512 GB of memory is a bit low for me. I like to have multiple games downloaded so i can pick from a good selection. But, the solid state drive is fast and does its job.\", \"Laptop does get hot when gaming for long periods of time. Id recommend a laptop cooling pad if your gaming for more than an hour. Fan also gets very loud when on Turbo mode, but if you have a headset you dont notice.\", RGB is nice. Screen is crisp. Keyboard feels nice. Laptop camera does its job., I do recommend this laptop, just get dual channel ram and maybe a laptop cooling pad.", "is_Helpful": "4 people found this helpful"}, {"reviewerName": "Steven B.", "reviewerUrl": "https://www.amazon.com/gp/profile/amzn1.account.AGM344TEPDK2ZCW2VLTPW3VQGPDQ/ref=cm_cr_getr_d_gw_btm?ie=UTF8", "rating": "5.0 out of 5 stars", "reviewTitle": "Not using for gaming", "reviewDate": "March 22, 2020", "reviewText": "\"  Using this PC for church.  We needed an upgrade from our previous computer, because the software we use is supposed to run better with the video card this one has.  Still checking it out, but so far its nice overall.\"", "is_Helpful": ""}, {"reviewerName": "Monk", "reviewerUrl": "https://www.amazon.com/gp/profile/amzn1.account.AGCETKMNPUBRPOKKR5JKWAANYNSQ/ref=cm_cr_getr_d_gw_btm?ie=UTF8", "rating": "2.0 out of 5 stars", "reviewTitle": "On board mouse is a nockoff", "reviewDate": "March 5, 2020", "reviewText": "\"  Touch screen doesnt register like a faulty connection.  Though you may as well buy another and just break even.  Opening it voids all warranty so in SOL. Would not by again.\"", "is_Helpful": "3 people found this helpful"}, {"reviewerName": "Jordan", "reviewerUrl": "https://www.amazon.com/gp/profile/amzn1.account.AGPQZO7T6FWBKI66YKQPZVMXDZXA/ref=cm_cr_getr_d_gw_btm?ie=UTF8", "rating": "4.0 out of 5 stars", "reviewTitle": "First laptop", "reviewDate": "February 25, 2020", "reviewText": "  Love the processor and everything. only wish i could control the keyboard colors", "is_Helpful": ""}, {"reviewerName": "Vikingredbaron", "reviewerUrl": "https://www.amazon.com/gp/profile/amzn1.account.AFSPDT44VLYNIQHYB7XKOQVMZSQQ/ref=cm_cr_getr_d_gw_btm?ie=UTF8", "rating": "3.0 out of 5 stars", "reviewTitle": "Good speed, bad Wifi and touch pad.", "reviewDate": "February 21, 2020", "reviewText": "  This is a very fast laptop, it boots in 15 seconds. The Wifi adapter Realtek 8821CE  is not good, my internet service at home is 250 MBPS. My Samsung tablet and phone are able to download at that speed, the Realtek adapter works much slower. The touch pad is not sensitive.", "is_Helpful": ""}, {"reviewerName": "Seamus M", "reviewerUrl": "https://www.amazon.com/gp/profile/amzn1.account.AETUJDSQVTRAINU3ZB5MEKF4QRRA/ref=cm_cr_getr_d_gw_btm?ie=UTF8", "rating": "5.0 out of 5 stars", "reviewTitle": "Great value", "reviewDate": "February 20, 2020", "reviewText": "  This laptop really is fast. The graphics are intense. Excellent value for the money.", "is_Helpful": ""}, {"reviewerName": "dwj", "reviewerUrl": "https://www.amazon.com/gp/profile/amzn1.account.AEIZGGEXPPODQBN45AZ6CDYQ2UGQ/ref=cm_cr_getr_d_gw_btm?ie=UTF8", "rating": "4.0 out of 5 stars", "reviewTitle": "Runs a bit hot for my taste", "reviewDate": "February 19, 2020", "reviewText": "  I bought this computer specifically to play WOW (World of Warcraft) when traveling which does not clock a CPU like other games that I have played in the past. Even so, the CPU (AMD) in this lap top runs at about 80 to 85 degrees C in a room temperature of 70 degrees F. And boy you can hear those CPU fans pumping away. However, from a performance standpoint, it appears to be doing OK. Please also note that this is not my primary gaming rig which is a desktop. This is primarily for desktop down times and for when I am traveling.", "is_Helpful": "One person found this helpful"}, {"reviewerName": "Lori Renshaw", "reviewerUrl": "https://www.amazon.com/gp/profile/amzn1.account.AFNR3ICR4E37UXR3TNZ4MQOL6QRA/ref=cm_cr_getr_d_gw_btm?ie=UTF8", "rating": "1.0 out of 5 stars", "reviewTitle": "The computer doesn\u2019t work!", "reviewDate": "February 18, 2020", "reviewText": "  This is so dumb first day I buy it I play rainbow six siege the next day I come to play it won\u2019t turn on!! I spent 800 dollars on this computer I expect to get a computer that lasts more than 1 day not happy!!", "is_Helpful": "7 people found this helpful"}, {"reviewerName": "Kevin DeFrang", "reviewerUrl": "https://www.amazon.com/gp/profile/amzn1.account.AGXPFO3CZG2ZOY7WKW33Y556NZEA/ref=cm_cr_getr_d_gw_btm?ie=UTF8", "rating": "5.0 out of 5 stars", "reviewTitle": "great laptop for price", "reviewDate": "February 18, 2020", "reviewText": "  Was everything I expected. Did put more RAM in it 8 to 16", "is_Helpful": ""}, {"reviewerName": "saschaLS", "reviewerUrl": "https://www.amazon.com/gp/profile/amzn1.account.AEZMNDG3UB43XW776FBC37C66WCA/ref=cm_cr_getr_d_gw_btm?ie=UTF8", "rating": "5.0 out of 5 stars", "reviewTitle": "Great for teens", "reviewDate": "February 16, 2020", "reviewText": "  Bought this for my 15 year old. He loves it. Works really well for his gaming and homework needs.", "is_Helpful": ""}, {"reviewerName": "Alex G.", "reviewerUrl": "https://www.amazon.com/gp/profile/amzn1.account.AGI6Z2VPN5HQFSZGCUOWJ7S76QRA/ref=cm_cr_getr_d_gw_btm?ie=UTF8", "rating": "4.0 out of 5 stars", "reviewTitle": "Asus rocks", "reviewDate": "February 7, 2020", "reviewText": "  Good quality. Good for entry level to mid level gaming laptop. Able to run Gears of War 5 without any issues.", "is_Helpful": ""}, {"reviewerName": "William", "reviewerUrl": "https://www.amazon.com/gp/profile/amzn1.account.AHMFMD6J3GWOKRQER7D7LTCZYDPQ/ref=cm_cr_arp_d_gw_btm?ie=UTF8", "rating": "5.0 out of 5 stars", "reviewTitle": "Good thermals, picture quality, and performance.", "reviewDate": "February 6, 2020", "reviewText": "\"  This laptop performs extremely well. when plugged in your gaming performance is what you would expect for the hardware. thermals are handled well and by far my favorite thing the panel. it has great colors and brightness. very sharp. the darks are not great but thats more to do with backlight and panel type.\", The keyboard layout is a bit strange to me and I make a bit of mistakes pressing the control key instead of shift but this is something I expect to train my way through.", "is_Helpful": "8 people found this helpful"}, {"reviewerName": "Atalay", "reviewerUrl": "https://www.amazon.com/gp/profile/amzn1.account.AESV7SWUYJF5RISX2537OWQEZKIA/ref=cm_cr_getr_d_gw_btm?ie=UTF8", "rating": "5.0 out of 5 stars", "reviewTitle": "Definitely worth spending money on", "reviewDate": "February 2, 2020", "reviewText": "  I love the performance of this computer", "is_Helpful": ""}, {"reviewerName": "Wendy Perez", "reviewerUrl": "https://www.amazon.com/gp/profile/amzn1.account.AH26JRVFN5NARQ6QDIMIYL36AT2Q/ref=cm_cr_getr_d_gw_btm?ie=UTF8", "rating": "5.0 out of 5 stars", "reviewTitle": "Great price and worth every penny", "reviewDate": "February 1, 2020", "reviewText": "  I bought the computer for my son\u2019s birthday and he loves everything about this computer.", "is_Helpful": ""}, {"reviewerName": "Amazon Customer", "reviewerUrl": "https://www.amazon.com/gp/profile/amzn1.account.AFSUYX2N4NQRUVUNEIXHSU5INB4A/ref=cm_cr_getr_d_gw_btm?ie=UTF8", "rating": "5.0 out of 5 stars", "reviewTitle": "Good buy", "reviewDate": "January 23, 2020", "reviewText": "  Using this laptop for world of warcraft.  It works well, not experiencing any problem. Nice quality!", "is_Helpful": ""}, {"reviewerName": "Bach alligheri", "reviewerUrl": "https://www.amazon.com/gp/profile/amzn1.account.AGCRTBWOCK4XONDORXRKZ3ZWBJYQ/ref=cm_cr_getr_d_gw_btm?ie=UTF8", "rating": "5.0 out of 5 stars", "reviewTitle": "Love", "reviewDate": "January 22, 2020", "reviewText": "  This boxing day sale for this laptop is just unreal., \"Its my favorite laptop Ive ever seen or used, nevermind paying almost 50 % off. Thank you so much asus and amd.\"", "is_Helpful": "2 people found this helpful"}, {"reviewerName": "Sharon Seefeldt", "reviewerUrl": "https://www.amazon.com/gp/profile/amzn1.account.AH4K3NAFYYQWJ2JT4O75O2BA55SQ/ref=cm_cr_getr_d_gw_btm?ie=UTF8", "rating": "5.0 out of 5 stars", "reviewTitle": "2019 ASUS TUF17.3", "reviewDate": "January 21, 2020", "reviewText": "  My son loves it and uses it for gaming", "is_Helpful": ""}, {"reviewerName": "Brian", "reviewerUrl": "https://www.amazon.com/gp/profile/amzn1.account.AETUL44C4V3B4TJE5BJERYITQWOA/ref=cm_cr_getr_d_gw_btm?ie=UTF8", "rating": "5.0 out of 5 stars", "reviewTitle": "Great laptop, worth the money (for casual gamer)", "reviewDate": "January 17, 2020", "reviewText": "  I bought this gaming laptop for playing Steam games on the PC. I have to say I\u2019m pleasantly surprised., The computer has a keyboard that glows different LED colors while you use it. It has 7.1 surround sound with headphones or just plain good sound without. It\u2019s quick and quiet even without the additional the ram that everyone seems to advise (though I wish I didn\u2019t have to take the entire bottom off to add more).,  I wanted a gaming PC for the casual gamer.., mission accomplished.", "is_Helpful": "2 people found this helpful"}, {"reviewerName": "Michael", "reviewerUrl": "https://www.amazon.com/gp/profile/amzn1.account.AHBLM36YWREGO7WEQGKXBP733IHQ/ref=cm_cr_getr_d_gw_btm?ie=UTF8", "rating": "5.0 out of 5 stars", "reviewTitle": "Good laptop", "reviewDate": "January 15, 2020", "reviewText": "  This laptop for the price is definitely worth it you will not be dissatisfied as you are usually with normal laptop problems like the texture holding dirt and the keyboard being spongy, However the touch pad is noisy and rattled when you use it and when using the turbo option you have to be plugged in and under high loads sounds like a jet taking off, Still the best laptop I\u2019ve ever had", "is_Helpful": ""}, {"reviewerName": "Wayne R.", "reviewerUrl": "https://www.amazon.com/gp/profile/amzn1.account.AEMF7VCONEDUXXVSUYBLYU6VW5DA/ref=cm_cr_getr_d_gw_btm?ie=UTF8", "rating": "4.0 out of 5 stars", "reviewTitle": "Powerful lap top", "reviewDate": "January 5, 2020", "reviewText": "\"  Great lap top, very well built, tough as nails. Solid processor, decent display, handles most games well at 1080 60fps. Battery life is only ok but its what you would expect from the power that it packs so its relative. Definetly worth the money.\"", "is_Helpful": ""}, {"reviewerName": "kinman", "reviewerUrl": "https://www.amazon.com/gp/profile/amzn1.account.AG2T62IENN3UD6H3HBDKYU3CSTOA/ref=cm_cr_getr_d_gw_btm?ie=UTF8", "rating": "5.0 out of 5 stars", "reviewTitle": "Great laptop", "reviewDate": "January 3, 2020", "reviewText": "  This system is performing as promised. Red dead redemption looks beautiful on the display. The price is amazing. Very simple to add a SATA drive for more space. While adding a second drive might as well add more ram, extra slot for that as well.", "is_Helpful": ""}, {"reviewerName": "Ricardo", "reviewerUrl": "https://www.amazon.com/gp/profile/amzn1.account.AEVOJRUDIYRIMEQKVRIKTL7HKN4Q/ref=cm_cr_getr_d_gw_btm?ie=UTF8", "rating": "5.0 out of 5 stars", "reviewTitle": "10/10 - Surpassed expectations", "reviewDate": "December 23, 2019", "reviewText": "  10/10 completely met expectations.", "is_Helpful": ""}, {"reviewerName": "T", "reviewerUrl": "https://www.amazon.com/gp/profile/amzn1.account.AF47QR3D6IS3E2AHBQTG6Q7STKLA/ref=cm_cr_getr_d_gw_btm?ie=UTF8", "rating": "5.0 out of 5 stars", "reviewTitle": "Good stuff", "reviewDate": "December 23, 2019", "reviewText": "\"  Fantastic mid-tier gaming laptop. If it goes on sale, its an absolute steal. Specs are listed, and it performance about as well as it needs to. Runs most games smooth, but beware cooling issues. Best to buy a laptop cooler with it.\"", "is_Helpful": "2 people found this helpful"}, {"reviewerName": "Justin Juan", "reviewerUrl": "https://www.amazon.com/gp/profile/amzn1.account.AEN5FRD3NTD5763567D6KQSURP7Q/ref=cm_cr_getr_d_gw_btm?ie=UTF8", "rating": "5.0 out of 5 stars", "reviewTitle": "\"Good bargain if you arent set on a top of the line screen.\"", "reviewDate": "December 20, 2019", "reviewText": "\"  Screen isnt top of the line, but its a good machine for the price.\"", "is_Helpful": ""}, {"reviewerName": "RickfromVA", "reviewerUrl": "https://www.amazon.com/gp/profile/amzn1.account.AF2IMNCW23AVNY2QKG52HJMXUHEQ/ref=cm_cr_getr_d_gw_btm?ie=UTF8", "rating": "5.0 out of 5 stars", "reviewTitle": "Good laptop for gaming", "reviewDate": "December 19, 2019", "reviewText": "  Great product for the price and good battery life. Graphics are nice.", "is_Helpful": ""}, {"reviewerName": "RaVell", "reviewerUrl": "https://www.amazon.com/gp/profile/amzn1.account.AF6XAVCJTCYPA6YHWVODJ5LSQZMQ/ref=cm_cr_arp_d_gw_btm?ie=UTF8", "rating": "5.0 out of 5 stars", "reviewTitle": "Comes with single ram stick not soldered on like current dell models", "reviewDate": "December 18, 2019", "reviewText": "\"  This laptop comes with 1 8gb stick of ram. I ordered with this laptop a 32 gb set and started out by taking the back off and installing the new ram. At minimum Id get a second stick of ram so at least your running dual channel.\", Works great., The SSD is an Intel 660p m. 2 nvme drive., \"I didnt game on it but a 1050 video card isnt going to get you very far.\"", "is_Helpful": "13 people found this helpful"}, {"reviewerName": "Gyz", "reviewerUrl": "https://www.amazon.com/gp/profile/amzn1.account.AGV2ZP34QKTFMBBEO3I2NUDSP7PQ/ref=cm_cr_arp_d_gw_btm?ie=UTF8", "rating": "5.0 out of 5 stars", "reviewTitle": "Pleasantly Surprised", "reviewDate": "December 16, 2019", "reviewText": "\"  According to Passmark, this laptops Ryzen 7 processor is only 3% faster than the i7 processor in my old laptop, yet this laptop feels like it is 5x faster. Im guessing theres more to the story than just CPU throughput, like the bandwidth of the AMD chipset drivers. I bought this mainly because the USB 3 ports on my HP laptop were flaky, one would only work with USB 2 devices. All my USB 3 devices work perfectly with the AMD laptop. Im done with Intel, for now.\", \"I added an ADATA 8GB RAM module, and an ADATA 2TB SATA3 SSD. I also love the 17-inch screen. Its only 1080, but after having two laptops with 4K screens, Im liking 1080 just fine.\"", "is_Helpful": "25 people found this helpful"}, {"reviewerName": "Glen Colby", "reviewerUrl": "https://www.amazon.com/gp/profile/amzn1.account.AFRKUXYJZFHWXMD25W2ZJNBBAVHQ/ref=cm_cr_arp_d_gw_btm?ie=UTF8", "rating": "4.0 out of 5 stars", "reviewTitle": "Great budget gaming laptop", "reviewDate": "December 16, 2019", "reviewText": "  A great budget gaming laptop with just a couple weakspots.  Ryzen 7 is awesome, however, make sure to add more ram as the onboard GPU takes 4 gig of ram away., Pros, Small bezels make this 17 inch laptop just a hair larger than a normal 15.4 inch laptop.  Screen quality is good, and boot up times are fast thanks to the m2 ssd., \"No mans sky, wow, dead by daylight all run fast on max graphics, the 1660 does great as a mid-high gpu.\", Plastic casing feels ok, keyboard feels firm without a lot of flex., Cons, Plastic casing, \"Trackpad isnt the greatest\", Power brick gets HOT., All in all though, hard to beat this laptop at the price point.", "is_Helpful": "59 people found this helpful"}, {"reviewerName": "william milano", "reviewerUrl": "https://www.amazon.com/gp/profile/amzn1.account.AHW4GKQGJVBZTMJJ5TDWCP2IC63A/ref=cm_cr_getr_d_gw_btm?ie=UTF8", "rating": "5.0 out of 5 stars", "reviewTitle": "Like the machine best I\u2019ve owned", "reviewDate": "December 14, 2019", "reviewText": "  Don\u2019t use it for gaming really enjoy computer, Strats up and runs through my work quickly", "is_Helpful": "4 people found this helpful"}, {"reviewerName": "JB", "reviewerUrl": "https://www.amazon.com/gp/profile/amzn1.account.AEYSU6BX5LETNB5DXX5U7LBPEAKQ/ref=cm_cr_arp_d_gw_btm?ie=UTF8", "rating": "5.0 out of 5 stars", "reviewTitle": "Solid", "reviewDate": "November 30, 2019", "reviewText": "  Has run like a champ out of the box.  Unpackaged and straight to Forza H4 for hours on end.  Swapped in 32GB of RAM for $100, as the 8 was holding it back.  The only con is the fans, otherwise very happy thus far.", "is_Helpful": "40 people found this helpful"}, {"reviewerName": "Ryan Mercer", "reviewerUrl": "https://www.amazon.com/gp/profile/amzn1.account.AHLWTZJASH5RFY4M7S6FIN46DX6Q/ref=cm_cr_arp_d_gw_btm?ie=UTF8", "rating": "5.0 out of 5 stars", "reviewTitle": "Runs as advertised", "reviewDate": "November 26, 2019", "reviewText": "  This is exactly what i wanted. Didnt break the bank, but it runs like a champ especially with the extra ram. I have no complaints at all.", "is_Helpful": "17 people found this helpful"}, {"reviewerName": "Jackson A Wyatt", "reviewerUrl": "https://www.amazon.com/gp/profile/amzn1.account.AE7LOSBOR4PBH34NDD6WELQ2PNMA/ref=cm_cr_arp_d_gw_btm?ie=UTF8", "rating": "1.0 out of 5 stars", "reviewTitle": "Low cost comes with problems", "reviewDate": "November 18, 2019", "reviewText": "  Turns on but with no display. Shows on external monitor. Requested replacement 5 days ago but still waiting.", "is_Helpful": "34 people found this helpful"}, {"reviewerName": "Wes", "reviewerUrl": "https://www.amazon.com/gp/profile/amzn1.account.AGD5T56C4VAJRERNKD5YBCYHJP4A/ref=cm_cr_arp_d_gw_btm?ie=UTF8", "rating": "5.0 out of 5 stars", "reviewTitle": "Excellent product", "reviewDate": "October 21, 2019", "reviewText": "  Item was exactly as advertised.  Brand new, sealed box, functioning flawlessly for its intended purpose.", "is_Helpful": "22 people found this helpful"}], "qAndA": [{"question": "It has a slot for an extra ssd. does the mounting tray come with this? if so, it it already in the laptop or is it in the box?", "answer": "It is in the laptop."}, {"question": "Ca =n this Laptop run Fortnite?", "answer": "This computer did not run basic games such as \u201cWe were here too\u201d.\n\nMaybe mine was broken."}, {"question": "Is the screen 120 hz like all the reviews on youtube say?", "answer": "Answer not available"}, {"question": "Can someone tell exactly which 2x16 ram to buy for this?", "answer": "I bought 2 of these laptops and they had different sticks in them. But I put them in the same machine and bought a set of ddr4 2666 sodims."}, {"question": "What kind of ram would i have to buy to upgrade the ram? also, how much can i upgrade to?", "answer": "It takes ddr4 2666mhz ram. You can upgrade up to 32gb"}, {"question": "I see many people upgrading ram. Are there 1 or 2 slots for extra Ram?", "answer": "There are 2 slots in total. It comes with one stick of Ram."}, {"question": "How muchc FPS does it run", "answer": "60 if you have vsync turned on."}, {"question": "Does upgrading the ram or adding the SSD into the empty hard drive spot void the warranty?", "answer": "Yes. Only Asus technicians can work on the laptop without voiding it. Asus has a really good warranty so I wouldn't risk voiding it."}, {"question": "Can i have a free pc so i can review it on my Instagram and Facebook", "answer": "Contact Amazon or the seller or Asus directly."}, {"question": "can play pubg with max video display? this thing get hot fast while gaming? does it need a cooler pad?", "answer": "Yes it needs a cooler pad."}, {"question": "Test it be for shipping?", "answer": "We did not test it before it was shipped, if that is what you are asking."}, {"question": "Is bluetooth 4.2 not 5.0?", "answer": "4.2"}, {"question": "Cd/dvd player?", "answer": "This one doesn't have a CD/dvd drive."}, {"question": "There's no Ryzen 7 with quadcore and 8 threads...so which one is it 5 or 7?", "answer": "https://www.amd.com/en/products/apu/amd-ryzen-7-3750h\n\nIt is a mobile quad core with 8 threads."}, {"question": "Does this have a mic in / headphones out combo jack?", "answer": "I haven't attached a mic or headset, but it is a 3.5mm audio jack. The symbol beside the hole appears to be for both mic and headphone."}, {"question": "Can i change the ssd with a crucial internal mx500 2tb 3d nand?", "answer": "If it is sata or m. 2 nvme."}, {"question": "Can This thing run CSgo?", "answer": "YES"}, {"question": "How is the build quality? Any long term issues?", "answer": "I have not experienced any issues yet with the second one I received. The first one i received i think had a bad power cord. the machine didnt turn on so support told me to return it. The second one is amazing. Im not a huge gamer but I still got a cooling pad."}, {"question": "Cuanto cuesta ampliar la ram a 20 gb?", "answer": "Answer not available"}, {"question": "Does the product have international warranty for example Peru?", "answer": "Answer not available"}, {"question": "My husband just got this computer and plugged his headphones in but they didn\u2019t connect and sound still came out the speakers. How do we fix this?", "answer": "There is a box that should appear when you plug the headphones in asking about an item plugged in. Annoyingly, unless you tell it \"OK\" it won't output audio out the headphones. If that is not the case, if you go into the settings, windows has a trouble shoot program."}, {"question": "Can this laptop run the game Overwatch smoothly?", "answer": "Any computer can run any gamy smoothly if you turn the settings down low enough. Will it run smoothly at Max settings, no it will not."}, {"question": "Can you change the color or the backlight on the keyboard?", "answer": "Yes, you can."}, {"question": "How long does the battery last doing school work?", "answer": "I have used it for a couple hours on battery and didn't have any problems."}, {"question": "Whats the best ssd to get for this? not computer savy. the rectangle one that has a slot on the right side on the computer.", "answer": "Answer not available"}, {"question": "is this ram stick supported? https://www.amazon.com/teamgroup-2666mhz-pc4-21300-unbuffered-computer/dp/b01fbxe59w/ref=sr_1_1_sspa?crid=244tukpc4ejgo&d", "answer": "i do not see the caf\u00e9 bright now"}, {"question": "It won\u2019t let me switch from silent/performance to turbo anymore. Anyone else have issues with this?", "answer": "You may have to redownload the drivers. Contact Asus themselves for better help."}, {"question": "Buen d\u00eda, necesito informaci\u00f3n de garant\u00eda del producto. Gracias!", "answer": "buen dia!excelente producto,totalmente confiable.haz la compra tranquilo.saludos"}, {"question": "Does that laptop have a \"headphone 1/8\" Jack (For running headphones, etc\" ) ?", "answer": "Yes it does."}, {"question": "Does this laptop have ethernet?", "answer": "Yes. It does have an ethernet jack."}, {"question": "Has anyone removed the keys on the key board? does asus still use the rubber things to push up the keys? those fail often.", "answer": "If by rubber things you mean rubber domes probably but that doesn't mean they fail often. Good rubber domes last awhile."}, {"question": "What model is this? i thought it was the fx705dt but asus has the fx705dt for cheaper.", "answer": "ASUS TUF FX705DT-DR7N8"}, {"question": "There are so many options.. what ram is exactly needed for this computer. I wasn't to upgrade to the max so I guess 2 16gb?", "answer": "Answer not available"}, {"question": "Can this pc be used for video editing and obs video shows?", "answer": "Im going to say yes. but not a video editor.. I use it for stock trading. Have a dozen live real time chart feeds and video playing all at once and keeps up!"}, {"question": "Looking to purchase for a 11 year old who wants to use it for Roblox and Steam games along with school work. Will this laptop support this?", "answer": "Yes it will \u263a"}, {"question": "Payment plan", "answer": "Answer not available"}, {"question": "Bought this for my son who plays Fortnite and geometry dash. He says graphics card needs an upgrade or the frame refresh rate is too slow? Thoughts?", "answer": "The GPU is integrated no way to upgrade it. They can try lowering some of the graphics settings if it is choppy. If he's getting artifacts, it could be overheating, defective or damaged. Be sure to go to the nVidia website and get the latest drivers and use a cooling pad."}, {"question": "why are you increasing price on this model?", "answer": "Supply and demand"}, {"question": "Is the cpu embedded or is it upgradeable in the future", "answer": "Answer not available"}, {"question": "where do I open it to put another hard drive?", "answer": "You have to take off the entire bottom panel."}, {"question": "Does it have a built in web cam?", "answer": "Yes, and not a half bad one at that. Unfortunately, there isn't any physical turn off switches/ covers that I know of."}, {"question": "Is this the FX705?", "answer": "fx705dt."}, {"question": "do i pay import duty for this laptop, i live in the uk", "answer": "Amazon gives you an estimate on checkout and charges you that estimate (at least when sending to Canada), but you may be able to find a calculator online without going through checkout. Amazon will also refund you if the import duties are lower than the estimate you were charged, but will not request additional paymen\u2026 see more"}, {"question": "Can this laptop be used for business also?", "answer": "Sure, it's good enough for business."}, {"question": "Can you upgrade the ssd with a 2 tb?", "answer": "You could add 2TB of additional storage with an SSD. The system comes with an Nvme storage card, that I suppose you could upgrade if you wanted to as well."}, {"question": "Will this work for proffesional photography programs, editing etc. Photoshop, lightroom", "answer": "You would probably want to upgrade the memory, but maxing it out (32GB) would only cost about $100. While your in there, installing a SATA storage drive wouldn't be a bad idea either. You can get a 2TB hybrid drive for 60ish. The processor and the graphics adapter should be fine for editing and rendering."}, {"question": "Say i get a new laptop. do i need to clone the ssd if i get a upgrade when it\u2019s still new?", "answer": "Answer not available"}, {"question": "is it turbo-boosted?", "answer": "Yes. It's easy to adjust the settings."}, {"question": "Does it have the s5 blocker or can i still use google?", "answer": "I don't know what an S5 blocker is, but my son is using google for Iinternet surf."}, {"question": "Si quiero comprar este dispositivo para Colombia, el cargador del dispositivo vendr\u00e1 para ser usado en este pa\u00eds?", "answer": "Viene para 110 220 sin problema para ning\u00fan pais"}, {"question": "Can you add a second storage along with the ssd?", "answer": "yes, the drive mine shipped with was an NVME drive and there is room to add a 2.5\" HDD or ssd. it came with the mounting tray and the screws."}, {"question": "will this play borderlands 3 on high graphics levels?", "answer": "Answer not available"}, {"question": "is it possible to add another ram card later?", "answer": "Yes. You have to remove the entire bottom to do it, but you can. A single 8GB stick is installed, the system can handle 32BG of 2400 memory total (2 16GB sticks). As an fyi, this is also how to add additional storage (a 2.5 inch hard drive caddy is located under the bottom housing as well)"}, {"question": "Anyone have any experienec running Linux on this laptop?", "answer": "Yes. Lots of distros. Works great"}, {"question": "The lighting on the keyboard flashes rainbow colors at start up. i download the app tuf aura core but doesn't permanently fix it. how do i fix this?", "answer": "Go to your Aura program and choose static. Then pick your color if you like that. If not, Choose the black color and it will not light up."}, {"question": "I found samsung ram m471a1k43cb1 that is almost identical to the one the laptop came with, but 3 letters off?", "answer": "Answer not available"}, {"question": "what is the max sized ram stick supported? As in Just 1, also, can i use 2 of the same ram stick?", "answer": "There are two ram slots, but only one has a stick in it. I purchased a nearly identical one and doubled the ram. This is the one I purchased.\n\nhttps://www.amazon.com/dp/B017UC3UBG/ref=cm_sw_r_cp_apap_H7IQ88lAqiua7"}, {"question": "Does this support VR?", "answer": "Yes"}, {"question": "Amd razor 7 3750h supports max 2400mhz of ram? ... i found this information in the processor specifications", "answer": "Answer not available"}, {"question": "What is it's refresh rate?", "answer": "60hz"}, {"question": "Does this include webcam?", "answer": "Just typed in Camera in search and and am now viewing myself so I imagine if you use twitch, discord or skype it will work for those too."}, {"question": "Does this come with a charger?", "answer": "One USB port can do charging for external devices."}, {"question": "Are the speakers high quality stereo sound?", "answer": "I don't know if they are high quality stereo sound, but for everything I've done so far they seem pretty good."}, {"question": "\u00bfEste producto tiene garant\u00eda internacional o es solo para USA?", "answer": "Answer not available"}, {"question": "Is it loud? i returned my rog strix because the cpu fan (i7) was a loud turbine that spooled up and down incessantly. gpu fan (gf1660ti) was fine.", "answer": "For me no but I haven\u2019t really put this machine thru any rigorous games to push the hardware if I\u2019m being honest"}, {"question": "An update broke the backlight on my keyboard. even tuf aura core doesn't work. how do i enable the backlight on the keyboard?", "answer": "Answer not available"}, {"question": "Is it touchscreen", "answer": "no it is not"}, {"question": "What is the fps for fortnite", "answer": "Answer not available"}, {"question": "La pantalla es de 120 hz o 60 hz", "answer": "Answer not available"}, {"question": "What is the actual model number - is the screen refresh rate locked in at 60 hz?", "answer": "ASUS TUF FX705DT-DR7N8. Yes, the refresh rate is 60hz."}, {"question": "I want to max out the ram what should i buy?", "answer": "2x 16GB (32GB total) 2400 sodimm's. Ripjaws makes a set for about $100"}, {"question": "What is the official charger for this device?", "answer": "Model ADP-150CH B. Output is 20 V @ 7.5 Amps"}, {"question": "can someone recommend specific ram?", "answer": "Answer not available"}, {"question": "Can this laptop handle simulators, such as x plane 11?", "answer": "The basic system requirements for X Plane 11 call for 16 GB of RAM. The computer came with 8 GB. You can always upgrade it to 16 Gbs but it will void your warranty if you do it yourself."}, {"question": "Can I plug a hard drive with use with out opening the laptop?", "answer": "You can buy a external hard drive and connect it via USB like any other laptop. If you mean direct connection, then no."}, {"question": "Is this laptop VR compatible?", "answer": "Yes"}, {"question": "Can i add a SSD and a hdd\uff1f", "answer": "Answer not available"}, {"question": "What kind of motherboard is installed? I want to upgrade the RAM and Network card.", "answer": "This is a laptop. It takes ddr4 sodimms 2666. If you want a network card you must buy usb"}, {"question": "Can i return it if have any problem?", "answer": "yes you can return. That might depend on the seller."}, {"question": "I want to add more memory to mine, what do I get want to get to make it 1tb?", "answer": "Answer not available"}, {"question": "can this laptop support 3000mhz memory? Does it use c16 or c18?", "answer": "Answer not available"}, {"question": "Can i return it if have any problem?", "answer": "I don't think so unless it arrived damaged or not charged you would have had to have bought the extra warranty."}, {"question": "Does this product come with international warrenty?(India)", "answer": "Answer not available"}, {"question": "How well will it work on editing and rendering?", "answer": "Answer not available"}, {"question": "Cuanto se paga por el envio y aduanas ??", "answer": "Answer not available"}, {"question": "Is the graphics card upgradeable?", "answer": "Laptop only upgrades. If you do it yourself you are at risk of voiding the warrenty from Asus."}, {"question": "How do i need to install an ssd into the second slot. i bought a samsung 870 evo 2.5 sata drive ssd, it came with no screws or cable. i am new?", "answer": "Answer not available"}, {"question": "Can this laptop run kingdom come deliverance ?", "answer": "Answer not available"}, {"question": "Can I internally increase the memory?", "answer": "Yes"}, {"question": "Is this 144Hz refresh rate?", "answer": "No, 60hz."}, {"question": "How many songs can be downloaded", "answer": "Answer not available"}, {"question": "Buen d\u00eda, tiene disponible con teclado en espa\u00f1ol con la letra \u00f1?", "answer": "Answer not available"}, {"question": "Anyone play farming simulator 19 with this laptop", "answer": "Answer not available"}, {"question": "Can i return it if have any problem?", "answer": "Answer not available"}, {"question": "What is the size of the hard drive?", "answer": "512gb"}, {"question": "Hola, estoy interesado en adquirir el producto pero me gustaria asegurarme preguntandole si esta disponible para envio a Colombia. Gracias.", "answer": "Answer not available"}, {"question": "Tiene el puerto thunderbolt 3 ?", "answer": "Answer not available"}, {"question": "\u00bfProducto disponible para envio a Colombia?", "answer": "Answer not available"}, {"question": "Is this a 1060Ti?", "answer": "No it is 1650"}, {"question": "is the screen mat or glossy?", "answer": "I'm going to say glossy"}, {"question": "Is this touch screen?", "answer": "No, it is not touch screen."}, {"question": "can this thing run gta 5?", "answer": "Yes it can. I played it for a couple of hours and it ran smoothly without lagging."}, {"question": "Does it come with a displayport or a displayport mini?", "answer": "1 HDMI port only"}, {"question": "is the cpu upgradeable in the future", "answer": "I will require gba soldering skills. About $500 worth of reballing equipment. It is possible, but very impractical."}, {"question": "Screen 120hz?", "answer": "Answer not available"}, {"question": "Is this thunderbolt 3.1?", "answer": "No thunderbolt. HDMI 2.0, USB 2.0 and USB 3.1."}, {"question": "Does it has international warranty?", "answer": "Yes, as long as there is an official local after-sales service."}, {"question": "Is this the best gaming laptop for an under $1,000 budget? i was also thinking of getting a lenovo l340 gtx 1660 i7 but this was $100 cheaper lol....", "answer": "This laptop is amazing. I love it. Very fast and amazing video. IMO it is the best you can get under $1000. I researched a lot of laptops and especially the new AMD Ryzen and it has not disappointed. Same speeds or better as the Intel but much cheaper. I got the 17' and it's perfect. Highly recommend."}, {"question": "The keyboard is eligible at spanish language?", "answer": "YES"}, {"question": "How much FPS does it have", "answer": "Depends on what games you are playing."}, {"question": "If i wanted to use this solely for star wars the old republic mmo game, would this work fine?", "answer": "Absolutely! This is a VERY fast gaming machine and ASUS knows gaming! I love mine and use it for much more complicated and demanding graphics games."}, {"question": "What is the screen refresh rate?", "answer": "60 hz"}, {"question": "Is this the \"asus tuf fx705d\" model?", "answer": "Yes"}, {"question": "Will this support a second, external, monitor/tv? If so, through which connection?", "answer": "I don't know. in regards to external monitors, I attempted to hook it up to my tv using a 35' HDMI cable and it was not powerful enough to hold a signal which was really depressing."}, {"question": "How can i get it off of the asus bios utility page?", "answer": "Answer not available"}, {"question": "Is it possible to have a higher refresh rate if using a separate, extended monitor?", "answer": "Answer not available"}, {"question": "Does this laptop comes with International warranty ?", "answer": "Answer not available"}, {"question": "Can i max out my ssd with 2tb?", "answer": "If memory serves there is a m. 2 nvme slot and a 2.5 SSD slot. So you can get 6tb."}], "time": ["09/04/2021 17:25:17"], "reviewsCountInfo": {"expRevCount": 69, "actRevCount": 69, "nonEnglishRevCount": 2}, "scrapperInfo": {"Version": "1.3.2", "Released Date": "08/04/2021"}, "productURL": "https://www.amazon.com/gp/product/B07V5FPM21", "ASIN": "B07V5FPM21", "title": "2019 ASUS TUF 17.3\" FHD Gaming Laptop Computer, AMD Ryzen 7 3750H Quad-Core up to 4.0GHz, 8GB DDR4 RAM, 512GB PCIE SSD, GeForce GTX 1650 4GB, 802.11ac WiFi, Bluetooth 4.2, HDMI, Windows 10", "manufacturer": " ASUS Store", "currentPrice": "$1,299.99", "rating": "4.5", "totalRatings": "292 "}