{"features": [], "reviewsAspects": [], "productInformation": [{"\nASIN\n": "\nB07VN6DXKV\n", "Customer Reviews": "\n\n\n\n\n\n\n4.0 out of 5 stars\n\n\n\n\n\n\n\n\n5 ratings\n\n\n\n\n\n\n4.0 out of 5 stars\n", "\nDate First Available\n": "\nJuly 23, 2019\n"}], "productDescription": "", "reviews": [{"reviewerName": "LESTER REID", "reviewerUrl": "https://www.amazon.com/gp/profile/amzn1.account.AEWV7742HJ4OAZTXTADYQGZAQQ5A/ref=cm_cr_arp_d_gw_btm?ie=UTF8", "rating": "1.0 out of 5 stars", "reviewTitle": "WRONG THING OK.", "reviewDate": "March 13, 2020", "reviewText": "  SHUD HAVE BEEN A LAPTOP NOT A NOTE BOOK OK.", "is_Helpful": ""}, {"reviewerName": "MIKE", "reviewerUrl": "https://www.amazon.com/gp/profile/amzn1.account.AGZRHHDQYUFSJ2ELZDEJIMGJZ7NQ/ref=cm_cr_arp_d_gw_btm?ie=UTF8", "rating": "5.0 out of 5 stars", "reviewTitle": "terrific", "reviewDate": "March 3, 2020", "reviewText": "  is amazing so fast lots of memory, better that I was hoping for", "is_Helpful": ""}, {"reviewerName": "test", "reviewerUrl": "https://www.amazon.com/gp/profile/amzn1.account.AE7HOGV76EDCFQFMTYPOZ6CZPK4A/ref=cm_cr_arp_d_gw_btm?ie=UTF8", "rating": "5.0 out of 5 stars", "reviewTitle": "Acer", "reviewDate": "December 30, 2019", "reviewText": "  Works Great.", "is_Helpful": ""}], "qAndA": [{"question": "Does it have Ethernet port", "answer": "It has every port imaginable. It has a serial port, an Ethernet port, a HDMI port, 2 USB ports and a USB C port."}, {"question": "What is the rated display brightness?", "answer": "Answer not available"}, {"question": "Is it Wi-Fi", "answer": "it has wifi capabilities"}, {"question": "What is the full model number? The specs only say \"Acer\"", "answer": "Model # N16Q2 is what I'm reading from the bottom of the laptop. Hope this helps you."}], "time": ["09/04/2021 18:56:22"], "reviewsCountInfo": {"expRevCount": "3", "actRevCount": 3, "nonEnglishRevCount": 0}, "scrapperInfo": {"Version": "1.3.2", "Released Date": "08/04/2021"}, "productURL": "https://www.amazon.com/gp/product/B07VN6DXKV", "ASIN": "B07VN6DXKV", "title": "Acer 2020 Aspire E5 15.6 Inch FHD Laptop (Intel Dual Core i3-8130U up to 3.4 GHz, 8GB RAM, 1TB HDD, Intel HD Graphics 620, WiFi, Bluetooth, HDMI, DVD, Windows 10 Home)", "manufacturer": " Acer Store", "currentPrice": "", "rating": "4.0", "totalRatings": "5 "}