{"features": ["Powered by latest 9th Generation Intel Hexa-Core i7-9750H Processor @ 2. 60GHz(6 Cores, 12M Cache, up to 4. 50 GHz), Powerful 6-core, twelve-way processing performance.", "15. 6\u201d FHD (1920 x 1080) IPS anti-glare display: The 1920 x 1080 resolution boasts impressive color and clarity. IPS technology for wide viewing angles. Energy-efficient LED backlight. NVIDIA GeForce GTX 1650 4GB GDDR5 dedicated graphics", "24GB DDR4 2400 SDRAM Memory for full-power multitasking; 1TB HDD + 512GB PCIE SSD offer enough storage for your files. Pci-e SSDs are great for major gaming applications, multiple servers, daily backups, and more.", "802. 11 AC (2 x 2) + Bluetooth 4. 1; 3 x USB 3. 1 Gen 1, Mini DisplayPort 1. 4, HDMI 2. 0, RJ45 Ethernet, Kensington Wedge Lock slot, 1 x USB 3. 1 Gen 2 Type-C, 3. 5mm microphone/headphone combo, NOVO hole", "Windows 10 Home; White-backlit Keyboard; Up to 5 hours of battery life"], "reviewsAspects": ["gaming laptop", "super fast", "computer", "keyboard", "key", "games", "ssd", "legion", "machine", "ram", "graphics", "modern", "laptops", "performance", "specs", "spend", "button", "choice", "external"], "productInformation": [{"\nASIN\n": "\nB07VT4RJ51\n", "Customer Reviews": "\n\n\n\n\n\n\n4.6 out of 5 stars\n\n\n\n\n\n\n\n\n167 ratings\n\n\n\n\n\n\n4.6 out of 5 stars\n", "\nBest Sellers Rank\n": "\n\n#15,781 in Computers & Accessories (See Top 100 in Computers & Accessories)\n\n#2,286 in Traditional Laptop Computers\n\n\n", "\nDate First Available\n": "\nJuly 29, 2019\n"}], "productDescription": "Product description\nProcessor 9th Generation Intel Core i7-9750H Processor (2. 60GHz, up to 4. 50GHz with Turbo Boost, 6 Cores, 12MB Cache) Operating System Windows 10 Home Graphics NVIDIA GeForce GTX 1650 4GB Memory 24GB DDR4 2666 MHz Storage 1TB HDD + 512GB PCIE SSD Display 15. 6\u201d FHD (1920 x 1080) IPS anti-glare 60Hz 250 nits Camera 720p HD camera with microphone Audio Harman speakers with Dolby Atmos for Gaming Connectivity 802. 11 AC (2 x 2) + Bluetooth 4. 1 Ports / Slots 3 x USB 3. 1 Gen 1 Mini DisplayPort 1. 4 HDMI 2. 0 RJ45 Ethernet Kensington Wedge Lock slot 1 x USB 3. 1 Gen 2 Type-C 3. 5mm microphone/headphone combo NOVO hole Keyboard White-backlit Battery Up to 5 hours 57 Wh Dimensions (W x D x H) 14. 4\u201d x 10. 2\u201d x 1. 02\u201d / 365 x 260 x 25. 9 (mm) Weight Starting at 5. 1 lbs (2. 3 kg) Color Raven Black What's in the box Legion Y540 15\" 230w AC adapter 3 Cell Li-Polymer, 57Wh internal battery Quick start guide", "reviews": [{"reviewerName": "Preston", "reviewerUrl": "https://www.amazon.com/gp/profile/amzn1.account.AHQKEEQW4AYEUD4DOIQLY2T2NRJQ/ref=cm_cr_getr_d_gw_btm?ie=UTF8", "rating": "4.0 out of 5 stars", "reviewTitle": "Great computer, fatal charging port flaw.", "reviewDate": "March 30, 2021", "reviewText": "\"  I got this for my wife and it has been a great gaming laptop for all the games she plays. Only issue, and it seems to be a pretty common one, is the charging port that you plug the power supply into comes loose. We tried several work around to keep it secure, but eventually had to pay to get the charging port replaced. It wasnt an expensive fix (about $150 in total including mailing it to a specialist) but it was annoying and beyond my ability to fix it due to being soldered to the motherboard.\"", "is_Helpful": ""}, {"reviewerName": "a guy", "reviewerUrl": "https://www.amazon.com/gp/profile/amzn1.account.AEBT56PG4TRBTNUM5BO5IADCEILQ/ref=cm_cr_getr_d_gw_btm?ie=UTF8", "rating": "5.0 out of 5 stars", "reviewTitle": "Good for gaming laptop", "reviewDate": "February 14, 2021", "reviewText": "  I bought this like an year ago, I spent more than a grand on this but I\u2019m glad I did., Latest Gen ram is faster. 512GB SSD helps it to boot faster, GeForce GTX graphics card is amazing. I play quite a bit, happy purchase., If you want just laptop for your studying, coding then you don\u2019t need this. Purely for gaming.", "is_Helpful": ""}, {"reviewerName": "C, McLake", "reviewerUrl": "https://www.amazon.com/gp/profile/amzn1.account.AG63YOCSY2ET2BSFEKYZEXIFG3TA/ref=cm_cr_getr_d_gw_btm?ie=UTF8", "rating": "1.0 out of 5 stars", "reviewTitle": "RUN...dont walk...RUN to a different manufacturer", "reviewDate": "February 3, 2021", "reviewText": "  Whatever you do, do not purchase a Lenovo product. I purchased a Lenovo Legion y740 gaming laptop over Black Friday of 2019. I had originally ordered from another manufacturer but they had advised that they would take 6 weeks to ship so I cancelled and purchased the Legion., \"I didnt start using it until June of 2020 when I finally decided to purchase a new antivirus software. I refused to use it until I had something on it and my old laptop was still working so there was no rush. Additionally, I dont use my computer for gaming, I use it mainly for things that I think require additional security, banking, 401k mgmt, online shopping and paying bills.\", \"If I used this computer more than 30 times between June of 2020 and Monday February 1st 2021, I would honestly be surprised. On Monday February 1st 2021 I turned on the laptop and it started to boot up and then the screen went black. I thought it might have been a low battery as I hadnt used it in a while so I plugged it in to let the battery charge. Once the battery indicator above the port for the battery charger indicated that it was charged, I tried to turn it on again. The screen remained black.\", I was at work so I googled the issue and it appears to be a common issue along the entire Lenovo lineup. I called the warranty support line and provided my serial number. Customer service was in another country and they said it was impossible to speak with someone state side. (Speaking with someone in the US was easy enough when I was purchasing the laptop over the phone though.) They told me that my warranty ran out in December of 2020. They tried to help me troubleshoot the issue but there was nothing to be done. They then reiterated that I was out of warranty and that there was nothing that they could do., \"If this was a $400 laptop, I wouldnt be upset, but I paid close to $1,600 with tax for this PC and used it less than 30 times until it broke. Now I have to take it somewhere to have it fixed and spend between $100 and $400 for the repair based on what I have seen online.\", You would think that an American company (IBM) would take better care of their customers. But this is no longer an American company. Lenovo is now Chinese owned and it appears that they could give a crap less about building a quality product or taking care of their customers., If you are in the market for a laptop, look elsewhere to other manufacturers, avoid Lenovo at all costs or it will cost you in the future. Google \"Lenovo black screen\" there are plenty of threads regarding this.", "is_Helpful": ""}, {"reviewerName": "Matthew Lee", "reviewerUrl": "https://www.amazon.com/gp/profile/amzn1.account.AEQAYUQXSAYSR52MLZ4MKKKRVWKQ/ref=cm_cr_getr_d_gw_btm?ie=UTF8", "rating": "5.0 out of 5 stars", "reviewTitle": "A Nice Laptop", "reviewDate": "January 30, 2021", "reviewText": "  My main things with getting a new laptop were: 1) Price, 2) Weight, and 3) Specs., \"I dont do that many demanding things that any basic computer nowadays wouldnt be able to do, but I was looking to get something a bit better than what Ive always worked with, specifically with gaming. Most of the games I play are a bit older, and this computer can run them at peak settings without lag (sorry, cant comment about more modern games).\", \"As for weight, I wanted something lighter than my older laptop, especially since I travel. Although, like most modern laptops this doesnt have a built-in CD/DVD-Rom player which makes it thinner, it still feels to be the same weight as my old, heavy laptop which was somewhat disappointing to discover.\", Overall, I think if you\\re looking for a nice \"middle\" computer - one of the decade and able to run things smoothly - this is great. Again, my computer needs/wants are fairly simple, and this laptop has been perfectly fine for what I do.", "is_Helpful": ""}, {"reviewerName": "Joel Ags", "reviewerUrl": "https://www.amazon.com/gp/profile/amzn1.account.AEXS7NUEWTUSJWT57EK7JR6ZHR5A/ref=cm_cr_getr_d_gw_btm?ie=UTF8", "rating": "1.0 out of 5 stars", "reviewTitle": "\"SSD went bad in just 5 months, seller wont respond.\"", "reviewDate": "September 21, 2020", "reviewText": "  Purchased a $1200 laptop with an upgraded SSD and after only 5 months, the SSD goes bad and its not covered under manufacture warranty because seller put in a 3rd party SSD.  Seller will not respond to my requests and proof of the bad SSD.  Do not buy from this seller.", "is_Helpful": ""}, {"reviewerName": "Robin", "reviewerUrl": "https://www.amazon.com/gp/profile/amzn1.account.AE635LNGDDTZ6CLMIRUMTJWXX3TA/ref=cm_cr_getr_d_gw_btm?ie=UTF8", "rating": "4.0 out of 5 stars", "reviewTitle": "Awesome Gaming Laptop", "reviewDate": "September 8, 2020", "reviewText": "  I bought this laptop not expecting much because I had a terrible history with other laptops., However, this laptop managed to handle itself really well and the customer service they had was very helpful as well., \"I would recommend it to anyone whos planning on starting gaming as this laptop can gandle itself and other hardcore games.\"", "is_Helpful": ""}, {"reviewerName": "Amazon Customer", "reviewerUrl": "https://www.amazon.com/gp/profile/amzn1.account.AE752ZR7BCM2WPDLMGU546C3VCNQ/ref=cm_cr_getr_d_gw_btm?ie=UTF8", "rating": "2.0 out of 5 stars", "reviewTitle": "Webcam is unusable", "reviewDate": "August 24, 2020", "reviewText": "  Webcam is located near the lid hinge. In order to center your face laptop keyboard needs to be at eye level. Works great with external webcam.", "is_Helpful": ""}, {"reviewerName": "Patsym", "reviewerUrl": "https://www.amazon.com/gp/profile/amzn1.account.AHSV6JP5J4JGFPTQTGPJ2ESOUPQA/ref=cm_cr_getr_d_gw_btm?ie=UTF8", "rating": "5.0 out of 5 stars", "reviewTitle": "\"This Laptop is the easiest Ive ever had to setup\"", "reviewDate": "July 22, 2020", "reviewText": "  Fast, furious, and a breeze to sync all my settings, history, passwords, etc... never have I ever had it so easy in setting up new hardware... Great speed and graphics capabilities. I am not a gamer. I am a website developer and graphic designer, and this is the perfect laptop for marketing professionals.", "is_Helpful": ""}, {"reviewerName": "Amazon Customer", "reviewerUrl": "https://www.amazon.com/gp/profile/amzn1.account.AHFBL5PWU6SB2KEN7AWXXJAAMQQQ/ref=cm_cr_getr_d_gw_btm?ie=UTF8", "rating": "2.0 out of 5 stars", "reviewTitle": "Crap keyboard", "reviewDate": "July 19, 2020", "reviewText": "  Keyboard stopped working after only 2 weeks", "is_Helpful": ""}, {"reviewerName": " Carson", "reviewerUrl": "https://www.amazon.com/gp/profile/amzn1.account.AE7NZEFL4HLUOBFDUVVYM4VSGQIQ/ref=cm_cr_getr_d_gw_btm?ie=UTF8", "rating": "1.0 out of 5 stars", "reviewTitle": "Waste of effort", "reviewDate": "July 17, 2020", "reviewText": "  Had the computer for 2 days and already have a problem.", "is_Helpful": ""}, {"reviewerName": "Joseph H.", "reviewerUrl": "https://www.amazon.com/gp/profile/amzn1.account.AGTQNA7VL43WQRLT26P6MNZ7JCBA/ref=cm_cr_getr_d_gw_btm?ie=UTF8", "rating": "5.0 out of 5 stars", "reviewTitle": "The best laptop I have ever owned. Expensive, and worth it.", "reviewDate": "July 17, 2020", "reviewText": "\"  Amazing product. This absolutely doesnt struggle or hesitate in any situation that I have encountered with it.\"", "is_Helpful": ""}, {"reviewerName": "Ricardo", "reviewerUrl": "https://www.amazon.com/gp/profile/amzn1.account.AGDAYTDP7P4RROQ3EFXT3KGJXTAA/ref=cm_cr_getr_d_gw_btm?ie=UTF8", "rating": "5.0 out of 5 stars", "reviewTitle": "2019 Lenovo Legion Y540 15.6\" FHD Gaming Laptop", "reviewDate": "July 11, 2020", "reviewText": "  Amazing gaming laptop, exactly what I was looking for. Top class components will give any gamer a great experience.", "is_Helpful": "One person found this helpful"}, {"reviewerName": "Zoilo Rivera", "reviewerUrl": "https://www.amazon.com/gp/profile/amzn1.account.AEYKHAIEPAVKO77SIB3GGTSNE2HQ/ref=cm_cr_getr_d_gw_btm?ie=UTF8", "rating": "1.0 out of 5 stars", "reviewTitle": "Broke 2 days after return window!!", "reviewDate": "July 1, 2020", "reviewText": "  Worked fine and only like 2 days after my return window from Amazon the mouse button breaks!!", "is_Helpful": "One person found this helpful"}, {"reviewerName": "Qiongfang", "reviewerUrl": "https://www.amazon.com/gp/profile/amzn1.account.AF3GMXPF2NDR4V3OY7DH63YGT23Q/ref=cm_cr_getr_d_gw_btm?ie=UTF8", "rating": "1.0 out of 5 stars", "reviewTitle": "Y540 in Y545 pro shell", "reviewDate": "June 25, 2020", "reviewText": "\"  They sent me Y545 pro instead of Y540, while with all correct hardware set up. That is really weird! And I dont think this laptop is a brand new one. It is more possible that the laptop is rebuilded and occasionally with the wrong case model\u2026\u2026and i was trying to upload some photos but failed. I dont know why\"", "is_Helpful": "2 people found this helpful"}, {"reviewerName": "Bill Mac", "reviewerUrl": "https://www.amazon.com/gp/profile/amzn1.account.AHAQNT2MOSXT4V5MP5NCJ6MEXA4A/ref=cm_cr_getr_d_gw_btm?ie=UTF8", "rating": "2.0 out of 5 stars", "reviewTitle": "Horrible Keyboard Desig", "reviewDate": "June 19, 2020", "reviewText": "  Look at the photo of the keyboard. The windows operating system, from day one, has used CTL+Home to mean \"goto top left of the document\" and CTL+LeftArrow to \"go to the beginning of the line\" (same for CTL+End and CTL-RArrow). For this reason, the Home key (and End Key) could not be the same as the arrow keys. Traditionally, Home was the numeric 7 and End was numeric 1 on the number pad., Lenovo, for absolutely no functional reason, has completely screwed the pooch on the Legion machine keyboards. They put the Home key on the Left Arrow and the End Key on the right arrow - and now the keyboard is no longer windows compliant (i.e. it no longer operates with the official windows keyboard shortcuts CTL+Home and CTL+End. Instead, Lenovo tries to \"fix\" this by turning the 2-key combination into a 3-key combination (you have to hold the FN key in addition to CTL+Home) ... and when you want to select the text (in windows a 3 key combo SHFT+CTL+Home) now becomes a 4 key combo on the Legion keyboard (FN+SHFT+CTL+Home) ... just experiment with that on your own keyboards., \"Of course, if you dont use the CTL+Home shortcut keys, then it wont matter and the computer is otherwise a great machine. I have a prior generation of the same machine and love it - of course mine has a normal keyboard - I bought the Legion y540 and had to return it because the keyboard key combinations described above made the machine literally unusable for me. And it is a shame, because there is zero reason to have moved the home and end keys from their normal association with numeric-7 and 1.\"", "is_Helpful": "One person found this helpful"}, {"reviewerName": "Guruss", "reviewerUrl": "https://www.amazon.com/gp/profile/amzn1.account.AES4A6CBNWG2G7BIHNZCZXUFDI2A/ref=cm_cr_getr_d_gw_btm?ie=UTF8", "rating": "1.0 out of 5 stars", "reviewTitle": "Defective product", "reviewDate": "May 20, 2020", "reviewText": "  I got an error with this laptop after 3 hrs from receiving it. and it reboots every hour.", "is_Helpful": "One person found this helpful"}, {"reviewerName": "Marc Acosta", "reviewerUrl": "https://www.amazon.com/gp/profile/amzn1.account.AEGAAZD7WHYAI5BUBEED6DFBYWGA/ref=cm_cr_getr_d_gw_btm?ie=UTF8", "rating": "4.0 out of 5 stars", "reviewTitle": "Great except for the number pad.", "reviewDate": "April 18, 2020", "reviewText": "\"  Everything about it is great, except it does not have an enter key for the number pad.  Either go all the way or don\u2019t go at all.  Oh yea, and it doesnt have an SD slot.\"", "is_Helpful": "One person found this helpful"}, {"reviewerName": "Derek Kinsaul", "reviewerUrl": "https://www.amazon.com/gp/profile/amzn1.account.AHHWZPBTCGUUTPXWA2QOLXLOSLMQ/ref=cm_cr_getr_d_gw_btm?ie=UTF8", "rating": "1.0 out of 5 stars", "reviewTitle": "Least stable laptop I have ever purchased", "reviewDate": "March 30, 2020", "reviewText": "  Bought 3 Lenovo laptops for business use. All 3 have had multiple problems ranging from bad wifi connection issues, weekly crashes (blue screen of death) and charging issues. I will never purchase another Lenovo product.", "is_Helpful": "2 people found this helpful"}, {"reviewerName": "Jacek Stopa", "reviewerUrl": "https://www.amazon.com/gp/profile/amzn1.account.AFLI4FFFSFLOTVS7EAVEZ5SMPYKQ/ref=cm_cr_getr_d_gw_btm?ie=UTF8", "rating": "5.0 out of 5 stars", "reviewTitle": "Great screen", "reviewDate": "March 21, 2020", "reviewText": "  Good stuff very useful", "is_Helpful": "One person found this helpful"}, {"reviewerName": "Chris M.", "reviewerUrl": "https://www.amazon.com/gp/profile/amzn1.account.AH4D52GGA5KZZNU2Q4F6E2AFSVGQ/ref=cm_cr_getr_d_gw_btm?ie=UTF8", "rating": "1.0 out of 5 stars", "reviewTitle": "Lemon - Would not even turn o", "reviewDate": "March 11, 2020", "reviewText": "\"  Upon pressing power button it just powered on and off constantly. NBD really, and they refunded the money, but its just a pain to have to jump through the hoops to return and a bummer to not get the laptop I had my heart set on.\"", "is_Helpful": "2 people found this helpful"}, {"reviewerName": "Hoggard ", "reviewerUrl": "https://www.amazon.com/gp/profile/amzn1.account.AFUYSW22F6BUCBUEXLQORODTBIGA/ref=cm_cr_getr_d_gw_btm?ie=UTF8", "rating": "5.0 out of 5 stars", "reviewTitle": "awesome deal", "reviewDate": "March 8, 2020", "reviewText": "  this is the best offer out there!! great performance so far!", "is_Helpful": ""}, {"reviewerName": "JenC83", "reviewerUrl": "https://www.amazon.com/gp/profile/amzn1.account.AHCMWHT3VEA2KAY5MHSSVLUB7MUA/ref=cm_cr_getr_d_gw_btm?ie=UTF8", "rating": "5.0 out of 5 stars", "reviewTitle": "Exactly what I needed", "reviewDate": "March 7, 2020", "reviewText": "  A great laptop that is fast even when large programs that have higher end minimum requirements are loaded and running. Very pleased with this computer!", "is_Helpful": ""}, {"reviewerName": "mister joyboy", "reviewerUrl": "https://www.amazon.com/gp/profile/amzn1.account.AF3OKYSB4JCMLIH6I34AHSSFH5OA/ref=cm_cr_getr_d_gw_btm?ie=UTF8", "rating": "5.0 out of 5 stars", "reviewTitle": "My new Legion is powerful, indeed!", "reviewDate": "March 1, 2020", "reviewText": "  This beautifully designed machine is incredible, so much bang for the buck. It will take a minute to learn how to harness its power and abilities, and I look forward to doing it! The only drawback is that I\u2019ve gotten so used to the touchscreen on my iPad, that I keep touching the screen to no avail, until I remember,\u201dHey stupid, it\u2019s not touchscreen!\u201d.", "is_Helpful": "One person found this helpful"}, {"reviewerName": "frank  wilson", "reviewerUrl": "https://www.amazon.com/gp/profile/amzn1.account.AHO3ZZY52CEVNLFAMZBIXKRB2T7A/ref=cm_cr_getr_d_gw_btm?ie=UTF8", "rating": "3.0 out of 5 stars", "reviewTitle": "Mixed,  with a good vendor", "reviewDate": "February 24, 2020", "reviewText": "  Overall a good midlevel gaming laptop.  Cons  a proprietary powercord setup,  and the original  that arrived with the laptop did not work. ( the online tech support was great fast efficient and friendly,  new power source shipped with in a day.  Screen is a few shades darker than most., Pro.  Good sound system, excellent cooling system.  And the processesor can handle everything I have been able to throw at it with no slowing the speed.", "is_Helpful": "One person found this helpful"}, {"reviewerName": "Cassandra", "reviewerUrl": "https://www.amazon.com/gp/profile/amzn1.account.AHFKVA5KLEKPJ5F3KHF55VNCLS3Q/ref=cm_cr_getr_d_gw_btm?ie=UTF8", "rating": "5.0 out of 5 stars", "reviewTitle": "Simply Amazing", "reviewDate": "February 23, 2020", "reviewText": "\"  Unbelievably spectacular!! I can play modern day computer games \ud83d\ude01! This is my first gaming laptop and by far the best computer of any kind that Ive ever had. I love the backlight keyboard. Video is wonderful. Its super fast. Battery life isnt the greatest, but I knew that going in. I mostly use this at home or other places I could plug in somewhere.\"", "is_Helpful": ""}, {"reviewerName": "Lunch", "reviewerUrl": "https://www.amazon.com/gp/profile/amzn1.account.AHOPWP6NJTOXD5PBYLDPTPSNMZAQ/ref=cm_cr_arp_d_gw_btm?ie=UTF8", "rating": "4.0 out of 5 stars", "reviewTitle": "For the price, the best gaming laptop", "reviewDate": "February 22, 2020", "reviewText": "  For the money, you cannot beat it (no really). For a laptop, this thing blazes, especially for the price., It is small (slim), and has a handsome professional look without the flare of colors and lights, and really great package overall., \"Its a 60hz, so be aware of that, but you can easily hook into a 120hz or 244hz monitor though.\", While the keyboard is backlit, it feels cheap., The mouse pad is standard and you can disable it with a keyboard fiction key., 24GB RAM, great professor, fast mobile GFX, no bloatware, and great hard drive/ solid state options., SSD and HDD are blazing fast, the thing really operates well for the price", "is_Helpful": "One person found this helpful"}, {"reviewerName": "Ariel Girardi", "reviewerUrl": "https://www.amazon.com/gp/profile/amzn1.account.AFVPVJGLSARZWRQRG5H73FGGZUHQ/ref=cm_cr_getr_d_gw_btm?ie=UTF8", "rating": "5.0 out of 5 stars", "reviewTitle": "Legio", "reviewDate": "February 18, 2020", "reviewText": "  It is a gorgeous computer", "is_Helpful": ""}, {"reviewerName": "Taylor Brown", "reviewerUrl": "https://www.amazon.com/gp/profile/amzn1.account.AED6EB4W7YLHEYEJUETPO4OXGVNA/ref=cm_cr_arp_d_gw_btm?ie=UTF8", "rating": "5.0 out of 5 stars", "reviewTitle": "Game develpment, music recording, running OBS studio, performing great.", "reviewDate": "February 17, 2020", "reviewText": "\"  My 3rd Lenovo laptop and extremely pleased. The specs on this thing for the price blew anything else out of the water when I was searching for a laptop that can handle my RAM and processing heavy hobbies. Keyboard is just right. Responsive trackpad that I actually dont mind using. Heavy workload with no performance issues. The RAM size, SSD size, i7 cpu, graphics card, all perfect for unity game dev. Probably would be great with UE as well. Very satisfied customer.\"", "is_Helpful": "10 people found this helpful"}, {"reviewerName": "Henderson", "reviewerUrl": "https://www.amazon.com/gp/profile/amzn1.account.AEN4UOPXYNHGUI2EO43MXS4SLJ4A/ref=cm_cr_getr_d_gw_btm?ie=UTF8", "rating": "1.0 out of 5 stars", "reviewTitle": "Worst Support Ever.", "reviewDate": "February 15, 2020", "reviewText": "  Purchased a $900+ Lonovo Laptop in late November. By mid-February the built in camera stopped functioning. Their response: \"Your product is no longer supported.\" I\\ll never spend another cent on anything this company touches.", "is_Helpful": ""}, {"reviewerName": "Karen", "reviewerUrl": "https://www.amazon.com/gp/profile/amzn1.account.AGBFJMP7LQDLL5DZD4GC3DI7AMOA/ref=cm_cr_getr_d_gw_btm?ie=UTF8", "rating": "5.0 out of 5 stars", "reviewTitle": "Perfect for what I wanted!", "reviewDate": "February 4, 2020", "reviewText": "  Excellent product! I use for transcription and Minecraft mostly. Works quickly and without any \u201cstraining\u201d of any kind.", "is_Helpful": ""}, {"reviewerName": "Denis Rodr\u00edguez E", "reviewerUrl": "https://www.amazon.com/gp/profile/amzn1.account.AEOHG5OT42DVGSDDHZK47QITDKIQ/ref=cm_cr_getr_d_gw_btm?ie=UTF8", "rating": "5.0 out of 5 stars", "reviewTitle": "You must buy it", "reviewDate": "February 1, 2020", "reviewText": "  Everithing i want it", "is_Helpful": ""}, {"reviewerName": "GUSTAVO GUTI\u00c9RREZ", "reviewerUrl": "https://www.amazon.com/gp/profile/amzn1.account.AGZYISA3ETUGECA3PW5GXIZJNVBA/ref=cm_cr_getr_d_gw_btm?ie=UTF8", "rating": "5.0 out of 5 stars", "reviewTitle": "Excellent equipment", "reviewDate": "January 30, 2020", "reviewText": "  Excellent performance, quality, and appearance.", "is_Helpful": ""}, {"reviewerName": "keith richards", "reviewerUrl": "https://www.amazon.com/gp/profile/amzn1.account.AGAHSZDQGDZZEAORZTHGMW3EDCHA/ref=cm_cr_getr_d_gw_btm?ie=UTF8", "rating": "5.0 out of 5 stars", "reviewTitle": "Cool LapTop", "reviewDate": "January 30, 2020", "reviewText": "  Fast Powerful and well made.  Good choice for Gamming or any type of computing.", "is_Helpful": "One person found this helpful"}, {"reviewerName": "StarWolf", "reviewerUrl": "https://www.amazon.com/gp/profile/amzn1.account.AHF3PIVJGQ7SDR76JD2M5B72X6UA/ref=cm_cr_arp_d_gw_btm?ie=UTF8", "rating": "5.0 out of 5 stars", "reviewTitle": "\"Its a good Gaming labtop.\"", "reviewDate": "January 28, 2020", "reviewText": "\"  as of today (1/28/2020) this lab top has been one of the best one i have tested and im glad i bought it. However I do have a bias towards IBM/Lenovo as I have used there think pads be for from when was a kid to well now. Granted my bias has now been divided between both IBM/Lenovo and Toshiba.  However since Toshiba one hasn\u2019t developed a gaming PC and two Lenovo has been killing it in the game pc market. As seen by this gaming lab top as it holds up pretty well to a gaming tower. Not 1 to 1 but it is a good option to consider.\"", "is_Helpful": "10 people found this helpful"}, {"reviewerName": "headhunterboy", "reviewerUrl": "https://www.amazon.com/gp/profile/amzn1.account.AE4T3TXKYECECNY3CQZ6FVV6R6SQ/ref=cm_cr_getr_d_gw_btm?ie=UTF8", "rating": "5.0 out of 5 stars", "reviewTitle": "fast delivery, accurate description", "reviewDate": "January 23, 2020", "reviewText": "  we had it delivered for post xmas gift -- arrived on time, as described -- works like a charm.  recommended seller", "is_Helpful": ""}, {"reviewerName": "Kevin Vu", "reviewerUrl": "https://www.amazon.com/gp/profile/amzn1.account.AHH3XHUAP2KFN7OJNI5BHWJDFFNQ/ref=cm_cr_arp_d_gw_btm?ie=UTF8", "rating": "5.0 out of 5 stars", "reviewTitle": "Works quickly and efficiently + the numpad is located above the arrow keys.", "reviewDate": "January 19, 2020", "reviewText": "\"  The laptop is preeeetty good. I can finally play the Witcher 3 + I finally got to see max settings on League for the first time \ud83d\ude02\ud83d\ude02. The laptop is near silent while I browse on chrome with ~20 tabs loaded with youtube videos and only started to vent when I played really intense games like Monster Hunter or other games that required a few GB dedicated graphics memory. The numpad is right above the arrow keys and the home/pgup/etc buttons can only be used with the function button, but this isnt a problem if you use an external keyboard like I do. The screen can also fold all the way back, awesome for watching movies in bed or somewhere comfortable. Most of the usb and charger ports are in the back of the laptop as well, although there are additional usb ports on the left and right sides. The delivery was also quick and easy - it came in ~ a week and they also had me sign to ensure it wouldnt be left on the porch abd get stolen. Overall, Im pretty happy with the laptop. If youre looking more into this model, there are a few good comparisons on YouTube between this one and Lenovo or other gaming laptops.\"", "is_Helpful": "18 people found this helpful"}, {"reviewerName": "Mao Aviles", "reviewerUrl": "https://www.amazon.com/gp/profile/amzn1.account.AGW3PRCYPOBU3D6C4BKJRLVGKVNA/ref=cm_cr_getr_d_gw_btm?ie=UTF8", "rating": "1.0 out of 5 stars", "reviewTitle": "Regretting of buying this one", "reviewDate": "January 17, 2020", "reviewText": "  Its develpment seems to be lower everyday. Its been just 8 months since I bought it and almost 6 months scince I started using it. (little delayed scince a friend brought it to my home country). Altough Im very dissaponted because its fangs sound is getting louder and louder every day, its development seems to be less effective every day and letter \"N\" has to be pressed so hard to work. Dont buy it.", "is_Helpful": ""}, {"reviewerName": "Brianna", "reviewerUrl": "https://www.amazon.com/gp/profile/amzn1.account.AFMERPR7UCMIALZ7CWWGULYAHYWQ/ref=cm_cr_getr_d_gw_btm?ie=UTF8", "rating": "5.0 out of 5 stars", "reviewTitle": "Quality is good", "reviewDate": "January 15, 2020", "reviewText": "  Its the best it\u2019s really fast and the quality it really good.", "is_Helpful": ""}, {"reviewerName": "Yunhe Wang", "reviewerUrl": "https://www.amazon.com/gp/profile/amzn1.account.AF4FF6HN6O4BOBQ6SOJVCSXLGEAA/ref=cm_cr_getr_d_gw_btm?ie=UTF8", "rating": "5.0 out of 5 stars", "reviewTitle": "Satisfied", "reviewDate": "January 10, 2020", "reviewText": "  Really amazing gaming laptop for so low price. 100% satisfied.", "is_Helpful": ""}, {"reviewerName": "Jazm\u00edn S\u00e1nchez", "reviewerUrl": "https://www.amazon.com/gp/profile/amzn1.account.AEUEPFKWKC4V3VWTZB6TQPBTZQMA/ref=cm_cr_getr_d_gw_btm?ie=UTF8", "rating": "5.0 out of 5 stars", "reviewTitle": "\"Excellent laptop if you dont mind having to use the changer.\"", "reviewDate": "January 6, 2020", "reviewText": "\"  Excellent laptop, especially for what it costs. It feels really nice and its super fast as expected. It runs games very smoothly without getting very hot or making to much noise with the fans. My only two complains so far are that the camera is on the bottom and its not great for having video calls and of course the battery life. But I bought it knowing does two faults, so I still think its a great choice.\"", "is_Helpful": "2 people found this helpful"}, {"reviewerName": "Zach Kolman", "reviewerUrl": "https://www.amazon.com/gp/profile/amzn1.account.AGJIQK5MXSM7VYVDMOSPEK5PO7CA/ref=cm_cr_arp_d_gw_btm?ie=UTF8", "rating": "3.0 out of 5 stars", "reviewTitle": "Stuck pixel within weeks, but good performance", "reviewDate": "January 5, 2020", "reviewText": "  I got this thing to do primarily 3D work, involving Blender, Substance, etc. As well as some light gaming. The computer runs Substance Painter like a dream, and modded Skyrim barely breaks a sweat., \"The Fan gets VERY loud, Im guessing from having such a great graphics processor but bottlenecked with a 2.8 CPU.\", \"I also was unfortunate that within only a few weeks, Ive been cursed with a stuck pixel. It doesnt stand out too much, but once you notice, it can be annoying. Even more so since this laptop is so new.\", \"Overall great performance marred by a glaring stuck pixel. Said pixel shouldnt deter from great specs though.\"", "is_Helpful": "10 people found this helpful"}, {"reviewerName": "Tony Cipri", "reviewerUrl": "https://www.amazon.com/gp/profile/amzn1.account.AERIWTJPNB2FJFACSCHUVIAB5WIQ/ref=cm_cr_arp_d_gw_btm?ie=UTF8", "rating": "5.0 out of 5 stars", "reviewTitle": "Perfect for what i need it for!", "reviewDate": "January 4, 2020", "reviewText": "\"  im upgrading to a modern laptop, as I have just used my phone for any web browsing.  I knew if i was going to spend any money on a computer, I would spend a little more than i wanted to make sure I got the best performance and aesthetics for the money. This computer is perfect for what I wanted. Ive never owned a gaming PC before, so i dont have high expectations, I just wanted it to be on par with what my playstation can do. This computer can run Forza Horizon 4 at 128- 160 FPS, and Call of Duty Modern Warfare 2019 at 70- 100+FPS. Cant ask for much more in a cheaper gaming laptop. Im perfectly happy. build quality is pretty good too.\"", "is_Helpful": "9 people found this helpful"}, {"reviewerName": "Joaquin M. Cuomo", "reviewerUrl": "https://www.amazon.com/gp/profile/amzn1.account.AHSWRDP3KW347W7WQVQ253OVVT7A/ref=cm_cr_getr_d_gw_btm?ie=UTF8", "rating": "5.0 out of 5 stars", "reviewTitle": "Great machine", "reviewDate": "January 1, 2020", "reviewText": "  Works great and the battery lasts", "is_Helpful": ""}, {"reviewerName": "maor", "reviewerUrl": "https://www.amazon.com/gp/profile/amzn1.account.AFTDKTWZCFDOYPOR34MYBIMY5WZA/ref=cm_cr_getr_d_gw_btm?ie=UTF8", "rating": "5.0 out of 5 stars", "reviewTitle": "Awesome computer", "reviewDate": "December 31, 2019", "reviewText": "  \\xa0Recived really quickly  looks as described", "is_Helpful": "2 people found this helpful"}, {"reviewerName": "L. Allen", "reviewerUrl": "https://www.amazon.com/gp/profile/amzn1.account.AGUABKOYA37XVKWRVGL7CSYICSLA/ref=cm_cr_arp_d_gw_btm?ie=UTF8", "rating": "5.0 out of 5 stars", "reviewTitle": "Great choice for audio/visual applications", "reviewDate": "December 29, 2019", "reviewText": "  I\u2019m very pleased with this laptop.  The processor is much more powerful and faster than my previous one and there is plenty of hard drive space and RAM.  It was very easy to set up and has been running very smoothly.  I don\u2019t use it for gaming but I have an audio/visual software program that I use for work and it runs it much better than my last machine did.  It is a god size but is a bit on the heavier side.  I\u2019d rather have the durability than have it be too flimsy though.  Lenovo is a great brand, it is all we use at my office.", "is_Helpful": "9 people found this helpful"}, {"reviewerName": "drlarry", "reviewerUrl": "https://www.amazon.com/gp/profile/amzn1.account.AGCSW3LC7KD3ZVKQTG2ATHMBB2GA/ref=cm_cr_arp_d_gw_btm?ie=UTF8", "rating": "5.0 out of 5 stars", "reviewTitle": "So far so good", "reviewDate": "December 24, 2019", "reviewText": "  I purchased this computer for audio and video recording and editing. To date, I have not had the chance to use it for that purpose. However, it is working just fine in all other respects. When I start using it for editing I will update.", "is_Helpful": "3 people found this helpful"}, {"reviewerName": "Sirisha", "reviewerUrl": "https://www.amazon.com/gp/profile/amzn1.account.AFWUXEAW2YZKPB3WGYUHA5XTIIIQ/ref=cm_cr_arp_d_gw_btm?ie=UTF8", "rating": "5.0 out of 5 stars", "reviewTitle": "Go for it if you are going for productivity too", "reviewDate": "December 22, 2019", "reviewText": "  If you are getting this for under $1100, just go for it!!!, I did not buy this for gaming, I actually bought this for productivity and the specs definitely screamed productivity to me. I have used it only for a few months now and I love it so far. Windows boots up super fast and I almost want to ditch my Mac (I have been on Mac for 8 years now). They keyboard has a great feel to it and the screen is big enough that I don\u2019t need an external monitor for most of my work. It doesn\u2019t tire your eyes after long use either. Love it, will recommend it as a gift as well, especially to students.", "is_Helpful": "24 people found this helpful"}, {"reviewerName": "Jun Lee", "reviewerUrl": "https://www.amazon.com/gp/profile/amzn1.account.AEP6FMKRNTBUWICELJLZYXNDRIPA/ref=cm_cr_getr_d_gw_btm?ie=UTF8", "rating": "5.0 out of 5 stars", "reviewTitle": "LOVE IT", "reviewDate": "December 12, 2019", "reviewText": "\"  Its a day late, but its safely packed in a huge box. I dont see any inconvenience in using the computer. The speed of loading a computer is pretty fast :)\"", "is_Helpful": "3 people found this helpful"}, {"reviewerName": "John Clack", "reviewerUrl": "https://www.amazon.com/gp/profile/amzn1.account.AGXDU5ELBWSER66QEPUIRQI7JWAQ/ref=cm_cr_getr_d_gw_btm?ie=UTF8", "rating": "5.0 out of 5 stars", "reviewTitle": "Solid All-Around Performer", "reviewDate": "December 12, 2019", "reviewText": "\"  So far this computer is absolutely phenomenal! Its vastly superior to the Dell Latitude 7490 that I use at work...\"", "is_Helpful": "4 people found this helpful"}, {"reviewerName": "Yu-Zen", "reviewerUrl": "https://www.amazon.com/gp/profile/amzn1.account.AEKJKJAPWWDMUKDF46TLDIIVKZ3A/ref=cm_cr_getr_d_gw_btm?ie=UTF8", "rating": "2.0 out of 5 stars", "reviewTitle": "Laptop Restarts WAAAAAAAAY TOO MUCH.", "reviewDate": "December 1, 2019", "reviewText": "\"  laptop kept rebooting. It rebooted during game downloads, mid games, while I was searching for games and even when I was casually strolling the web. Honestly happy Im returning this.\"", "is_Helpful": "5 people found this helpful"}, {"reviewerName": "Christopher Stalnaker ", "reviewerUrl": "https://www.amazon.com/gp/profile/amzn1.account.AF2LR2YNC57PAQMFFRWVBSKYV7LQ/ref=cm_cr_arp_d_gw_btm?ie=UTF8", "rating": "5.0 out of 5 stars", "reviewTitle": "Loads everything fast", "reviewDate": "October 2, 2019", "reviewText": "  This is the best computer I ever had it loads everything up so fast and the start up is so fast and the battery last forever such a great purchase", "is_Helpful": "11 people found this helpful"}], "qAndA": [{"question": "So this has a total of 1512gb?", "answer": "Yep."}, {"question": "why is it so heavy as compared to similar versions of the same computer?", "answer": "The weight is 5lbs. It\u2019s quite light actually. Some listings state the weight erroneously as 9+lbs."}, {"question": "What does it mean that there are shipping restrictions on this? I live in Panama atm and want to have it freight-forwarded. Is that not possible?", "answer": "We do not ship outside the US. If freight forwarding is utilized it voids all warranty and damages caused will be on the customer. The shipping restrictions refer to not changing shipping addresses, signature for drop off, and you cannot schedule a delivery date."}, {"question": "What is the adapter capacity? Can I connect to 220v?", "answer": "Answer not available"}, {"question": "is it good for grade 9 or gamin", "answer": "If you mean a freshman in high school or college I suppose so. Yes its good for gaming, as per the title."}, {"question": "Does this have a touchscreen?", "answer": "Answer not available"}, {"question": "Hola, quiero comprar esta notebook y enviarla a Vancouver, Canada. Tienen costo de exportaci\u00f3n y gastos de env\u00edo?", "answer": "Hola\nSi lo agrega a su carrito, le dar\u00e1 los costos de env\u00edo una vez que tenga la direcci\u00f3n de env\u00edo de Canad\u00e1. Pero no sabemos cu\u00e1les son los costos de los impuestos de importaci\u00f3n. Tienes que consultar con Fedex o la agencia en Canad\u00e1 Gracias, w"}, {"question": "Is it comes with pre installation of antivirus software?", "answer": "Only a free trial of mcafee"}, {"question": "Is it vr ready or can i get a attachment to make it vr ready?", "answer": "Answer not available"}, {"question": "Hola. El peso es correcto? 9.38 libras?", "answer": "Si, ese es el peso. 9.38 pounds"}, {"question": "Is this 144hz?", "answer": "No, it is 60hz. Still worth buying though..."}, {"question": "whats the refresh rate on the monitor?", "answer": "60hz"}, {"question": "Que a\u00f1o es?", "answer": "2019"}, {"question": "how many monitor can this connects", "answer": "Answer not available"}, {"question": "the stock computer comes with 16gb of ram and 512 ssd. this one comes with 24gb. is it modified? does it mean it was opened, manipulated or used ?", "answer": "I honestly have no idea. I don't see any damage on the outside if that helps. Essentially, it comes new:) Also, the price is phenomenal as well!"}, {"question": "Hello, i'm from mexico, what is te warranty? it has warranty covered for mexico? thanks in advance for your help!!", "answer": "Answer not available"}, {"question": "Does this laptop have international warranty,if not can I buy it???", "answer": "Answer not available"}, {"question": "What version of windows 10 home is on this computer?", "answer": "10 Home -64 bit"}, {"question": "Can the geforce gtx 1650 in this laptop be upgraded to a geforce rtx 2060?", "answer": "Answer not available"}, {"question": "Whats the srgb ?", "answer": "Answer not available"}, {"question": "International warranty", "answer": "Answer not available"}, {"question": "Will this run unmodded skyrim se quietly if i turn down the settings?", "answer": "Answer not available"}, {"question": "Can I use it for solidworks ?", "answer": "Answer not available"}, {"question": "Can you add more ram ? from 24 gb can you add more ?", "answer": "Yes, I know it is expandable. I have not done it yet as 24 is good enough for me for now. I also don't know the maximum amount of RAM that can be added. Enjoy."}, {"question": "What lock is compatible? I got a Kensington N17 wedge lock and it doesn't fit this laptop.", "answer": "Answer not available"}, {"question": "No multicard / sd card reader?", "answer": "No card reader, so you need to buy that if you need."}, {"question": "What is the refresh rate?", "answer": "Answer not available"}, {"question": "When we order from usa to india , does it attract custom duty? please clarify.", "answer": "I ordered it to belgium and i had to pay 239 euros as a VAT and custom duty tax."}, {"question": "Is support global warranty?", "answer": "Answer not available"}, {"question": "hi the price of the article it's with the shipping? or how much with the shipping to Per\u00fa thanks", "answer": "Answer not available"}, {"question": "how much prices is it?", "answer": "Answer not available"}, {"question": "El producto es el que est\u00e1 publicado?", "answer": "Exactamente el mismo"}, {"question": "Hi, the keyboard can be in Spanish?", "answer": "Answer not available"}, {"question": "Recently purchased this laptop, using lenovo hybrid mode, turned off nvidia gpu, turned on switchable graphics in bios, using saver mode but its 2hrs?", "answer": "Answer not available"}, {"question": "Hola cu\u00e1l es el tiempo de env\u00edo a Miami?", "answer": "Depende, si lo hace por prime, te llega en m\u00e1ximo dos d\u00edas y sin costo de env\u00edo entre 5 y 8 dias"}, {"question": "Can i install linux on it", "answer": "Sure"}, {"question": "Can you tell me exactly what memory sticks are in this configuration to get the 24 gb of ram and what brand?", "answer": "crucial 8g\u279516g 2666 ddr4"}, {"question": "do you have the same but with rtx 2060 6GB ? i want to ship to egypt", "answer": "Answer not available"}, {"question": "Does this have a web cam?", "answer": "The one I bought does I\u2019m not sure if they upgraded it or not but if it\u2019s a similar model to the one I bought back in 2019 then yes"}, {"question": "does this have international warranty including Philippines?", "answer": "Answer not available"}, {"question": "hi, what is the price if i want it with dual channel - 16*2 Ram. do you consider good idea add more ram? thanks", "answer": "Please review this link, I think you will like this spec: https://www.amazon.com/dp/B08PZ42FZC?ref=myi_title_dp"}, {"question": "quiero regalarla a mi sobrino que se encuentra en Chile, estar\u00eda cubierta por la garant\u00eda? o tendr\u00eda que pagar adicional?", "answer": "Answer not available"}, {"question": "I am a bit confused about this listing. Is it a listing for a y540 and a y520 or a y540 and a y740? I think there is a mix up somewhere", "answer": "its listed as y540 with 512ssd +1 terabyte hdd with 24 gb ram"}, {"question": "How many memory sockets? And what is the highest frequency the laptop can handle?", "answer": "Answer not available"}, {"question": "Is this good for streaming?", "answer": "It is excellent for streaming, both watching and doing streams. I have had no issues at all, and pretty high level of perfomence"}, {"question": "Will this run the game escape from tarkov?", "answer": "Answer not available"}, {"question": "Hello,i'm interested in buying in us to carry to colombia,warranty is with you or lenovo or how it works?. also, i'd like to clariry,is the os in ssd?", "answer": "Answer not available"}, {"question": "Is international warranty available for this?", "answer": "Answer not available"}, {"question": "Does this have a 60 Hz or 120 Hz panel?", "answer": "60Hz"}, {"question": "Hola, hace env\u00edos a M\u00e9xico?", "answer": "Si, por supuesto"}, {"question": "Hi which kind motherhood it has ?", "answer": "Answer not available"}, {"question": "Is international warranty applicable on this product?", "answer": "Answer not available"}, {"question": "Could i swap out the hdd for a 2.5 sdd upon arrival?", "answer": "Answer not available"}, {"question": "I have a license of windows pro, is there any restriction to update the os?", "answer": "Answer not available"}, {"question": "What is the rpm of the 1T hdd?", "answer": "7200 rpm"}, {"question": "Does it have a disc drive?", "answer": "Answer not available"}, {"question": "On the product information section does not include the 1tb hdd in hars drive column. does it have it or not?", "answer": "It has a 1 TB HDD on top of a 500 GB SSD."}, {"question": "Does this have International warranty?", "answer": "Answer not available"}, {"question": "When will be delivered to Kuwait?", "answer": "Answer not available"}, {"question": "Anyone have any thermal throttling issues? i'm looking to upgrade from an acer predator helios.", "answer": "Answer not available"}, {"question": "Will it run 2 external monitors with included video ports?", "answer": "Yes, this laptop has a HDMI port and 1 Type-C port (use type-C to HDMI or DP adapter), So you can run 2 external monitors"}, {"question": "Im from the Philippines if i buy this laptop, do i still need to pay the import tax? The shipping cost is around 170$ already, does it include the tax", "answer": "Answer not available"}, {"question": "does this support oculus rift s? is the mDP connected to the GeForce card?", "answer": "i dont know"}, {"question": "Does this laptop have a CD holder?", "answer": "No, the Lenovo Legion Y545 does not have a CD holder. However, you an buy a drive for a fairly inexpensive price:)"}, {"question": "Does it come with pre installed microsoft office 2019?", "answer": "Answer not available"}, {"question": "It says \u201cup to 24gb of ram\u201d... how much Ram does it actually come with?", "answer": "It actually comes with the 24 as stated."}, {"question": "Which adapter it come with? Eu 240v or us 110v?", "answer": "It can do both us 110v and eu 240v.\nFrom the label on the power supply:\nInput: 110V-240V, 2.5A, 50-60Hz \u2026 see more"}, {"question": "How many external monitors or screens can this laptop handle?", "answer": "Answer not available"}, {"question": "How are the speakers on this device and where are they located?", "answer": "Some where on the bottom. They are okay, I would get your self a separate speaker or a nice headset."}, {"question": "Hows performance with oculus rift S?", "answer": "Answer not available"}, {"question": "How is the ram 24gb? as far as i know, rams come in pairs and having different ram sizes can actually have issues.", "answer": "I think it is 8 * 2 + 4 * 2 = 24, but not quite sure."}, {"question": "Is there a source to download an owners manual?", "answer": "Answer not available"}, {"question": "How the shipment to Colombia would be? And do you have any proof that corroborate the 24 gb ram?", "answer": "Answer not available"}, {"question": "Monitors: Are you able to run 3 external monitors with this build?", "answer": "Yes, but it is not able to run with 3 external 4K monitors. the resolution will be lower if you expand it with 3 x 4k monitors"}, {"question": "How many rpm the 1tb hdd ?", "answer": "Answer not available"}, {"question": "\u00bfDo you have it with spanish qwerty keyboard? (\u00f1)", "answer": "Answer not available"}, {"question": "Can anyone recommend a docking station for this unit? i see it has a usb-c, so will lenovo's usb-c stations work?", "answer": "Answer not available"}, {"question": "Does this come with a warranty from manufacturer? If yes how long is it valid for?", "answer": "30 day warranty I believe for defects - I have had 3 of these locks. The oldest being 5-years with no issues."}, {"question": "9.38 pounds!? Holy crap! Is that right?", "answer": "It does weigh a bit. I think they are including the power supply in the total. The heat sinks contribute to the weight as well. It is a fast one though..."}, {"question": "El precio de la aduana esta inclu\u00eddo en el envio?", "answer": "La compra fue hecha en USA."}, {"question": "It is really can be delivery to indonesian? And how much the postal fee?", "answer": "Answer not available"}, {"question": "Do you have it with spanish qwerty Keyboard?", "answer": "Answer not available"}, {"question": "Does it have an ethernet port?", "answer": "Yes, located in the rear of the Laptop"}, {"question": "Is this the 144 hz display or the 60 hz display?", "answer": "Answer not available"}, {"question": "Hola, tienen la misma laptop pero con 32 gb de ram y 6gb en la tarjeta grafica?", "answer": "Si por supuesto"}, {"question": "Does the device have international warranty. if not how to buy it?", "answer": "Answer not available"}, {"question": "Is this Windows 10 in S mode?", "answer": "Answer not available"}, {"question": "Realiza env\u00edos a M\u00e9xico?", "answer": "Si,"}, {"question": "Se puede mandar a mexico? Por el tema de las aduanas", "answer": "Answer not available"}, {"question": "Windows 10 is on which drive, hdd or ssd?", "answer": "SSD"}, {"question": "does this have a touch screen?", "answer": "Answer not available"}, {"question": "Does it have 1Tb + 512gb ? , total 1512GB ?", "answer": "No it\u2019s basically 2 different drives in the computer 1 drive=1tb which you put everything On that like programs etc and the other drive that\u2019s a solid state drive just equals to 512GB which you put games and other programs that are game related on the ss drive"}, {"question": "Is this cover under international warranty ?", "answer": "Answer not available"}], "time": ["09/04/2021 19:53:36"], "reviewsCountInfo": {"expRevCount": 51, "actRevCount": 51, "nonEnglishRevCount": 9}, "scrapperInfo": {"Version": "1.3.2", "Released Date": "08/04/2021"}, "productURL": "https://www.amazon.com/gp/product/B07VT4RJ51", "ASIN": "B07VT4RJ51", "title": "2019 Lenovo Legion Y540 15.6\" FHD Gaming Laptop Computer, 9th Gen Intel Hexa-Core i7-9750H Up to 4.5GHz, 24GB DDR4 RAM, 1TB HDD + 512GB PCIE SSD, GeForce GTX 1650 4GB, 802.11ac WiFi, Windows 10 Home", "manufacturer": " Lenovo Store", "currentPrice": "$1,154.99", "rating": "4.6", "totalRatings": "167 "}