{"features": ["\u3010Expanded Enough Storage\u3011 : 12GB DDR4 SDRAM, 256GB PCIe Solid State Drive Accelerated by 16GB Optane, 1TB Hard Disk Drive; can easily reach your daily, school and business expectation.", "\u3010dell inspiron i5 8th gen\u3011 : The Latest Powerful 8th Generation Intel Quad-Core i5-8265U(>i5-8250U) Processor, 1. 60GHz Base Frequency, up to 3. 90GHz, 6 MB SmartCache, 8 Treads", "\u3010Dell Inspiron 15. 6 inch\u3011 : 15. 6 inch Full HD ( 1920 x 1080 ) Touchscreen Widescreen LED Display, Integrated Widescreen 720p HD Webcam with Dual Digital Microphone Array. With Intel Integrated UHD 620 Graphics", "\u3010External Ports and Slots\u3011 : 2 x USB 3. 1, 1 x USB 2. 0, 1 x HDMI, 1 x RJ-45, 1 x Combo Headphone / Microphone Jack, 1 x Media Card Reader", "\u3010Operating System\u3011 : Windows 10 Home 64 bit, Stereo Speakers with MaxxAudio Pro, 802. 11 Dual Band Wireless-AC WLAN + Bluetooth 4. 1, Backlit Keyboard, Fingerprint Reader"], "reviewsAspects": ["fingerprint reader", "hard drive", "battery life", "year old", "give zero", "touchscreen", "update the bios", "brand new", "good deal", "works well", "works great", "new laptop", "nice laptop", "great laptop", "computer"], "productInformation": [{"\nASIN\n": "\nB07WTZC3JS\n", "Customer Reviews": "\n\n\n\n\n\n\n4.2 out of 5 stars\n\n\n\n\n\n\n\n\n270 ratings\n\n\n\n\n\n\n4.2 out of 5 stars\n", "\nBest Sellers Rank\n": "\n\n#26,318 in Computers & Accessories (See Top 100 in Computers & Accessories)\n\n#4,121 in Traditional Laptop Computers\n\n\n", "\nDate First Available\n": "\nAugust 21, 2019\n"}], "productDescription": "Product description\nCapacity:15-15.99 inches\nThis listing by Apricot Power PC has upgraded configurations. If the computer has modifications (listed above), then the manufacturer box is opened for it to be tested and inspected and to install the upgrades to achieve the specifications as advertised. If no modifications are listed, the item is unopened and untested. Defects & blemishes are significantly reduced by our in depth inspection & testing. KEY SPECIFICATIONS: Series: Dell Inspiron 15 5000 PC Type: Business laptop Display: 15. 6 inch Full HD ( 1920 x 1080 ) Touchscreen WLED Display Processor: Intel Quad-Core i5-8265U(>i5-8250U), 1. 6GHz up to 3. 9GHz, 6 MB Cache, 8 Treads Memory: 12GB DDR4 Solid State Drive: 256GB PCIe SSD + 16GB Optane Hard Disk Drive: 1TB HDD Operating System: Windows 10 Home 64 bit Graphics: Intel Integrated UHD 620 Graphics Wireless Connectivity: 802. 11 Dual Band Wireless-AC WLAN + Bluetooth 4. 1 Keyboard: Backlit Keyboard Security Feature: Fingerprint Reader Camera: Built-in 720p HD Webcam Ports: 1 x USB 3. 1, 2 x USB 3. 1, 1 x USB 2. 0, 1 x HDMI, 1 x RJ-45, 1 x Combo Headphone / Microphone Jack, 1 x Media Card Reader Color: Nature Silver Battery: 3-cell lithium ion Dimensions L x W x H: 9. 79\" x 14. 35\" x 0. 88\" Weight: 4. 3lbs", "reviews": [{"reviewerName": "Stacey DeJesus", "reviewerUrl": "https://www.amazon.com/gp/profile/amzn1.account.AFPXZQG2TBDXJNDDJZ5QCXIBT2XQ/ref=cm_cr_getr_d_gw_btm?ie=UTF8", "rating": "1.0 out of 5 stars", "reviewTitle": "Do NOT! Save yourself the headache!", "reviewDate": "March 29, 2021", "reviewText": "\"  For as much money as I paid for this it should work great. I bought it mid September and have had to return 3 times to have parts replaced. This was a brand new computer or so I thought when I got it. I had a Dell Inspiron before and had zero issues with it in 6 years. This one had been nothing but a headache since I got it. Im using it for grad school and had it completely crash to where it couldnt detect a hard drive during midterms week. The only positive I can say is that Asurion is able to fix it with a quick turn around but otherwise this is a $900 piece of garbage. For that I should have just bought a Mac.\"", "is_Helpful": ""}, {"reviewerName": "REYNALDO SEGOVIA", "reviewerUrl": "https://www.amazon.com/gp/profile/amzn1.account.AGVWMQ46OKELZ5EQ4OZM34CPNN3Q/ref=cm_cr_getr_d_gw_btm?ie=UTF8", "rating": "5.0 out of 5 stars", "reviewTitle": "Girl friend loved it", "reviewDate": "February 16, 2021", "reviewText": "  Gave as a gift", "is_Helpful": ""}, {"reviewerName": "Cat Bake", "reviewerUrl": "https://www.amazon.com/gp/profile/amzn1.account.AHGTGF7RDZAMICMUFYQZZ6AT3YCQ/ref=cm_cr_getr_d_gw_btm?ie=UTF8", "rating": "1.0 out of 5 stars", "reviewTitle": "Bas seller faulty laptop falling apart", "reviewDate": "December 16, 2020", "reviewText": "  Item fell a part within a few months of use and is unfortunately out warranty.  Seller is not responding and I believe they are switching company names and selling laptops under various sue names to continue to sell faulty laptops or laptops not as described. Bad seller. Since laptops require a longer use to guarantee its a good item the warranty should be 1 year use and come with a money back guarantee. Too much money lost to get only a few months use for my daughter distance learning.", "is_Helpful": ""}, {"reviewerName": "Cecilia N.", "reviewerUrl": "https://www.amazon.com/gp/profile/amzn1.account.AFS2AZRIWCMA76CW7C327KZHNYFA/ref=cm_cr_getr_d_gw_btm?ie=UTF8", "rating": "3.0 out of 5 stars", "reviewTitle": "The keyboard letters are VERY hard to read", "reviewDate": "November 6, 2020", "reviewText": "  I received the computer as planned but unfortunately I cannot use it properly because the keyboard letters are small, thin and light grey and I cannot read them well. I would like to return the computer because this is making it very hard to work. My return period expired 2 days ago, but I hope I can still send it back. Thank you very much.", "is_Helpful": ""}, {"reviewerName": "#1Amazon Customer", "reviewerUrl": "https://www.amazon.com/gp/profile/amzn1.account.AEOCM4O5ZBHAWLO6PLORJP5IFK4A/ref=cm_cr_getr_d_gw_btm?ie=UTF8", "rating": "1.0 out of 5 stars", "reviewTitle": "Pixilated lines all across screen", "reviewDate": "October 7, 2020", "reviewText": "  Had this laptop for 3 months and it started to have vertical pixilated lines across the screen. Never subjected to abnormal use or wear, sits on desk at all times. Pixelated lines are increasing in size, blinkage and width. Contacted the seller who has so far not offered any solution. Thus, do not but this laptop.", "is_Helpful": ""}, {"reviewerName": "nancy m.", "reviewerUrl": "https://www.amazon.com/gp/profile/amzn1.account.AGSZE2C73ELU6557OXHLNIWJL7WA/ref=cm_cr_getr_d_gw_btm?ie=UTF8", "rating": "1.0 out of 5 stars", "reviewTitle": "Horrible", "reviewDate": "October 3, 2020", "reviewText": "  Horrific purchase!, Went to Dell services twice in less than a year!, I want my money back!, It stopped working again today!", "is_Helpful": ""}, {"reviewerName": "Jennifer W.", "reviewerUrl": "https://www.amazon.com/gp/profile/amzn1.account.AELMQ44NZ3RQ6UJFWKUPF2WAHIGQ/ref=cm_cr_getr_d_gw_btm?ie=UTF8", "rating": "1.0 out of 5 stars", "reviewTitle": "Pass on this one, keep looking", "reviewDate": "October 2, 2020", "reviewText": "\"  Its a dud and pretty sure used since I went to create & save a document and someone elses name was affiliated with the app. Do *not* purchase for media purposes, watching video, photis, etc... graphics are worse than anything Ive had. When you see reviews about the fan running a lot. It runs a LOT and it gets hot.  Its not a peppy machine.  I was disappointed. Will use it for super basic browsing, lesson learned, dont buy your machines on Amazon. Get it straight from the company or have one built.\"", "is_Helpful": ""}, {"reviewerName": "Adam Meyer", "reviewerUrl": "https://www.amazon.com/gp/profile/amzn1.account.AFLEB5PA2O3KGNHNLPCTKYEWUODQ/ref=cm_cr_getr_d_gw_btm?ie=UTF8", "rating": "1.0 out of 5 stars", "reviewTitle": "Bad motherboards", "reviewDate": "September 29, 2020", "reviewText": "\"  I bought one of these in november 2019.  It went about 6 months then I was getting the white Bios warning screen on start up  Took it in for repair.  Its the motherboard which is common in these and the repair is half the price of the computer new.  Do not buy.  I was told by my local repair shop that they see 6 or 7 of these a month with the same problem.\"", "is_Helpful": "One person found this helpful"}, {"reviewerName": "Cecilia D. Wood", "reviewerUrl": "https://www.amazon.com/gp/profile/amzn1.account.AFSW5QNHITX2WBHFV5FHHULTJGNA/ref=cm_cr_getr_d_gw_btm?ie=UTF8", "rating": "1.0 out of 5 stars", "reviewTitle": "PIECE OF JUNK, SOLD AS NEW BUT IT WAS NOT NEW", "reviewDate": "September 21, 2020", "reviewText": "  It has been a piece of junk since I first started using the laptop.  I finally realized that it must have been used or defective and then it was resold as a NEW laptop, which is NOT the case!  It had a raised area that if your arm touches it, the laptop goes nuts.  I have all kinds of issues with it.  It is the WORST laptop I have ever owned!!!!, I would give it a Negative * if possible!!!", "is_Helpful": ""}, {"reviewerName": "Amazon Customer", "reviewerUrl": "https://www.amazon.com/gp/profile/amzn1.account.AGVUIFMKDXD45BYSMZL2BTQTAIDQ/ref=cm_cr_getr_d_gw_btm?ie=UTF8", "rating": "1.0 out of 5 stars", "reviewTitle": "Total disappointment.", "reviewDate": "September 11, 2020", "reviewText": "  This computer has nevrr worked for more than 3-4 weeks at a time. My daughter needs it to teach on line. Dell has supposedly fixed it three times. Today, during a major presentation, it shut down yet again. No pcture, muffled sound. What a waste of money. Dell should teplace it. Not holding my breath.", "is_Helpful": "One person found this helpful"}, {"reviewerName": "Shemaila", "reviewerUrl": "https://www.amazon.com/gp/profile/amzn1.account.AHHMVYOGNC7L4BFXWZ4ARQEPWFZQ/ref=cm_cr_getr_d_gw_btm?ie=UTF8", "rating": "5.0 out of 5 stars", "reviewTitle": "True to description. Great laptop!", "reviewDate": "August 26, 2020", "reviewText": "  I have no regrets with my purchase. After 11 months of usage, product has been true to description. very user friendly. Fast!", "is_Helpful": ""}, {"reviewerName": "katherine katsounakis", "reviewerUrl": "https://www.amazon.com/gp/profile/amzn1.account.AFSE3TXOF2PB4N3G3A6O5SNHUJTQ/ref=cm_cr_getr_d_gw_btm?ie=UTF8", "rating": "5.0 out of 5 stars", "reviewTitle": "Died within 6 months", "reviewDate": "August 18, 2020", "reviewText": "  This product would not turn on after being used no more than 5 times and only 6 months old.", "is_Helpful": ""}, {"reviewerName": "cz7001", "reviewerUrl": "https://www.amazon.com/gp/profile/amzn1.account.AEVWBJUPMOWN5N65DT2LD63BHRTA/ref=cm_cr_getr_d_gw_btm?ie=UTF8", "rating": "5.0 out of 5 stars", "reviewTitle": "I love this laptop", "reviewDate": "July 24, 2020", "reviewText": "\"  I have tried different brand of laptop, Dell never disappoint me. this computer run very fast, I dont see any issue.\"", "is_Helpful": ""}, {"reviewerName": "Sundae", "reviewerUrl": "https://www.amazon.com/gp/profile/amzn1.account.AHQO46NR34NL6KWFJP5Y6ONYLUVQ/ref=cm_cr_getr_d_gw_btm?ie=UTF8", "rating": "1.0 out of 5 stars", "reviewTitle": "Used product only 3 times", "reviewDate": "June 11, 2020", "reviewText": "  Went to use my laptop today and it has no power will not start cannot do anything. I have only used a total of like 3 times and it will not start it is not the power cord as I have 2 identical laptops and tried the power cords.", "is_Helpful": ""}, {"reviewerName": "Sobirjon", "reviewerUrl": "https://www.amazon.com/gp/profile/amzn1.account.AGVUVVRE33UY6263IQ2LIE5GYRSA/ref=cm_cr_getr_d_gw_btm?ie=UTF8", "rating": "4.0 out of 5 stars", "reviewTitle": "I like it.", "reviewDate": "June 10, 2020", "reviewText": "  Not bad, but not great too. Some would say it does worth the money, but I would not say that it worth $600, yet I really like this laptop.", "is_Helpful": ""}, {"reviewerName": "BlackMoor17", "reviewerUrl": "https://www.amazon.com/gp/profile/amzn1.account.AFVFCYOV6NP2JAV76XZEILTWN6UQ/ref=cm_cr_getr_d_gw_btm?ie=UTF8", "rating": "5.0 out of 5 stars", "reviewTitle": "\ud83d\udcaf", "reviewDate": "May 31, 2020", "reviewText": "  Great Product!!! Than You", "is_Helpful": ""}, {"reviewerName": "jason daniel compton", "reviewerUrl": "https://www.amazon.com/gp/profile/amzn1.account.AGNJEPNH5KWF3QO7QE34JBIXOWSQ/ref=cm_cr_getr_d_gw_btm?ie=UTF8", "rating": "5.0 out of 5 stars", "reviewTitle": "Fast, and perfect for my business needs", "reviewDate": "May 16, 2020", "reviewText": "  Loved it", "is_Helpful": ""}, {"reviewerName": "Judy Bridgelal", "reviewerUrl": "https://www.amazon.com/gp/profile/amzn1.account.AH4YK4W42VQWH3DPQBOSTPBU7REQ/ref=cm_cr_getr_d_gw_btm?ie=UTF8", "rating": "1.0 out of 5 stars", "reviewTitle": "New Laptop Purchase Inspiron 15 5000", "reviewDate": "May 15, 2020", "reviewText": "  Hello ebestpurchase my brand new laptop is not working, only received today, please can someone contact me, my contact number is 1-868-307-0165, email: judy_Bridgelal@sagicor.com.", "is_Helpful": ""}, {"reviewerName": "john t", "reviewerUrl": "https://www.amazon.com/gp/profile/amzn1.account.AHRTAEE5O6WF3OBXOQURVTA52XLQ/ref=cm_cr_getr_d_gw_btm?ie=UTF8", "rating": "5.0 out of 5 stars", "reviewTitle": "very quick and responsive,elegant and nice to the touch", "reviewDate": "May 9, 2020", "reviewText": "  a well designed laptop with fast boot-up,fluid keyboard action.i installed linux os so no more bloated windows10,i,m impressed,would recommend to all", "is_Helpful": ""}, {"reviewerName": "Diana Evans", "reviewerUrl": "https://www.amazon.com/gp/profile/amzn1.account.AEUI4QU2CWKGBW2APCOJR6CYYTVA/ref=cm_cr_getr_d_gw_btm?ie=UTF8", "rating": "1.0 out of 5 stars", "reviewTitle": "CRAP COMPUTER!", "reviewDate": "May 1, 2020", "reviewText": "  Computer freezes constantly! Cannot even use it, I\u2019ve contacted the seller and have gotten NO response!", "is_Helpful": ""}, {"reviewerName": "Amazon Customer", "reviewerUrl": "https://www.amazon.com/gp/profile/amzn1.account.AEWSTJQEJ64ZGXZKV476HPPWOCFQ/ref=cm_cr_getr_d_gw_btm?ie=UTF8", "rating": "3.0 out of 5 stars", "reviewTitle": "Open-Box or Used Product", "reviewDate": "April 28, 2020", "reviewText": "\"  I believe that this computer was an open-box product or was refurbished and repackaged into the original packaging. The Dell box was taped at the top but was not sealed on the bottom and looked warn from previous opening and closing. I searched the service tag on the Dell website and part of the warranty was already used. There was 7 months left on the manufacturers warranty but not the full 1 year that you would expect with the purchase of a new. It never stated that it was new or used but like most people if it doesnt say used I assume its new but I dont think this was the case here.\"", "is_Helpful": ""}, {"reviewerName": "Miguel Jose", "reviewerUrl": "https://www.amazon.com/gp/profile/amzn1.account.AGQSHQQ57ATI5X2HO47UNU7AJQ3A/ref=cm_cr_getr_d_gw_btm?ie=UTF8", "rating": "1.0 out of 5 stars", "reviewTitle": "Do not purchase Dell products.", "reviewDate": "April 26, 2020", "reviewText": "  I purchased this laptop because I felt that Dell was a trusted brand. I was very pleased when it arrived, I liked the touchscreen feature and the speed of the system. After only 3 days I was having trouble downloading the Dell assist feature, searched on the dell website for driver updates, downloaded the recommended updates and soon received error message 0xc0000221 which is the blue screen of death where the system is stuck in a repair loop. Had to restore OS remotely through tech support, though everything was fine until the system kept freezing after the restoration. A case was opened at Dell for repairs because it fell under warranty still. Just got a message that the repairs are not covered. So now I have to pay to repair an issue that occurred because of an update from the Dell website! To say the least I will not be recommending Dell products to anyone. I understand the updates are a Microsoft issue. But why have updates with bugs on your website still?", "is_Helpful": "One person found this helpful"}, {"reviewerName": "Ana", "reviewerUrl": "https://www.amazon.com/gp/profile/amzn1.account.AHQQY74NWBRTDMB46OBEGLRZYZPA/ref=cm_cr_getr_d_gw_btm?ie=UTF8", "rating": "1.0 out of 5 stars", "reviewTitle": "Rip off!!!", "reviewDate": "April 24, 2020", "reviewText": "  The screen keeps on freezing as soon as you turn it on, need to keep restarting the system but still freezes, even the touchscreen stops working, there\u2019s a scratch on button #5  when its supposed to be brand new. Really disappointed with the product especially for the price i paid!", "is_Helpful": ""}, {"reviewerName": "G.W.", "reviewerUrl": "https://www.amazon.com/gp/profile/amzn1.account.AFL4B4O6FMDG7XO76Y2ZANPCBYWA/ref=cm_cr_getr_d_gw_btm?ie=UTF8", "rating": "5.0 out of 5 stars", "reviewTitle": "Fast with exceptional internal storage", "reviewDate": "April 20, 2020", "reviewText": "  Ordered this laptop for my partner (Susan). Her 8-year old Toshiba was beginning to act up, I saw the writing on the wall, so I began searching., Requirements for purchase - SSD Boot Drive, Internal Storage HD, Backlit Keyboard, touchscreen. 15.6\" screen., Reasons - Fast boot (SSD) and Application/Program start(SSD) - I\\m old school and still want local file access because we DO have places we visit that do not have wifi/internet access (Internal HD) - I wanted a LARGE HD due to Susan\\s 125,000+ photos and videos. Backlit keyboard - we\\re getting older and a backlit keyboard was a good decision for my ASUS, so I wanted it for Susan - it turned into a double-edged sword, however - more about this later. Touchscreen - easier for Susan, a non-tech user who like to zoom to see better at times and doesn\\t like the \\mouse\\, or the keyboard \\CTRL/FUNC/ALT\\ keys and combinations. 15.6\" screen - wider selection possibilities., Items that I  would have liked, but were not a deciding factor - CD/DVD ROM/RAM - I have plenty of old apps on CD, but long ago purchased a $30 external CD/DVD RW USB drive unit that works fine. It sits right next to my even older $30 external 3.5\" FDD USB drive ..... yeah, I\\ve been doing this a long time., Ordering - got here inside of a week. In light of everything going on in the world, this was surprising., \"Receipt - There was a large stab wound hole in the outer shipping container when it arrived. I knew immediately to begin taking pictures. I opened the outer box and pulled the DELL box from the inside - stab wound in the Dell box as well. I opened the inner Dell box and pulled the upper egg-carton style shipping insert and saw a stab wound in it as well. Removed the laptop and saw a scuff mark on the outer clear plastic bag - no damage or scuff marks on the laptop. I was pleased, but still nervous about the apparent lack of shipping reinforcement surrounding the laptop. Unpacking the unit made me start thinking this was a return because things did not appear to be factory packed.\", Initial start-up and set-up:, \"I had read other reviews about missing HDs - incorrect SSD installs, etc. so I plugged the unit in (completely dead battery upon arrival) and allowed it to charge. I pressed the ON/OFF button (not marked - but in the general location of other laptops - top right-hand corner) and was pleased to see a normal boot to a Windows 10 Setup/Welcome screen. I realized I would have to do a complete startup/setup to be able to access the File Explorer (Windows Explorer) to check on the laptop configuration of all devices.\", I went through the extended computer and system startup, initialization, Windows Account login and set up process and was finally rewarded with the Win10 splash screen. I then went to the File Explorer and verified all of the necessary hardware was installed as ordered - it was, and all other computer devices were listed as advertised., \"Further examination of the START menu, and the APPS/Programs screen in Settings - showed many bloatware apps installed. I went through the Start Menu and used the UNINSTALL feature for those that were available and then the APPS/PROGRAMS screen in settings to pull everything else out such as Anti-Virus, Games, Hulu, Netflix, etc. etc. etc. etc. etc. This took about 30-minutes to get everything off the system. For SOME reason - Spotify cannot be uninstalled - there are no obvious uninstall options in the Start Menu, and the APPS/PRograms in settings doesnt have an uninstall option either ...... I took it out of the Startup group to get rid of its autoload interference and it mildly annoys me now and then.\", \"I recently moved from MS-OFFICE PRO 2013 to MS-OFFICE 365 on my primary ASUS laptop and wanted to get the apps on Susans Dell laptop as well so I UNINSTALLED all of the apps that were referenced on the Dell unit. If you do not - you run the risk of activating bloatware, AND your purchased MS-OFFICE 365 apps and youll have dual-icons throughout the Start menu - if you have a current subscription to Office 365 - uninstall everything off the new system and complete a fresh install - thats the voice of experience folks. :)\", PROS - FAST!!! Good touchscreen, responsive keyboard. Recognition and connecting to wifi was lightning fast - I was impressed with that. Most units seem to take forever. Other than that - it does what any laptop does, CONS - The backlit keyboard - LOL - Double-edged sword. At night, or in dark environments, it\\s great. In the daytime, or with a bright environment, the backlight lights up the keys to the point where they make the key letter VERY hard to see - to the point where you have to wait for the required \\time out\\ period of no key activity before the light goes out. Then you can type, and lose the key letters again. Hahaha - it\\s almost laughable. I went online to see about turning the backlight off and had TWO options - the first was to update the BIOS (OMG - are you serious??), and the other option was to use the good old \"Func + F6\" keystrokes to toggle it on and off. The only problem was that that option did not work. I convinced myself it cannot be THAT hard so I looked closely at the keyboard (NOTE - THERE IS NO USER MANUAL OR WRITTEN DOCUMENT ABOUT THE KEYBOARD SYMBOLOGY USED - OR WHERE THE FINGERPRINT READER IS LOCATED - DUMB, DUMB, DUMB) and saw the F5 key with a small rectangle with lines coming out of it like \\light\\ ---- so I pressed it and Ouila! The keyboard backlights went out........ Come on Dell - not that tough to put a small piece of paper in the box that explains your F-Key layout, especially when you\\re not using standard layouts., \"FINGERPRINT reader - is the On/Off key - good luck with finding the correct pressure to register the fingerprint without turning the computer on and off ----- were just going to stick with PINs thank you - again, no label on the power key, or anything to ID it as the Fingerprint key - which you are asked to set up immediately after starting up the laptop for the first time ----- I said it before, Ill say it again --- DUMB, DUMB, DUMB......\", \"Been using the laptop for about a week now with no questions, problems, moans, groans, or complaints. Have NOT tried it without a charger hooked up to see what the batter life is in a WORD environment connected to the wifi and doing usual and general document work with online surfing. Ill provide an update ONLY if there are problems or issues I feel people should be aware of before purchase. Right now, Im happy with my purchase, it was a good deal for the cost, and Im moving forward without concern or worry about any aspect of this laptop.\"", "is_Helpful": "One person found this helpful"}, {"reviewerName": "Annie", "reviewerUrl": "https://www.amazon.com/gp/profile/amzn1.account.AFY2EPPCPG2MI5MMQ22CGOGYILUA/ref=cm_cr_getr_d_gw_btm?ie=UTF8", "rating": "5.0 out of 5 stars", "reviewTitle": "Great webcam & user friendly", "reviewDate": "April 3, 2020", "reviewText": "  This is an excellent laptop. The HD webcam works great and is well suited for our current situation, where most of our life is lived on Zoom or Microsoft Teams. This laptop is very user friendly as well. I would highly recommend it", "is_Helpful": ""}, {"reviewerName": "Tommy Campbell", "reviewerUrl": "https://www.amazon.com/gp/profile/amzn1.account.AENKSC44BDF5NHZTZZUIFEMFUDHQ/ref=cm_cr_getr_d_gw_btm?ie=UTF8", "rating": "2.0 out of 5 stars", "reviewTitle": "Faulty", "reviewDate": "March 10, 2020", "reviewText": "\"  Didnt make it through start up. After an hr with tech support they could not resolve the issue and suggested returning item.\"", "is_Helpful": "2 people found this helpful"}, {"reviewerName": "Genya Fursov", "reviewerUrl": "https://www.amazon.com/gp/profile/amzn1.account.AEQ4AJ2NWIV4KE4Y5WIXTQ5XSRWA/ref=cm_cr_getr_d_gw_btm?ie=UTF8", "rating": "5.0 out of 5 stars", "reviewTitle": "Everything is fine!!! Laptop works good. Thank you!", "reviewDate": "March 7, 2020", "reviewText": "  Everything is fine!!! Laptop works good. Thank you!", "is_Helpful": ""}, {"reviewerName": "HARRY ALLEN", "reviewerUrl": "https://www.amazon.com/gp/profile/amzn1.account.AFFWRNCQMN6BWJ4MUHEGN6FEMDKQ/ref=cm_cr_getr_d_gw_btm?ie=UTF8", "rating": "5.0 out of 5 stars", "reviewTitle": "great battery life", "reviewDate": "March 3, 2020", "reviewText": "  I found it to be exactually as advertised very fast & easy to set uo & use very pleased & would recommend", "is_Helpful": ""}, {"reviewerName": "Brayan Gonzalez", "reviewerUrl": "https://www.amazon.com/gp/profile/amzn1.account.AHKECSM6LUMHUDXBR3EV5VLEOE5A/ref=cm_cr_getr_d_gw_btm?ie=UTF8", "rating": "5.0 out of 5 stars", "reviewTitle": "Wow very powerful for this Price!!", "reviewDate": "March 3, 2020", "reviewText": "\"  Wow This laptop is very good and powerful, the best option for this price!!  Im very happy with this laptop!! 100%\"", "is_Helpful": "2 people found this helpful"}, {"reviewerName": "My observation", "reviewerUrl": "https://www.amazon.com/gp/profile/amzn1.account.AHJ366ICXSGETCTQKDWWYX6Q2VBA/ref=cm_cr_getr_d_gw_btm?ie=UTF8", "rating": "5.0 out of 5 stars", "reviewTitle": "No issues", "reviewDate": "March 1, 2020", "reviewText": "  Bought this Computer Dell Inspiron 15 5000, 2019 15.6\" FHD Touchscreen Laptop, Intel 4-Core i5-8265U, 12GB RAM, 256GB PCIe SSD by 16GB Optane, 1TB HDD, Backlit KB for Xmas for my 8-year-old Son., \"It doesnt get pushed by top-line games or anything. He just watches Youtube videos, plays some games like Spore we have downloaded from Steam. No issues, with this computer, we are very satisfied with the purchase. Everything seems to work and we have had it for a few months now.\"", "is_Helpful": ""}, {"reviewerName": "Jean Ram\u00edrez", "reviewerUrl": "https://www.amazon.com/gp/profile/amzn1.account.AHI5F2A3A3JWSQ23W2LR6GPDXP3Q/ref=cm_cr_getr_d_gw_btm?ie=UTF8", "rating": "5.0 out of 5 stars", "reviewTitle": "So fast", "reviewDate": "February 27, 2020", "reviewText": "  Excellent laptop take into account the proceso fast", "is_Helpful": ""}, {"reviewerName": "LLP", "reviewerUrl": "https://www.amazon.com/gp/profile/amzn1.account.AGVQWPHDIHISYYP2SM7EJGLPJZ5A/ref=cm_cr_getr_d_gw_btm?ie=UTF8", "rating": "4.0 out of 5 stars", "reviewTitle": "Only Dell for me", "reviewDate": "February 26, 2020", "reviewText": "  I purchased the Dell i5 for  a Christmas gift., It shipped out and arrived on time., Packaged fair., Upon arrival it was totally dead, no power at all., After charging and spending a while starting and setting it up., IT seems like it works as it should with no problems so far., It came with 1 month of McAfee virus protection instead of a year., And the  Win 10/Accessories Bundle was not included., I emailed them and they sent out a elcheapo mouse pad and a little tiny hdmi cable., Neither really worth having., This is our 4th dell and so far no problems with any of them.", "is_Helpful": ""}, {"reviewerName": "bbgolfb", "reviewerUrl": "https://www.amazon.com/gp/profile/amzn1.account.AETWOLD6AE3N2RIXG5NOET26SDTQ/ref=cm_cr_getr_d_gw_btm?ie=UTF8", "rating": "5.0 out of 5 stars", "reviewTitle": "Fast!", "reviewDate": "February 23, 2020", "reviewText": "  Just fired it up for the first time and all good. Fast laptop with plenty of storage. Will update in a month...", "is_Helpful": "One person found this helpful"}, {"reviewerName": "Marchella Winters", "reviewerUrl": "https://www.amazon.com/gp/profile/amzn1.account.AFQUKP7OPQCXQZRM22M7VEWRCNJA/ref=cm_cr_getr_d_gw_btm?ie=UTF8", "rating": "5.0 out of 5 stars", "reviewTitle": "Working good", "reviewDate": "February 13, 2020", "reviewText": "  Nice  fast", "is_Helpful": ""}, {"reviewerName": "Amazon Customer", "reviewerUrl": "https://www.amazon.com/gp/profile/amzn1.account.AG7O4E2DH4FL6PAUUJL5OKDJSTHQ/ref=cm_cr_getr_d_gw_btm?ie=UTF8", "rating": "5.0 out of 5 stars", "reviewTitle": "Everything as advertised", "reviewDate": "February 12, 2020", "reviewText": "\"  Ive had this Dell Inspiron 15 5000 for several weeks and am very satisfied with it.  Set up was  very easy and straightforward.  No bloatware!  Quickly assimilated my preferred apps and software.  This system is very fast (compared to previous laptops I have owned).  Reasonably simple navigation.  I use the touchscreen function very little, as I prefer a mouse.  If the fingerprint security feature is important to you, be prepared.  During setup, the system behaved as though to really get this right.  Since then, it has not recognized my fingerprint (and suggests I try another finger even though it never programmed additional fingers).  There is no hesitation to opt for pin input so this has not really been an issue for me.  The screen is display is very good.  The sound system is very good.  I can recommend this laptop.  (I am 69 years old, not a computer geek by any stretch, although I work on it every day (mostly writing, and web research); I have owned more than 6 laptops since 2003; I normally purchase and set up laptops without professional assistance, though I do utilize a subscription support service)\"", "is_Helpful": "One person found this helpful"}, {"reviewerName": "LegendsofBatman", "reviewerUrl": "https://www.amazon.com/gp/profile/amzn1.account.AFHVLHAL7UTU3ZZ6GMZCGXUU7TNA/ref=cm_cr_arp_d_gw_btm?ie=UTF8", "rating": "4.0 out of 5 stars", "reviewTitle": "Ok Laptop", "reviewDate": "February 11, 2020", "reviewText": "  UPDATE: Oct 13, 2020, I am updating this review a few days shy of EIGHT MONTHS! having hoped to update in Oct., The good: Specs are still good for the price. 10 key pad., The bad: Design is poor. 8 months later, I still have a hard time remembering the key keys are poorly placed. Home/End are up top, in an almost OK location, page up/down down next to 10 key pad. Should be together, at the top, like pretty much every keyboard I ever used., The silver keyboard, back-lit keys are still stupid. The silver keys should NOT be backlit, you cannot see the keys. When not lit, the letters are dark and very visible., I still hate no DVD recorder., The Ugly; Very ugly! Battery is rated for \"up to 2 hours\". That is NEVER real world time. That\\s if everything is pretty much shut off, and the first 14-30 days, ie, beyond the Buyer\\s Remorse period. Batteries drain rechargability and in this case, very quickly., sadly, the power supply is also weak. VERY weak. It\\s 45watt. After doing some extensive research, and conferring with someone I know who deals in electronics repairs, it IS safe to use a higher rated power supply, IF certain conditions are met. Voltage has to meet or exceed the original and a bunch of other technical stuff I can\\t explain. Translation to English: I had to purchase a couple power supplies, and one was generic, got extremely hot. The other exceeded manufacturer specs, so good there. Problem: This Dell did not accept any of the \"Universal\" power supply tips. Point being, ITS NOT EVEN A YEAR OLD, and at best I need a new power supply, at worst, the motherboard plug is already damaged to the point it is hard to charge. The power supply has to be at a certain angleand DON\\T breathe or it will fall out of place. The motherboard jack feels loose with its grip for the supply\\s tip. (Ie, a new supply probably won\\t work, either)., Finger print. I found it by accident. Never really dealt with Touch ID before, so, did not know where the print scanner was (if they said where, I did not find it). Setup was fairly simple. But, using it is a major annoyance. More times than not, it cannot recognize my print, and, rarely will it ever recognize it on the first attempt., My recommendation has dropped to DO NOT BUY THIS PRODUCT.  There HAS to be a decent laptop in the $400-600 range that works well. This is NOT that product., Sadly, Dell is off my list for future purchases. And, Monday I will be contacting someone for an insurance claim, that I hope will be easy to replace this worthlessness., Sadly, to make laptops cheap for us, and still make money, they use inferior parts, hire inferior designers, who apparently think a white on silver backlight is cool, and, well, just not worth $50., ORIGINAL REVIEW:, \"Its an ok laptop. Certainly not the perfect laptop, but not the worst.\", The good., It has decent specs for the price., \"Its NOT an HP, which is a plus in and of itself.\", Pretty much works., The bad., There are some head-scratching decisions to this model. such as:, \"  Backlit keyboard. SILVER keys with WHITE light equal cant see the keyboard symbols (letters, numbers, etc). WHO thought THAT up? Did they not even try it to see that they could not see anything?\",   Fingerprint Reader. It works. Sometimes. Thankfully there are alternate ways to log in., \"  Battery life. UP TO 2 hours. And then it will only get better. WHY? In todays market, when there are so many products trying to get improved battery life, WHY WHY WHY, did Dell go toward 2 hours, which never really lives up to its max?\",   NO Optimal Drive. Yes, people are using the \"cloud\" but WHY would you completely eliminate CD and DVD drives where so many of our software and drivers are stored? I purchased an external drive for $20. So, how expensive is it really to add an internal one? It\\s not like Dell absorbs that cost, or passes it on. Stupid for ANY brand to eliminate this, at this point in time, anyway., \"Overall. I spent most of the this review on the negatives. Its not a horrible laptop by any stretch of the imagination. The specs are what makes this worth considering. But, its been about 6 months now, and I have had some time to make use of it, and its the negatives that stand out, more than the positives.\", Updated: Today is Oct. 13, 2020, a few days shy of EIGHT MONTHS!", "is_Helpful": "3 people found this helpful"}, {"reviewerName": "david S", "reviewerUrl": "https://www.amazon.com/gp/profile/amzn1.account.AFDDDHMTU2IDKSVZHZRYKE7IB4RA/ref=cm_cr_getr_d_gw_btm?ie=UTF8", "rating": "5.0 out of 5 stars", "reviewTitle": "Fast.", "reviewDate": "February 7, 2020", "reviewText": "  Home use  im not a big fan of anti glare  but still clear picture.", "is_Helpful": ""}, {"reviewerName": "J. Romine", "reviewerUrl": "https://www.amazon.com/gp/profile/amzn1.account.AFKRUP4NDHCIZ2GLQJREOFSDVYWQ/ref=cm_cr_getr_d_gw_btm?ie=UTF8", "rating": "4.0 out of 5 stars", "reviewTitle": "Nice deal", "reviewDate": "February 3, 2020", "reviewText": "  I use this for school and watching Amazon prime videos mostly. Works well and have very few complaints.", "is_Helpful": "One person found this helpful"}, {"reviewerName": "Laura Blair", "reviewerUrl": "https://www.amazon.com/gp/profile/amzn1.account.AGW3CLRGFBAGP52KXVDMB66VLEWQ/ref=cm_cr_getr_d_gw_btm?ie=UTF8", "rating": "4.0 out of 5 stars", "reviewTitle": "Hard to use fingerprint reader on power button", "reviewDate": "February 1, 2020", "reviewText": "\"  It took a while to find the documentation on where to find the fingerprint reader. It wasnt obvious on the keyboard. Had to search for Dell documentation to find that its combined with the power button\"", "is_Helpful": ""}, {"reviewerName": "GP", "reviewerUrl": "https://www.amazon.com/gp/profile/amzn1.account.AF3MALR4MZW7VAYRWVPVDNLDJFBQ/ref=cm_cr_getr_d_gw_btm?ie=UTF8", "rating": "1.0 out of 5 stars", "reviewTitle": "Missing 1TB hard drive!", "reviewDate": "January 30, 2020", "reviewText": "  This laptop was supposed to come with 1TB hard drive, but the hard drive was not included, false advertising. If I can give zero star, I would have.", "is_Helpful": ""}, {"reviewerName": "SteveB", "reviewerUrl": "https://www.amazon.com/gp/profile/amzn1.account.AGOX72I4X3Q3KL52WHHTOVG2UGEQ/ref=cm_cr_getr_d_gw_btm?ie=UTF8", "rating": "5.0 out of 5 stars", "reviewTitle": "Dell - Quality for the Cost", "reviewDate": "January 30, 2020", "reviewText": "  My new Dell is now my first \"Personal Home\" computer!  Every other computer I\\ve ever had was supplied by the company I worked for at the time, so when I retired (:-), I got to buy my first computer and this is a great one!", "is_Helpful": ""}, {"reviewerName": "Sean K", "reviewerUrl": "https://www.amazon.com/gp/profile/amzn1.account.AE2KYESIPZ2WLKS7WRKON7CXWS7A/ref=cm_cr_getr_d_gw_btm?ie=UTF8", "rating": "5.0 out of 5 stars", "reviewTitle": "Great computer great price", "reviewDate": "January 29, 2020", "reviewText": "  My fiance loves her new laptop. She needed something for school and this has enough storage and power to get her thru nursing.", "is_Helpful": ""}, {"reviewerName": "Gio Storm", "reviewerUrl": "https://www.amazon.com/gp/profile/amzn1.account.AEPC5X46HQMRH2AWUV4O4TDAD7IA/ref=cm_cr_getr_d_gw_btm?ie=UTF8", "rating": "5.0 out of 5 stars", "reviewTitle": "Always find better configurations with DELL, and for the same price as the competitors $ equivalent.", "reviewDate": "January 28, 2020", "reviewText": "  The 12Gb of memory makes a huge difference., Great laptop for everyone., OS Drive comes BitLocker protected. The Additional 1 TB drive required Bitlocker activation and encryption done myself. Other than that. System welcome, setup and start up, all went pretty easily. After Windows setup settled down. Update downloads, etc. Do RUN MY DELL and the DELL SUPPORT ASSIST TOOLS. To get laptop/hardware specific driver updates and bios updates.", "is_Helpful": ""}, {"reviewerName": "Ivan", "reviewerUrl": "https://www.amazon.com/gp/profile/amzn1.account.AFUUOTIHCEHUZ4T2VKREDASMWDPQ/ref=cm_cr_getr_d_gw_btm?ie=UTF8", "rating": "5.0 out of 5 stars", "reviewTitle": "Great value, more than enough....", "reviewDate": "January 27, 2020", "reviewText": "  Great value, very good performance, does not look as sturdy as my old Toshiba. Great resolution as well and plenty of ports like HDMI and USB. Sorry I cannot be technical but this is more than enough for your average Joe use.", "is_Helpful": ""}, {"reviewerName": "Joseph A. Osgood", "reviewerUrl": "https://www.amazon.com/gp/profile/amzn1.account.AFWUH6BNWOE3CPRG23W33TOQN77A/ref=cm_cr_getr_d_gw_btm?ie=UTF8", "rating": "5.0 out of 5 stars", "reviewTitle": "Just plain works", "reviewDate": "January 27, 2020", "reviewText": "\"  Very happy with this laptop.  Bought this for my wife.  She is very happy with it, uses it a good part of each day.  It is fast enough, the screen provides a good picture, plenty of RAM, plenty of hard drive.  Its just a good laptop.\"", "is_Helpful": "One person found this helpful"}, {"reviewerName": "Pablo", "reviewerUrl": "https://www.amazon.com/gp/profile/amzn1.account.AF53VBP2DPOTBKYBSN5WMJO6WA5A/ref=cm_cr_getr_d_gw_btm?ie=UTF8", "rating": "5.0 out of 5 stars", "reviewTitle": "Ultra fast start up.", "reviewDate": "January 21, 2020", "reviewText": "  Pretty good purchase.  all what it was promised was there. Recommended.", "is_Helpful": ""}, {"reviewerName": "Honeycutt", "reviewerUrl": "https://www.amazon.com/gp/profile/amzn1.account.AG44IY4IBBG36AC5YS2GNEROTUQQ/ref=cm_cr_getr_d_gw_btm?ie=UTF8", "rating": "5.0 out of 5 stars", "reviewTitle": "Great laptop for the money!", "reviewDate": "January 19, 2020", "reviewText": "  Great laptop, very fast, and very sleek looking.", "is_Helpful": ""}, {"reviewerName": "Delaino L. Jones", "reviewerUrl": "https://www.amazon.com/gp/profile/amzn1.account.AG7FL4P3NFNRUOX6KVLZVGFT65UQ/ref=cm_cr_getr_d_gw_btm?ie=UTF8", "rating": "5.0 out of 5 stars", "reviewTitle": "Fast processor", "reviewDate": "January 17, 2020", "reviewText": "  I purchased this computer to work from home. I\u2019m very pleased with how fast it is! I\u2019m very pleased.", "is_Helpful": ""}, {"reviewerName": "Big Time Fan", "reviewerUrl": "https://www.amazon.com/gp/profile/amzn1.account.AG4EWS4LJDUIH4Q6P6HO2ATD3NNA/ref=cm_cr_getr_d_gw_btm?ie=UTF8", "rating": "5.0 out of 5 stars", "reviewTitle": "Nice laptop", "reviewDate": "January 16, 2020", "reviewText": "\"  So far I like this laptop just fine.  Havent used the touch screen or fingerprint reader features.\"", "is_Helpful": ""}, {"reviewerName": "Daniel G Misch Sr", "reviewerUrl": "https://www.amazon.com/gp/profile/amzn1.account.AGQGEZ7TT556BETT2YVYV56O3I7A/ref=cm_cr_getr_d_gw_btm?ie=UTF8", "rating": "5.0 out of 5 stars", "reviewTitle": "Very good deal for an Awesome fast laptop", "reviewDate": "January 14, 2020", "reviewText": "  Arrived as advertised. It took very little time to set up. The lighted keyboard is a must for lying in bed. Very happy with the quality and price.", "is_Helpful": ""}, {"reviewerName": "Amazon Customer", "reviewerUrl": "https://www.amazon.com/gp/profile/amzn1.account.AFY6PL5E7YMZ3Y6RF3R3OIARBYXA/ref=cm_cr_getr_d_gw_btm?ie=UTF8", "rating": "4.0 out of 5 stars", "reviewTitle": "Very nice", "reviewDate": "January 12, 2020", "reviewText": "  Very fast.  My grandson uses it with his drawing tablet.", "is_Helpful": ""}, {"reviewerName": "Larry Welch", "reviewerUrl": "https://www.amazon.com/gp/profile/amzn1.account.AGXBLDJGGVK2ZXUSH25O6CGNUV6Q/ref=cm_cr_getr_d_gw_btm?ie=UTF8", "rating": "5.0 out of 5 stars", "reviewTitle": "Great value", "reviewDate": "January 11, 2020", "reviewText": "  This notebook is amazing,It boots and fully loads in 20 seconds.It is FAST and multi tasks with -0- problems.", "is_Helpful": ""}, {"reviewerName": "Surya G", "reviewerUrl": "https://www.amazon.com/gp/profile/amzn1.account.AHXJLKTS725KSCPJWLJBRSE67QAA/ref=cm_cr_getr_d_gw_btm?ie=UTF8", "rating": "5.0 out of 5 stars", "reviewTitle": "Best for the money", "reviewDate": "January 10, 2020", "reviewText": "  Mind blowing specs are here, got an upgraded version which is entirely different from listing", "is_Helpful": ""}, {"reviewerName": "Roy Roath", "reviewerUrl": "https://www.amazon.com/gp/profile/amzn1.account.AG4X6QIJF553BB6XMLYV37VP24XA/ref=cm_cr_getr_d_gw_btm?ie=UTF8", "rating": "5.0 out of 5 stars", "reviewTitle": "Great general computer", "reviewDate": "January 10, 2020", "reviewText": "  It is fast and easy to set up.", "is_Helpful": ""}, {"reviewerName": "Amazon Customer", "reviewerUrl": "https://www.amazon.com/gp/profile/amzn1.account.AEXMTPXKRPZW4KWQQB6NKNJLKYUQ/ref=cm_cr_getr_d_gw_btm?ie=UTF8", "rating": "3.0 out of 5 stars", "reviewTitle": "Bad keyboard design.", "reviewDate": "January 6, 2020", "reviewText": "  I hate the keyboard. I can\u2019t see the letters even with the light unless I\u2019m standing above it. Bad combination of sliver with white letters. I would never buy it for myself. But it was a gift by my husband.", "is_Helpful": "2 people found this helpful"}, {"reviewerName": "Kevin", "reviewerUrl": "https://www.amazon.com/gp/profile/amzn1.account.AF637CWA43FNDQYHYYXOCFLFSHMQ/ref=cm_cr_getr_d_gw_btm?ie=UTF8", "rating": "4.0 out of 5 stars", "reviewTitle": "Great deal for the $", "reviewDate": "January 4, 2020", "reviewText": "  Good product.  Definitely would recomend", "is_Helpful": ""}, {"reviewerName": "Cristian", "reviewerUrl": "https://www.amazon.com/gp/profile/amzn1.account.AFF32GCLHQODYLWIUTAFJCHRU43Q/ref=cm_cr_getr_d_gw_btm?ie=UTF8", "rating": "4.0 out of 5 stars", "reviewTitle": "Fast as Fu(ck)n (:", "reviewDate": "January 4, 2020", "reviewText": "  Really amazing design, fast and the touchscreen is way too practical., \"But I have to mention that annoying spinning sound of the disk  while Im working.\"", "is_Helpful": ""}, {"reviewerName": "James K.", "reviewerUrl": "https://www.amazon.com/gp/profile/amzn1.account.AFUTCZRNSNQ4NZ2DTD3YG2YJUZ5Q/ref=cm_cr_getr_d_gw_btm?ie=UTF8", "rating": "4.0 out of 5 stars", "reviewTitle": "\"beware of bios update on Dells web site\"", "reviewDate": "January 4, 2020", "reviewText": "  The laptop has a great screen and is fast.  However beware of using the Dell website if you update the bios.  I did this because it said the bios update was urgent. I followed the instructions to a T, and the laptop tanked.  I lost the internet connection and could not go any further than the login page.  It took more than 3 hrs online with the support tech to resolve the problem.  I had to restore windows 10. Fortunately I did not have many programs and files to restore.", "is_Helpful": "One person found this helpful"}, {"reviewerName": "Bob Ianniello", "reviewerUrl": "https://www.amazon.com/gp/profile/amzn1.account.AEKP5ETVXYCVHWYT6RQUPXHH4QKQ/ref=cm_cr_getr_d_gw_btm?ie=UTF8", "rating": "5.0 out of 5 stars", "reviewTitle": "Fast", "reviewDate": "January 3, 2020", "reviewText": "  Fast, excellent display, nice keyboard. Could benefit from built in DVD drive and change of color of illuminated keyboard to white instrad of blue", "is_Helpful": ""}, {"reviewerName": "Eric Morales", "reviewerUrl": "https://www.amazon.com/gp/profile/amzn1.account.AGOASWUP4CCDPGKHZWFEFCU5FIZQ/ref=cm_cr_getr_d_gw_btm?ie=UTF8", "rating": "5.0 out of 5 stars", "reviewTitle": "Great buy!!!", "reviewDate": "January 2, 2020", "reviewText": "  This purchase was a steal for the price! Love the touchscreen. If I were to point out one fault, it only has two external USB flash drive ports.", "is_Helpful": ""}, {"reviewerName": "Jim Fanguy", "reviewerUrl": "https://www.amazon.com/gp/profile/amzn1.account.AHBNZVDLXHURBVP3WZFK2HMULWAQ/ref=cm_cr_getr_d_gw_btm?ie=UTF8", "rating": "5.0 out of 5 stars", "reviewTitle": "Fast!", "reviewDate": "January 1, 2020", "reviewText": "  This is my first SSD experience. This laptop was purchased to replace a seven year old or so acer laptop. It comes up fast and gets results quickly. It works well for my needs. However, I find the fingerprint reader somewhat finicky. Overall, highly recommended.", "is_Helpful": ""}, {"reviewerName": "PokeMom", "reviewerUrl": "https://www.amazon.com/gp/profile/amzn1.account.AGCWZXVLRR4ELN4775BFUSA3UQUQ/ref=cm_cr_getr_d_gw_btm?ie=UTF8", "rating": "5.0 out of 5 stars", "reviewTitle": "Amazing computer!", "reviewDate": "December 30, 2019", "reviewText": "  Absolutely amazing computer! I was sceptical about buying a computer online but after researching the specs I wanted I decided to purchase as it was the best price. It was the BEST decision I made. Amazon delivered faster than quoted as well. Perfect Christmas gift!", "is_Helpful": ""}, {"reviewerName": "Krystal", "reviewerUrl": "https://www.amazon.com/gp/profile/amzn1.account.AFARZQLQ6MEZAUFOY77IRBHK4XIA/ref=cm_cr_getr_d_gw_btm?ie=UTF8", "rating": "3.0 out of 5 stars", "reviewTitle": "What was described.", "reviewDate": "December 26, 2019", "reviewText": "\"  The computer itself was what is described. But it was not the computer I thought it was. I never turned it on. I cant answer any questions about it. Except that it is heavier then the inspiron 2 in 1. And the screen it 15 in.\"", "is_Helpful": ""}, {"reviewerName": "Li ZHENG CHANG", "reviewerUrl": "https://www.amazon.com/gp/profile/amzn1.account.AEJ57AJGMWD25ND7MLGHZID2EAIQ/ref=cm_cr_getr_d_gw_btm?ie=UTF8", "rating": "5.0 out of 5 stars", "reviewTitle": "Amazon", "reviewDate": "December 24, 2019", "reviewText": "  Yes", "is_Helpful": ""}, {"reviewerName": "Hazeem", "reviewerUrl": "https://www.amazon.com/gp/profile/amzn1.account.AHFOAVT2D2Y4MTBZZVT2B4QIMWRA/ref=cm_cr_getr_d_gw_btm?ie=UTF8", "rating": "1.0 out of 5 stars", "reviewTitle": "What was in the descriptions is not wat I got.", "reviewDate": "December 23, 2019", "reviewText": "  This laptop supposed to come with 1TB hard drive, but the hard drive was not included, and the fingerprint reader does not work, also, this laptop supposed to come with computer carrying sleeve, but there was not sleeve. Everything else works fine. Overall, I felt duped. If I can give zero star, I would have.", "is_Helpful": "3 people found this helpful"}, {"reviewerName": "Nicolas M.", "reviewerUrl": "https://www.amazon.com/gp/profile/amzn1.account.AGX6QY4PRXSZAQC62RQ4LA34ADXQ/ref=cm_cr_getr_d_gw_btm?ie=UTF8", "rating": "5.0 out of 5 stars", "reviewTitle": "Extremely satisfied, would definitely buy again.", "reviewDate": "December 21, 2019", "reviewText": "\"  Ill start with the matter I was more concerned about, which I didnt find a response I found satisfactory enough. It does come with a 1 TB HDD, a 256 SSD, and a 16 GB optane memory drive, of which you can see the SSD and the HDD from the This Computer folder. It came with a USB extension cable, an HDMI cable and a mouse pad as the bundled accessories. Really responsive and light, considering the size.\"", "is_Helpful": "One person found this helpful"}, {"reviewerName": "Bryan", "reviewerUrl": "https://www.amazon.com/gp/profile/amzn1.account.AG5K3NTTQL46WXSX3DYTZMFFB54Q/ref=cm_cr_arp_d_gw_btm?ie=UTF8", "rating": "1.0 out of 5 stars", "reviewTitle": "AVOID!!!", "reviewDate": "December 19, 2019", "reviewText": "  Terrible product. Easy to set up but that was about it. It took around 30 minutes just to download my antivirus and that was just the start. A basic website would take 2+ minutes to load, and even after loading it lacked pictures and graphics. I don\u2019t have high spec needs, just basic internet use and Microsoft office which the advertised specs should be MORE than capable of handling. This laptop was completely unacceptable and slower than the 7 year old laptop I was replacing. I would not be surprise if the (THIRD PARTY) seller gutted it and put in cheaper parts...it is THAT bad. To add insult on top of injury, when they finally accepted my refund, they charged nearly $70 for shipping which they deducted from the refund. Nowhere on the product page does it say the buyer is responsible for return shipping (though I\u2019m sure they hid it well if it is there). Luckily, Amazon stepped in and refunded the balance on their behalf. AVOID THIS SELLER AT ALL COSTS, COMPLETELY UNACCEPTABLE PRODUCT!!!!", "is_Helpful": "4 people found this helpful"}, {"reviewerName": "Brett H.", "reviewerUrl": "https://www.amazon.com/gp/profile/amzn1.account.AFGNZO2TNUTGPWEJQWTYDUMZQZAA/ref=cm_cr_getr_d_gw_btm?ie=UTF8", "rating": "5.0 out of 5 stars", "reviewTitle": "A college laptop indeed", "reviewDate": "December 18, 2019", "reviewText": "  This laptop is fantastic for on the go computing as well as college which is why I bought it. I have found that the quad core processor and the amount of ram make college assignments an ease. My only gripe is that the battery life could be better.", "is_Helpful": "2 people found this helpful"}, {"reviewerName": "Nancy", "reviewerUrl": "https://www.amazon.com/gp/profile/amzn1.account.AERW5WPQDK7RLU7MKKXVQRCJUWJA/ref=cm_cr_getr_d_gw_btm?ie=UTF8", "rating": "1.0 out of 5 stars", "reviewTitle": "Crashed", "reviewDate": "December 18, 2019", "reviewText": "  I had the computer for little over a week, when I received notification that a driver needed an update.  The update failed so I called Dell Assist.  The computer crashed so Dell Assist told me I needed to send it to them.  Thus far, I have not had it returned to me as  it took a week to get to them and they did not have the parts to fix it when it arrived.  I have since learned that I should have sent it back to Amazon.", "is_Helpful": "4 people found this helpful"}, {"reviewerName": "sri73", "reviewerUrl": "https://www.amazon.com/gp/profile/amzn1.account.AFCVLHPENQJM36MMC5QMVZHCFYNQ/ref=cm_cr_getr_d_gw_btm?ie=UTF8", "rating": "4.0 out of 5 stars", "reviewTitle": "Good configuration and competitive price", "reviewDate": "December 17, 2019", "reviewText": "  I  bought this laptop for use by a high school senior year (college next). Performance is good and the laptop look a good buy. I will update this review in a couple of months after extensive use., Overall - good configuration, the boot time is fast thanks to the SSD boot disk. The 1 TB should be suffiencient for storage., Some reviews have talked about a fan noise. This is correct, there is a defnite fan noise which is noticeable. The fan is doing its job, as the fan switches on and off depending on the laptop heating up., The delivery was a delayed by a day and hence 1 went with 4 stars.", "is_Helpful": "One person found this helpful"}, {"reviewerName": "D. Carpenter", "reviewerUrl": "https://www.amazon.com/gp/profile/amzn1.account.AG6V354WLQJ2U3ERJIPFXBITRGKQ/ref=cm_cr_getr_d_gw_btm?ie=UTF8", "rating": "5.0 out of 5 stars", "reviewTitle": "A step up from the i3.", "reviewDate": "December 16, 2019", "reviewText": "  Great while it lasted, motherboard crashed within a month under warranty. Returned and got an i7.", "is_Helpful": "One person found this helpful"}, {"reviewerName": "Loudoun D.", "reviewerUrl": "https://www.amazon.com/gp/profile/amzn1.account.AGNG7MYFDUN6RWF3RBZ46E7MMPJQ/ref=cm_cr_getr_d_gw_btm?ie=UTF8", "rating": "5.0 out of 5 stars", "reviewTitle": "Great product", "reviewDate": "December 13, 2019", "reviewText": "  Recommended by my son for what I  would need it for who does IT and he was right.  Love it.  Recommend highly.", "is_Helpful": "One person found this helpful"}, {"reviewerName": "Hector A Calanche R", "reviewerUrl": "https://www.amazon.com/gp/profile/amzn1.account.AEW5EESYLBW63XIEUEZL3RGNHVDA/ref=cm_cr_getr_d_gw_btm?ie=UTF8", "rating": "3.0 out of 5 stars", "reviewTitle": "Initial setup took too long", "reviewDate": "December 13, 2019", "reviewText": "  Initial setup took too long, even HDD was not visible,  many updates required besides it is model 2019", "is_Helpful": "2 people found this helpful"}, {"reviewerName": "Aniket Jadhav", "reviewerUrl": "https://www.amazon.com/gp/profile/amzn1.account.AG3P7RDDN6XYGEAL2SVWNXNTRYXQ/ref=cm_cr_getr_d_gw_btm?ie=UTF8", "rating": "5.0 out of 5 stars", "reviewTitle": "Great piece! Strongly recommended!", "reviewDate": "December 9, 2019", "reviewText": "  A big thumbs up! Very happy with the laptop. Recommended to all.. from students to working professionals!", "is_Helpful": "One person found this helpful"}, {"reviewerName": "JimA", "reviewerUrl": "https://www.amazon.com/gp/profile/amzn1.account.AFTYTZBR6D3SHSHMLJPMLFJMHZUQ/ref=cm_cr_arp_d_gw_btm?ie=UTF8", "rating": "4.0 out of 5 stars", "reviewTitle": "Very nice 15\u201d laptop.", "reviewDate": "December 8, 2019", "reviewText": "  Very nice, quiet laptop. Keyboard has large, lighted keys and includes a numeric keypad. Keypad lies a bit flat to me, but that\u2019d easily remedied. Setup is led by Cortana audio instructions. Pretty well done. On/off button at top right is also a fingerprint reader which is a logon option. It\u2019s small and can be a bit finicky. Video is great. Weight is very reasonable for 15\u201d screen.", "is_Helpful": "6 people found this helpful"}, {"reviewerName": "Darren Turner", "reviewerUrl": "https://www.amazon.com/gp/profile/amzn1.account.AFSCXRRWHOWG56672IAG2R3MPNDQ/ref=cm_cr_getr_d_gw_btm?ie=UTF8", "rating": "5.0 out of 5 stars", "reviewTitle": "Great computer", "reviewDate": "December 7, 2019", "reviewText": "  This is a great computer, exactly as described.", "is_Helpful": ""}, {"reviewerName": "Amazon Customer", "reviewerUrl": "https://www.amazon.com/gp/profile/amzn1.account.AFJT7Z7KLXLE3MB5QIV62UUUWGFA/ref=cm_cr_getr_d_gw_btm?ie=UTF8", "rating": "1.0 out of 5 stars", "reviewTitle": "Non working and used. Had to teturn..", "reviewDate": "December 4, 2019", "reviewText": "\"  Had to return it. It was used and didnt work.\"", "is_Helpful": "3 people found this helpful"}, {"reviewerName": "Amazon Customer", "reviewerUrl": "https://www.amazon.com/gp/profile/amzn1.account.AF7J27L3FWTM3XLLVPZGHQJN63YQ/ref=cm_cr_getr_d_gw_btm?ie=UTF8", "rating": "2.0 out of 5 stars", "reviewTitle": "CRAP", "reviewDate": "December 2, 2019", "reviewText": "  Fingerprint reader is crap didn\u2019t get a mouse and case as promised and doesn\u2019t have 1 tb hdd", "is_Helpful": "4 people found this helpful"}, {"reviewerName": "Anna Zlomke", "reviewerUrl": "https://www.amazon.com/gp/profile/amzn1.account.AG3Z7CLTLS3QVRYUGNQHFWSEUBTA/ref=cm_cr_arp_d_gw_btm?ie=UTF8", "rating": "5.0 out of 5 stars", "reviewTitle": "Great laptop deal", "reviewDate": "November 29, 2019", "reviewText": "  Arrived quickly and opened the box and had my wife running restored from her previous laptop within the hour. It is crazy fast.", "is_Helpful": "7 people found this helpful"}, {"reviewerName": "Grizzly Adams", "reviewerUrl": "https://www.amazon.com/gp/profile/amzn1.account.AEPLTBVWYHIHUDKHKGWZOHDZO2QA/ref=cm_cr_arp_d_gw_btm?ie=UTF8", "rating": "2.0 out of 5 stars", "reviewTitle": "Microsoft - Shame on You", "reviewDate": "November 27, 2019", "reviewText": "  I ordered the laptop with next day delivery and it arrived as promised in a big box with a smaller box inside. After pouring out all the contents i was surprised by the dearth of literature. There was one tri-fold min with some diagrams, one of the pages was in chinese. The other was a warranty written in 3 pt font. The other two pieces were the charger and the latptop., \"The paperwork was useless, the schematic of the laptop was so barebones and fonts so small it was hard to read. Booting up went well, the entire process took about 30 minutes. Microsoft was as invasive as ever trying to force their aps onto the laptop - beware what you check or dont check. My first complaint was that Windows 10 would not let me set a user name or password, instead it forced me to use a Microsoft account (I used by Skype account).\", Microsoft tried to get me to use Cortana but I booted her at first chance. There were several other headfake type prompts that I successfully navigated away from. Finally, I got to logged and installed Chrome and my Google accounts ,despite Microsofts numerous attempts to push me into Bing/IE., \"Once Chrome was running, all went smooth and soon had most of my software installed - that was yesterday. I havent put the machine through any paces yet, but was impressed with the boot speed, screen clarity, keyboard feel, and touchpad. I didnt use the fingerprint sensor, couldnt tell where it was until after the setup was completed. It is the On/Off button with no characters - just a blank key. Cryptic.\", \"My initial feedback is very positive except for the assault by Microsoft through Windows. You would think a trillion dollar company wouldnt be so desperate to trick people into using their crappy software, but youd be wrong. They are desperate because their software isnt as good as Googles. Id have given 5 stars but for the Microsoft issues.\", UPDATE - Two Weeks Later., The laptop has had \"flicker screen\" then freeze numerous times. Not sure if there is bad video ram, drivers, or what. Am close to sending it back.", "is_Helpful": "37 people found this helpful"}, {"reviewerName": "Victor Loconi", "reviewerUrl": "https://www.amazon.com/gp/profile/amzn1.account.AGNQZCA4J7WLPYQTRISRQIB7PLDA/ref=cm_cr_getr_d_gw_btm?ie=UTF8", "rating": "5.0 out of 5 stars", "reviewTitle": "Price and features", "reviewDate": "November 27, 2019", "reviewText": "  Nice laptop, a kinda heavy and noisy but it works correctly. It has everything that I need for homework and business.", "is_Helpful": "One person found this helpful"}, {"reviewerName": "Isabel M.", "reviewerUrl": "https://www.amazon.com/gp/profile/amzn1.account.AFEADKQ5VIBU74W3C7U3PPBHFFBA/ref=cm_cr_getr_d_gw_btm?ie=UTF8", "rating": "5.0 out of 5 stars", "reviewTitle": "1 terabyte", "reviewDate": "November 23, 2019", "reviewText": "  Really like still experimenting seems to be everything I want only thing is would like a manual to see if I\u2019m missing something thank you", "is_Helpful": ""}, {"reviewerName": "Regina-Marie McGuire", "reviewerUrl": "https://www.amazon.com/gp/profile/amzn1.account.AHEZ6ATV4XFH376AQY5T34A6ZZLA/ref=cm_cr_arp_d_gw_btm?ie=UTF8", "rating": "1.0 out of 5 stars", "reviewTitle": "Nightmare", "reviewDate": "November 22, 2019", "reviewText": "\"  I wish I could give it zero stars. The laptop didnt work from the moment I turned it on.  I did get it on but it kept freezing up during the set up process.  Dells support blamed Microsoft.  Its being sent back.\"", "is_Helpful": "21 people found this helpful"}, {"reviewerName": "Lauren Heller", "reviewerUrl": "https://www.amazon.com/gp/profile/amzn1.account.AHPLVYJ4YPZKM6NQ4ZKGIWCBXT2Q/ref=cm_cr_arp_d_gw_btm?ie=UTF8", "rating": "5.0 out of 5 stars", "reviewTitle": "Works Great (may have to update BIOS)", "reviewDate": "November 17, 2019", "reviewText": "\"  So far so good.  I researched for a few weeks and this one had about the best specs for the dollar I could find.  Shortly after it arrived, I had a concern about the fan running constantly, as it ran a lot more than expected with very little CP loading after I got it up and running.  I updated the BIOS through DELL, left town for a few days, and it isnt running excessively any more.  Hint, to update the BIOS you have to disable encryption (Bitlocker).\"", "is_Helpful": "11 people found this helpful"}, {"reviewerName": "Wallflower", "reviewerUrl": "https://www.amazon.com/gp/profile/amzn1.account.AHYSC7QAPQVVN2JHD2Q275EEOS5A/ref=cm_cr_arp_d_gw_btm?ie=UTF8", "rating": "5.0 out of 5 stars", "reviewTitle": "Thank you so much Dell and Amazon", "reviewDate": "November 16, 2019", "reviewText": "\"  over the past few years Ive had many different laptops from different brands. I decided to go with a Dell this time and im truly imprressed by; the speed and smoothness of the operating system, audio, the spacing between keys, backlit, the quality of the laptop, and everythig else, also no bloat ware. I think ima be a permanent Dell user for now on. Thank you so much Dell and Amazon.\"", "is_Helpful": "13 people found this helpful"}, {"reviewerName": "Kindle Customer", "reviewerUrl": "https://www.amazon.com/gp/profile/amzn1.account.AHOCFVUVJII3JB273TUMD2XKDKGA/ref=cm_cr_getr_d_gw_btm?ie=UTF8", "rating": "5.0 out of 5 stars", "reviewTitle": "So worth the price", "reviewDate": "November 14, 2019", "reviewText": "\"  So far this laptop is outstanding. I turned off the talking assistant right away. The fingerprint option doesnt seem to work, or I ran out of patience.\"", "is_Helpful": "One person found this helpful"}, {"reviewerName": "Brian caballero", "reviewerUrl": "https://www.amazon.com/gp/profile/amzn1.account.AEXOWQZW42VT64J6PFAZX4AKASAA/ref=cm_cr_arp_d_gw_btm?ie=UTF8", "rating": "4.0 out of 5 stars", "reviewTitle": "Not 1TB of storage but 256GB only.", "reviewDate": "October 28, 2019", "reviewText": "  Everything is great about this Laptop, but it needs more storage and I thought it had 1TB HDD like it said but it only has 256GB of Storage(SSD)", "is_Helpful": "40 people found this helpful"}, {"reviewerName": "Vivian Callahan", "reviewerUrl": "https://www.amazon.com/gp/profile/amzn1.account.AFJW2YVTMAN7TUPKHKYPT5Q5K7DA/ref=cm_cr_getr_d_gw_btm?ie=UTF8", "rating": "5.0 out of 5 stars", "reviewTitle": "Great computer for the price", "reviewDate": "October 19, 2019", "reviewText": "  It\u2019s plenty powerful and still light.", "is_Helpful": "2 people found this helpful"}, {"reviewerName": "Keith K", "reviewerUrl": "https://www.amazon.com/gp/profile/amzn1.account.AHRDTGV4WTAX423ATIJ7RQDZAF4Q/ref=cm_cr_arp_d_gw_btm?ie=UTF8", "rating": "5.0 out of 5 stars", "reviewTitle": "Real Good Deal", "reviewDate": "October 7, 2019", "reviewText": "\"  They forgot to send me the wireless mousd and laptop cover but they made good on it. I beleive the laptop was the best deal i could find in stores or the internet. BEST BUY COSTCO FRED MEYER OFFICE DEPOT and others. Got it for my son in college for Mechanical Engineerings Solid Works. He says it works great but video games Apex dont work to well..... ha ha I scored so just do your homework.\"", "is_Helpful": "23 people found this helpful"}, {"reviewerName": "Luis M. Thor Straten", "reviewerUrl": "https://www.amazon.com/gp/profile/amzn1.account.AEZEUW4A3EIHQERSID7MWBKDMSQA/ref=cm_cr_getr_d_gw_btm?ie=UTF8", "rating": "4.0 out of 5 stars", "reviewTitle": "Great features for the price!", "reviewDate": "September 24, 2019", "reviewText": "  The touch screen feature is a nice added feature. I can also work remotely away from the office and do more for my presentations and projects.", "is_Helpful": "2 people found this helpful"}], "qAndA": [{"question": "Sirve para programas de arquitectura", "answer": "Lo mejor ser\u00eda que compre una con tarjeta gr\u00e1fica"}, {"question": "Does this laptop come with a)ssd memory ory b) hdd memory c) optane memory d) windows 10 home?", "answer": "it comes with ssd, and windows home"}, {"question": "How do you access MaxxAudio?", "answer": "yes"}, {"question": "Does this have a micro edge screen?", "answer": "Don't know what that is, sorry."}, {"question": "What is the model number?", "answer": "5584"}, {"question": "Can it fold into tablet mode", "answer": "No."}, {"question": "Does this have dvd drive?", "answer": "No, it doesn't have a DVD drive."}, {"question": "I want to reconfirm that this unit has 12gb not 8gb as I have seen of this model elsewhere. Please advise.", "answer": "it dose have 12gb"}, {"question": "is this computer made in china?", "answer": "Answer not available"}, {"question": "What is the battery in Whr?", "answer": "Not sure"}, {"question": "is it ultra low voltage or standard?", "answer": "Standard decent power life 5-8 hrs reg use"}, {"question": "Does this laptop have a usb-c? if it does, is it with powerdelivary and video?", "answer": "Unfortunately there is no USB c on this laptop"}, {"question": "Planning to take it as a gift to my relative in India. Does this 1yr warranty covers international locations like India?", "answer": "Yes, few sellers don\u2019t have exactly 1 year warranty they purchase it before itself"}, {"question": "Is it a tn or ips display?", "answer": "LCD"}, {"question": "Does the laptop boot from the SSD or the hard drive?", "answer": "It boots from the SSD"}, {"question": "En la primera descripci\u00f3n menciona 1 tb de memoria de almacenamiento y luego en la tabla ya no \u00bftiene los 256 gb de estado s\u00f3lido y 1 tb de hdd?", "answer": "El modelo que adquir\u00ed posee todo lo descrito en el rpimer anuncio"}, {"question": "Does this computer have a hardshell case bought it and it works well but now I'm looking for a case to protect it and can't find one", "answer": "I am not aware of any hardshell case specifically from.dell but you can buy a 3rd party case as long as it's for a laptop 15.6 inch display."}, {"question": "How many free storage slots does the laptop have available for expansion? is there possible to add another ssd disk to the computer after buy it?", "answer": "Yes it has a SDS slot on the side"}, {"question": "Does it weigh 4.3 or 6.27 lbs?", "answer": "4.3"}, {"question": "Es ligera?", "answer": "Si, es muy ligera, f\u00e1cil de llevar"}, {"question": "What is the weight of the PC? 4.3 lb or 6.27 lb", "answer": "4.3"}, {"question": "There seems to be some confusion about if this ships with the 1tb hdd. does it?", "answer": "OK. Now I'm confused."}, {"question": "Is this system suitable for video editing?", "answer": "Yes it probably does that well but some video games the processor is a liitle slow for online games. But Halo2 works good my son says."}, {"question": "are all monitors compatible?", "answer": "I'm not sure what your asking exactly.... are you asking if the hdmi or display ports work on other monitors if so yes"}, {"question": "Is this. Dell Inspiron 5000 a sku 6347444", "answer": "Prompt delivery"}, {"question": "Can the battery be changed?", "answer": "All laptop batteries can be changed.???\n\nThis is not a \"swappable\" externally rechargable battery however. Appears the case must be opened up for access to all internals. Including the battery. \u2026 see more"}, {"question": "Se puede poner Windows en espa\u00f1ol", "answer": "si se puede, si esta en ingles se descarga el paquete de idioma espa\u00f1ol en nuestro caso y se cambia el idioma a espa\u00f1ol"}, {"question": "Hello dear. i need to know if the 256gb pcie ssd is really 256gb ssd disk? and the hdd, is hibrid disk? regards!", "answer": "yes. This item has a 256 SSD and 1 TB HDD."}, {"question": "Is the battery removable?", "answer": "No"}, {"question": "Does this come with windows 10 pro?", "answer": "Only comes with Home Edition. At least the one I purchased did."}, {"question": "What's the model number? Someone posted a link that is no longer available. Additionally, does this have a dvd drive?", "answer": "the one I have is 5584....and no, no dvd"}, {"question": "There is or is not a CD slot? This is the clincher?", "answer": "There is not a CD slot."}, {"question": "Is this sold by/backed by Dell? IS there a warranty?", "answer": "Made by Dell and \"hooked up\" by a third party, ie.. extra RAM, HDD space, etc. I purchased the extra 4yr full warranty."}, {"question": "Does this laptop have 256gb ssd + 1tb hard disk? is it right?", "answer": "It has 256gb ssd but the 1tb hard disk was not included."}, {"question": "I need to be able to watch a medical disc. Is there a slot for such a disc?", "answer": "Haven\u2019t had it long but there is no slot for a disc."}, {"question": "what is the \"accessories bundle\"?", "answer": "It comes with a sleeve for the laptop"}, {"question": "Is there a lighter weight laptop w/these specs?", "answer": "no"}, {"question": "Does it come with a keyboard in Spanish?", "answer": "You can change it in the language settings"}, {"question": "Can this connect to WiFi?", "answer": "This computer can connect to Wi-Fi. It includes an Ethernet port for a wired connection as well."}, {"question": "Someone indicated the battery was not removable...How is the battery replaced as it begins to wear out?", "answer": "it is not removable. I would imagine you would have to take it to someone to get it replaced."}, {"question": "What color is the keyboard white or black?", "answer": "It\u2019s silver!"}, {"question": "does it come with antivirus activated?", "answer": "It comes with the regular windows antivirus. And a free 30 day trial of Mcafee' if you sign up for it in a install popup. And i think later Mcafee is a about $45 if you chose to buy it."}, {"question": "Does this come with a camera and mic? can it be used for video conferencing?", "answer": "Yes it does, and work great with many apps.... only Zoom has crearles issues with call drops and camera got disconected, not relates with the Laptop"}, {"question": "Does it have fingerprint scanner?", "answer": "The laptop's power button also has the function of a fingerprint scanner."}, {"question": "Does this come with a charger?", "answer": "Yes. That's about all this computer had!"}, {"question": "how much Lid opened to maximum?", "answer": "About 130 degree"}, {"question": "What are the specifications of the memory ram? is it ddr4 right?", "answer": "Yes"}, {"question": "Is there a way to use dual external monitors, either via a docking station or external box?", "answer": "Not sure"}, {"question": "Is it actually touchscreen?", "answer": "Yes."}, {"question": "Which disk drive is the operating system on? the ssd or the hdd?", "answer": "I saw size as 256gb, not sure HDD or ssd. As I did not see it is anyway faster than general boot."}, {"question": "Can the seller confirm if the storage space is 256gb ssd only or does it also come with 1tb hdd? there are some really contradicting answers here!", "answer": "What I received did not have the 1TB HDD. Very frustrating."}, {"question": "Is the hdmi port version 1.4 or 2.0?", "answer": "No idea"}, {"question": "What is the complete product/model number? it isn't listed. is there actually 1 tb of hdd? what is the accessories bundle?", "answer": "Inspiron 15 5584\nMine came with two drives, SSD 256Gb and mechanical disk 1Tb\nThe accessories that I got is a set of USB and HDMI cables."}, {"question": "Homw many ports it has?", "answer": "2 USB 3.0, 1 USB 2.0, 1 HDMI, 1 LAN port and 1 card reader slot."}, {"question": "Does it weigh 4 or 6 lbs. there are two different numbers listed?", "answer": "4"}, {"question": "Can I run A game on steam Called final fantasy 13 on this laptop?", "answer": "I have not played that game specifically but I did purchase the laptop with an eye to play games from my Steam account. One caveat will be your internet connection but from a hardware stand point the laptop has the capability"}, {"question": "can i install new graphic card?", "answer": "no"}, {"question": "Can seller confirm the return policy? It is same as Amazon return policy or is it a different return policy ?", "answer": "Don't buy this - we returned ours and are still waiting for the refund. They say there is a 1 TB hard drive in the computer but there is not. False advertising!"}, {"question": "Does this machine come with windows 10 home \"single language\" or the regular windows 10 home?", "answer": "I think it is regular window 10 home since you have the option to change language."}, {"question": "the shipment is through a private courier?", "answer": "Yes"}, {"question": "does the backlit keyboard stay on or time out and then come back on when you hit a key?", "answer": "It times out and will come back on upon striking a key."}, {"question": "Can someone provide me with the full Dell Model Number?", "answer": "Inspiron 15 5584"}, {"question": "Does it have an Arabic keyboard\u061f", "answer": "Minen was listed and received as English keyboard, Multi language support howerv for screen/tablet mode keyboard"}, {"question": "How do I get a replacement key?", "answer": "Answer not available"}, {"question": "Is there a international warranty for the laptop?", "answer": "Answer not available"}, {"question": "Is this tn or va or ips panel?", "answer": "It\u2019s normal lcd panel"}, {"question": "First 3 pictures show silver keyboard the other 3 pictures show black keyboard. Which is correct... geez get it together....", "answer": "I beleive that's just a lighting/shadowing issue when the picture was taken. Notice in the one picture some keys pic up the blue from the screen pushed forward.\nThe keyboard is silver backlit... that is just shadowing effects of taking the picture.\nTheres nothing to geeze about... \u2026 see more"}, {"question": "Does this have a dvd drive?", "answer": "No. I think is necesary. I still used CD's."}, {"question": "Does this product really have 1TB storage?", "answer": "Yes. A 1TB HDD and a 256 gig SSD drive where the OS is installed."}, {"question": "Can I hook up another monitor/screen to laptop?", "answer": "Yes you can"}, {"question": "What color are the keys on the keyboard, white or black?", "answer": "On mine they are silver."}, {"question": "There is a arabic &english keyboard?", "answer": "You should be able to add an Arabic keyboard. Although I haven\u2019t added any other language to this computer I have added to other Dell laptops."}, {"question": "What is the rotation angle of the laptop monitor?", "answer": "Not 360 degrees, just 180"}, {"question": "Cost for 4 year warranty", "answer": "You would need to contact DELL for information on warranties available and the pricing."}, {"question": "donde estan ubicados?", "answer": "Answer not available"}, {"question": "How long can i expect the battery last, on average? 2-3 hours? 4-6 hours? Greater? Hopefully not less. Thanks.", "answer": "4-6 hours."}, {"question": "Does it come with both a 256gb ssd and 1tb hdd? or is it just upgradable? the reviews say only ssd.", "answer": "Mine came with both sad and he\u2019d."}, {"question": "Does this Computer 2-in-1 Laptops(hybrid)?", "answer": "No, this laptop is not a 2-in-1."}, {"question": "Does it have a cd or dvd slot?", "answer": "Not in specs. Doubt it."}, {"question": "Does this have a micro edge screen?", "answer": "Yes"}, {"question": "I have searched all over the internet but can't find this laptop elsewhere, this is making me wary. What is the exact make and model?", "answer": "Dell inspiron 1500 is the series. https://www.dell.com/en-us/work/shop/cty/pdp/spd/inspiron-15-5567-laptop?mkwid=sL7V8nlJg&pcrid=289083320795&pkw=&pmt=b&pdv=m&slid=&product=&pgrid=59702898618&ptaid=aud-447064312296:dsa-530559620358&VEN1=sL7V8nlJg,289083320795,901q5c14135,m,,,59702898618,aud-447064312296:dsa-5305596203\u2026 see more"}, {"question": "Se puede coger con el teclado en espa\u00f1ol? (Con tecla \u00f1)", "answer": "Answer not available"}, {"question": "How long the battery lost? and whats the storage space 256G or 1TB?", "answer": "This computer has both a 256GB SSD and a 1TB hard drive. My battery seems to last a good while but I have not actually timed it."}, {"question": "Cuanto pesa?", "answer": "Answer not available"}, {"question": "There is a bit of confusion with the hard drive capacity. Is it 256gb or 1tb?", "answer": "The computer has 2 hard drives, a solid state that makes transfer of info faster and faster internet connection and a 1 Tb hard drive of the traditional type that you can use to store files especially pictures and files not in active use. The solid state drive allows for faster communications and therefore makes every\u2026 see more"}, {"question": "Is the body type plastic or metal?", "answer": "Plastic"}, {"question": "Where's the 1tb hdd on my new dell laptop? i can see the ssd.", "answer": "This laptop has 256gb ssd and 1tb hdd."}, {"question": "Does it have a backlit keyboard", "answer": "Yes"}, {"question": "Does it have an ssd AND an intel optane?", "answer": "The computer does have all three - 256G SSD, 16gb optane and a 1tb HDD. The 256G SSD and the 16gb optane are integrated on a single memory drive/card while the 1tb HHD is a separate drive/memory unit."}, {"question": "Does this computer come with batteries?", "answer": "Yes all laptops come with a battery"}, {"question": "Is good for dell active pen?", "answer": "Not sure, confirm it from dell support but it works I think so"}, {"question": "The Keyboard color is black or silver?", "answer": "The keyboard is silver."}, {"question": "What is the warranty?", "answer": "Dell product warranty is 1 year. You can buy additional warranty direct from Dell."}, {"question": "Does this laptop really have a 256gb ssd+16gb optane, and also a 1tb hdd? if so there are conflicting or missing specs in the details and summary.", "answer": "It does have all of those drives indeed, with the SSD+Optane being one listed as a single, C drive, and the HDD detected as the D drive."}, {"question": "Computer will not turn on. I have had it for 10 days. Who do I contact", "answer": "I would contact Amazon first but if they are not able to help reach out to dell"}, {"question": "Please could you confirm if is comes with 1tb hdd and 256 ssd or only 256 ssd. i really want to buy this one but some comments made me confused !!", "answer": "It has 1tb HDD and 256 SSD."}, {"question": "This this come with word and excel?", "answer": "pre installed yes, however activation fees are on the user"}, {"question": "Tienen alg\u00fan pc con esta misma configuraci\u00f3n pero con tarjeta de gr\u00e1fica?", "answer": "Answer not available"}, {"question": "is there really 12 gb of ram?", "answer": "Yes it is!\nI can send you pictures of the specifications."}, {"question": "does this have wifi?", "answer": "I bought it.... It came with \"no battery detected\" problem. Returned it right away."}, {"question": "Does this item has warranty in India? Does it has international warranty?", "answer": "I DO NOT"}, {"question": "Hi, I received this item yesterday and it shows a message saying that \"battery is not detected\" is it normal? Or should I returned it back?", "answer": "I\u2019m really not an expert on laptops. Find a young person that\u2019s knowledgeable about these things. That\u2019s what I do. I\u2019m still learning. Perhaps restart or not reinstall the battery"}, {"question": "What is the display panel used in this laptop? TN or VA or IPS? What about viewing angles?", "answer": "The panel is IPS."}, {"question": "Es t\u00e1ctil ? Touchscreen ?", "answer": "Yes"}, {"question": "Battery duration?", "answer": "About 6 hours.\nIt depends of the use."}, {"question": "How long does the battery last", "answer": "A full battery lasts about 7 hours."}, {"question": "Is 1tb hdd internal drive?", "answer": "Yes, 256GB SSD for boosting, and 1TB internal hard drive for extra space."}, {"question": "How much does it weigh? There are two numbers listed.", "answer": "4.3"}, {"question": "Is the operating system installed on the 256 gb ssd or is it installed on the hdd? also, is the optane memory really for the ssd or is it for the hdd?", "answer": "This laptop only came with the 256GB ssd hard drive (OS pre-installed). I was issued a $50 return for the absence of the 1TB hdd."}, {"question": "Does it come with Microsoft office package?", "answer": "It comes with the free 30 days trial."}, {"question": "Does this laptop come with a) ssd memory b) hdd memory c) optane memory d) windows 10 home?", "answer": "A. D."}, {"question": "How many Ram slot does this laptop have?", "answer": "Sorry, I don't have answer to this question, I just know that it has 12GB of RAM."}], "time": ["09/04/2021 19:28:26"], "reviewsCountInfo": {"expRevCount": 90, "actRevCount": 90, "nonEnglishRevCount": 12}, "scrapperInfo": {"Version": "1.3.2", "Released Date": "08/04/2021"}, "productURL": "https://www.amazon.com/gp/product/B07WTZC3JS", "ASIN": "B07WTZC3JS", "title": "Dell Inspiron 15 5000, 2019 15.6\" FHD Touchscreen Laptop, Intel 4-Core i5-8265U, 12GB RAM, 256GB PCIe SSD by 16GB Optane, 1TB HDD, Backlit KB Fingerprint Reader MaxxAudio Win 10/Accessories Bundle", "manufacturer": " Dell Store", "currentPrice": "$949.00", "rating": "4.2", "totalRatings": "270 "}