{"features": ["15.6\" Full HD (1920 x 1080) IPS Micro-Edge LED Display, NVIDIA GeForce GTX 1650 4GB GDDR5", "9th Gen Intel Core i5-9300H Quad Core Processor (2.40 GHz upto 4.1GHz, 8MB Cache), 16GB DDR4 2666MHz SDRAM, 128GB PCIe SSD Boot + 1TB 7200 rpm HDD", "10/100/1000 GbE LAN, 802.11 ax Wi-Fi 6, Bluetooth 5.0, Card Reader, Dual Speakers, Webcam", "1 x USB 3.1 Type-C Gen 1, 3 x USB 3.1 Gen 1, 1 x HDMI, 1 x Mini DisplayPort, 1 x Headphone Out/Microphone in Combo Jack, 1 x RJ-45", "Full-size Island-style Red Backlit Keyboard with Numeric Keypad, Windows 10 Home 64 bit, 3-Cell 52 Wh Battery, Shadow Black"], "reviewsAspects": [], "productInformation": [{"\nASIN\n": "\nB07WPNWJRV\n", "Customer Reviews": "\n\n\n\n\n\n\n4.6 out of 5 stars\n\n\n\n\n\n\n\n\n108 ratings\n\n\n\n\n\n\n4.6 out of 5 stars\n", "\nBest Sellers Rank\n": "\n\n#41,668 in Computers & Accessories (See Top 100 in Computers & Accessories)\n\n#6,790 in Traditional Laptop Computers\n\n\n", "\nDate First Available\n": "\nAugust 21, 2019\n"}], "productDescription": "Product description\nOperating System: Windows 10 Home 64 bit\n\nDisplay: 15.6\" Full HD (1920 x 1080) IPS Micro-Edge LED Display\n\nProcessor: 9th Gen Intel Core i5-9300H Quad-Core Processor (2.4GHz Upto 4.1Ghz, 8MB Cache)\n\nMemory: 12GB DDR4 2666 MHz SDRAM\n\nHard Drive: 128GB PCIe SSD Boot + 1TB 7200 rpm HDD\n\nOptical Drive: No\n\nPorts: 1 x USB 3.1 Type-C Gen 1, 3 x USB 3.1 Gen 1, 1 x HDMI, 1 x Mini DisplayPort, 1 x Headphone Out/Microphone in Combo Jack, 1 x RJ-45\n\nVideo: NVIDIA GeForce GTX 1650 4GB GDDR5\n\nAudio: Dual Speakers\n\nWireless: 802.11 ax Wi-Fi 6, Bluetooth 5.0\n\nWebcam: Yes\n\nEthernet: 10/100/1000 Gigabit Ethernet\n\nKeyboard: Full-size Island-style Red Backlit Keyboard with Numeric Keypad\n\nBattery: 3-cell 52 Wh Lithium-ion\n\nColor: Shadow Black\n\nDimensions(inches): 14.17 x 10.35 x 0.98\n\nWeight: 5.34 Lbs", "reviews": [{"reviewerName": "Jamie Walker", "reviewerUrl": "https://www.amazon.com/gp/profile/amzn1.account.AGQV2K5BH7OWEEHJ36W6SPUFKHMA/ref=cm_cr_arp_d_gw_btm?ie=UTF8", "rating": "1.0 out of 5 stars", "reviewTitle": "This computer failed in 5 months", "reviewDate": "November 27, 2020", "reviewText": "  I should have known better. My previous gaming laptop was an HP Omen 17 and it caught fire during a Fortnite match. I instead purchased this one on June 14 and on November 11, the display stopped working. Every attempt to reset the bios or reset the computer failed. It is basically a brick now., \"HP support told me that they want to try to fix it and send it back. I dont want a broken laptop that was fixed and I didnt pay for a broken laptop that was fixed. I want a new laptop, but it sounds like theyre not interested in customer satisfaction.\"", "is_Helpful": ""}, {"reviewerName": "SamR", "reviewerUrl": "https://www.amazon.com/gp/profile/amzn1.account.AGTL3UEITJFNXTLUECPKEYUX2E6A/ref=cm_cr_arp_d_gw_btm?ie=UTF8", "rating": "2.0 out of 5 stars", "reviewTitle": "Do not buy. Not worth your time or money", "reviewDate": "August 4, 2020", "reviewText": "  Like my review title says, do not buy., I\u2019ve had issue after issue with this laptop. One of the fans have failed, sent it in., Wireless adapter has failed several times., Charger was bad. Got replaced., Charging port came loose. Got it replaced., Gpu runs poorly, and I sent it in., I get the computer back and it was not fixed. I had to immediately send it back in for repairs., I\u2019ve had the computer out of my hands for 4 weeks and I\u2019ve had it less than a year., I\u2019ve spent over 12 hours on the phone with customer support., I even escalated one of my cases to a case manager. I called 10 separate times in a day with no response to any of those calls., I was told to leave a voicemail, so I left a voicemail on Friday morning. No response Friday. No response Monday. So I called again Tuesday. As usual, no answer. I finally get a call back and my computer is still under repair and I was supposed to have it back yesterday., I\u2019m quite frustrated with this whole process. I even purchased the extended warranty when I bought the computer. It\u2019s because I paid money to get the warranty that they cannot extend my warranty as a form of an apology for this., I am not happy with this. I use my laptop for school and work and I lose money every day I don\u2019t have it.", "is_Helpful": ""}, {"reviewerName": "Amazon Customer", "reviewerUrl": "https://www.amazon.com/gp/profile/amzn1.account.AGKCZ3WONUDXJX3YYEKZ73GG5GJA/ref=cm_cr_arp_d_gw_btm?ie=UTF8", "rating": "5.0 out of 5 stars", "reviewTitle": "I use it for editing short films", "reviewDate": "July 19, 2020", "reviewText": "\"  This is an amazing computer. Its everything you are probably wanting plus extra\"", "is_Helpful": ""}, {"reviewerName": "Viet-Raven T.", "reviewerUrl": "https://www.amazon.com/gp/profile/amzn1.account.AFTOP2O5SUTY2II37AP75J7MMEQQ/ref=cm_cr_arp_d_gw_btm?ie=UTF8", "rating": "5.0 out of 5 stars", "reviewTitle": "Keyboard is dofferent than average laptop,", "reviewDate": "June 25, 2020", "reviewText": "  Good laptop. Keyboard lights up of i want it to. Alot of things were confusing, this is mt first computer. Great choice", "is_Helpful": ""}, {"reviewerName": "Davidyes7", "reviewerUrl": "https://www.amazon.com/gp/profile/amzn1.account.AG5VON6VSNIHBI7DPK56OVCZZ27A/ref=cm_cr_arp_d_gw_btm?ie=UTF8", "rating": "5.0 out of 5 stars", "reviewTitle": "I love it!!", "reviewDate": "June 13, 2020", "reviewText": "  A very nice computer. I haven\u2019t had a single issue with it! I\u2019m not a heavy gamer but I do sometimes throw one on and there have been no issues. I see complaints about the sound or display but it\u2019s a laptop. Now, because it\u2019s a little older, it\u2019s a great budget gaming unit!!!", "is_Helpful": "One person found this helpful"}, {"reviewerName": "Matt", "reviewerUrl": "https://www.amazon.com/gp/profile/amzn1.account.AF7SN66V5VG6QQJH5MDRIP4AL4UA/ref=cm_cr_arp_d_gw_btm?ie=UTF8", "rating": "4.0 out of 5 stars", "reviewTitle": "Pleasantly surprised", "reviewDate": "June 9, 2020", "reviewText": "  I was looking for a replacement for our 6 year old Asus zen book pro. We\u2019re not a gamer family per se, but we like to play Minecraft, Overwatch, and Rocket League so I wanted something decent enough. The price on this is really good and the laptop is better than I expected., Pros, - cost, seriously, 800 ish bucks for a good gaming laptop, - performance:  you won\u2019t be playing the latest games at the highest settings, but it\u2019s really good for the cost and age of the model, - Mine didn\u2019t have a touch screen. My kids wish it was a touch screen, but I\u2019m glad it\u2019s not. Less reason to get the screen all dirty, Cons, - 12gb of ram; I\u2019m not sure why it doesn\u2019t just have 16gb of ram, - web camera; It\u2019s worse than my 6 year old Asus. I would have rather paid an extra $20 for a better webcam", "is_Helpful": "5 people found this helpful"}, {"reviewerName": "limary rosado vidro", "reviewerUrl": "https://www.amazon.com/gp/profile/amzn1.account.AHLS6QPDE3B3DNJNU3IYHF52LSTA/ref=cm_cr_arp_d_gw_btm?ie=UTF8", "rating": "5.0 out of 5 stars", "reviewTitle": "Excelente", "reviewDate": "June 2, 2020", "reviewText": "  Excelent", "is_Helpful": "One person found this helpful"}, {"reviewerName": "Msmonte1973", "reviewerUrl": "https://www.amazon.com/gp/profile/amzn1.account.AHBOMWOORQSLXDI63ZU5WDD7ZY4Q/ref=cm_cr_arp_d_gw_btm?ie=UTF8", "rating": "5.0 out of 5 stars", "reviewTitle": "Good gaming laptop for the money.", "reviewDate": "May 30, 2020", "reviewText": "  Great upgrade to my old dated laptop, can run my games on ultra and ultra high, the graphics card keeps up. For me the only downside is it\u2019s quite heavy.", "is_Helpful": "3 people found this helpful"}, {"reviewerName": "RobopopNZ", "reviewerUrl": "https://www.amazon.com/gp/profile/amzn1.account.AFN73NQMVPKDLISXRMBXTEBUKBEA/ref=cm_cr_arp_d_gw_btm?ie=UTF8", "rating": "5.0 out of 5 stars", "reviewTitle": "Great machine", "reviewDate": "February 14, 2020", "reviewText": "  Delivered 8am on the promised day despite being held up at NZ Customs for close to a week. What a machine!, Am so pleased I bought from Amazon.Got all the latest gear including Wifi 6 and at a huge saving as to what is available locally.And to have access to free tech help through Amazon is a real bonus.", "is_Helpful": "20 people found this helpful"}], "qAndA": [{"question": "Has anyone done any consistent video editing with Adobe Premiere on this? If so, what's your feedback?", "answer": "This computer is all you need for video editing"}, {"question": "Has anyone done any consistent video editing with adobe premiere and or final cut pro? premiere will be my focus.", "answer": "Yes....this is all you need"}, {"question": "I\u2019m looking for a started gaming computer this s good one I can upgrade in the future and it last awhile?", "answer": "You should not need to upgrade this anytime soon"}, {"question": "What the actual model? I\u2019m confused because I haven\u2019t been able to find it anywhere online. Every other omen 15 has different specs. please tell me.", "answer": "OMEN by HP Laptop 15-dc1xxx. This is taken from System Information."}, {"question": "How many fps and how many hertz does this have?", "answer": "Answer not available"}, {"question": "Is the ram expandable? If so up to how much?", "answer": "Yes. Up to 16GB."}, {"question": "what is the monitor output? 60/90/120hz?", "answer": "Do you mean the refresh rate?"}, {"question": "Can this computer be use for video editing?", "answer": "If you have the correct prorams."}, {"question": "Can it run game\u2019s like call of duty and modern warfare without lag?", "answer": "Absolutely"}, {"question": "can this game run fortnite and ue4 with excellent efficiency?", "answer": "Absolutely"}, {"question": "Can you run world of warcraft?", "answer": "It is a gaming computer"}, {"question": "How do you change the lights on the omen light studio when the computer is not appearing ?", "answer": "Not sure what you mean...The keyboard light are either on or off. They do not change color."}, {"question": "refresh rate", "answer": "It\u2019s 60 Hz"}, {"question": "Does this have thunderbolt 3?", "answer": "The OMEN by HP 15-dc1093tx DOES have a Thunderbolt 3 port. ... It's a bit hard to see, but left is HP Sleep and Charge while right is Thunderbolt 3. Hope that helps!"}, {"question": "What kind of charger does it need, as in watts", "answer": "It comes with the correct HP charger."}, {"question": "Nvidia g sync?", "answer": "its a GEFORCE GTX NVIDIA"}, {"question": "Is this suitable to be charged/plugged in to NZ power outlet?", "answer": "I keep it charging while playing the backlight keyboard tends to drain it faster."}, {"question": "How load is the fan? Some other gaming laptops had complaints about fan noise.", "answer": "If you mean how loud is the fan then I can say I hardly ever notice it."}, {"question": "Can i plug in my cable router", "answer": "not sure, there are a few different type jacks on the back, suggest check HP sight, mine runs super fast just using WIFI, very happy, spend the extra money and get the omen mouse & pad."}, {"question": "What is the response time? It\u2019s clearly above 1 ms so I\u2019m mad with this so called \u201cgaming\u201d laptop purchase", "answer": "Why I need help myself on the Omen hp gaming Laptop"}, {"question": "Does it work with the oculus rift s vr?", "answer": "Sure"}, {"question": "What is the response time for gaming on this laptop????", "answer": "It\u2019s runs at 60 Hz so the response time is really fast."}, {"question": "Can this run rainbow in decent settings?", "answer": "Absolutely"}, {"question": "How much ram does this have. the description says 16gb. but the specs say 12 gb. which is it?", "answer": "Mine has 12Gb which is plenty."}, {"question": "Can the red backlight be changed to different colors via app??", "answer": "I have yet to change the color within the omen app installed in the laptop itself there needs to be an update which mine is up to date but still do not see the option as I do in the video. The function key and F4 key let u highlight certain keys but it does not change the color. I have yet to figure this out myself. Th\u2026 see more"}, {"question": "Can you increase its storage capacity via internal hdd or ssd?", "answer": "Here is the catch... The OS is on an SSD drive and it is 128 GB (Thats it) . There is a 1 TB HDD\n1) if you do not watch yourself the C drive will fill up fast / I suggest if you are installing any programs you custom install to the D Drive\n2) If you bump from Win10 home to Win 10 Pro ... you will need to kill the \u2026 see more"}, {"question": "What is the screen refresh rate of this model?", "answer": "59HZ"}], "time": ["09/04/2021 17:53:55"], "reviewsCountInfo": {"expRevCount": 9, "actRevCount": 9, "nonEnglishRevCount": 1}, "scrapperInfo": {"Version": "1.3.2", "Released Date": "08/04/2021"}, "productURL": "https://www.amazon.com/gp/product/B07WPNWJRV", "ASIN": "B07WPNWJRV", "title": "2019 HP OMEN 15.6\" FHD IPS High Performance Gaming Laptop, 9th Gen Intel Quad Core i5-9300H Upto 4.1GHz, 12GB RAM, 128GB PCIe SSD + 1TB HDD, NVIDIA GeForce GTX 1650 4GB, Backlit Keyboard, Windows 10", "manufacturer": " HP Store", "currentPrice": "", "rating": "4.6", "totalRatings": "108 "}