{"features": ["15. 6\" HD (3840*2160), 4K thin Bezel, Adobe 100%3840x2160 16: 9NVIDIA GeForce GTX1650 (max-q)4g GDDR5", "NVidia GeForce GTX1650 (max-q)4g GDDR5 HDMI-Out 4K @ 30Hz", "HD 1TB NV Me SSD 32GB (16G*2) DDR4 2666MHz 2 Sockets; Max Memory 64GB", "Cpu 6 core i7-10710u 1. 1 - 4. 6GHz Intel PTT", "Thunderbolt 3*2 USB 3. 2 Gen1 *2 wireless Intel Wi-Fi 6 ax201(2*2 ax) BT 5 720P HD Webcam"], "reviewsAspects": ["battery life", "creator center", "fingerprint reader", "hdmi port", "tasks like", "good laptop", "laptop came", "device", "computer", "software", "lid", "machine", "chassis", "keyboard", "usb", "performance", "ports"], "productInformation": [{"\nASIN\n": "\nB07WC94Y2N\n", "Customer Reviews": "\n\n\n\n\n\n\n4.2 out of 5 stars\n\n\n\n\n\n\n\n\n71 ratings\n\n\n\n\n\n\n4.2 out of 5 stars\n", "\nBest Sellers Rank\n": "\n\n#51,856 in Computers & Accessories (See Top 100 in Computers & Accessories)\n\n#8,606 in Traditional Laptop Computers\n\n\n", "\nDate First Available\n": "\nAugust 21, 2019\n"}], "productDescription": "\nFree from Limitations\nThe Prestige 15 is powered by the 10th Gen Intel Core i7 processor, for on-the-go creators to breeze through demanding tasks faster than ever before.\nMore Creating, Less Waiting\nNvidia GeForce GPUs power incredible performance in your favorite creative apps.Dedicated GPU power accelerates the creative apps you use every day. Combined with NVIDIA Creator Ready Drivers, you'll get the best performance and reliability to supercharge your creativity. We'll handle the tech so you can focus on your passion, creating.\nSpectacular Visual Experience\nVisualization matters, especially for content creation. The Prestige 15 delivers true-to-life images with MSI's exclusive True Pixel display. Highlighting four significant features - 4K resolution, AdobeRGB 100% color gamut, Delta E<2 and True Color Technology - tools necessary for creative work, design, photo and video editing.\nMobility without Bounds\nDesigned with mobile lifestyles in mind, the Prestige 15 offers a full work day battery life for all your creative work and entertainment. Your office is wherever you choose it to be. The Prestige 15 boasts the latest wireless networking to give you faster and more reliable connections.\nCreator Center\nThe Creator Center takes optimization to the next level with easily adjustable system modes and resources for a wide range of scenarios and needs.", "reviews": [{"reviewerName": "Mark Twain", "reviewerUrl": "https://www.amazon.com/gp/profile/amzn1.account.AFQK3UT2V3UGI4YE6HM3GNXUVJ6Q/ref=cm_cr_getr_d_gw_btm?ie=UTF8", "rating": "1.0 out of 5 stars", "reviewTitle": "Buyers beware", "reviewDate": "November 10, 2020", "reviewText": "  The picture  of the laptop that is shown has changed to a much lesser computer, but the price stayed the same. Do not buy.", "is_Helpful": "One person found this helpful"}, {"reviewerName": "nddave01", "reviewerUrl": "https://www.amazon.com/gp/profile/amzn1.account.AFPG6W5C57ZK6MV6M7KLKRATXLMA/ref=cm_cr_getr_d_gw_btm?ie=UTF8", "rating": "5.0 out of 5 stars", "reviewTitle": "A very adequate moderately priced laptop for photo and video editting", "reviewDate": "November 6, 2020", "reviewText": "  A very convenient size and weight for the processing power it has. I replaced the RAM with two 16Gb  chips to give plenty of overhead for Luminar 4 and other photo processing programs. With the easy addition of a second SSD with 1 TB of storage it is an excellent machine for my purposes.", "is_Helpful": ""}, {"reviewerName": "Jean-Luc Picard", "reviewerUrl": "https://www.amazon.com/gp/profile/amzn1.account.AHKO4PXR4RF2TMKUVOG3IHUNNEVQ/ref=cm_cr_getr_d_gw_btm?ie=UTF8", "rating": "1.0 out of 5 stars", "reviewTitle": "build quality issues with this line of laptops - buyer beware / look elsewhere!!", "reviewDate": "October 30, 2020", "reviewText": "  Disclaimer: I did not purchase / own this exact model but rather the immediate predecessor model, MSI PS63, which is very closely related to the MSI Prestige 15 (with the same chassis), Pro:  the laptop looks sexy, Cons:  pretty much everything else, \"Here are all of the things I couldnt stand about the MSI PS63:\", 1.  Weak/unreliable/glitchy Wifi  - often only 2 signal bars even when used in the same room as the router, 2.  Trackpad too wide - it registered false clicks from my palm, \"3.  Glitchy trackpad - for some reason clicking down and making a moving motion wouldnt reliably drag items\", 4.  Poor location of fingerprint reader on trackpad, 5.  Glitchy fingerprint reader - often took multiple presses to get my finger to read, 6.  Due to above, I switched to just entering a password to log into Windows - however, this was also, problematic as there was an annoying lag between the time when I opened the laptop lid and, when I was able to enter the password, 7.  Ground prong on the AC adapter was too long, causing a gap between the electrical receptacle & adapter plug, 8.  Laptop heat retention - I had to choose between running the fans audibly all the time or dealing with uncomfortable heat from the laptop bottom even with basic tasks like checking email, 9.  Despite the nice appearance, the chassis felt somewhat flimsy, which was later confirmed (see end of review), 10.  The laptop came with a large, and I mean large MSI sticker to the right of the trackpad, 11.  Glitchy screen brightness - the PS63 had known issues with screen brightness according to multiple reviewers, \"On my unit, I believe it was a software issue because I could partially fix this with MSI Creator Center -\", however, the screen would annoyingly switch back to being dark after being rebooted until Creator Center, \"kicked in\", (While this issue may no longer be present with the Prestige 15 it should raise red flags, about quality control with this brand), 12.  On the same note, good luck using MSI Creator/Dragon Center software which gets bad reviews, 13.  Battery life was MUCH shorter than the 16 hours advertised for the PS63, 14.  Battery life indicator was grossly inaccurate - it could say there was 1 hour of battery life left even, if there really was 3/4 hours left, 15.  Poor/ grainy webcam quality/image, 16.  Webcam was not always on/available - there was a keyboard shortcut that would turn the webcam, \"on and off but this was slow  & didnt always work reliably\", ***Most shockingly*** - within 2 weeks of ownership, the display portion of the chassis on my MSI PS63 spontaneously buckled on one end, causing the screen to crack.  Thankfully it occurred just barely within the return window and I was able to return the item for a refund., Bottom line - I would highly suggest purchasing a laptop from a more reliable manufacturer if you are looking, to spend upwards of $1,400/$1,800 of your hard-earned money on a laptop", "is_Helpful": "One person found this helpful"}, {"reviewerName": "A kav", "reviewerUrl": "https://www.amazon.com/gp/profile/amzn1.account.AGDZXIFFJ4J7XU2SC5WQ4QG4PLYQ/ref=cm_cr_getr_d_gw_btm?ie=UTF8", "rating": "1.0 out of 5 stars", "reviewTitle": "AVOID THIS AT ALL COSTS.", "reviewDate": "October 27, 2020", "reviewText": "  I used this laptop for 6 months and when I purchased it, on paper it looked amazing., \"i7-10th gen U processor (I would have rather had an H series processor but couldnt find a laptop I liked.\", 1 tb ssd, gtx 1650, 4k ips rgb display, But read the reviews.. when I bought mine, there were not many reviews listed anywhere., \"my laptop started to freeze after about the 100 day mark, at about the 140 day mark, I closed the lid and the cheap plastic hinge snapped. the computer is basically cheap plastic so keep that in mind. 2 small plastic hinges is all thats keeping the computer together.\", Battery life is fair and what you would expect., \"The cooling fand run all the time which is a bit annoying but again, didnt know that when I bought it.\", I used this for video content creation and photos hop and there was a noticeable lag when creating videos especially 4k 60fps videos. rendering and exporting took a considerable amount of time( 8 hours), Avoid this brand and especially this model.", "is_Helpful": "One person found this helpful"}, {"reviewerName": "DaKine73", "reviewerUrl": "https://www.amazon.com/gp/profile/amzn1.account.AHFQBYOC2GOUY6VWYDTNTT5LLGDQ/ref=cm_cr_getr_d_gw_btm?ie=UTF8", "rating": "5.0 out of 5 stars", "reviewTitle": "Great laptop!", "reviewDate": "September 22, 2020", "reviewText": "  Nice laptop! Great for video conferencing. Movie watching video editing.", "is_Helpful": ""}, {"reviewerName": "Amazon Customer", "reviewerUrl": "https://www.amazon.com/gp/profile/amzn1.account.AHX5XI5G24ROCRR526KPE7QFSOWQ/ref=cm_cr_getr_d_gw_btm?ie=UTF8", "rating": "5.0 out of 5 stars", "reviewTitle": "Great computer", "reviewDate": "September 6, 2020", "reviewText": "  I chose an MSI computer because of prior experience with their customer service - it was great!  This computer is exactly what I was looking for as I replaced an aged desktop computer.  It arrived early and works great.  Absolutely no complaints.  It is fast and very stable.", "is_Helpful": ""}, {"reviewerName": "B. Weber", "reviewerUrl": "https://www.amazon.com/gp/profile/amzn1.account.AFTVE44MBSDEMAXPAXGTBGQQ62DA/ref=cm_cr_getr_d_gw_btm?ie=UTF8", "rating": "4.0 out of 5 stars", "reviewTitle": "nice computer", "reviewDate": "August 8, 2020", "reviewText": "  Love the lighted keyboard--really helpful. Very fast. Love the fingerprint log-in. Outstanding customer support--super fast response", "is_Helpful": ""}, {"reviewerName": "Luis Salgado", "reviewerUrl": "https://www.amazon.com/gp/profile/amzn1.account.AFSJCXJMIN73MAJPZ6MNRA3PKNYQ/ref=cm_cr_getr_d_gw_btm?ie=UTF8", "rating": "5.0 out of 5 stars", "reviewTitle": "Love it!", "reviewDate": "July 26, 2020", "reviewText": "  I think is an excellent product!", "is_Helpful": ""}, {"reviewerName": "Zada", "reviewerUrl": "https://www.amazon.com/gp/profile/amzn1.account.AEKIPGMN3J6P4VA2CJ4YNTLJT5TQ/ref=cm_cr_getr_d_gw_btm?ie=UTF8", "rating": "3.0 out of 5 stars", "reviewTitle": "Good laptop ruined by extremely poor USB port design.", "reviewDate": "July 23, 2020", "reviewText": "  \\xa0Nice looking laptop with a pretty decent keyboard and an excellent touchpad. Performs well with an average battery life. Overall a very good laptop priced very reasonably. Except for the USB and HDMI ports..., I cannot stand the way MSI arranged the USB and HDMI ports flush with base frame. Because of this the connection is loose and if you happen to be using a USB device and bump it you will compromise the connection (which may corrupt data).", "is_Helpful": "One person found this helpful"}, {"reviewerName": "bitbob", "reviewerUrl": "https://www.amazon.com/gp/profile/amzn1.account.AEPFHJTG624VN57OJ7NYCQCIVQ2Q/ref=cm_cr_arp_d_gw_btm?ie=UTF8", "rating": "5.0 out of 5 stars", "reviewTitle": "All the latest interfaces-Futureproofed", "reviewDate": "July 6, 2020", "reviewText": "\"  This laptop has all the latest interfaces and WiFi along with LAN connections. I searched the available laptops from the biggest provider down to the smallest and these were the only guys(MSI) hitting all the interface buttons. Some of their included interface software is un-needed so I just dont use it. It has 2 NVME slots so I can add another once prices go down some more. Good looking UHD screen and a keyboard that feels good. Track pad kind of gets in the way of typing but it can be easily turned off.  All-in-All a great buy and all the goodies to keep it going even in this fast paced development environment for a few years!!\"", "is_Helpful": "2 people found this helpful"}, {"reviewerName": "Shelanda L. Smith", "reviewerUrl": "https://www.amazon.com/gp/profile/amzn1.account.AE6NSDNPVFLSF4EHI4QRJCVYL4DA/ref=cm_cr_getr_d_gw_btm?ie=UTF8", "rating": "5.0 out of 5 stars", "reviewTitle": "AVERAGE LAPTOP USER - Works well for general laptop use, runs Sims 4 well", "reviewDate": "June 21, 2020", "reviewText": "\"  Everything I needed was included in the box. The laptop came earlier than expected and matched all of the specs online. Sometimes the fingerprint reader has problems, but that can be solved by wiping it down beforehand. I had to install a driver upon opening the box, but MSI tech support is helpful and available often. The keyboard is backlit and easy to adjust to, coming from a larger laptop beforehand. Having the ability to control things like color display, fan speed, sound, and other computer settings in the creator studio is very new to me but easy and self-explanatory. For a creator PC, it runs Sims 4 amazingly. Its lightweight, small enough for most good laptop fans but not so small that print/ imagres are hard to see on the screen. I have no complaints.\"", "is_Helpful": ""}, {"reviewerName": "Phillip A.", "reviewerUrl": "https://www.amazon.com/gp/profile/amzn1.account.AEMAQ7AQHF2HUQGKM46YMZRGRFGQ/ref=cm_cr_getr_d_gw_btm?ie=UTF8", "rating": "5.0 out of 5 stars", "reviewTitle": "Works well so far", "reviewDate": "April 29, 2020", "reviewText": "  I purchased this laptop from Costco 1 week ago after EXTENSIVE research on notebooks. I am a filmmaker and photographer, so  I wanted a PC that had functionality similar to a Macbook Pro., \"So far, this laptop has not disappointed. A previous user mentioned wiping the laptop and doing a clean installation of Windows. I did that, and in retrospect, Im not sure you need to. The laptop doesnt come with a lot of bloatware, and you can uninstall pretty much everything you dont need. Please, for the love of God, UNINSTALL NORTON. You can do that and nothing else and the laptop will run well.\", \"Performance is as advertised. You get your moneys worth. I think the laptop is well built and not that flimsy. Its light, and what do you expect when you optimize weight over all else? Thats partly why I bought the laptop in the first place. I also like the placement of the fingerprint scanner. Never gets in the way and works instantly.\", \"Ports. I love it when mac users complain about having to use adapters all the time. I LOVE having 2 usb, 2 thunderbolt/USB-C, an HDMI port, and a microSD port. A full SD card slot would have been the absolute best, but Im not complaining. Most professionals use compact flash cards or similar so we need a usb adapter anyways.\", \"Software. After reading reviews, I didnt install the MSI software I didnt think I would need. The main applications I kept were the creator studio, silent option, and tru color. All work really well in optimizing battery life and functionality. I prefer Tru color to F.lux, and with the performance options in creator studio, I can guarantee a silent laptop when Im just doing simple tasks like typing into a word document. I have not yet tested out the laptops performance in Resolve/Premiere, but I am planning to do that later this week with a couple of projects.\", My only cons are because of personal preference, which is why I give the item 5 stars. I upgraded from a 14\" laptop with a wider bezel, so the screen seems almost \"too large\" to me. Again, personal preference. I also agree with other users that the trackpad is weirdly large., Overall, I am super glad I purchased this laptop. Months of research paid off, and I would be comfortable purchasing MSI again in the future.", "is_Helpful": "2 people found this helpful"}, {"reviewerName": "Allen Lee", "reviewerUrl": "https://www.amazon.com/gp/profile/amzn1.account.AH33AODOJ7L4M6J5ATB2Z46MNOOA/ref=cm_cr_getr_d_gw_btm?ie=UTF8", "rating": "5.0 out of 5 stars", "reviewTitle": "Reliant, Powerful and Affordable", "reviewDate": "April 19, 2020", "reviewText": "\"  As of today, the period in which I am writing this review, if you are someone who needs a powerful, portable laptop for on the go work, for say, content creation, programming or even light gaming, definitely consider this laptop. You simply get great components for the price. While Dell and Apples 15 inch laptops, that have competing specs, are consistently on the rise in prices, I truly appreciate MSIs new entrance and strong positioning in the productivity laptop market as a powerful and portable, yet more importantly, a value-for-money laptop.\"", "is_Helpful": "One person found this helpful"}, {"reviewerName": "Rampd2042", "reviewerUrl": "https://www.amazon.com/gp/profile/amzn1.account.AG4RV4X3WGDD3ZKIW6WQNFITHCOQ/ref=cm_cr_getr_d_gw_btm?ie=UTF8", "rating": "2.0 out of 5 stars", "reviewTitle": "Processor speed is fake", "reviewDate": "April 17, 2020", "reviewText": "  The processor speed was supposed to be 3.4ghz but is 1.1 only", "is_Helpful": "2 people found this helpful"}, {"reviewerName": "Kindle Customer", "reviewerUrl": "https://www.amazon.com/gp/profile/amzn1.account.AEDPYELHMVSWRV37H7HWNM2M6PYA/ref=cm_cr_getr_d_gw_btm?ie=UTF8", "rating": "5.0 out of 5 stars", "reviewTitle": "Quick response and sharp display.", "reviewDate": "April 14, 2020", "reviewText": "  I love the fact that I can upgrade to 64GB of ram. I use it for development and design.", "is_Helpful": "One person found this helpful"}, {"reviewerName": "Charlie", "reviewerUrl": "https://www.amazon.com/gp/profile/amzn1.account.AGQN22E4W6F26GASSAASKMNWVQ3A/ref=cm_cr_getr_d_gw_btm?ie=UTF8", "rating": "3.0 out of 5 stars", "reviewTitle": "\"Laptop didnt came with Windows software version that is announced\"", "reviewDate": "April 11, 2020", "reviewText": "\"  Great laptop, good hardware, nice looking, smooth keyboard but it didnt not came with the Windows software version that is announced, it came with Windows 10 Home instead Windows 10 Pro. If you are looking for a laptop with these hardware specification and Windows 10 Pro, be careful because these one have Windows 10 Home.\"", "is_Helpful": "2 people found this helpful"}, {"reviewerName": "Erik M.", "reviewerUrl": "https://www.amazon.com/gp/profile/amzn1.account.AH4EPZSGOUETXW2JLYIBK2C5GIFA/ref=cm_cr_arp_d_gw_btm?ie=UTF8", "rating": "2.0 out of 5 stars", "reviewTitle": "Really strong specs and performance but with small annoyances", "reviewDate": "April 3, 2020", "reviewText": "  The laptop performs remarkably well. It easily handles any workload I have thrown at it (granted I typically limit gaming to 1080p on it since it is only a 1650 graphics card). Productivity and creative software run without any issue., The bloatware is a bit of an annoyance, particularly MSI Creator Center which is required to use the special features in the top row (webcam toggle - F6, power mode switch - F7, and screen rotation - F12). The Driver and App Center is overall unhelpful because it says that I am missing drivers that I have installed, and the update process through the app only works about 40-50% of the time., My main issues are with the physical hardware. None of the ports allow you to completely plug in anything, include the USB-C ports for charging. My best guess is that everything sticks out about 1/16 inch. Not a ton, but enough for everything to wiggle a little more than I am comfortable with. On top of that, the Thunderbolt ports stopped working on my device. I troubleshooted the problem for a couple of days, ultimately I had to contact MSI. The rep there was actually very helpful in diagnosing the problem, but that problem turned out to be that my TB controller was detective so I have to RMA the device after less than 4 months of use. I have also had several issues with the trackpad. For awhile the palm rejection was horrible, though this has been fixed with a recent update. I still have an issue that on the software side from time to time is that it thinks I am holding down left click and constantly highlights, which has caused numerous headaches while writing documents and doing web development.  Because of this I typically disable the trackpad and use a wireless mouse. I have also found that fingerprint reader only works about 15% of the time, which in my opinion makes it not even worth having., \"The biggest thing that has caused me to write this review after four months is the build quality. After just four months the hinge is already failing on the right side. I have never dropped it and I always travel with it in the protective sleeve it came with (which I actually love that it came with one), but the screen backing is starting to separate from the hinge when I open and close the device. I believe this is just an adhesive failure and not anything actually broken, but its still something that should happen after four months of normal use.\", Overall, I would not recommend this device. The performance is excellent, but almost everything else about the device holds me back from being enthusiastic about it. My options now are to RMA the device to get the TB 3 fixed, and probably use my accidental damage warranty to get the hinge fixed. Then try to sell it for at least half of what I paid for it so I can get something better.", "is_Helpful": "23 people found this helpful"}, {"reviewerName": "Jim Ragan", "reviewerUrl": "https://www.amazon.com/gp/profile/amzn1.account.AH5NQMDZ3D4QVWEIK3XQAGQNUV4A/ref=cm_cr_getr_d_gw_btm?ie=UTF8", "rating": "5.0 out of 5 stars", "reviewTitle": "Bought three.", "reviewDate": "March 13, 2020", "reviewText": "  All good.", "is_Helpful": "One person found this helpful"}, {"reviewerName": "zoomhummer", "reviewerUrl": "https://www.amazon.com/gp/profile/amzn1.account.AGDE5TKXGCF2U4GISBMS2BJDBS6Q/ref=cm_cr_arp_d_gw_btm?ie=UTF8", "rating": "5.0 out of 5 stars", "reviewTitle": "\"Gread device, lower metal frame its a bit flimsy.\"", "reviewDate": "February 14, 2020", "reviewText": "\"  Its a great device! Its fast due to its ssd and video card. But you have to remember its a Windows machine so it can only get to where the OS permits.\", \"I use it to edit photos in a very non-efficient program, Skylum Luminar, it loads faster than in my previous razer blade 15 2018 base model, but its still Windows!\", \"Its very easy to carry around, its light and fancy. Battery last long, really long for a device this size.\", MSI was nice to include a USB-C hub for additional connectivity and a leather-like carrying pouch -nice touch., Happy with the device? So far, YES!!!!!! I just wish Windows took advantage of the hardware of this beast.", "is_Helpful": "3 people found this helpful"}, {"reviewerName": "Peter Thompson", "reviewerUrl": "N/A", "rating": "3.0 out of 5 stars", "reviewTitle": "        , Nice Fast laptop,", "reviewDate": "January 30, 2020", "reviewText": "\"  It works great and performance from Virtual machines is great. I am having some teething problems. External monitors wouldnt work on first connection. Windows keep shrinking when waking from sleep mode (Registry tweaks fix the issue). Some older applications required some special configuration.\"", "is_Helpful": "One person found this helpful"}, {"reviewerName": "Matthew W.", "reviewerUrl": "https://www.amazon.com/gp/profile/amzn1.account.AGFMNUAMZITHWGDGQ7KXOIQBXU6Q/ref=cm_cr_getr_d_gw_btm?ie=UTF8", "rating": "5.0 out of 5 stars", "reviewTitle": "Great machine!", "reviewDate": "January 5, 2020", "reviewText": "  Outside of the preloaded junk this laptop is an absolute beast.", "is_Helpful": "One person found this helpful"}, {"reviewerName": "Amazon Customer", "reviewerUrl": "https://www.amazon.com/gp/profile/amzn1.account.AFY57HH56HRLK2X7CJ66YF2S6ETA/ref=cm_cr_arp_d_gw_btm?ie=UTF8", "rating": "4.0 out of 5 stars", "reviewTitle": "pretty good computer!", "reviewDate": "January 2, 2020", "reviewText": "\"  This is a pretty good laptop! its lightweight, has a good display, good graphics card. It plays games like the witcher beautifully, but Ive had some trouble with other games that are a bit more graphically demanding but for casual gaming its great. It does get very hot if youre making it work hard (i.e playing a video game or rendering anything). My only two complaints are that the keyboard only has two settings for the backlighting (on or off), and the screen is still very bright even on its darkest setting, which doesnt sound like too much of a problem except I do like watching movies at night with the lights off to not disturb  my roommates.  But overall would recommend buying.\"", "is_Helpful": "3 people found this helpful"}, {"reviewerName": "Travis", "reviewerUrl": "https://www.amazon.com/gp/profile/amzn1.account.AGPWHUPEAWWACW3FB4QMQ2PZOQHA/ref=cm_cr_getr_d_gw_btm?ie=UTF8", "rating": "4.0 out of 5 stars", "reviewTitle": "Oh yeah", "reviewDate": "December 31, 2019", "reviewText": "  Going into the laptop it work perfectly for school. Gaming isn\u2019t the best but still does very well with triple A titled games", "is_Helpful": ""}, {"reviewerName": "Sean Murray", "reviewerUrl": "https://www.amazon.com/gp/profile/amzn1.account.AEGE4WDKPEOWQXVTRMELOJU75MIA/ref=cm_cr_arp_d_gw_btm?ie=UTF8", "rating": "5.0 out of 5 stars", "reviewTitle": "Best laptop for the money", "reviewDate": "December 31, 2019", "reviewText": "  I was looking to upgrade from my 2 yr old LG gram to something with more power for solidworks. This model seemed to fit the bill and had that Microsoft Surface look to it., First thing I did upon receiving the laptop was a windows reset and then I popped in 64 gb of ram. Removal of the back cover was quite easy to do and the memory was easy to access., Then i removed most of the microsoft bloat (using Tron) and uninstalled most of the MSI programs. The Laptop was fast but still had some minor hiccups like my bluetooth disappearing until i rebooted the laptop. So i decided to create a USB image of win 10 and then reformat and reinstall everything from scratch. Once I re-installed only the essential MSI utility programs and drivers., \"Laptop gets about 8 hours of battery use with surfing the web and office programs. With solidworks and PCNB CAD apps it gets about 5-6 hours. There are still some issues with the Creator program that controls the laptop such as apps that dont switch over to integrated as they should even though you specify them to, but other than that this is a smoking deal.\", Running on super battery setting with the nvidia GPU not active seems to be getting about 12 hours of battery after the clean install.", "is_Helpful": "18 people found this helpful"}, {"reviewerName": "Steve", "reviewerUrl": "https://www.amazon.com/gp/profile/amzn1.account.AEBVUTTPS33M6WZ7IUBCQJLLSJVA/ref=cm_cr_getr_d_gw_btm?ie=UTF8", "rating": "5.0 out of 5 stars", "reviewTitle": "from  EXCaliberPC", "reviewDate": "December 30, 2019", "reviewText": "  Great specs - just what I was looking for.  Many connection options including TB3, powerful graphics for non-gaming applications, primarily a desktop replacement that is also very mobile if necessary. Everything works as expected. Paired with a CalDigit TS3Plus dock. Used for home computing and Visual Studio application development.", "is_Helpful": "2 people found this helpful"}, {"reviewerName": "J.R.", "reviewerUrl": "https://www.amazon.com/gp/profile/amzn1.account.AE3TZAVOBG22DLG3FG3KK3WBCF4A/ref=cm_cr_getr_d_gw_btm?ie=UTF8", "rating": "5.0 out of 5 stars", "reviewTitle": "Incredible laptop from MSI", "reviewDate": "December 28, 2019", "reviewText": "\"  Light, stylish, good battery life, good screen. Very good color representation and perfect viewing angles. Enough connectivity, including Wi-Fi 6AX, Bluetooth 5.0, plus double Thunderbolt 3 with power delivery. RAM is 2\u00d78GB 2666Mhz. You can add another NVME drive to this laptop. This i7 is a little beast. For your daily computing needs, outside hardcore gaming, it handles anything easily. One of my favorite things about this laptop, is that you can run it completely in silence. Just go to creator center, select ECO MODE, and MSIs your uncle. Zero emissions laptop. Keep in mind that the ECO MODE is adequate only for light tasks, like browsing the WEB, writing, or watching videos. A trio of cons tho; the track pad is good, but its too long. Should be around 3cm shorter. The installed NVME drive could be faster. The LED light on the power button is too bright. Other than that, high class performance, style and quality, for an acceptable price. Try it, I think you will like it.\"", "is_Helpful": "6 people found this helpful"}, {"reviewerName": "M. B.", "reviewerUrl": "https://www.amazon.com/gp/profile/amzn1.account.AG4KN3OC5SXTYDTJC5BMVCMK6ZAQ/ref=cm_cr_arp_d_gw_btm?ie=UTF8", "rating": "1.0 out of 5 stars", "reviewTitle": "Buyer Beware! Poor Manufacturing and QC!", "reviewDate": "December 24, 2019", "reviewText": "\"  This is my second MSI laptop within a month. First, I ordered PS63 which has several cosmetic issues, but I could not return it since I saw these cosmetic problems after upgrading the memory and ssd. This Prestige 15 unit also has a problem on the chassis. The lid of the laptop wont close completely. There is a serious amount of gap between the lid and the chassis (Please see the pictures). Furthermore, the lid and chassis are unaligned. While the right front side of the lid falls behind the chassis towards back, left front aligned okay. If you press further after closing the lid, lid still goes 3-5 mm down. Overall PC has very good specs to be honest, but you get a visually problematic device which bothers you. If I pay $1400 to this machine, I HAVE TO get the machine in a good condition. I am fed up with quality issues of MSI laptops. MSI! please listen up, your laptops should not be like winning a lottery. I am returning the laptop. And please do not send a generic response to this message like below because this message does not solve anything on the consumers end! Instead, improve your Manufacturing and QC not to cause people lose time and effort.\", \"Dear Valued Customer,, We are sorry to hear about the issues you experienced with the lid...BLA BLA BLA BLA......... If you have any further questions regarding this product or have any suggestions for improvement for us, please do not hesitate to contact us directly at usrma@msi.com and we will be more than happy to assist you., Thanks for choosing MSI!\", UPDATE:, There are 2 NVMe Drivers, BUT each use PCIe x2 which means the speed is limited to max 1600-1700 MB/s. So even if you add a Samsung 970 Evo/Plus/Pro you cannot get 3500/3000 MB/s Read/Write Speeds. This product is totally misadvertised. You cannot find this detail anywhere.", "is_Helpful": "30 people found this helpful"}, {"reviewerName": "Ubiquitous Light", "reviewerUrl": "https://www.amazon.com/gp/profile/amzn1.account.AHRI4ASSOLI3B7XNKPJE5DMPIAHQ/ref=cm_cr_arp_d_gw_btm?ie=UTF8", "rating": "2.0 out of 5 stars", "reviewTitle": "Smooth look; functional?", "reviewDate": "December 19, 2019", "reviewText": "\"  \\xa0Having shopped around this price range for a while before purchasing this laptop, I had high hopes. Unfortunately I did not spend much time with the machine due to an apparent defect with the units fan(s). The laptop does look and feel very nice by my own standards. In addition it has respectable specs for the price point; setting aside the HDMI port which is capped at 30hz in 4k.\", \"The issue with the unit I received was that immediately upon powering on the machine I noticed a repetitive clicking noise that persisted through the entire setup process. I didnt want to believe there would be an issue with this early present and went through setup and updates; noise in tandem.\",  After checking the included creator center software, I could see the issue was a fan that would not spin no matter the settings. Further checking around, I learned that others have had this issue with recent batches and I can say the machine does quickly get hot on the side with the faulty fan., \"Ive arranged for the machine to be returned. Overall, it could be a great general purpose device if you get one that works. Being unsure about the product line I simply opted for a refund. As always, your mileage may vary.\"", "is_Helpful": "8 people found this helpful"}, {"reviewerName": "Amanda", "reviewerUrl": "https://www.amazon.com/gp/profile/amzn1.account.AETYUD6FSJXYZZWZSXVENTGHIRKQ/ref=cm_cr_getr_d_gw_btm?ie=UTF8", "rating": "5.0 out of 5 stars", "reviewTitle": "Great", "reviewDate": "December 14, 2019", "reviewText": "  I\u2019m glad I bought it!", "is_Helpful": "One person found this helpful"}, {"reviewerName": "waddah shamsan", "reviewerUrl": "https://www.amazon.com/gp/profile/amzn1.account.AF77DIONXR7Q6PN6AMUCFG3KFNNA/ref=cm_cr_getr_d_gw_btm?ie=UTF8", "rating": "2.0 out of 5 stars", "reviewTitle": "Price high", "reviewDate": "December 2, 2019", "reviewText": "  The Price very high,  we looking for discount.", "is_Helpful": "3 people found this helpful"}, {"reviewerName": "Consumer", "reviewerUrl": "https://www.amazon.com/gp/profile/amzn1.account.AEZV6BX2ARIHRGIL27NKOCD5HVAQ/ref=cm_cr_arp_d_gw_btm?ie=UTF8", "rating": "3.0 out of 5 stars", "reviewTitle": "Decent laptop with a gimped hdmi port", "reviewDate": "November 17, 2019", "reviewText": "  For some reason the hdmi port is limited to 30hz on a 4k display. Disappointing given the specs for this machine., Hardware:, 1. Well built but has the hinge area is all cheap plastic. I wished they would have gone for a full metal build., 2. USB ports could go in deeper. Cables and dongles stick out a bit., 3. Not ultralight as they claim but overall its a light laptop for a 15 inch, Software:, 1. Has some bloatware which is annoying., 2. Creator center has to be running for the top keyboard row to work. When i login it takes a while for it to start up. For a programs thats needed for the hardware to work properly it should start up instantly., \"I tried to register online and it kept giving me an error. I dont know if its just because the laptop is so new the site doesnt support it yet but i couldnt figure how how to report this to msi either. Their support site is horrible!\"", "is_Helpful": "15 people found this helpful"}, {"reviewerName": "Amazon Customer", "reviewerUrl": "https://www.amazon.com/gp/profile/amzn1.account.AFYJDFQ4RP7OD2ZVPP4BHFVYBCIQ/ref=cm_cr_arp_d_gw_btm?ie=UTF8", "rating": "4.0 out of 5 stars", "reviewTitle": "Very nice laptop for the price!", "reviewDate": "November 14, 2019", "reviewText": "\"  This is the first laptop Ive bought in a while and I am so far impressed. The finish and chassis are nice, and the laptop doesnt have too much flex. The keyboard is lovely to type on. I have the model with the 4k screen and it is gorgeous. The computer starts very quickly thanks to the NVMe drive and opening files takes no time at all. Cooling does seem to be an issue as I ran Cinebench R20 on it twice (back to back) and the cpu thermal throttled on the second run almost immediately to about 3.2-3.3 ghz. However I think with most tasks it should be fine. The fans can get pretty loud but are quiet with normal usage. I use Autodesk programs and so far Inventor (3D parametric modeling software) works great on it. Sorry if this review is a bit all over the place! Tl;Dr I wish it had a bit better cooling to capitalize on its performance, but other then that its a fantastic computer and Id highly recommend it.\"", "is_Helpful": "6 people found this helpful"}, {"reviewerName": "SuHyun,Jeong", "reviewerUrl": "https://www.amazon.com/gp/profile/amzn1.account.AEJMOXJZ3JW5HOJZCWU26BBYQVWQ/ref=cm_cr_arp_d_gw_btm?ie=UTF8", "rating": "5.0 out of 5 stars", "reviewTitle": "Great Performance laptop!", "reviewDate": "November 11, 2019", "reviewText": "  Great laptop., \"Its about the same performance as my i7-9750h laptop.\", \"Even with a 15W TDP CPU, its similar to or better than a 45W TDP Hexacore laptop.\"", "is_Helpful": "8 people found this helpful"}], "qAndA": [{"question": "Is there an SD reader slot?", "answer": "There is a MicroSD slot on the right side, beside the two full sized USB slots."}, {"question": "El que tiene un valor de 1399 es el que viene con pantalla 4K?", "answer": "This model has a FHD 1920x1080p screen"}, {"question": "If the memory is 16 gb, how can you get it to 64 gb? quoting \" max memory 64gb\" from the product listing. thank you!", "answer": "You would need to purchase additional RAM and install it or have it installed"}, {"question": "What is the maximum brightness of the display panel in nits?", "answer": "270 ish??"}, {"question": "How much extra to get ram as 32gbx1 for future upgrades?", "answer": "Answer not available"}, {"question": "Can you upgrade the memory afterward? i feel like 32 gb will be enough for me, but it would be nice to know that i can upgrade it to 64 gb if it isn't", "answer": "You can upgrade to 64GB"}, {"question": "Do you have it with 1tb ssd?", "answer": "Answer not available"}, {"question": "How bright does the screen go in nits?", "answer": "250 cd/m2"}, {"question": "Is the battery removable?", "answer": "I assume so, but I do not know for sure. However, after 4 months, I am impressed with the battery on mine."}, {"question": "how many ssd slots does it have?", "answer": "Hello,\n\nI am showing only 1 for this model."}, {"question": "How much are the import taxes for the UK?", "answer": "Answer not available"}, {"question": "For the 4k screen, how many nits is it and does it support hdr?", "answer": "Around 250 nits, the panel does not list HDR support."}, {"question": "Is 16 hours the battery life in power-saving mode?", "answer": "No"}, {"question": "Is it a good purchase for after effects?", "answer": "While this model may work for after effects, you may want to look into a little bit of a better processor."}, {"question": "Does this computer have a touch screen on either the 1080p or 4K s version?", "answer": "I don't believe either has a touch screen (I have the 4K and it definitely does not.)"}, {"question": "What type of charging port does the supplied charger use? i can't really tell from the pictures where it plugs in... usb-c maybe?", "answer": "2 usb c thunderbolt 3, 2 usb A and 1 hdmi"}, {"question": "How long will it take to deliver the product to Hong Kong? Any insurance for the delivery?", "answer": "International shipping is typically about 5-7 business days. All orders shipped have full insurance on the packages."}, {"question": "how can i connect it to two external monitors?", "answer": "We've had luck using an adapter. 1 HDMI input out to 2 HDMIs"}, {"question": "What is the refresh rate?", "answer": "60Hz"}, {"question": "This processor is a 6 core, your info says 8.", "answer": "I have Intel core i7 10th generation."}, {"question": "Response rate/Refresh rate of panel?", "answer": "60Hz"}, {"question": "Cuanto dura la bateria", "answer": "aproximadamente 3 horas con programas de alta demanda, hasta 5 aprox. con otros programas"}, {"question": "this model has thunderbolt 3?", "answer": "Yes this has 2 thunderbolt 3 ports"}, {"question": "I read that it includes 2 extras: a sleeve and a usb type-c dock with 2x usb type-a ports, full-size sd reader, microsd reader. is this correct?", "answer": "Yes, that's exactly what came with mine."}, {"question": "Why is this machine so cheap for its specs? gtx 1650, uhd screen, the new 10th gen intels...am i missing something?", "answer": "I'm using it for 3 weeks already and it's great. Using for video rendering, gaming and every day use."}, {"question": "Is this laptop can upgrade the processor in the future?", "answer": "Hello,\n\nNo, I don't believe this model has a socketed CPU or GPU"}, {"question": "Could it be used like gaming laptop?", "answer": "It could, though that's not this model's intended use, so there will be other MSI models at a similar price point that will outperform it for games."}, {"question": "Is there anyone who can reach 3000 mb/s nvme ssd speed? there are 2 nvme ports, but both use pcie x2, so max speed is limited to 1600-1700 mb/s.", "answer": "Don't know about the speed. But there are 2 nvme ports (one is used)"}, {"question": "How many NVMe slots are there?", "answer": "This model has a single NVMe slot."}, {"question": "Is warranty for this global?", "answer": "Yes, 1 year"}, {"question": "Is the panel 4k? The amazon specs says 1080p, but the pictures say 4k.", "answer": "Answer not available"}, {"question": "Battery Life for 4K screen with heavy usage like gaming?", "answer": "Battery life under 'normal' usage is quoted at 3-5 Hrs"}, {"question": "Could it be compatible with windows hello?", "answer": "Finger print yes, camera says incompatible. Don't know if a bios/driver update may make the camera compatible."}, {"question": "How and where can I get the 4K variant and how much does it cost?", "answer": "Best Buy has it on sale for hundred dollars more"}, {"question": "What is the configuration of installed ram in the 16 gb version? (single 16 gb chip or two 8 gb chips)", "answer": "TWO 8gb chips"}, {"question": "How about refresh rate of FHD and 4k models?", "answer": "165Hz Refresh Rate"}, {"question": "Does this laptop have Face unlock?", "answer": "Microsoft says the camera is incompatible when you try to use Windows Hello with the camera. Finger print reader works well"}, {"question": "does it come with the sleeve?????", "answer": "Yes. The sleeve is inside the package box."}, {"question": "Would it include free items from msi?", "answer": "Hello,\n\nI am not seeing any promotional items on this listing."}, {"question": "What is this Delta E<2 colors? And how good the screen is?", "answer": "Answer not available"}, {"question": "can you charge it with the two usbc ports at the same time to get more than 90w of power input?", "answer": "No, that will not work."}, {"question": "Does this GPU handels well apps like 3ds max 2020 and sketchup 2019 ?", "answer": "Don't know about those, but it handles games very well even in 4k (external monitor). I also run davinci resolve well. Maybe 32Gb ram will be ideal"}, {"question": "Which keyboard layout does it have? Thanks", "answer": "This has a QWERTY keyboard"}, {"question": "What is the warranty?", "answer": "This comes with a\n1 Year MSI US/Canada Parts + Labor 1 Year Global Warranty w/ Lifetime Tech Support\n1 Year Accidental Damage Warranty - Must Register within 30 Days of Ship Date"}, {"question": "I noticed that this has thunderbolt, so this should charge this way, correct?", "answer": "Yes, USB-C"}, {"question": "Is there any room for expanding storage besides swapping the nvme drive?", "answer": "I believe if you read the specifications there is a second unused M.2 slot. I have not opened my case to verify."}, {"question": "Since one of the thunderbolt ports is used for power, is the second port compatible with a \"thunderbolt to dual displayport adapter\" for 2 displays?", "answer": "Both are thunderbolt if you have the dual adapter, yes, it could work."}, {"question": "Is the keyboard a qwerty US layout ?", "answer": "Yes."}, {"question": "I plan to buy one, im from the Philippines, do we still need to pay import taxes or it is already included in the shipping?", "answer": "Import taxes are assessed at the border in most cases. They are not included in the main shipping price."}, {"question": "Es a10sc-010 o a10sc-011? si es la a10sc-011 esta mal publicado.", "answer": "Answer not available"}, {"question": "Buenas tardes. Lo tiene con teclado en espa\u00f1ol latino?", "answer": "Teclado ingles solo."}, {"question": "Can this laptop output 3 displays? Can it output 240hz screen?", "answer": "Answer not available"}, {"question": "charger is 100v or both 100-240v?", "answer": "100-240"}, {"question": "Is good editing 4k videos? and working on after effects or davinci resolve? i want to use it for exigents projects, 4k, layers, efects, color grading", "answer": "It should work for either program. For higher performance on these tasks, MSI also makes the Creator series (P65) with an H -series i7 if you need more processing power."}, {"question": "Does this come with the usb hub?", "answer": "No"}, {"question": "this laptop have International warranty ?", "answer": "Yes this comes with a 1 year global warranty. You will want to register it online right after you receive it."}, {"question": "Does this product really have a 4K screen and come with windows pro?", "answer": "There's a 4K version of this computer but it costs $100 more.\nYes, it does come with windows 10 pro."}, {"question": "Can it be charged from 5V adapter/power bank? I know some laptops with type-c port can be charged or at least \"keep alive\" for some period", "answer": "Answer not available"}, {"question": "Cuanto dura la bateria?", "answer": "Dura aproximadamente 3 horas con un programas a full, puede durar hasta 5 horas con un trabajo mas suave"}, {"question": "Will msi release a rtx versions of their new 10th generation intel cpu by the end of the year?", "answer": "Answer not available"}, {"question": "Is it safe to deliver the msi prestige 15 to hong kong? how could you guarantee about this?", "answer": "Hello,\n\nWe do ship to Hong Kong and we insure the package."}, {"question": "Does the 16 GB version has a 4K screen capabilities??", "answer": "I bought the 16Gb version with a 1080P display.\nBut I can use the HDMI and the any of the thunderbolt ports with my 28\" 4K monitor.\n\u2026 see more"}, {"question": "And de 14 inch version also have cooler boost 3?", "answer": "Hello,\n\ni am sorry I am not seeing a 14\" version for this model."}, {"question": "How many pci-e lanes does each thunderbolt 3-port use? 2 or 4?", "answer": "Answer not available"}, {"question": "Does this laptop come with an adapter/doc and a mouse?", "answer": "doesn't include mouse. Only charger and networking adapter."}, {"question": "Can it be charged by a 5v power bank? e.g. by https://www.amazon.com/easyacc-20000mah-power-bater%c3%ada-externa/dp/b078s6lh8l", "answer": "Answer not available"}, {"question": "What is the brand and speed of the SSD in this notebook?", "answer": "Mine has a Samsung PM981 Polaris 1TB M.2 drive"}, {"question": "What comes in the package? Just the laptop and charger?", "answer": "Yes, and the manual."}, {"question": "Do the laptop have touchscreen, fingerprint, and Ir camera.", "answer": "Does not have touchscreen, but it does have fingerprint and IR camera."}, {"question": "What is the highest ram's \"MHz\" supported?", "answer": "2666MHz"}, {"question": "If anyone is using this with graphic design programs, what kind of battery life are you getting?", "answer": "I use it with photography editing apps and some design programs, I haven't measured the battery life but it's long enough to go through 100 photos and export.\nNote this though, it gets hot, needs AC on or a fan."}, {"question": "Can it be charged via usb c?", "answer": "yes"}, {"question": "Can use in 220V countries?", "answer": "Yes, it works fine with 220v."}, {"question": "Tiene multivoltaje?", "answer": "Si lo tiene. 100-240V~1.8A 50-60Hz"}, {"question": "Can the SSD be switched out for one with a larger capacity?", "answer": "Yes"}, {"question": "Do the usb-c ports support pd charging?", "answer": "This model does not charge the battery over USB"}, {"question": "This pc have cooler bost 3 system?", "answer": "Yes, this model has Cooler Boost 3"}, {"question": "The pictures in this listing say 4k screen, but it's not, it's fhd. can you please change it?", "answer": "You are right"}, {"question": "does it come with the sleeve???", "answer": "It comes with a sleeve not so confortable."}, {"question": "Is it Vr ready?", "answer": "No .This model will not support a VR headset. AC"}, {"question": "does this come with Windows?", "answer": "yes"}, {"question": "Does the screen support argb? I hope you will mention the support rate", "answer": "Answer not available"}, {"question": "Is there such a thing as a msi prestige 14? b/c i can't find it anywhere online, but in youtube videos.", "answer": "Yeah"}, {"question": "I want to know if is possible get before Aug-15?", "answer": "Hello, sadly we cannot guarantee any dates."}, {"question": "I want to upgrade from 8gb to 16gb and want to minimize on any problems so I want to match brands. Is there any info on the exact brand and #'s?", "answer": "I only know that my machine uses Samsung DDR4-2666 10-10-10-28 Dual Channel memory."}, {"question": "can it be open,because this laptop is so thin for future upgrade.", "answer": "Yes, this laptop can be upgraded in the future."}], "time": ["12/04/2021 09:14:19"], "reviewsCountInfo": {"expRevCount": "33", "actRevCount": 33, "nonEnglishRevCount": 0}, "scrapperInfo": {"Version": "1.3.2", "Released Date": "08/04/2021"}, "productURL": "https://www.amazon.com/gp/product/B07WC94Y2N", "ASIN": "B07WC94Y2N", "title": "MSI Prestige 15 A10SC-010 15.6\" Ultra Thin", "manufacturer": " MSI Store", "currentPrice": "", "rating": "4.2", "totalRatings": "71 "}