{"features": [], "reviewsAspects": [], "productInformation": [{"\nASIN\n": "\nB07X9QB4SG\n", "Customer Reviews": "\n\n\n\n\n\n\n3.6 out of 5 stars\n\n\n\n\n\n\n\n\n3 ratings\n\n\n\n\n\n\n3.6 out of 5 stars\n", "\nDate First Available\n": "\nSeptember 3, 2019\n"}], "productDescription": "", "reviews": [{"reviewerName": "Tim OHeron", "reviewerUrl": "https://www.amazon.com/gp/profile/amzn1.account.AHS3U7CIOSORFKIW2BNFUIS2L2XA/ref=cm_cr_arp_d_gw_btm?ie=UTF8", "rating": "1.0 out of 5 stars", "reviewTitle": "Computer was dead upon arrival", "reviewDate": "March 1, 2020", "reviewText": "  I ordered this computer from Amazon but returned it because it would not boot up. Unhappy customer", "is_Helpful": ""}, {"reviewerName": "Alec M Hull", "reviewerUrl": "https://www.amazon.com/gp/profile/amzn1.account.AG5R35RNYZBASKTLRZRJPWK3RZFA/ref=cm_cr_arp_d_gw_btm?ie=UTF8", "rating": "5.0 out of 5 stars", "reviewTitle": "Happy with purchase", "reviewDate": "January 17, 2020", "reviewText": "  I splurged and bought this for my teenage son. I do not know much about gaming or computers in general. My son loves it. The screen is large, and has beautiful resolution. The experience is very immersive. I watch him play the various war games. He plays with his friends online., We have had no problems with it. It uses some odd operating system called steamland or something, The device is quite large and heavy. It is portable, but not conveniently like my Macbook air. I would think this is by design. It appears very strong and professional.  It is attractive with lights and that nice logo., It does not get very hot. I bought him one of those refrigerator bases.  I would recommend the computer", "is_Helpful": "3 people found this helpful"}], "qAndA": [{"question": "Will this play witch 3 with all the mods?", "answer": "Answer not available"}, {"question": "what's the refresh rate?", "answer": "Answer not available"}], "time": ["12/04/2021 09:04:54"], "reviewsCountInfo": {"expRevCount": "2", "actRevCount": 2, "nonEnglishRevCount": 0}, "scrapperInfo": {"Version": "1.3.2", "Released Date": "08/04/2021"}, "productURL": "https://www.amazon.com/gp/product/B07X9QB4SG", "ASIN": "B07X9QB4SG", "title": "Dell Alienware M17, 17.3\" Full HD 60Hz IPS VR Ready Gaming Laptop, 9th Gen Intel Hexa-Core i7-9750H, 16GB DDR4, 256GB PCIe SSD, 1TB SSHD, 6GB GeForce RTX 2060 Backlit KB Thunderbolt WIFI BT 4.2 Win 10", "manufacturer": " Dell Store", "currentPrice": "", "rating": "3.6", "totalRatings": "3 "}