{"features": ["ASUS VivoBook F512DA Laptop Computer with 15.6 inch FHD (1920 x 1080) Display with Windows 10 Home\u2014The fastest, cleanest and most intuitive version of Windows yet!", "AMD Ryzen 3 3200U 2.60 - 3.5GHz Dual-core Processor | AMD Radeon Vega 3 Graphics", "4GB RAM (Memory) | 128GB SSD", "Webcam, Card Reader, Fingerprint Reader, WiFi, Bluetooth, Backlit keys with number pad", "1x HDMI, 1x USB 3.1 Gen 1, 2x USB 2.0, 1x USB-C 3.1 Gen 1"], "reviewsAspects": ["highly recommend", "bought this laptop", "recommend this computer", "seller", "ssd", "machine", "ram", "runs", "school", "software", "gaming", "lightweight", "looked", "pad", "resolution", "support"], "productInformation": [{"\nASIN\n": "\nB07YSTT8Z5\n", "Customer Reviews": "\n\n\n\n\n\n\n4.5 out of 5 stars\n\n\n\n\n\n\n\n\n134 ratings\n\n\n\n\n\n\n4.5 out of 5 stars\n", "\nBest Sellers Rank\n": "\n\n#20,155 in Computers & Accessories (See Top 100 in Computers & Accessories)\n\n#3,077 in Traditional Laptop Computers\n\n\n", "\nDate First Available\n": "\nOctober 7, 2019\n"}], "productDescription": "Product description\nCapacity:4GB RAM | 128GB SSD | Home\nWhether at work or play, ASUS VivoBook 15 is the compact laptop that immerses you in whatever you set out to do. Its new frameless four-sided NanoEdge display boasts an ultraslim 5.7mm bezel, giving an amazing 88% screen-to-body ratio for supremely immersive visuals. The new ErgoLift hinge design also tilts the keyboard up for more comfortable typing. VivoBook 15 is powered by the latest AMD Ryzen processor to help you get things done with the least amount of fuss. VivoBook 15 pushes the limits of what's possible, inspiring you to break new bounds. The new frameless four-sided NanoEdge design gives VivoBook 15 an almost-bezel-free display with vast amounts of screen area and extremely immersive visuals, for work and play. Even with the ultra slim bezel, a pleasing HD camera is accommodated on the top bezel for you videochat with family and friends a world away. Life moves fast, and you'll need a laptop that won't weigh you down.", "reviews": [{"reviewerName": "Jax Babbs", "reviewerUrl": "https://www.amazon.com/gp/profile/amzn1.account.AGKFB54VC5KYQ6OQUHJGESTATHJA/ref=cm_cr_getr_d_gw_btm?ie=UTF8", "rating": "5.0 out of 5 stars", "reviewTitle": "GREAT", "reviewDate": "March 26, 2021", "reviewText": "  My mom bought this for me because my school has been remote since last march i have been using this for school and this can run 1-10 apps smoothly!", "is_Helpful": ""}, {"reviewerName": "Brent Walden", "reviewerUrl": "https://www.amazon.com/gp/profile/amzn1.account.AGQEWEAXFQVTSVNYU5CG3IZUAMEQ/ref=cm_cr_getr_d_gw_btm?ie=UTF8", "rating": "1.0 out of 5 stars", "reviewTitle": "Lasted 1year and 3 months...", "reviewDate": "March 15, 2021", "reviewText": "\"  This computer only lasted me 1 yr and 3 months before messing up. Yesterday it froze up on me. I turned it off and now it wont turn back on.\"", "is_Helpful": ""}, {"reviewerName": "KBAZConsumer", "reviewerUrl": "https://www.amazon.com/gp/profile/amzn1.account.AGJ7LT4DRZ3FOXGLHTV4FYTOKGBA/ref=cm_cr_arp_d_gw_btm?ie=UTF8", "rating": "5.0 out of 5 stars", "reviewTitle": "Love the product, But...", "reviewDate": "February 24, 2021", "reviewText": "\"  I love the product, but Im waiting for the seller to resolve a few issues before writing a complete review. The computer looks brand new and has no issues so far.\", ***UPDATE***, There were a few minor issues with the laptop, nothing physical. After contacting the seller and a few emails discussing a possible solution, the seller resolved laptop issues to my complete satisfaction., I found that they were easy to work with, and they went out of their way to expedite the resolution., \"As I have said, the laptop looked brand new with no cosmetic issues. I highly recommend this third-party seller if youre looking to buy a great laptop without paying a new high price. Asus is one of my favorite brands.\"", "is_Helpful": ""}, {"reviewerName": "Christina Lopez", "reviewerUrl": "https://www.amazon.com/gp/profile/amzn1.account.AE2BGUATRI2XJCLYAYRWMYBCH6VA/ref=cm_cr_arp_d_gw_btm?ie=UTF8", "rating": "3.0 out of 5 stars", "reviewTitle": "Freezes up constantly. Something seriously wrong.", "reviewDate": "January 6, 2021", "reviewText": "\"  I bought this laptop for my new job in May of 2020 and up first it worked great but as I have owned it Ive had nothing but problems with it. It freezes up on me between 5 and 10 times per day sometimes the screen will go black right in the middle of a project that Im working on. The only way to fix it is to power off completely. And everytime I call support nothing gets fixed and they want me to do a hard reset so Ill lose all my information. I dont know whats going on and I plan to take it into a computer repair person but Ive had to purchase another computer in the meantime just so that I can do my job. I wouldnt recommend this computer at all.\"", "is_Helpful": "One person found this helpful"}, {"reviewerName": "R. Carver", "reviewerUrl": "https://www.amazon.com/gp/profile/amzn1.account.AGBZZO6CKMKSG656BSLVHNB2FI3Q/ref=cm_cr_getr_d_gw_btm?ie=UTF8", "rating": "1.0 out of 5 stars", "reviewTitle": "Comes with Windows S installed not Windows 10 Pro.  Upgrade key for Windows 10 Pro not working.", "reviewDate": "December 21, 2020", "reviewText": "\"  I got this as a gift for my brother in another state.  He text me telling me the computer didnt have Windows 10 Pro on it like advertised.  It did have Windows 10 Pro upgrade keys but when he tried to do the upgrade it failed and wont accept the key anymore.\"", "is_Helpful": ""}, {"reviewerName": "tonyp", "reviewerUrl": "https://www.amazon.com/gp/profile/amzn1.account.AHCXBPWQXJV3KR4GMN5YYRPWTH2Q/ref=cm_cr_getr_d_gw_btm?ie=UTF8", "rating": "5.0 out of 5 stars", "reviewTitle": "Good  Laptop, in size, weight & performance", "reviewDate": "December 16, 2020", "reviewText": "  AS I thought it would be, prompt delivery.", "is_Helpful": ""}, {"reviewerName": "dustin clark", "reviewerUrl": "https://www.amazon.com/gp/profile/amzn1.account.AEBUNGHJ2NWJPYUWJ7XIQMC7CV5Q/ref=cm_cr_getr_d_gw_btm?ie=UTF8", "rating": "1.0 out of 5 stars", "reviewTitle": "A total lemon", "reviewDate": "October 19, 2020", "reviewText": "  This computer will regularly refuse to start. Sent it into asus. They said 7-10 days. 2 weeks tops. Now they have it and are saying the repair eill be 11 and a half weeks minimum. Im done with asus forever.", "is_Helpful": ""}, {"reviewerName": "Un Gyung Yi", "reviewerUrl": "https://www.amazon.com/gp/profile/amzn1.account.AF4GDN2MBX5HCJWTHOKP5JJKY2XQ/ref=cm_cr_getr_d_gw_btm?ie=UTF8", "rating": "3.0 out of 5 stars", "reviewTitle": "Bluetooth", "reviewDate": "October 10, 2020", "reviewText": "  Bluetooth keeps kicking out soooo randomly. I changed batteries for my Bluetooth keyboard and mouse just in case. However, once disconnected, the laptop never reconnects until I go to settings > Bluetooth., \"I checked the drivers for the best updated version, the Startup Type in Bluetooth support service Properties menu, power management in the device manager, and ran the troubleshooting several times, which kept telling Bluetooth radio status has been fixed. I did everything for the software part, but the Bluetooths still disconnected so often while I was typing.\", \"I asked the seller whether it is about the software or hardware but havent heard back from them.\", The laptop is light and fast. It is not for heavy gaming but definitely good for basic writing, editing, web searching, and youtube. Except for the bluetooth problem, I found it a decent laptop for the price., \"But because of the weird bluetooth, Im returning this laptop to the seller.\"", "is_Helpful": ""}, {"reviewerName": "Joe B.", "reviewerUrl": "https://www.amazon.com/gp/profile/amzn1.account.AFOHPCHHIIKTG7JD3TVGZFMAP27Q/ref=cm_cr_getr_d_gw_btm?ie=UTF8", "rating": "5.0 out of 5 stars", "reviewTitle": "Recommended", "reviewDate": "September 10, 2020", "reviewText": "  High resolution. Runs smooth. Sleek look., Recommend for school, work, and personal use. Not recommended as a gaming computer, however.", "is_Helpful": ""}, {"reviewerName": "Happy in Ky", "reviewerUrl": "https://www.amazon.com/gp/profile/amzn1.account.AENQGOV2XTCUP7GGSL52VASMEZDA/ref=cm_cr_getr_d_gw_btm?ie=UTF8", "rating": "5.0 out of 5 stars", "reviewTitle": "Nice laptop", "reviewDate": "September 1, 2020", "reviewText": "  nice laptop, reasonably priced and good speed.", "is_Helpful": ""}, {"reviewerName": "phuonom", "reviewerUrl": "https://www.amazon.com/gp/profile/amzn1.account.AGQK4HSJC4CJSUFFAHY7QIV7I7KQ/ref=cm_cr_arp_d_gw_btm?ie=UTF8", "rating": "5.0 out of 5 stars", "reviewTitle": "Better than I hoped", "reviewDate": "August 20, 2020", "reviewText": "\"  The only downside is that the micro SD card sticks out. Everything else is working perfectly after a month. I would also like to gripe about Windows forcing me to put everything on their puny onedrive (you can change it manually, but I didnt realize I needed to at first), but that has nothing to do with the computer. This product is great!\"", "is_Helpful": "One person found this helpful"}, {"reviewerName": "Chris Petty", "reviewerUrl": "https://www.amazon.com/gp/profile/amzn1.account.AGSSCFTUUSN46ZHR2UMFGVPO6IZQ/ref=cm_cr_getr_d_gw_btm?ie=UTF8", "rating": "4.0 out of 5 stars", "reviewTitle": "Strictly personal", "reviewDate": "July 18, 2020", "reviewText": "  Purchased for paying bills online and personal finance in addition to some light internet browsing. Does everything well that I need it to. 0 key on the 10 key pad is a little awkward of a placement. Otherwise has a very good feel to it. Very light and thin while still providing a large display.", "is_Helpful": ""}, {"reviewerName": "Baby~Doll", "reviewerUrl": "https://www.amazon.com/gp/profile/amzn1.account.AHH5BH36KKICO2F66PMOFRYONUBA/ref=cm_cr_getr_d_gw_btm?ie=UTF8", "rating": "1.0 out of 5 stars", "reviewTitle": "\"Dont buy\"", "reviewDate": "July 5, 2020", "reviewText": "\"  I bought this maybe a month ago and I absolutely love it. Its fairly easy to set up and navigate, nice and light. Everything is ready to go the second it turns on, which I appreciate. Would recommend. *edit* dont buy this. I hate it. I keep having screen flickering issues, and now the mic wont work during zoom or Google meets meetings.\"", "is_Helpful": ""}, {"reviewerName": "Nic Roc", "reviewerUrl": "https://www.amazon.com/gp/profile/amzn1.account.AH4UKV4QQU4Y25R7LWMNWCPWRQFQ/ref=cm_cr_getr_d_gw_btm?ie=UTF8", "rating": "5.0 out of 5 stars", "reviewTitle": "I LOVE THIS MACHINE!!", "reviewDate": "July 1, 2020", "reviewText": "\"  I bought this laptop to have something I can use for years without having to worry about upgrading to a new model every few years. I just recently upgraded the ram and added a 2tb hard drive and its FANTASTIC!! great for gaming at a low price. and SO easy to install upgrades.\"", "is_Helpful": ""}, {"reviewerName": "Isabella", "reviewerUrl": "https://www.amazon.com/gp/profile/amzn1.account.AGOCNEH7E6K6NV52GFAHRROCECFA/ref=cm_cr_getr_d_gw_btm?ie=UTF8", "rating": "5.0 out of 5 stars", "reviewTitle": "Great laptop for college/university students", "reviewDate": "June 5, 2020", "reviewText": "  I don\u2019t understand why people give negative reviews on this one but it has been great. Although it took almost two weeks to receive it, overall I am impressed with the laptop. I was looking for a laptop for my university courses since I do a lot of typing and PowerPoint presentations and it looks like Asus has really stepped up their game. The laptop is fast, it\u2019s lightweight, and it hasn\u2019t had any problems. So far so good.", "is_Helpful": ""}, {"reviewerName": "Amazon Customer", "reviewerUrl": "https://www.amazon.com/gp/profile/amzn1.account.AGWWI76BZUP7BU4LILZ6EJHZHNAA/ref=cm_cr_arp_d_gw_btm?ie=UTF8", "rating": "4.0 out of 5 stars", "reviewTitle": "Pretty good but a couple of caveats", "reviewDate": "May 30, 2020", "reviewText": "  Have used this laptop now for several months. Good price but lacks a standard SD card slot, which I find very annoying. (It does have a micro-SD.) The other characteristic I no not like is that, even with touchpad sensitivity set at its lowest, this pad is too sensitive, resulting in unwanted actions. I had to eliminate double-tapping in favor of press-clicking to avoid problems. I would probably rate this a bit less than four stars if I could, but it is far better than three.", "is_Helpful": "One person found this helpful"}, {"reviewerName": "Odilon Nascimento", "reviewerUrl": "https://www.amazon.com/gp/profile/amzn1.account.AGP62T345PNVMQIFPACSBZUPVRUA/ref=cm_cr_getr_d_gw_btm?ie=UTF8", "rating": "5.0 out of 5 stars", "reviewTitle": "Awesome valuer", "reviewDate": "May 10, 2020", "reviewText": "  Step above last year\u2019s version., Better keyboard, backlight, fast and lightweight., Boots up almost instantly., Very satisfied", "is_Helpful": ""}, {"reviewerName": "helen kong", "reviewerUrl": "https://www.amazon.com/gp/profile/amzn1.account.AGTH7ZC5KG5TJSMUKAZK3OHLO2BA/ref=cm_cr_getr_d_gw_btm?ie=UTF8", "rating": "5.0 out of 5 stars", "reviewTitle": "Amazing Experience", "reviewDate": "April 22, 2020", "reviewText": "  I had this same laptop for 6 months until my dog kicked it out of my lap when I was on the couch; the screen hit the coffee table corner and broke. I love the numeric pad on the right and the fingerprint scanner to log in is super convenient. It\u2019s light and has a variety of ports., The seller, HiTek, shipped my order out in a few days after I placed it and is extremely fast in responding to questions and messages. They were a pleasure to work with. I received it in less than a week and will now take time to charge and set up my new laptop!", "is_Helpful": ""}, {"reviewerName": "Rafael L.", "reviewerUrl": "https://www.amazon.com/gp/profile/amzn1.account.AFS7J3HE4SCK3RB2JVHVODOAQT7Q/ref=cm_cr_getr_d_gw_btm?ie=UTF8", "rating": "5.0 out of 5 stars", "reviewTitle": "Great little machine for light work", "reviewDate": "March 26, 2020", "reviewText": "  Absolutely love this computer. Lightweight, super fast start up time, good webcam (though not the best). Runs Linux Mint really well! Would highly recommend this computer.", "is_Helpful": ""}, {"reviewerName": "SRH", "reviewerUrl": "https://www.amazon.com/gp/profile/amzn1.account.AEZAPBJRG3NND5TG5CHQXCMNRY7A/ref=cm_cr_getr_d_gw_btm?ie=UTF8", "rating": "5.0 out of 5 stars", "reviewTitle": "Good", "reviewDate": "March 14, 2020", "reviewText": "  Good", "is_Helpful": ""}, {"reviewerName": "Juan Carlos Guzman", "reviewerUrl": "https://www.amazon.com/gp/profile/amzn1.account.AFJOYRYSCG67R4KQ45KQU5OL3A3Q/ref=cm_cr_getr_d_gw_btm?ie=UTF8", "rating": "5.0 out of 5 stars", "reviewTitle": "Great replacement", "reviewDate": "March 10, 2020", "reviewText": "  Well balanced and fast.  Great performance for my needs.  My second ASUS, would definitely buy again.", "is_Helpful": ""}, {"reviewerName": "William W. Standke", "reviewerUrl": "https://www.amazon.com/gp/profile/amzn1.account.AFTWV2OOH3L5KBF6R2YJ7ATXCKVQ/ref=cm_cr_getr_d_gw_btm?ie=UTF8", "rating": "5.0 out of 5 stars", "reviewTitle": "Working well for me so far", "reviewDate": "March 4, 2020", "reviewText": "  Seems very fast. Nice compact design.", "is_Helpful": ""}, {"reviewerName": "Ami Guimond", "reviewerUrl": "https://www.amazon.com/gp/profile/amzn1.account.AGVFH6SAID2CSTF2KLG4YVJBRMWQ/ref=cm_cr_getr_d_gw_btm?ie=UTF8", "rating": "5.0 out of 5 stars", "reviewTitle": "Great computer.", "reviewDate": "February 12, 2020", "reviewText": "  I\u2019ve had it a month and so far I am very pleased. Way faster than the HP computer I paid twice as much for a couple of years back. Very durable. Easy to set up. Quick on and off.", "is_Helpful": ""}, {"reviewerName": "Carlos E. Irigoyen", "reviewerUrl": "https://www.amazon.com/gp/profile/amzn1.account.AFPHWXGABKCIEO4AVICBMRFPA2FA/ref=cm_cr_getr_d_gw_btm?ie=UTF8", "rating": "5.0 out of 5 stars", "reviewTitle": "Great", "reviewDate": "February 6, 2020", "reviewText": "  I love it, Fsst", "is_Helpful": ""}, {"reviewerName": "Robert Murphree", "reviewerUrl": "https://www.amazon.com/gp/profile/amzn1.account.AEF5VHZ2EVZNTJJBIJGAK734XSUA/ref=cm_cr_arp_d_gw_btm?ie=UTF8", "rating": "1.0 out of 5 stars", "reviewTitle": "This computer ran worse and cost more than my laptop from 3 years ago.", "reviewDate": "January 25, 2020", "reviewText": "  This laptop honestly looked better before I opened it., \"Fan? Always on. Temps? Hot. Speakers? Peaking at 70% volume. SSD speed? Slow. Wi-Fi? Slow. Viewing angles? Dont bother.\", \"The fact that this laptop came installed with a Windows build from APRIL 2018 is unacceptable, but the rest of this product doesnt help its case. This is the only laptop that Ive ever had that it took me 2 hours to hit the return to Amazon button.\", \"The screen was perhaps the worst part, with it having literally no viewing angles. If I pushed it too far one way, the top would be unreadable, and if I pushed it too far the other way, the bottom would be unreadable. Even software solutions couldnt help this - quite honestly - AWFUL panel.\", \"Also, this thing runs Windows S out of the box. No one thought to put that in the description? Its an easy fix, sure, but at least be up front about what your system is.\", Speaking about what the system is, why is it so got-dang slow? My version had an SSD and 12 GBs of RAM - almost the same specs as my current laptop - and yet it was somehow slower than a PC from 3 years ago. Downloads were sluggish, and if it was working for too long? Oh boy, did the fans RUN. I thought this thing was about to levitate off of my bed! Why are the vent holes on the bottom?!, \"Dont buy this. Save your money.\"", "is_Helpful": "21 people found this helpful"}, {"reviewerName": "Ernest Y", "reviewerUrl": "https://www.amazon.com/gp/profile/amzn1.account.AHQ22HDBT37GAYI6GS34IGDZIJBQ/ref=cm_cr_getr_d_gw_btm?ie=UTF8", "rating": "5.0 out of 5 stars", "reviewTitle": "Light weight and fast", "reviewDate": "January 24, 2020", "reviewText": "  It is a good quality laptop. Very light weight and fast", "is_Helpful": ""}, {"reviewerName": "Amma-zing", "reviewerUrl": "https://www.amazon.com/gp/profile/amzn1.account.AGZXD4XFHF3R2PA26IJ5M2SEKOBA/ref=cm_cr_arp_d_gw_btm?ie=UTF8", "rating": "3.0 out of 5 stars", "reviewTitle": "For the birds (sort of...)", "reviewDate": "January 24, 2020", "reviewText": "\"  I received this laptop 2 days ago and it was delivered ahead of schedule.  There is a voice guided set up that makes it quite easy to get started. Im having some trouble copying bookmarks over from Chrome but, I purchased the optional 4 year protection plan with Tech Support and await a reply from them in order to proceed with getting that part taken care of. Incidentally, the box that the computer arrived in was targeted by what appears to have been a bird at some point. The company acknowledged this when I inquired.  As this is the 1st product Ive ordered from this company, I cant comment as to how often one might expect to receive deliveries with such insignia. Nevertheless, the computer appears to be working well enough so far. An edit may accompany this review, soon.\"", "is_Helpful": ""}, {"reviewerName": "Sky", "reviewerUrl": "https://www.amazon.com/gp/profile/amzn1.account.AF7W7BMVQ7SXPVVCOMXDX5Z5D4HQ/ref=cm_cr_arp_d_gw_btm?ie=UTF8", "rating": "3.0 out of 5 stars", "reviewTitle": "Screen is NOT true color and looks very washed out - my only issue", "reviewDate": "January 16, 2020", "reviewText": "\"  I purchased this laptop (after sending another one back) because it was a bit more expensive and should have worked for lite everyday use. However, the issue (and reason for my 3 stars) is due to the screen colors being so washed out. Ive adjusted all the settings I could, brightened the screen, tweaked everything I could think of to no avail. Ive posted a screenshot in front of my other Asus (granted its a higher end machine) for comparison. Ive purchased 8 or 9 laptops in the past and none of them have ever had this issue. Its the same reason I sent the other one back. You get what you pay for I suppose. I wont be ordering a budget laptop again without seeing it in store first.\"", "is_Helpful": "10 people found this helpful"}, {"reviewerName": "Randy", "reviewerUrl": "https://www.amazon.com/gp/profile/amzn1.account.AEQGOZW3FMH6S5NP4JSMBR7GCAYQ/ref=cm_cr_getr_d_gw_btm?ie=UTF8", "rating": "5.0 out of 5 stars", "reviewTitle": "Responsive seller, great inexpensive product", "reviewDate": "January 5, 2020", "reviewText": "  Computer working as it should, there was an issue with the license number, but seller cleared that up fast, and did it through the holidays !", "is_Helpful": ""}, {"reviewerName": "Ian", "reviewerUrl": "https://www.amazon.com/gp/profile/amzn1.account.AHMSSPMMKDQ5YFTDTU5RRKIXH33A/ref=cm_cr_arp_d_gw_btm?ie=UTF8", "rating": "3.0 out of 5 stars", "reviewTitle": "NOT an NVMe SSD", "reviewDate": "December 29, 2019", "reviewText": "\"  SSD included is an Intel SSDSCKKW512H6 which is not an NVMe SSD, as was indicated by the title. It is an M.2 SATA SSD. According to its specs, it can do up to 560 MBps reads and 480 MBps writes. The slowest NVMe SSDs do about 1800 MBps read / write, so this is a significant difference. Other than that, this is a pretty good deal and product. Id suggest the seller revise the description to say its an M.2 SATA SSD instead of NVMe.\"", "is_Helpful": "42 people found this helpful"}, {"reviewerName": "Kindle Customer", "reviewerUrl": "https://www.amazon.com/gp/profile/amzn1.account.AHEU6LJFFWUTP5K7Z3VV65O2QVFQ/ref=cm_cr_arp_d_gw_btm?ie=UTF8", "rating": "5.0 out of 5 stars", "reviewTitle": "Excellent computer!", "reviewDate": "December 29, 2019", "reviewText": "  Hi!, \"My husband looked around, and this was the best computer for our budget! It runs fast, the charge holds a long time, and it doesnt overheat like our old computer! We definitely recommend this computer! Plus, it is super light if you need to carry it around for school or work. Thanks!\"", "is_Helpful": "5 people found this helpful"}, {"reviewerName": "Adjustyourtone", "reviewerUrl": "https://www.amazon.com/gp/profile/amzn1.account.AELWH5HX27EM2IUCGLUFSXFUSK4Q/ref=cm_cr_arp_d_gw_btm?ie=UTF8", "rating": "5.0 out of 5 stars", "reviewTitle": "It is a really good laptop for the money", "reviewDate": "December 24, 2019", "reviewText": "\"  Im a software developer who stares at 4k screens all day. The strain on the eyes was rough. I bought this laptop BECAUSE it didnt have the ultra bright resolution and colors. Its still full HD and looks as good as something 4-5 years ago. I mainly use the laptop with Visual Studio and general CLI-type applications and so far I have been beyond impressed. The 20gb of ram and 1tb SSD was a no-brainer for the cost. The unit does ship in S-Mode, but can be switched out to the advertised Windows 10 Pro very quickly. Battery life seems to be approx. 7-8hrs in normal usage and thats good enough for me. I would highly recommend this if youre looking for a secondary development machine.\"", "is_Helpful": "19 people found this helpful"}, {"reviewerName": "Nick Albuja", "reviewerUrl": "https://www.amazon.com/gp/profile/amzn1.account.AEU44OSAWPXPM6CZB5FH23HANSRA/ref=cm_cr_getr_d_gw_btm?ie=UTF8", "rating": "5.0 out of 5 stars", "reviewTitle": "Good for the price! Legit", "reviewDate": "December 24, 2019", "reviewText": "  Good for the price honestly.", "is_Helpful": "4 people found this helpful"}, {"reviewerName": "Ket Wong", "reviewerUrl": "https://www.amazon.com/gp/profile/amzn1.account.AGKQVTK73YDJAM2TJ5EXGGNIS7AQ/ref=cm_cr_getr_d_gw_btm?ie=UTF8", "rating": "5.0 out of 5 stars", "reviewTitle": "Good", "reviewDate": "December 10, 2019", "reviewText": "  Very good. The cp value and the box are pack well. Delivery to HK about 10 days.", "is_Helpful": "2 people found this helpful"}], "qAndA": [{"question": "How do you get warranty service for laptop purchased online?", "answer": "Contact seller. There is a one year warranty."}, {"question": "Does this have a cd rom drive?", "answer": "No"}, {"question": "Does it have backlit keyboard?", "answer": "Yes, the keyboard is backlit."}, {"question": "Is the screen glossy or matte? Thanks", "answer": "It is Matte, and it is not a touch screen."}, {"question": "Will roblox run smoothly on this device?", "answer": "I believe my son has Roblox on this computer, and it runs very well!"}, {"question": "Tn or ips", "answer": "ips"}, {"question": "What sort of ram would i be looking for to upgrade 4gb that comes with it?", "answer": "I got a 16gb stick of a random company but it had shown i was using 20gb fully so just choose any kind you want. Just make sure you get the right form factor."}, {"question": "What year is this book", "answer": "production date is Mid 2019, thanks for shopping with Addme."}, {"question": "Can you install Microsoft office 2016 or newer?", "answer": "Yes. It actually gives you the option during setup to install a free trial of Office 360"}, {"question": "Any buddy know how to get a hold of the sellers them selves? barely had this laptop a few months and the ssd failed. need to rma this laptop.", "answer": "Just replace the ssd. Super easy."}, {"question": "What about the warrenty of product?", "answer": "There is a place to do it on your purchase page."}, {"question": "Will this run adobe premiere?", "answer": "You Need Minimum of 8gb of RAM to run that program"}, {"question": "Good morning. What kind of memory is recommended to upgrade this laptop with?", "answer": "I recommend purchasing the model with the desired amount of memory, I assume you're asking about ram. SSD space is kind of a thing of the past with free cloud storage being offered by Microsoft. This laptop is available with roughly 10 different options at varying price points. It's cheaper to purchase what you want no\u2026 see more"}, {"question": "How do i increase ram and ssd for this computer?", "answer": "Unscrew the bottom of the laptop"}, {"question": "Tiene bah\u00eda para poner un hdd o un ssd?", "answer": "128/256GB SSD"}, {"question": "Hi! The laptop runs on 220 volts?", "answer": "You will need a different charger."}, {"question": "Does this come with windows 10 pro that is not in s mode???", "answer": "The description says it: Windows 10 Pro. And that's it. Other ASUS Vivobook systems description specifically say Win 10 Pro in S mode. This one does not."}, {"question": "Does this come with microsoft windows loaded when it comes? Can you have it come with an anti virus installed?", "answer": "Yes. It comes with microsoft windows 10 pro loaded. You can download and install free antivirus AVGfree."}, {"question": "Would this Ryzen 3 processor be able to run Minecraft java on medium settings? ( looking for something I can also do some light gaming on )", "answer": "I would think it would with 12GB of RAM."}, {"question": "Is this good for video editing ?", "answer": "Hi, it would do it, but it wouldn't be fast. It has 12GB ram and an SSD hard drive, but it has a low end processor and graphics card. Those two pieces are heavily used in video editing. It can do it, but it'd be pretty slow, especially if you are doing higher resolutions."}, {"question": "Is the screen glossy or matte? Thanks", "answer": "Matte I think.\nKinda not smooth."}, {"question": "Asking seller only: does the nvme ssd drive plug into a pcie socket or an m.2 sata socket?", "answer": "Highly likely to be a m.2 socket, there's different key types."}, {"question": "Is the 1tb ssd drive nvme or not? the description says nvme but reviewers are complaining that it is not nvme", "answer": "I bought one with a 1tb hard drive and i got a 500gb ssd. But i didnt notice till after the return time had lapsed. Yes i was very disappointed."}, {"question": "Does this laptop have a glossy or matte screen? also, it an ips screen? is it a tn screen? is it an led screen?", "answer": "matte screen"}, {"question": "Does this computer have a hdmi , vga or dvi d hookups ?", "answer": "It has a HDMI hookup."}, {"question": "Can this support dual external monitors?", "answer": "Answer not available"}, {"question": "Does this have an extra sata slot? or at least isbthe ssd using a sata port and not a nvme for upgradeability", "answer": "Even if it's nvme, it's still upgradable."}, {"question": "Will roblox run smoothly on this device?", "answer": "Yes"}, {"question": "Does the laptop come with full Microsoft suite? Word, excel, powerpoint, email etc?", "answer": "Office 365 trial is the windows 10 standard these days, which is a subscription based license that can be renewed annually. I recommend buying office from a 3rd party with a single user key. Licensed forever for about 60$, definitely a smart choice."}, {"question": "Aluminium top or plastic? What about heat?", "answer": "the computer is plastic but heat seems not an issue. been working great for the last 6 months with no issues."}, {"question": "What is the brand and model off the sdd? key b, m or b+m?", "answer": "m"}, {"question": "What about the warrenty of product?", "answer": "Buy the extended warrant, it pays for itself almost"}, {"question": "Is the screen glossy or matte? Thanks", "answer": "Mine is matte."}, {"question": "Is the monitor glare or anty-glare ?", "answer": "The monitor does not have a high glare screen."}, {"question": "does it have touch screen??", "answer": "No"}, {"question": "Does this laptop bring a caddy to add a 2.5 HDD? or do i need to buy a caddy separate?", "answer": "Most laptops don't come with one unless there's a 2.5\"drive already installed in which case it will be occupied."}, {"question": "Will this computer run games smoothly?", "answer": "Lighter games yes"}, {"question": "I am unclear about the Ghz - it says up to. What does it come with?", "answer": "GHz refers to CPU speed\nMeaning how many operations can be done\nI have this laptop and I am a software developer \u2026 see more"}, {"question": "Does this use nvme drives?", "answer": "Not sure"}, {"question": "Can I add an SD card to increase storage? Or maybe you can tell me what I need to increase the storage.", "answer": "The SD card sticks out of the computer when inserted about 25%. Because of this I wouldn't leave a SD card while moving the laptop around. I would buy a model with a large enough m.2 drive for your needs."}, {"question": "Is the card reader for regular sd cards or micro sd cards?", "answer": "Regular cards , for micro u need the adapter"}, {"question": "where do I get an extended warranty?", "answer": "Forget warranty, purchase Asurion insurance, just like a cell phone. 4yr coverage for 90$, can't go wrong there."}, {"question": "Does it come with an activation key for Windows 10 Pro?", "answer": "No"}, {"question": "I bought the computer and like it now want to buy a protection plan. How do I do that after the fact of the computer purchase?", "answer": "Call the manufacturer"}, {"question": "Is the screen glossy or matte? Thanks", "answer": "The screen is matte - NOT glossy."}, {"question": "My notebook came with a Bios password, is there universal bios password?", "answer": "I don't know. I had to create a password"}, {"question": "Is the screen glossy or matte? Thanks", "answer": "Matte"}, {"question": "Do you have one with ryen 7 and all these other features?", "answer": "Answer not available"}, {"question": "Can Microsoft office 2016 or newer be installed?", "answer": "Yes , so far Microsoft 2007 and lower are not supported."}, {"question": "Can the hard drive be upgraded ?", "answer": "Not sure"}, {"question": "Does this laptop come with Microsoft office?", "answer": "It comes with a limited use of Microsoft office."}, {"question": "I'm guessing its 2 but how many ram slots are there?", "answer": "There is 4GB of onboard RAM and 1 RAM slot (up to 8 GB), 12GB max ram config."}, {"question": "does it have hdd slot", "answer": "It has a M.2 slot, no HDD /SDD slot."}, {"question": "Is Vega 3 better than ryzen 3", "answer": "You are comparing a GPU (Vega 3) with an APU or CPU (ryzen 3). They are complementary."}, {"question": "How are the speakers? i know it's a laptop. my toshiba's use to be great. hp currently, ok? other asus machine was sh!+", "answer": "I would never buy it again!!!!! it keeps losing my password and fingerprint. it always wants an update...and if I give in and run it I have to look iup on YouTube on how to get it back on. I loved my Toshiba but it got old and slow\nas for the sound. on the Asus .i do zoom and it is ok"}, {"question": "Is the screen glossy or matte? Thanks", "answer": "Mine is matte. In general, have to say that one would be hard pressed to beat this little box for the price. Have been pleasantly surprised to date. Potential difference might be my version has more RAM and larger SSD."}, {"question": "Is the ram ddr4?", "answer": "Yes"}], "time": ["09/04/2021 16:55:27"], "reviewsCountInfo": {"expRevCount": 34, "actRevCount": 34, "nonEnglishRevCount": 4}, "scrapperInfo": {"Version": "1.3.2", "Released Date": "08/04/2021"}, "productURL": "https://www.amazon.com/gp/product/B07YSTT8Z5", "ASIN": "B07YSTT8Z5", "title": "ASUS VivoBook F512DA Laptop, 15.6\" FHD Display, AMD Ryzen 3 3200U Upto 3.5GHz, 4GB RAM, 128GB SSD, Vega 3, HDMI, Card Reader, Wi-Fi, Bluetooth, Windows 10 Home", "manufacturer": " ASUS Store", "currentPrice": "$449.99", "rating": "4.5", "totalRatings": "134 "}