{"features": ["The manufacturer seal has been opened to meet the advertised specifications. Professional service installation included.", "Dell Inspiron 7000 2-in-1 Laptop with 13.3 inch FHD (1920 x 1080) Touchscreen with Windows 10 Pro\u2014The same great Windows 10 experience, plus additional features for power users, such as Bitlocker disk encyption and Remote Desktop. | AMD Ryzen 5 2500U 2.00 - 3.6GHz Quad-core Processor | AMD Radeon Vega 8 Graphics", "16GB RAM (Memory) | 512GB SSD", "Webcam, Card Reader, WiFi, Bluetooth, Security Slot, Backlit Keypad", "1x HDMI, 1x Micro DisplayPort, 1x USB 3.1 Gen 1, 1x USB 2.0"], "reviewsAspects": [], "productInformation": [{"\nASIN\n": "\nB07YSV9R6M\n", "Customer Reviews": "\n\n\n\n\n\n\n4.4 out of 5 stars\n\n\n\n\n\n\n\n\n17 ratings\n\n\n\n\n\n\n4.4 out of 5 stars\n", "\nDate First Available\n": "\nOctober 7, 2019\n"}], "productDescription": "Product description\nBoost daily productivity with this 13.3-inch Dell Inspiron laptop. Its AMD Ryzen 5 processor and DDR4 RAM let you accomplish multiple tasks simultaneously. This Dell Inspiron laptop has a M.2 solid-state drive that boots Windows 10 quickly. The 1920 x 1080 resolution boasts impressive color and clarity. Natural finger-touch navigation makes the most of Windows 10. Enjoy high application performance and smoother gaming experiences with the new AMD Ryzen 5, featuring groundbreaking machine intelligence, impressive multitasking capabilities and a newly designed, efficient architecture with up to 4 cores and 8 processing threads. The 360 degree flip-and-fold design Offers versatile functionality with laptop, audience, tabletop, presentation and tablet modes. AMD Radeon Vega 8 Integrated graphics chipset with shared video memory provides solid image quality for Internet use, movies, basic photo editing and casual gaming.", "reviews": [{"reviewerName": "Linda", "reviewerUrl": "https://www.amazon.com/gp/profile/amzn1.account.AEFFMCFRBPQ3T4NSE22T6MGAMB2A/ref=cm_cr_arp_d_gw_btm?ie=UTF8", "rating": "5.0 out of 5 stars", "reviewTitle": "Dell Inspiron 7000", "reviewDate": "May 4, 2020", "reviewText": "  I like everything about this computer the fact that it is a 2 in1 is very useful. The size is just right.", "is_Helpful": "One person found this helpful"}, {"reviewerName": "Paul Smith", "reviewerUrl": "https://www.amazon.com/gp/profile/amzn1.account.AGIEO3VJSCDV22DNQVSTU47MAPHQ/ref=cm_cr_arp_d_gw_btm?ie=UTF8", "rating": "1.0 out of 5 stars", "reviewTitle": "One of the worst purchases of my entire life", "reviewDate": "April 14, 2020", "reviewText": "\"  So, so disappointed with this laptop. Battery life is terrible, its loud (motor/fan) and overheats, the processing is so slow, it shuts down/restarts without warning, and its seemingly impossible to achieve the simple task of syncing with Google Drive. Weve wasted hours with tech support to little effect. It honestly makes me sick thinking about how bad of a purchase this was. I have a new, essentially unusable laptop, and my job is all online. Theres no clear path to returning this laptop which I cant help but think is intentional. Just one of the worst purchases Ive made in my entire life.\"", "is_Helpful": "One person found this helpful"}, {"reviewerName": "Amazon Customer", "reviewerUrl": "https://www.amazon.com/gp/profile/amzn1.account.AE3XP6TTCJGTQCQHZNE6DFKKBDQA/ref=cm_cr_arp_d_gw_btm?ie=UTF8", "rating": "5.0 out of 5 stars", "reviewTitle": "Overall a good laptop", "reviewDate": "March 19, 2020", "reviewText": "\"  The only thing I dont like it that there isnt a CD player with it.\"", "is_Helpful": ""}, {"reviewerName": "Amazon Customer", "reviewerUrl": "https://www.amazon.com/gp/profile/amzn1.account.AEK4J7XAJ362M3Q3QSNDTNEHZGAQ/ref=cm_cr_arp_d_gw_btm?ie=UTF8", "rating": "4.0 out of 5 stars", "reviewTitle": "Almost Just Right!", "reviewDate": "March 14, 2020", "reviewText": "\"  This is really a great 2-in-1 -- except for the slow hard drive. Once I swapped it out for an SSD, the thing really hums! When the CPU heats up enough to need the internal fan, though, it gets a titch noisy. Not much, but noticeable. Another hint: run Dells SupportAssist optimization app regularly--it really helps.\"", "is_Helpful": "One person found this helpful"}, {"reviewerName": "D. Orr", "reviewerUrl": "https://www.amazon.com/gp/profile/amzn1.account.AHHSWJ3QJBUXDQ2I47KOMVBKAJ5Q/ref=cm_cr_arp_d_gw_btm?ie=UTF8", "rating": "1.0 out of 5 stars", "reviewTitle": "Bought before Christmas last year and it\u2019s dead.", "reviewDate": "February 1, 2020", "reviewText": "  Less than a year old and it\u2019s dead. Sucks.", "is_Helpful": "One person found this helpful"}, {"reviewerName": "lincbode", "reviewerUrl": "https://www.amazon.com/gp/profile/amzn1.account.AGR4RNXTI5IQ3AUNC4XM3RZR6ABQ/ref=cm_cr_arp_d_gw_btm?ie=UTF8", "rating": "5.0 out of 5 stars", "reviewTitle": "Amazing", "reviewDate": "January 16, 2020", "reviewText": "  Nice light awesome picture and oh so fast. Love it.", "is_Helpful": "One person found this helpful"}, {"reviewerName": "Lydia", "reviewerUrl": "https://www.amazon.com/gp/profile/amzn1.account.AF7YPLSZVLJK6OU43KEIL3FEY6HA/ref=cm_cr_arp_d_gw_btm?ie=UTF8", "rating": "5.0 out of 5 stars", "reviewTitle": "Great laptop 2 in 1", "reviewDate": "January 10, 2020", "reviewText": "  Light weight, touch screen, quick boot", "is_Helpful": ""}, {"reviewerName": "wanadoright", "reviewerUrl": "https://www.amazon.com/gp/profile/amzn1.account.AGEYPLNZTTAP5HJC55EPNRXQ6HJA/ref=cm_cr_arp_d_gw_btm?ie=UTF8", "rating": "5.0 out of 5 stars", "reviewTitle": "Very fast...", "reviewDate": "November 24, 2019", "reviewText": "\"  I have had the Laptop for 5 days now. 1T hard drive 16g ram. so far it has met all expectations AMD processor is outstanding. I bought this LP for travel. Battery seems strong. Im not to too keen on win 10 but seems to work well. this laptop seems to handle all updates so far with no issues. Time will tell....\"", "is_Helpful": "6 people found this helpful"}], "qAndA": [{"question": "can i connect active pen to this lp?", "answer": "Answer not available"}, {"question": "Can this computer also be charged through the usb c port?", "answer": "Answer not available"}, {"question": "Does it have backlit keyboard?", "answer": "Yes"}, {"question": "backlit keyboard?", "answer": "Answer not available"}, {"question": "Is this laptop wifi compatible with 802.11a/b/g/n?", "answer": "Answer not available"}, {"question": "Is this ram ddr3? it doesn't say in description", "answer": "Answer not available"}, {"question": "Does this come with dell pen support if yes then does this come with the pen itself?", "answer": "Answer not available"}], "time": ["09/04/2021 15:40:45"], "reviewsCountInfo": {"expRevCount": "8", "actRevCount": 8, "nonEnglishRevCount": 0}, "scrapperInfo": {"Version": "1.3.2", "Released Date": "08/04/2021"}, "productURL": "https://www.amazon.com/gp/product/B07YSV9R6M", "ASIN": "B07YSV9R6M", "title": "Dell Inspiron 7000 2-in-1 Laptop, 13.3\" FHD Touch Display, AMD Ryzen 5 2500U Upto 3.6GHz, 16GB RAM, 512GB SSD, Vega 8, HDMI, Micro DisplayPort, Card Reader, Wi-Fi, Bluetooth, Windows 10 Pro", "manufacturer": " Dell Store", "currentPrice": "", "rating": "4.4", "totalRatings": "17 "}