{"features": [], "reviewsAspects": ["battery life", "computer", "windows", "keyboard", "ram", "games", "hardware", "laptops", "applications", "online", "ryzen", "space", "ssd", "youtube", "decent", "feature", "inch", "install", "soon"], "productInformation": [{"\nASIN\n": "\nB07Y5PXRJC\n", "Customer Reviews": "\n\n\n\n\n\n\n4.4 out of 5 stars\n\n\n\n\n\n\n\n\n209 ratings\n\n\n\n\n\n\n4.4 out of 5 stars\n", "\nDate First Available\n": "\nSeptember 20, 2019\n"}], "productDescription": "Product description\n2020 ASUS VivoBook 15 15.6 Inch FHD 1080P Laptop (AMD Ryzen 3 3200U up to 3.5GHz, 8GB DDR4 RAM, 128GB SSD, AMD Radeon Vega 3, Backlit Keyboard, FP Reader, WiFi, Bluetooth, HDMI, Windows 10) (Grey)", "reviews": [{"reviewerName": "AustinSteve", "reviewerUrl": "https://www.amazon.com/gp/profile/amzn1.account.AGOCBGR7BJ6JYTUXFJVQTHBSBRNQ/ref=cm_cr_getr_d_gw_btm?ie=UTF8", "rating": "5.0 out of 5 stars", "reviewTitle": "Good Value", "reviewDate": "March 17, 2021", "reviewText": "  So far, the laptop has worked very well for me.  Boots up very fast. No bloatware was preinstalled.  Very thin and light.  A good value IMO", "is_Helpful": ""}, {"reviewerName": "Kevin Innamorato", "reviewerUrl": "https://www.amazon.com/gp/profile/amzn1.account.AGGYRQE5PPKFZJPJM5AXIRCGZ2FA/ref=cm_cr_getr_d_gw_btm?ie=UTF8", "rating": "5.0 out of 5 stars", "reviewTitle": "Awesome", "reviewDate": "March 17, 2021", "reviewText": "  I live the computer it just what I needed thank u", "is_Helpful": ""}, {"reviewerName": "Ivan Mereb Jr.", "reviewerUrl": "https://www.amazon.com/gp/profile/amzn1.account.AFDOY7GU3SWDSHTXDTXGNL5MFIMA/ref=cm_cr_getr_d_gw_btm?ie=UTF8", "rating": "5.0 out of 5 stars", "reviewTitle": "Great Product !", "reviewDate": "February 2, 2021", "reviewText": "\"  order the Asus Vivo Book and Im very happy with the product\"", "is_Helpful": ""}, {"reviewerName": "Kristine A Wagner", "reviewerUrl": "https://www.amazon.com/gp/profile/amzn1.account.AEZV2OLZNDWC3SELQS2GK3B5SA4A/ref=cm_cr_getr_d_gw_btm?ie=UTF8", "rating": "2.0 out of 5 stars", "reviewTitle": "Great computer but lousy camera", "reviewDate": "January 22, 2021", "reviewText": "  Sorry to say I returned this laptop. The camera quality was pretty bad. Doing distant learning I needed a good camera. Loved the keyboard!!!!", "is_Helpful": ""}, {"reviewerName": "Michael J. Donnelly", "reviewerUrl": "https://www.amazon.com/gp/profile/amzn1.account.AFNQCBUNAE3PIHV4QDDAV5AVZZRA/ref=cm_cr_getr_d_gw_btm?ie=UTF8", "rating": "5.0 out of 5 stars", "reviewTitle": "An excellent laptop!", "reviewDate": "January 22, 2021", "reviewText": "\"  Quite possibly the best, most efficient, most reliable laptop I have ever purchased.  Cant find anything to complain about.  Buy one!\"", "is_Helpful": ""}, {"reviewerName": "Debbie Pantaleo", "reviewerUrl": "https://www.amazon.com/gp/profile/amzn1.account.AERWEHXZBOSLIJNZY5CV27KAJSWA/ref=cm_cr_getr_d_gw_btm?ie=UTF8", "rating": "5.0 out of 5 stars", "reviewTitle": "It very sleek", "reviewDate": "December 29, 2020", "reviewText": "  I like & use it daily.", "is_Helpful": ""}, {"reviewerName": "Robert Petty", "reviewerUrl": "https://www.amazon.com/gp/profile/amzn1.account.AGEZ6MKZRXHRGQC3PEE5CMRAM2OQ/ref=cm_cr_getr_d_gw_btm?ie=UTF8", "rating": "1.0 out of 5 stars", "reviewTitle": "It freezes", "reviewDate": "December 29, 2020", "reviewText": "  The computer froze on me twice in a month. I returned it to Amazon. They  wanted me to send it in to have it fixed. Would not tell me why it was freezing. I do not recommend this laptop!", "is_Helpful": ""}, {"reviewerName": "Texas50BMG", "reviewerUrl": "https://www.amazon.com/gp/profile/amzn1.account.AH6WUT3EP3NEYOLU3Q6BJ7Z5CGZA/ref=cm_cr_getr_d_gw_btm?ie=UTF8", "rating": "4.0 out of 5 stars", "reviewTitle": "Daily use since the day I got it \"saddled up\" with our provider.", "reviewDate": "December 6, 2020", "reviewText": "  Too soon to rate fairly but, if it is a good as my last laptop (also an Asus)  I will be a happy camper.  If it is not as good, I will be back on here and trash it!", "is_Helpful": ""}, {"reviewerName": "Heather Jenkins", "reviewerUrl": "https://www.amazon.com/gp/profile/amzn1.account.AEII32NBJ2IDN5VD5U4ABKDGAOKQ/ref=cm_cr_getr_d_gw_btm?ie=UTF8", "rating": "5.0 out of 5 stars", "reviewTitle": "Works to good", "reviewDate": "November 15, 2020", "reviewText": "  Wife never gets off of it battery must be dope", "is_Helpful": ""}, {"reviewerName": "Amazon Customer", "reviewerUrl": "https://www.amazon.com/gp/profile/amzn1.account.AF7ZKN2GAMW6HEZ2Z5UP4N6HXXHA/ref=cm_cr_getr_d_gw_btm?ie=UTF8", "rating": "5.0 out of 5 stars", "reviewTitle": "Great computer!", "reviewDate": "October 30, 2020", "reviewText": "  Exactly as described, fast computer, great size, and fast shipping!", "is_Helpful": ""}, {"reviewerName": "Suany Lanza", "reviewerUrl": "https://www.amazon.com/gp/profile/amzn1.account.AEI463KDJLBMVJYWBNFVR5PEUJYA/ref=cm_cr_getr_d_gw_btm?ie=UTF8", "rating": "5.0 out of 5 stars", "reviewTitle": "Perfect for tech savvy people", "reviewDate": "October 13, 2020", "reviewText": "\"  The main reason why I bought this computer is because I use it to develop programs on several IDEs and also it works for web development.\", \"Its super fast and it doesnt get stuck easily.\", It came with Windows S version but I took it off in 5 minutes.", "is_Helpful": ""}, {"reviewerName": "Evan Jacques", "reviewerUrl": "https://www.amazon.com/gp/profile/amzn1.account.AEUOASVPWP663WX7L4UR5WPDKLGA/ref=cm_cr_getr_d_gw_btm?ie=UTF8", "rating": "4.0 out of 5 stars", "reviewTitle": "Greatl little laptop", "reviewDate": "September 6, 2020", "reviewText": "\"  This will certainly fill the needs of a student who has found themselves doing online classes. Nice clear mic and camera, with a 6+ hours battery life. Only real demerits are: the hardware is mobile optimized and not nearly as powerful as youd think, matches the old 2012 macbook pro it replaced. Also, its heavier than youd think too, its dense. Otherwise great!\"", "is_Helpful": ""}, {"reviewerName": "Amazon Customer", "reviewerUrl": "https://www.amazon.com/gp/profile/amzn1.account.AE7OUM4HOQOJUQWJIZTNGKIBXLPQ/ref=cm_cr_getr_d_gw_btm?ie=UTF8", "rating": "4.0 out of 5 stars", "reviewTitle": "Very Lightweight", "reviewDate": "August 29, 2020", "reviewText": "  Great entry level laptop with features such as hdmi ports, backlit keyboard, micro sd slot and more. You wont be disappointed.", "is_Helpful": ""}, {"reviewerName": "charles d barker jr", "reviewerUrl": "https://www.amazon.com/gp/profile/amzn1.account.AGG6HVKNQIDAP5M23QUYL6SYKXKQ/ref=cm_cr_getr_d_gw_btm?ie=UTF8", "rating": "1.0 out of 5 stars", "reviewTitle": "DOA", "reviewDate": "August 25, 2020", "reviewText": "  What I disliked was it did not come with a working HD", "is_Helpful": ""}, {"reviewerName": "Vanue B Lacour Jr", "reviewerUrl": "https://www.amazon.com/gp/profile/amzn1.account.AHCI3CVVH3CJFJAD3PFCTJUAKFMQ/ref=cm_cr_getr_d_gw_btm?ie=UTF8", "rating": "5.0 out of 5 stars", "reviewTitle": "what I expected", "reviewDate": "August 23, 2020", "reviewText": "  Got what I was looking for.", "is_Helpful": ""}, {"reviewerName": "Ian Paul Molina", "reviewerUrl": "https://www.amazon.com/gp/profile/amzn1.account.AFGC4I3M47CTKB6NUJ434AI7Y7EA/ref=cm_cr_getr_d_gw_btm?ie=UTF8", "rating": "4.0 out of 5 stars", "reviewTitle": "Bang for the buck laptop.", "reviewDate": "August 12, 2020", "reviewText": "\"  Its good value for money. The Ryzen3 is good enough for the purpose of this laptop which is for online schooling. Noticed that YouTube videos turn green when paused. Its fixable by turning off a video playback feature, though.\"", "is_Helpful": "One person found this helpful"}, {"reviewerName": "Maggie Miller", "reviewerUrl": "https://www.amazon.com/gp/profile/amzn1.account.AHC3N7EMO6UJHSI2LEKMGNYZNXPA/ref=cm_cr_getr_d_gw_btm?ie=UTF8", "rating": "5.0 out of 5 stars", "reviewTitle": "Great Value", "reviewDate": "August 10, 2020", "reviewText": "  This is a great PC for a great value. The customer service from the seller is great as well.", "is_Helpful": ""}, {"reviewerName": "Amazon Customer", "reviewerUrl": "https://www.amazon.com/gp/profile/amzn1.account.AFFE2RICF6Q5TYNM5QF3JFKL3FXQ/ref=cm_cr_getr_d_gw_btm?ie=UTF8", "rating": "3.0 out of 5 stars", "reviewTitle": "\"Its OKAY not a great laptop\"", "reviewDate": "July 28, 2020", "reviewText": "  I suggest spending more money to get a better laptop, the HD display is dark and dim and not worth it.  Spend an extra $200 and be happy with the laptop.", "is_Helpful": ""}, {"reviewerName": "Suzanne Heller", "reviewerUrl": "https://www.amazon.com/gp/profile/amzn1.account.AFU6BBV334MMNWE7B2LYDOS2TLPQ/ref=cm_cr_getr_d_gw_btm?ie=UTF8", "rating": "2.0 out of 5 stars", "reviewTitle": "Product does not contain advertised CPU and GPU", "reviewDate": "July 27, 2020", "reviewText": "  Ignoring the title, the laptop itself appears to be fine. However, I cannot recommend this product. Both the CPU and GPU actually included in the laptop are inferior to those advertised., Below is a comparison of the devices present in the laptop shipped to me vs. those advertised., - Intel Core i3 1005G1 @ 1.2GHz vs. AMD Ryzen 3 3200U @ 2.6GHz base frequency, \"-Intel UHD Graphics (device manager couldnt tell me the version, but it appears to be UHD Graphics G1) vs. AMD Radeon Vega 3\", All other advertised hardware appears to be correct. The SSD is 128 GB (though only 2/3 of this space is available because of the Windows installation), and it includes 8 GB of RAM. These items also are running at advertised speeds.", "is_Helpful": ""}, {"reviewerName": "Goodwynn", "reviewerUrl": "https://www.amazon.com/gp/profile/amzn1.account.AFZBCQ72HAFLWOY3WK6ERBNHNGOA/ref=cm_cr_getr_d_gw_btm?ie=UTF8", "rating": "5.0 out of 5 stars", "reviewTitle": "Great laptop", "reviewDate": "July 25, 2020", "reviewText": "  Bought this to do EMT school, has been a great laptop for school and actually plays a few games quite well. the 128gb drive was a little small for my liking, but it was easily and affordably upgraded to 512gb (i think like $60, and about 5 mins to install). Great value for the money.", "is_Helpful": ""}, {"reviewerName": "leftarmspinner", "reviewerUrl": "https://www.amazon.com/gp/profile/amzn1.account.AGLLAEJIKYBCLSQVGVU63LSV5TWQ/ref=cm_cr_arp_d_gw_btm?ie=UTF8", "rating": "1.0 out of 5 stars", "reviewTitle": "Do NOT buy this Laptop.", "reviewDate": "July 23, 2020", "reviewText": "\"  Horunus battery life. The screen and colors are awful too.  in 2020 if the laptop runs like 2-3 hrs on full battery its a crime. I dont even know why ASUS put this out with such a low life battery. We can all get adjusted screen but, every few hours u need to run for the charger.\"", "is_Helpful": "One person found this helpful"}, {"reviewerName": "Green Sangha", "reviewerUrl": "https://www.amazon.com/gp/profile/amzn1.account.AEDZQU3WWELMWS3CRUKPVUUAHJBA/ref=cm_cr_getr_d_gw_btm?ie=UTF8", "rating": "4.0 out of 5 stars", "reviewTitle": "Good buy with one caveat", "reviewDate": "June 27, 2020", "reviewText": "\"  First, to be transparent, I got the 14-inch version of this ASUS laptop with 8 GB RAM and 256 GB SSD - comparable to the unit I am reviewing here.  Ill start with the good.  This laptop is plenty fast for office applications as well as online browsing, as a quad-core with Ryzen 3.  Unless you are a serious gamer or handle large spreadsheets or databases, there is no reason you would need a more powerful processor.  The screen is good - finally - but I will get to that later.  The speakers are clear and powerful enough for a laptop, better than what I was used to (they are located underneath on both sides).  The backlit keyboard is nice, though not essential.  This is perfect for my uses and I got it for a great price from another vendor.  A minor annoyance is that the power cord is not ask thick as it should be and doesnt seem Saturday, and it is silly to skimp on something small when selling a mid-entry laptop.  The touchpad is highly sensitive as well, but Ive gotten used to it.\", \"Now, for the problem I encountered.  I was perfectly happy with this unit until after charging the battery, I went to unplug and work from the battery.  Immediately, the screen dimmed SIGNIFICANTLY, so much so as to make it pretty unusable.  I called ASUS technical support and after going through some steps for 25 minutes or so - unstalling adaptors and going into the bios - the problem was fixed.  As soon as I got off the phone I realized that the battery icon on the task bar was gone and there was no way to check how much battery I had left.  So, I called ASUS again. This time they had me restore to an earlier set point (Id only had the laptop for one day) and then the original problem with screen dimming was back and I had decided to return the laptop.  I decided to give ASUS one last chance and called for a third time.  This time in three easy keystrokes including turning up the brightness of the screen, the problem was fixed and the battery icon was back.  Normally, this much hassle would be a dealbreaker for me, but now I feel so emotionally invested after spending so much time fixing this problem that I am going to use it for a week and if there are no further problems I am going to keep it.  The price was right, it is fast, and now the screen is bright and text is nice and crisp.  It is worth having, but please beware and if you have a screen issue, call ASUS.  If I hadnt had this problem I would give it five stars (and ASUS shouldnt be selling units with this kind of problem).  Im happy with it for now, but what an ordeal.\"", "is_Helpful": "One person found this helpful"}, {"reviewerName": "Gail", "reviewerUrl": "https://www.amazon.com/gp/profile/amzn1.account.AFF7XVDNE6EG6VK5KMHMNHFK7DVA/ref=cm_cr_arp_d_gw_btm?ie=UTF8", "rating": "3.0 out of 5 stars", "reviewTitle": "Worth as a back.", "reviewDate": "June 25, 2020", "reviewText": "  The computer performs just fine., The only thing I must confess Has me very much disappointed is the WIFI reception, I am constantly  having to disconnect and connect again from whatever WIFI network I am connected to., As the computer will randomly start buffering until I do so.", "is_Helpful": "7 people found this helpful"}, {"reviewerName": "KenE", "reviewerUrl": "https://www.amazon.com/gp/profile/amzn1.account.AGSBGVATVSZQDI3OK26FI5UABLRA/ref=cm_cr_getr_d_gw_btm?ie=UTF8", "rating": "5.0 out of 5 stars", "reviewTitle": "Good laptop", "reviewDate": "June 22, 2020", "reviewText": "  Very happy with this laptop. It is fast & does not come loaded with a bunch of \"Bloatware\"", "is_Helpful": "One person found this helpful"}, {"reviewerName": "ROBERT T. WEIS", "reviewerUrl": "https://www.amazon.com/gp/profile/amzn1.account.AGFR753WO7F62JFMQDO76XJFA7PA/ref=cm_cr_getr_d_gw_btm?ie=UTF8", "rating": "5.0 out of 5 stars", "reviewTitle": "WARRANTY QUESTION", "reviewDate": "June 21, 2020", "reviewText": "  WHAT WARRANTY IS INCLUDED. THE ASUS WARRANTY US VOID DUE TO UPGRADES INSTALLED. PLEAS SEND COPY OF WARRANTY.", "is_Helpful": "One person found this helpful"}, {"reviewerName": "Christopher Fleming", "reviewerUrl": "https://www.amazon.com/gp/profile/amzn1.account.AFXP2SQ74DYIHYST6WUDILYPLFFA/ref=cm_cr_arp_d_gw_btm?ie=UTF8", "rating": "1.0 out of 5 stars", "reviewTitle": "Worst Laptop Ever DONT BUY", "reviewDate": "June 13, 2020", "reviewText": "\"  I was expecting a decent and fast laptop for 500$ BUT INSTEAD I GOT A OVER PRICED PIECE OF CRAP. For starters this laptop can be bought from Walmart for 300$ RN. Second there is so much bloatware on this computer that you cant even watch YouTube without it freezing. Dont expect to do anything else on this laptop. I REPEAT DO NOT BUY THIS GARBAGE LAPTOP!!!!!!!!!!\"", "is_Helpful": "2 people found this helpful"}, {"reviewerName": "Jose marcano", "reviewerUrl": "https://www.amazon.com/gp/profile/amzn1.account.AERCIVBVXZTMUI2KNQLAMBEC7ONQ/ref=cm_cr_getr_d_gw_btm?ie=UTF8", "rating": "5.0 out of 5 stars", "reviewTitle": "Asus", "reviewDate": "June 12, 2020", "reviewText": "  Love the laptop.  Excellent for its price", "is_Helpful": "One person found this helpful"}, {"reviewerName": "Jordan Cooper", "reviewerUrl": "https://www.amazon.com/gp/profile/amzn1.account.AHZAWBCNKLZKQ6FZAEKRMSQ34H4Q/ref=cm_cr_arp_d_gw_btm?ie=UTF8", "rating": "1.0 out of 5 stars", "reviewTitle": "Unusable for scopists. Fn key lock is a disaster.", "reviewDate": "June 5, 2020", "reviewText": "  I am writing this review as a warning for those in my profession. I am a scopist, which means I edit court report documents. I ordered this laptop to do that job. This job is absolutely impossible to do on this laptop due to a built in and unchangeable function of the fn key. You have to \"lock\" and \"unlock\" the fn key (which has a picture of a padlock on it) in order to use the F1-F12. But once you lock the fn to use those, then the fn key is not operative., So to make this easy to understand: it is impossible to use the fn key and also the F1-F12 keys at the same time. It is only one or the other. This makes scoping impossible because every few seconds in scoping you need to use both those sets of keys all the time. The analogy I can think of is like trying to run a marathon and constantly stopping to tie your shoes., I e-mailed the company trying to see if this was changeable and I got utter cluelessness on the part of whoever was replying to me. I tried explaining the problem to them four times and they never seemed to understand and only think this feature is some sort of wonderful new function., I had to return this computer.", "is_Helpful": "8 people found this helpful"}, {"reviewerName": "Samantha R.", "reviewerUrl": "https://www.amazon.com/gp/profile/amzn1.account.AHF227AHOICF3T7DAQYCS3L6KLHQ/ref=cm_cr_getr_d_gw_btm?ie=UTF8", "rating": "3.0 out of 5 stars", "reviewTitle": "Great for Photoshop, but freezes watching YouTube?", "reviewDate": "May 26, 2020", "reviewText": "  This laptop is a little misleading. It\u2019s only good for games like LoL and anything above League will most likely lag tremendously. After two weeks of use with just downloading adobe products it\u2019s already starting to freeze just by watching YouTube videos on chrome. I have no idea why, because I don\u2019t have much applications, and I deleted most of my games to lessen the space taken. This laptop should not be labeled as a gaming laptop. It\u2019s great for basic tasks or at most, a computer good for photoshop or other adobe illustrator. Other than that, most games lag, and the laptop is super slow with rarely anything done in the background. Might be the lack of memory.", "is_Helpful": ""}, {"reviewerName": "Honest Review", "reviewerUrl": "https://www.amazon.com/gp/profile/amzn1.account.AFZ6RSBWM2WBI2LEGBKTSBFQF4FQ/ref=cm_cr_arp_d_gw_btm?ie=UTF8", "rating": "5.0 out of 5 stars", "reviewTitle": "I rarely write reviews, but NEXiPC deserves the time for a positive review!", "reviewDate": "April 30, 2020", "reviewText": "  2020 ASUS VivoBook 15 15.6 Inch FHD 1080P Laptop (AMD Ryzen 3 3200U up to 3.5GHz, Great experience ordering this item from NEXiPC through Amazon. I am extremely satisfied and hopefully will be able to order additional machines from them in the future. The item arrived fast and packed securely., I turned my machine into a dual boot laptop that runs either Linux Mint 19.3 or Windows 10, both systems work well, and the Linux distribution is super fast and responsive on this machine. Windows 10 brings it inherent system related slowness and headaches, for that reason alone it is helpful that this enhanced ASUS laptop was upgraded to offer plenty of RAM and ROM to allow for fast and flexible dual boot., The adjustable keyboard illumination is super helpful. Keyboard itself is responsive and quite. Overall I am super happy with NEXiPC and I continue to be happy with ASUS laptops which I have used for several years now.", "is_Helpful": "9 people found this helpful"}, {"reviewerName": "P. JENKINS", "reviewerUrl": "https://www.amazon.com/gp/profile/amzn1.account.AEBCBLQLETHFUFCVYJEKAVY4KUAA/ref=cm_cr_arp_d_gw_btm?ie=UTF8", "rating": "2.0 out of 5 stars", "reviewTitle": "You get what you pay for", "reviewDate": "April 14, 2020", "reviewText": "  Screen color quality is just ok, pretty dull. The main problem is the SOUND.  I tried to watch a yoga video sound was all the way up and I still couldn\u2019t hear it if I was more than 4 ft away. Tried to call ASUS customer support....wait times are longer and then they just hung up. Their online support is a joke.  The instructions they give are not for  my computer so it doesn\u2019t apply. SO FRUSTRATED RIGHT NOW....it\u2019s inexpensive but not worth the crappy quality.", "is_Helpful": "3 people found this helpful"}, {"reviewerName": "geri holderman", "reviewerUrl": "https://www.amazon.com/gp/profile/amzn1.account.AHL52DCJL3MKSGRNEMPHDUWEXTOQ/ref=cm_cr_arp_d_gw_btm?ie=UTF8", "rating": "5.0 out of 5 stars", "reviewTitle": "Nice laptop", "reviewDate": "March 10, 2020", "reviewText": "  I like it just not like my old laptop  am learning", "is_Helpful": "4 people found this helpful"}, {"reviewerName": "Zachary", "reviewerUrl": "https://www.amazon.com/gp/profile/amzn1.account.AFSM4XP4F4D7MSQV72IPVHNY2HXQ/ref=cm_cr_getr_d_gw_btm?ie=UTF8", "rating": "5.0 out of 5 stars", "reviewTitle": "For the money WOW!", "reviewDate": "February 14, 2020", "reviewText": "\"  IF you are looking for a nice laptop for work or school this thing is amazing. Handles multiple applications and web tabs with ease no lag when switching. Doesnt have a dedicated GPU but can run emulators fine and some older 2009 games on low. Favorite part is the back lit keyboard.\"", "is_Helpful": "2 people found this helpful"}, {"reviewerName": "Steve Yorgason", "reviewerUrl": "https://www.amazon.com/gp/profile/amzn1.account.AHCMSF33ETDDTLELDMWFKDHEYDGA/ref=cm_cr_arp_d_gw_btm?ie=UTF8", "rating": "3.0 out of 5 stars", "reviewTitle": "ASUS has been high quality, but this vendor is trying to lie too much.", "reviewDate": "February 2, 2020", "reviewText": "  First off the laptop itself is wonderful. I have slowly transitions my personal laptop and the hardware in my desktop to ASUS over the last few years. but this is not sold through ASUS directly. I knew that going in and you should be aware of it too. The RAM and Hard Drive are replaceable, but Apricot Power PC. has left out essential hardware for it., The pros and cons of going with this re-seller:, Pros) They have put 4 GB of ram into the expansion slot so the system has 8 GB to work with. and they put in a SATA m.2 drive for fast windows boot times. the 4 GB that ASUS soldered into the computer is bare bones and i was going to upgrade to 8 or 12 GB anyways. so this saved me time and about $50 by going with this package., Cons) that SSD is only 128 GB, and while the title says \"massive storage space for huge files\" that statement just not true. Windows 10 itself uses about 40 GB, so there goes one third of your total storage space. Thankfully ASUS thought ahead, inside the case is room for a 2.5\" hard drive or SSD. and the SATA m.2 drive is easily accessible when you take the back cover off. but unfortunately they have failed to include the cable for plugging in a second drive, nor the rubber mounting hardware to keep it isolated from bumps and shocks. If you buy from ASUS themselves you lose the 4GB extra of ram, but you get the hard drive cable and holder. if you are happy with only 80 GB of storage, which most casual computer users should be, then that is a non-issue. but if you plan on putting in a second hard drive later (such as a 1TB drive that only costs $45) then you might be better off going with buying from ASUS themselves., I bought this for my father who is not a heavy computer user, so it works perfectly for him. It out performs any computer he has owned in the past, but it did take some upgrading to bring the storage up to something resembling decent capacity., My credentials: I have a degree in software engineering and work as a developer who has been building my own desktops and modifying laptops for over 10 years., Edit: After more use, found out this is Windows 10 S Mode. If you want to install anything that is not in the Microsoft store you will need to disable S Mode, which I did as soon as i found out it was on. worked fine After, but the seller needs to properly mark as such.", "is_Helpful": "64 people found this helpful"}, {"reviewerName": "K", "reviewerUrl": "N/A", "rating": "2.0 out of 5 stars", "reviewTitle": "        , \"Doesnt come with Windows 10\",", "reviewDate": "January 30, 2020", "reviewText": "  The laptop arrived fine, but no Windows 10 installed. Have to convert yourself. This was the second time I had to order, first time the laptop was stuck in BIOS, so useless, and Amazon took over a month to refund. Will go to a store next time.", "is_Helpful": ""}, {"reviewerName": "Amazon Customer", "reviewerUrl": "https://www.amazon.com/gp/profile/amzn1.account.AG7N2W52GV22LMT3JQ2VXJJ2YWWA/ref=cm_cr_arp_d_gw_btm?ie=UTF8", "rating": "5.0 out of 5 stars", "reviewTitle": "Very Sturdy and Looks Good", "reviewDate": "January 29, 2020", "reviewText": "  The slim line is a great feature. Battery life and screen resolutions is great. Used it for job applications and class assignments.", "is_Helpful": "3 people found this helpful"}, {"reviewerName": "Kevin Duncan II", "reviewerUrl": "https://www.amazon.com/gp/profile/amzn1.account.AGSCSVWYADJGTWYMWMVOTP3IMKUQ/ref=cm_cr_getr_d_gw_btm?ie=UTF8", "rating": "5.0 out of 5 stars", "reviewTitle": "Great", "reviewDate": "January 21, 2020", "reviewText": "  It doesn\u2019t have the best screen viewing angles but it\u2019s very snappy and could get the job Done for all of your multitasking needs", "is_Helpful": "2 people found this helpful"}, {"reviewerName": "Jesse", "reviewerUrl": "https://www.amazon.com/gp/profile/amzn1.account.AFDPVY64WB3O7QG2GD37TTJVUTTQ/ref=cm_cr_getr_d_gw_btm?ie=UTF8", "rating": "2.0 out of 5 stars", "reviewTitle": "Poor visual quality", "reviewDate": "January 10, 2020", "reviewText": "\"  The laptops screen looks to be a TN display, the colors and display are kinda bad. Dont make the same mistake I did.\"", "is_Helpful": "3 people found this helpful"}, {"reviewerName": "John H Terpstra", "reviewerUrl": "https://www.amazon.com/gp/profile/amzn1.account.AE5N3EVPUKSCORZ76L3Q6OARJARQ/ref=cm_cr_arp_d_gw_btm?ie=UTF8", "rating": "5.0 out of 5 stars", "reviewTitle": "Great Linux VivoBook 15 Laptops", "reviewDate": "January 7, 2020", "reviewText": "\"  Purchased three (3) 2019 ASUS VivoBook 15 15.6  Inch laptops for my grandkids (8, 9, 11 years old).  They asked for ChromeBooks, but considering price, functionality, and performance, I decided to purchase these devices. They arrived on time and in  perfect condition.  I installed Fedora 31 x86_64 OS on them, and locked the laptops down to deliver a more-or-less ChromeBook set of features.  Grandkids LOVE them! They work really well. Its amazing what they are learning.  Thank you ASUS!  Everything works without any additiona drivers and with no messing around.  Fedora 31 was just a matter of install and use!\"", "is_Helpful": "12 people found this helpful"}, {"reviewerName": "Kemanorel", "reviewerUrl": "https://www.amazon.com/gp/profile/amzn1.account.AEUT7GZEOFVMQHULBWJJD2XBC5KQ/ref=cm_cr_getr_d_gw_btm?ie=UTF8", "rating": "1.0 out of 5 stars", "reviewTitle": "Watch the shipping!", "reviewDate": "November 25, 2019", "reviewText": "  I was about to purchase, but then saw the shipping DOUBLED THE PRICE!, Product might be decent looking at the specs, but never trust anything trying to catch you on hidden shipping costs.", "is_Helpful": "4 people found this helpful"}], "qAndA": [{"question": "does this support dual channel memory", "answer": "Yes, it also supports flex memory meaning you can stick 1x8gb and 1x4gb and it will run 8gb of it as dual channel while having single channel 4 ram to spare, although this pc supports only up to 12 gigs of ram and it has a soldered in 4gb ram so you can only switch the included 4gb for a 8gb stick"}, {"question": "Hola es dual o quad core?", "answer": "Answer not available"}, {"question": "how many ram slot ? Can i upgrade ram and ssd in this laptop in the future?", "answer": "1 slot, in use with 4GB. Yes upgradable, but will need 8GB SODIMM and will need 2.5\" holder and cable"}, {"question": "Does this have a microphone", "answer": "Answer not available"}, {"question": "Can you watch dvds?", "answer": "The ASUS Vivobook 15 does NOT have a DVD drive.. This means you can't play DVDs using the laptop alone. With an external DVD player connected via a USB port you can watch DVDs using this laptop."}, {"question": "does it include an SSD mounting bracket so as to upgrade storage via 2.5 sata ssd?", "answer": "No, very disappointing. Have to buy that and cable separately"}, {"question": "does this have an ethernet port?", "answer": "No."}, {"question": "The product description says the processor is \"amd ryzen 3 3200u processor\" but the technical description says \"2.6 ghz amd a series\" which one is it?", "answer": "I'm not a computer person by any means but I recently purchased the computer. When I open the device specifications it says the processor is \"AMD Ryzen 3 3200U with Radeon Vega Mobile Gfx 2.60 GHz\" hope this helps!"}, {"question": "does it have an SD card reader?", "answer": "It is a microSD reader, but not the bigger one."}, {"question": "what is this item model? can i upgrade ram and ssd in the future?", "answer": "Yes, but mounting hardware for 2.5\" drive is missing"}, {"question": "Is this laptop touchscreen?", "answer": "No it is not touchscreen"}, {"question": "Can i hook up a xp-pen pro -e, digital drawing monitor to this for digital art??", "answer": "Answer not available"}, {"question": "i have a question, i have an nvme ssd lying around. if the ssd in the laptop is in fact m.2, can i switch it with an nvme m.2 drive?", "answer": "Answer not available"}, {"question": "is this Windows 10 S ?", "answer": "Yes but you can switch out of S mode with a few simple steps"}, {"question": "Do you have space for an extra ssd? or space for a hard drive? and how much is the maximum ram that can be installed and in how many slots", "answer": "You can only add 1x 8gb ram to replace the existing 4gb stick as the board has a soldered in 4gb ram.\n\nthis does have an extra space for a 2'5\" sata drive but you need a specific cable to connect it which you would have to buy seperately"}, {"question": "Is this laptop available in other colors?", "answer": "Fo not know"}, {"question": "Is the body material plastic or metal?", "answer": "Answer not available"}, {"question": "Any international warranty for this laptop?", "answer": "Answer not available"}, {"question": "Is there a extta 2.5 slot or is the base connection already using the sata interface?", "answer": "Yes. but they have failed to include ANY of the mounting hardware. you will need to buy the ribbon cable yourself and the rubber drive holder. the Drive holder is very simple and can be replaced with some cut padding at home."}, {"question": "Do it have fingerprint reader", "answer": "I believe your question is does it have fingerprint ID and yes it does, however, I have had difficulty in setting it up. I am using an ID code to access. I do like the laptop"}, {"question": "AWhat is the model# of this laptop.", "answer": "It is a notebook and not dure"}, {"question": "does this come with a charger/ cord?", "answer": "Yes, it comes with the charger."}, {"question": "does this come with the connector and other parts if wanted to install a internal HDD?", "answer": "No, not at all."}, {"question": "Does it include the power cord?", "answer": "duh"}, {"question": "Can i play league of leagends ?", "answer": "Answer not available"}, {"question": "Does this play madden pc version?", "answer": "Answer not available"}, {"question": "Is this touchscreen?", "answer": "Answer not available"}, {"question": "is there actually space for a 2.5 sata drive/expandable storage? if so, do you include a sata cable. and is a power cable needed?", "answer": "Answer not available"}, {"question": "Does this work with a docking station, if so which one?", "answer": "Answer not available"}, {"question": "does this have a cd drive installed ?", "answer": "I gave it to my father but I am fairly certain it does not"}, {"question": "Es de 1 tb?", "answer": "Est\u00e1 notebook trae un disco duro ssd de 128 gigas"}, {"question": "What\u2019s the model number", "answer": "F512da I think"}, {"question": "Does this have a camera?", "answer": "Yes, but I disabled it during set up so I have never used it and cannot speak to the the performance of it."}, {"question": "Is it metal body?", "answer": "Answer not available"}, {"question": "Add storage", "answer": "Answer not available"}, {"question": "does anyone know if this will play beach body chromecast etc?", "answer": "Answer not available"}, {"question": "does it use an nvme or 2.5\" ssd?", "answer": "Answer not available"}, {"question": "Is the 8gb ram soldered?", "answer": "4 is, the other 4 are in a SO-DIMM you can replace with an 8 bringing the total to 12GB"}, {"question": "Does this have a microphone for zoom meetings?", "answer": "Answer not available"}, {"question": "Can I use this with Cricut program?", "answer": "Answer not available"}], "time": ["09/04/2021 16:54:13"], "reviewsCountInfo": {"expRevCount": 40, "actRevCount": 40, "nonEnglishRevCount": 3}, "scrapperInfo": {"Version": "1.3.2", "Released Date": "08/04/2021"}, "productURL": "https://www.amazon.com/gp/product/B07Y5PXRJC", "ASIN": "B07Y5PXRJC", "title": "2020 ASUS VivoBook 15 15.6 Inch FHD 1080P Laptop (AMD Ryzen 3 3200U up to 3.5GHz, 8GB DDR4 RAM, 128GB SSD, AMD Radeon Vega 3, Backlit Keyboard, FP Reader, WiFi, Bluetooth, HDMI, Windows 10) (Grey)", "manufacturer": " ASUS Store", "currentPrice": "$523.00", "rating": "4.4", "totalRatings": "209 "}