{"features": ["14 inch HD Anti-Glare NanoEdge (Non-TouchScreen) display featuring an ultra-narrow bezel with anti-glare coating to reduce reflections", "Memory: 4GB LPDDR4 RAM; Storage: 64GB eMMC SSD (Everything is Original)", "Powered by the Intel Dual-Core Celeron N3350 Processor 1.1GHz (2M Cache, turbo up to 2.4 GHz) for fast and snappy performance.", "Integrated HD Webcam, Intel HD Graphics 500 , 802.11 Dual Band Wireless-AC 2x2 WLAN + Bluetooth 4.0", "Chromebook runs on Chrome OS - an operating system by Google that is built for the way we live today. It comes with built-in virus protection, updates automatically*, boots up in seconds and continues to stay fast over time"], "reviewsAspects": ["chromebook", "laptop", "chromebook", "computer", "charging", "video", "refurbished", "seller", "stopped", "machine", "school", "value"], "productInformation": [{"\nASIN\n": "\nB07ZT682VS\n", "Customer Reviews": "\n\n\n\n\n\n\n4.1 out of 5 stars\n\n\n\n\n\n\n\n\n492 ratings\n\n\n\n\n\n\n4.1 out of 5 stars\n", "\nBest Sellers Rank\n": "\n\n#732 in Computers & Accessories (See Top 100 in Computers & Accessories)\n\n#74 in Traditional Laptop Computers\n\n\n", "\nDate First Available\n": "\nSeptember 17, 2019\n"}], "productDescription": "Product description\nDescription:\nThis Certified Refurbished product is tested and certified to look and work like new. The refurbishing process includes functionality testing, basic cleaning, inspection, and repackaging. The product ships with all relevant accessories, a minimum 90-day\nrepair service, and may arrive in a generic box. Only select sellers who maintain a high performance bar may offer Certified Refurbished products on Amazon.com\nAsus C423NA Chromebook\nAsus C423NA Chromebook runs on Chrome OS - an operating system by Google that is built for the way we live today. It comes with built-in virus protection, updates automatically, boots up in seconds and continues to stay fast over timeAll the Google apps\nyou know and love come standard on every Chromebook, which means you can edit, download, and convert Microsoft Office files in Google Docs, Sheets and Slides. With the Google Play Store, you can access a rich library of apps, games, music, movies,\nTV, books, magazines, and more, all from your Chromebook.\nMemory: 4GB LPDDR4 Memory\nHard Drive: 64 eMMC\nOperating System: Chrome OS\nDisplay: 14\" HD AntiGlare LED-backlit Display\nProcessor: Intel Dual-Core Celeron N3350 Processor\nOptical Drive: No\nPorts: 2 x USB 3.0 Type A, 2 x USB 3.1 Type C, 1 x Microphone/headphone Combination Jack\nVideo: Intel UHD Graphics 500\nWireless Connectivity: Intel 802.11b/g/n/ac (2x2), Bluetooth4.0\nBattery: 2-cell 38 Wh Lithium-ion\nColor: Silver\nDimensions(inches): 12.7\" x 9.0\" x 0.6\"\nWeight: 3.1Lbs", "reviews": [{"reviewerName": "Faustinus Akodire Ibebuike", "reviewerUrl": "https://www.amazon.com/gp/profile/amzn1.account.AFDYFCRWKSLIU3RNRKFBK7QXZFQQ/ref=cm_cr_getr_d_gw_btm?ie=UTF8", "rating": "5.0 out of 5 stars", "reviewTitle": "I am impressed.", "reviewDate": "April 4, 2021", "reviewText": "  I like the touch screen most.", "is_Helpful": ""}, {"reviewerName": "Hiram Gonzalez Jr", "reviewerUrl": "https://www.amazon.com/gp/profile/amzn1.account.AGEWI2AEZEKEVRYCEXS2UJ5QJTNA/ref=cm_cr_getr_d_gw_btm?ie=UTF8", "rating": "1.0 out of 5 stars", "reviewTitle": "Disappointed!", "reviewDate": "March 30, 2021", "reviewText": "  I charged the chrome book and connected it to my network and it move past this white screen, which I took a photo of.", "is_Helpful": ""}, {"reviewerName": "S. Aschoff", "reviewerUrl": "https://www.amazon.com/gp/profile/amzn1.account.AEH3QSGKYVIVQUSVNL62V6LCNPFA/ref=cm_cr_getr_d_gw_btm?ie=UTF8", "rating": "1.0 out of 5 stars", "reviewTitle": "Died after very little use - past warranty", "reviewDate": "March 28, 2021", "reviewText": "\"  Just using it one day - it was used lightly over the months that I have had it - and it just died in the middle of streaming something.  Wont turn on.  Wasnt overheating and had no other symptoms of imminent failure.  And it is all solid state so I am really wondering what could have just stopped working.  Very disappointed.\"", "is_Helpful": ""}, {"reviewerName": "michael s", "reviewerUrl": "https://www.amazon.com/gp/profile/amzn1.account.AFPTEJ4UBGXWMRBN5RCVGWLAD23A/ref=cm_cr_getr_d_gw_btm?ie=UTF8", "rating": "5.0 out of 5 stars", "reviewTitle": "looks new,", "reviewDate": "March 6, 2021", "reviewText": "  no complaints at all works fine, great seller!", "is_Helpful": ""}, {"reviewerName": "Kindle Customer", "reviewerUrl": "https://www.amazon.com/gp/profile/amzn1.account.AGF4VVMIIHDKE7JMC23U3PTWNQHQ/ref=cm_cr_getr_d_gw_btm?ie=UTF8", "rating": "1.0 out of 5 stars", "reviewTitle": "not usable", "reviewDate": "March 2, 2021", "reviewText": "  It was sent to me with a password that I cannot get into", "is_Helpful": ""}, {"reviewerName": "Robbie Brown", "reviewerUrl": "https://www.amazon.com/gp/profile/amzn1.account.AE2WRZBQDB4QVW7HRUDD7IHABQYA/ref=cm_cr_getr_d_gw_btm?ie=UTF8", "rating": "5.0 out of 5 stars", "reviewTitle": "awesome", "reviewDate": "February 5, 2021", "reviewText": "  Love it", "is_Helpful": ""}, {"reviewerName": "Michael Hynes", "reviewerUrl": "https://www.amazon.com/gp/profile/amzn1.account.AE3CDNLJHQZEQTVZFEEOVXVILL6A/ref=cm_cr_getr_d_gw_btm?ie=UTF8", "rating": "1.0 out of 5 stars", "reviewTitle": "Computer died literally two weeks after the 90 day coverage ran out.", "reviewDate": "December 13, 2020", "reviewText": "  I have normally had good luck with refurbished equipment from Amazon, but my luck has clearly run out.  Got this for my son to use as his school computer, barely made it to the second marking period.  I would definitely stay away from computers refurbished by Holiday Express.", "is_Helpful": ""}, {"reviewerName": "Lindsay", "reviewerUrl": "https://www.amazon.com/gp/profile/amzn1.account.AH4G27XJW6HS24UC42UNZ5UWFNLA/ref=cm_cr_getr_d_gw_btm?ie=UTF8", "rating": "5.0 out of 5 stars", "reviewTitle": "Great laptop for basic work", "reviewDate": "December 11, 2020", "reviewText": "  This is a perfect computer for basic work duties. Not too expensive and works really fast!", "is_Helpful": ""}, {"reviewerName": "Jesse Montanez", "reviewerUrl": "https://www.amazon.com/gp/profile/amzn1.account.AFTY6NQUD2ELDCOPOTBU523Z32EQ/ref=cm_cr_getr_d_gw_btm?ie=UTF8", "rating": "5.0 out of 5 stars", "reviewTitle": "its great", "reviewDate": "December 6, 2020", "reviewText": "  this laptop is amazing and super thin its great for its price", "is_Helpful": ""}, {"reviewerName": "Jose Marcos Ammirabile", "reviewerUrl": "https://www.amazon.com/gp/profile/amzn1.account.AEMNKEJFNM7LCK4FBG4AFUXRRZMA/ref=cm_cr_getr_d_gw_btm?ie=UTF8", "rating": "2.0 out of 5 stars", "reviewTitle": "Hard to turn on and no instructions", "reviewDate": "December 4, 2020", "reviewText": "  Unbelievable.....  I bought this laptop and came w/o any instructions. It was really hard to turn on... I had to use youtube and forums to find what to do and ir didnt work. Suddenly and after hours charging it came in....", "is_Helpful": ""}, {"reviewerName": "Blairk", "reviewerUrl": "https://www.amazon.com/gp/profile/amzn1.account.AFT6JBVV4AADXP6DI4YQJGXQK77Q/ref=cm_cr_getr_d_gw_btm?ie=UTF8", "rating": "2.0 out of 5 stars", "reviewTitle": "Lasted 7 months", "reviewDate": "November 20, 2020", "reviewText": "  This was a value purchase but the track pad stopped working within 7 days. We were able to fix it. In 7 months, same problem that was unfixable.", "is_Helpful": ""}, {"reviewerName": "Barbara Corrado", "reviewerUrl": "https://www.amazon.com/gp/profile/amzn1.account.AGTOJEYISB5X57H3A6C2JDVZSEAA/ref=cm_cr_getr_d_gw_btm?ie=UTF8", "rating": "5.0 out of 5 stars", "reviewTitle": "High quality", "reviewDate": "November 16, 2020", "reviewText": "  For my use it is great, email, online searches , purchases.", "is_Helpful": ""}, {"reviewerName": "Nicole ", "reviewerUrl": "https://www.amazon.com/gp/profile/amzn1.account.AHXXF6AVLEKRPUW5OBC57ZS5PDFQ/ref=cm_cr_getr_d_gw_btm?ie=UTF8", "rating": "1.0 out of 5 stars", "reviewTitle": "\"Its junk\"", "reviewDate": "November 12, 2020", "reviewText": "\"  Its hard to turn on. I cant turn it on this is crap I want my money back ASAP\"", "is_Helpful": ""}, {"reviewerName": "jorge martinez", "reviewerUrl": "https://www.amazon.com/gp/profile/amzn1.account.AH5XARDN53NX26VPN2VFTMBXIGFA/ref=cm_cr_getr_d_gw_btm?ie=UTF8", "rating": "1.0 out of 5 stars", "reviewTitle": "El production no finciona", "reviewDate": "November 2, 2020", "reviewText": "  \ud83d\udc4e", "is_Helpful": ""}, {"reviewerName": "Toshiyuki Sakazaki", "reviewerUrl": "https://www.amazon.com/gp/profile/amzn1.account.AFXGMMCEADX56MTAVSEHNJYQUBQQ/ref=cm_cr_getr_d_gw_btm?ie=UTF8", "rating": "4.0 out of 5 stars", "reviewTitle": "no instructio", "reviewDate": "October 21, 2020", "reviewText": "  Did not receive any document with the laptop., I beleive a user instruction will make easier to, initialize startup.", "is_Helpful": ""}, {"reviewerName": "KayBay", "reviewerUrl": "https://www.amazon.com/gp/profile/amzn1.account.AFM6UKRRKGXYI5XG3CA2IPSGH7YQ/ref=cm_cr_arp_d_gw_btm?ie=UTF8", "rating": "2.0 out of 5 stars", "reviewTitle": "Turned bad", "reviewDate": "October 20, 2020", "reviewText": "  It worked for a while really well but then stopped connecting to the WiFi and finally stopped charging. I bought many chargers any it just didn\u2019t charge", "is_Helpful": "One person found this helpful"}, {"reviewerName": "Diana ", "reviewerUrl": "https://www.amazon.com/gp/profile/amzn1.account.AFOT6KWCB5N6SI6RYVBP53HP3XRA/ref=cm_cr_getr_d_gw_btm?ie=UTF8", "rating": "5.0 out of 5 stars", "reviewTitle": "Good price", "reviewDate": "October 19, 2020", "reviewText": "  It was at a good price, works perfectly, and arrived on time and in great condition.", "is_Helpful": ""}, {"reviewerName": "jason lake", "reviewerUrl": "https://www.amazon.com/gp/profile/amzn1.account.AE5JOHP6QINXHCFG6MX5W6BCORPQ/ref=cm_cr_getr_d_gw_btm?ie=UTF8", "rating": "4.0 out of 5 stars", "reviewTitle": "Virtual school chromebook.", "reviewDate": "October 17, 2020", "reviewText": "  Did great job for virtual school work.", "is_Helpful": ""}, {"reviewerName": "Mike Gibs", "reviewerUrl": "https://www.amazon.com/gp/profile/amzn1.account.AGVK5AEP6YPW542WSZH6MGH7Q3BA/ref=cm_cr_getr_d_gw_btm?ie=UTF8", "rating": "2.0 out of 5 stars", "reviewTitle": "Speaker needs to be fixed", "reviewDate": "October 13, 2020", "reviewText": "  The speakers on it isn\u2019t really good. It makes a cracking noise when I turn it up and it isn\u2019t touchscreen", "is_Helpful": ""}, {"reviewerName": "Amazon Customer", "reviewerUrl": "https://www.amazon.com/gp/profile/amzn1.account.AFWXNET4B7ZLIYGQMCLGNERKJGPQ/ref=cm_cr_getr_d_gw_btm?ie=UTF8", "rating": "1.0 out of 5 stars", "reviewTitle": "DO NOT BUY!  Charging adapter and port are horrible.  Broke 2 in 6 months", "reviewDate": "September 22, 2020", "reviewText": "\"  DO NOT BUY!  Charging adapter and port are horrible.  Broke 2 in 6 months.  3rd new one doesnt work.\"", "is_Helpful": ""}, {"reviewerName": "SD", "reviewerUrl": "https://www.amazon.com/gp/profile/amzn1.account.AHMRNUPMHANGQEKDBBKLCFDZ5FBA/ref=cm_cr_getr_d_gw_btm?ie=UTF8", "rating": "4.0 out of 5 stars", "reviewTitle": "Affordable", "reviewDate": "September 8, 2020", "reviewText": "\"  Minor issues, but they were able to rectify issue in a timely manner.  Its looks new and the price is right.\"", "is_Helpful": ""}, {"reviewerName": "Amazon Customer", "reviewerUrl": "https://www.amazon.com/gp/profile/amzn1.account.AFDSFH46YHFIFQGBEOMQ2NQBXS3A/ref=cm_cr_getr_d_gw_btm?ie=UTF8", "rating": "5.0 out of 5 stars", "reviewTitle": "Good investment", "reviewDate": "August 31, 2020", "reviewText": "  Excellent for my son start online school", "is_Helpful": ""}, {"reviewerName": "Craig L. Dooge", "reviewerUrl": "https://www.amazon.com/gp/profile/amzn1.account.AGDENG7QS736MBI2BPMVBW6VR7IQ/ref=cm_cr_arp_d_gw_btm?ie=UTF8", "rating": "1.0 out of 5 stars", "reviewTitle": "No updates: not recommended", "reviewDate": "August 30, 2020", "reviewText": "  This is a \"renewed\" (read RECONDITIONED) model.  Chrome browser is too old to play Netflix or Amazon, as they no longer support it.  There is no sense getting a Chromebook that no longer updates, since that is the whole point of Chrome.  Evidently there is something called an AUE, or Auto Update Expiration of 6.5 years, beyond which Google no longer supports browser updates.  In spite of many calls, and extensive research, I can\\t find the AUE on my supposedly \"like new\" computer, but I suspect this is why I get \"browser out of date\" error message from Netflix and Amazon Prime VIdeo.  And yes, I tried manual update.", "is_Helpful": "8 people found this helpful"}, {"reviewerName": "Amber", "reviewerUrl": "https://www.amazon.com/gp/profile/amzn1.account.AFHNOZ53NWCQEAGGZW4MS5I7TTVQ/ref=cm_cr_getr_d_gw_btm?ie=UTF8", "rating": "5.0 out of 5 stars", "reviewTitle": "Great", "reviewDate": "August 26, 2020", "reviewText": "  Delivery was before estimated time and beyond excellent \ud83d\udc4f \ud83d\udc4c \ud83d\ude00! Perfect condition! Very happy!", "is_Helpful": ""}, {"reviewerName": "Jacob M. Winkler", "reviewerUrl": "https://www.amazon.com/gp/profile/amzn1.account.AEFPLELMKBMTUAAZF433HZKW2TZQ/ref=cm_cr_arp_d_gw_btm?ie=UTF8", "rating": "3.0 out of 5 stars", "reviewTitle": "meh. bad display, not very fast", "reviewDate": "August 25, 2020", "reviewText": "\"  just opened, set up and...disappointed. The screen is really lame. It feels like an old screen/computer with a ridiculously low resolution. Even though technically its a high resolution. Its weird and its bad and its weird that its so bad and someone thought--yeh go ahead sell this product people wont care and will still buy it.\", \"Id send it back, but that seems inconvenient and its good enough for the price as a backup laptop, etc.\", \"Also it seems pretty slow. Depressingly slow. The thing is, its not technically slow. Its just that the display makes it feel slow, especially on facebook.\", Derp.", "is_Helpful": "3 people found this helpful"}, {"reviewerName": "Jim", "reviewerUrl": "https://www.amazon.com/gp/profile/amzn1.account.AEBVZSNE2CUABYTRBPZXM22D7DAQ/ref=cm_cr_getr_d_gw_btm?ie=UTF8", "rating": "5.0 out of 5 stars", "reviewTitle": "Light weight , thin , great pics.", "reviewDate": "August 21, 2020", "reviewText": "  Photos looking for stufflight", "is_Helpful": ""}, {"reviewerName": "shirleyw", "reviewerUrl": "https://www.amazon.com/gp/profile/amzn1.account.AHBN2X2VLSQGZVRM6L572PSF5TZA/ref=cm_cr_getr_d_gw_btm?ie=UTF8", "rating": "5.0 out of 5 stars", "reviewTitle": "charger sometimes do not work", "reviewDate": "August 21, 2020", "reviewText": "  need new charger sometimes charger do work", "is_Helpful": ""}, {"reviewerName": "Michelle Gayhart", "reviewerUrl": "https://www.amazon.com/gp/profile/amzn1.account.AEXF6BJKLFPI2O2X4IU7J2CNPOIA/ref=cm_cr_arp_d_gw_btm?ie=UTF8", "rating": "5.0 out of 5 stars", "reviewTitle": "Exactly as we expected", "reviewDate": "August 13, 2020", "reviewText": "  We purchased this for our high school-aged daughter to use for school. She set it all up herself, added the bookmarks for her various web-based learning programs and started work almost immediately. This came and works as advertised. Hoping we have the same experience when it\u2019s time to purchase one for our son.", "is_Helpful": ""}, {"reviewerName": "Marvin Graham", "reviewerUrl": "https://www.amazon.com/gp/profile/amzn1.account.AE6ODM4KWNJV6LBKBFWOHLE5B2HQ/ref=cm_cr_getr_d_gw_btm?ie=UTF8", "rating": "5.0 out of 5 stars", "reviewTitle": "It is good", "reviewDate": "August 12, 2020", "reviewText": "  I hVe hood use for this laptop. I have to touch screen and also the no touch screen. I like both of them", "is_Helpful": ""}, {"reviewerName": "Matt", "reviewerUrl": "https://www.amazon.com/gp/profile/amzn1.account.AH3TBLDL55P4QCLAAF5AF3XX2JTA/ref=cm_cr_arp_d_gw_btm?ie=UTF8", "rating": "1.0 out of 5 stars", "reviewTitle": "Dead after 4 months. No warranty.", "reviewDate": "August 5, 2020", "reviewText": "\"  Completely dead after only 4 months. Will not hold a charge. Neither charging port works, and I tried multiple cords, so its definitely a problem with the laptop itself.\", Amazon Renewed warranty is only 3 months. Amazon accepted a return, only with a $44 \"restocking fee.\" BOO.", "is_Helpful": "One person found this helpful"}, {"reviewerName": "Media Man", "reviewerUrl": "https://www.amazon.com/gp/profile/amzn1.account.AGNZVXRPR3IOYNEVE5UAYHPS3WLQ/ref=cm_cr_arp_d_gw_btm?ie=UTF8", "rating": "5.0 out of 5 stars", "reviewTitle": "Worth every penny", "reviewDate": "July 29, 2020", "reviewText": "  This is a great little chromebook.  Very clean,  fast,  and easy to setup.  Definitely worth the $$$.", "is_Helpful": "3 people found this helpful"}, {"reviewerName": "DMCinLA", "reviewerUrl": "https://www.amazon.com/gp/profile/amzn1.account.AGBNTIFTPKWEU7F2P4UE5E4QMKBQ/ref=cm_cr_arp_d_gw_btm?ie=UTF8", "rating": "3.0 out of 5 stars", "reviewTitle": "Don\u2019t buy.", "reviewDate": "July 21, 2020", "reviewText": "  Looks nice and feels good but keeps glitching from the start. You can\u2019t watch a YouTube video or any video without it glitching and restarting.", "is_Helpful": ""}, {"reviewerName": "Denis D.", "reviewerUrl": "https://www.amazon.com/gp/profile/amzn1.account.AEGG4Q65TBWWFIBFU5L647OQQU2A/ref=cm_cr_getr_d_gw_btm?ie=UTF8", "rating": "5.0 out of 5 stars", "reviewTitle": "Good value", "reviewDate": "July 19, 2020", "reviewText": "  Good product for its money. Works well for my all my work related tasks.", "is_Helpful": ""}, {"reviewerName": "Amazon Customer", "reviewerUrl": "https://www.amazon.com/gp/profile/amzn1.account.AFY2JNPFMM67ZZER6DJ373SNC2VQ/ref=cm_cr_getr_d_gw_btm?ie=UTF8", "rating": "5.0 out of 5 stars", "reviewTitle": "Solid Chrome book", "reviewDate": "July 16, 2020", "reviewText": "  Great deal charges fast and has a decent battery. Light weight and mobile.", "is_Helpful": ""}, {"reviewerName": "Kindle Customer", "reviewerUrl": "https://www.amazon.com/gp/profile/amzn1.account.AGUFFFZJ27UW4MTIYIDQWIGYE25Q/ref=cm_cr_getr_d_gw_btm?ie=UTF8", "rating": "5.0 out of 5 stars", "reviewTitle": "Good value", "reviewDate": "June 27, 2020", "reviewText": "\"  This was a gift for a relative. Its good value and it works great.\"", "is_Helpful": ""}, {"reviewerName": "Shanieka Wakefield", "reviewerUrl": "https://www.amazon.com/gp/profile/amzn1.account.AFD6DLTE3OCABBYEDDXFOOROORKQ/ref=cm_cr_getr_d_gw_btm?ie=UTF8", "rating": "1.0 out of 5 stars", "reviewTitle": "This is trash", "reviewDate": "June 21, 2020", "reviewText": "  I wish I could give this a zero star, I purchase this laptop and it literally works for 3 weeks and then just suddenly shut down and never come back an!! And I shipped it out back to the seller and they keep saying they haven\u2019t receive the item!!! Big waste of my money", "is_Helpful": ""}, {"reviewerName": "Nelson B Rodrigues", "reviewerUrl": "https://www.amazon.com/gp/profile/amzn1.account.AGW5NOLDEEMYYM5KWTJNKHLULMFQ/ref=cm_cr_getr_d_gw_btm?ie=UTF8", "rating": "1.0 out of 5 stars", "reviewTitle": "Fraud", "reviewDate": "June 11, 2020", "reviewText": "  The computer is defective", "is_Helpful": ""}, {"reviewerName": "Joey A", "reviewerUrl": "https://www.amazon.com/gp/profile/amzn1.account.AEKGJZNZ36TYR6LVMEFP2ADJV2WA/ref=cm_cr_getr_d_gw_btm?ie=UTF8", "rating": "1.0 out of 5 stars", "reviewTitle": "Not so \"renewed\".", "reviewDate": "June 10, 2020", "reviewText": "  Got a \"renewed\" one for $200.  In 5 months the motherboard went out.", "is_Helpful": ""}, {"reviewerName": "Aliyah", "reviewerUrl": "https://www.amazon.com/gp/profile/amzn1.account.AGSR4KDYNOXGCDVJVUSQZO54CAEQ/ref=cm_cr_getr_d_gw_btm?ie=UTF8", "rating": "3.0 out of 5 stars", "reviewTitle": "It\u2019s almost one of a kind, but comes with interesting apps.", "reviewDate": "May 31, 2020", "reviewText": "  I think it was a bit pricy for the brand, overall it works great & it\u2019s refurbished!", "is_Helpful": ""}, {"reviewerName": ":(", "reviewerUrl": "https://www.amazon.com/gp/profile/amzn1.account.AEPXRSXFOUQY4GKPZVDBPJCQVJ5Q/ref=cm_cr_getr_d_gw_btm?ie=UTF8", "rating": "1.0 out of 5 stars", "reviewTitle": "not worth it", "reviewDate": "May 25, 2020", "reviewText": "  this product was terrible. i had it for like 4 months and then one day it just stopped working", "is_Helpful": ""}, {"reviewerName": "Metamorphosis", "reviewerUrl": "https://www.amazon.com/gp/profile/amzn1.account.AEC6ITLKU2OXLQSD3VARHDHNOEKA/ref=cm_cr_arp_d_gw_btm?ie=UTF8", "rating": "3.0 out of 5 stars", "reviewTitle": "Not the best", "reviewDate": "May 18, 2020", "reviewText": "  A piece of my chrome book has ALREADY come off. I\u2019m a little annoyed. It also crashes a lot. I guess it\u2019s ok for the $ but I would just say get a nicer chrome book or an actual laptop if you need this for work or school", "is_Helpful": ""}, {"reviewerName": "nick s.", "reviewerUrl": "https://www.amazon.com/gp/profile/amzn1.account.AGCAMQ3WJR576VJPNNRWEZXLFUNA/ref=cm_cr_getr_d_gw_btm?ie=UTF8", "rating": "3.0 out of 5 stars", "reviewTitle": "It\u2019s okay", "reviewDate": "May 14, 2020", "reviewText": "  Developed a lot of glitches after a week. Screen goes black multiple times when typing and will enter a key several times when typing when it glitches out. Frustrating but still better than a Mac", "is_Helpful": ""}, {"reviewerName": "Jessica McBride", "reviewerUrl": "https://www.amazon.com/gp/profile/amzn1.account.AFWYQJ32NHJ6XPA5A2JOUM7XU2IQ/ref=cm_cr_getr_d_gw_btm?ie=UTF8", "rating": "4.0 out of 5 stars", "reviewTitle": "Overall a good machine", "reviewDate": "May 9, 2020", "reviewText": "  The quality is good for the amount, they are super light for the size.  They work well for kids schooling.", "is_Helpful": ""}, {"reviewerName": "Stephanie Caillier", "reviewerUrl": "https://www.amazon.com/gp/profile/amzn1.account.AFPWTKZQD3BGBZJ5LZ36CTNEQZKQ/ref=cm_cr_getr_d_gw_btm?ie=UTF8", "rating": "1.0 out of 5 stars", "reviewTitle": "DO NOT RECOMMEND", "reviewDate": "May 7, 2020", "reviewText": "  bought this and within a week or 2 the screen went out.", "is_Helpful": ""}, {"reviewerName": "Brys1girl", "reviewerUrl": "https://www.amazon.com/gp/profile/amzn1.account.AF4AQMS4H2NDQ2X4MCUYZNVSTVDA/ref=cm_cr_getr_d_gw_btm?ie=UTF8", "rating": "4.0 out of 5 stars", "reviewTitle": "Good product, need to beef up packaging", "reviewDate": "May 6, 2020", "reviewText": "  This is was a sound purchase, I just wasn\u2019t crazy about the packaging. It wasn\u2019t very secured, but gratefully my machine was delivered intact.", "is_Helpful": ""}, {"reviewerName": "James m.", "reviewerUrl": "https://www.amazon.com/gp/profile/amzn1.account.AHGIQE2HAU6P54VJ2K2E5VQVR34A/ref=cm_cr_getr_d_gw_btm?ie=UTF8", "rating": "1.0 out of 5 stars", "reviewTitle": "Need when I said it would ship", "reviewDate": "May 5, 2020", "reviewText": "  Computer was ok. But getting it was horrid.  Need for my daughter to do class work too almost two weeks. Said one day shipping .", "is_Helpful": ""}, {"reviewerName": "A. Ulloa", "reviewerUrl": "https://www.amazon.com/gp/profile/amzn1.account.AGOI2B3JASU7IFWREWHQJQ4X43SA/ref=cm_cr_getr_d_gw_btm?ie=UTF8", "rating": "5.0 out of 5 stars", "reviewTitle": "Like new... well worth it", "reviewDate": "May 5, 2020", "reviewText": "  Great quality!  Like new.", "is_Helpful": ""}, {"reviewerName": "Samuel Feger", "reviewerUrl": "https://www.amazon.com/gp/profile/amzn1.account.AG6FBJDFHF2ALUPL5WZO6L4QBHZQ/ref=cm_cr_getr_d_gw_btm?ie=UTF8", "rating": "1.0 out of 5 stars", "reviewTitle": "Not a laptop", "reviewDate": "May 4, 2020", "reviewText": "  This is not a laptop it is a tablet with a keyboard this is nothing like what it says it is and it came with ONLY a power cord. Everywhere in this ad it says laptop chromebook laptop, it is not a laptop, it is a tablet.", "is_Helpful": ""}, {"reviewerName": "Al Borza", "reviewerUrl": "https://www.amazon.com/gp/profile/amzn1.account.AHBJF5GA3AHWMXTDZSAYQZXXMBYA/ref=cm_cr_getr_d_gw_btm?ie=UTF8", "rating": "4.0 out of 5 stars", "reviewTitle": "chromebook", "reviewDate": "May 4, 2020", "reviewText": "  it works great", "is_Helpful": ""}, {"reviewerName": "ThaRealMrsHenry", "reviewerUrl": "https://www.amazon.com/gp/profile/amzn1.account.AEDNWEZBOUFBVD6ZSN4PMWOLNFHA/ref=cm_cr_arp_d_gw_btm?ie=UTF8", "rating": "5.0 out of 5 stars", "reviewTitle": "Worth the money and getting the job done!", "reviewDate": "May 2, 2020", "reviewText": "\"  Chromebook looks beautiful and works just as well! Weve been using it every day since it arrived for homeschooling and emailing. We are able to do zoom meetings and the video and sound quality are great! No complaints.\"", "is_Helpful": "2 people found this helpful"}, {"reviewerName": "Brittany", "reviewerUrl": "https://www.amazon.com/gp/profile/amzn1.account.AHBZK6T4NBLRSCKNS7LCQNFAFRDQ/ref=cm_cr_getr_d_gw_btm?ie=UTF8", "rating": "5.0 out of 5 stars", "reviewTitle": "Cool beans", "reviewDate": "May 2, 2020", "reviewText": "  This laptop came faster than fast forward! The REFURBISHED laptop works like a dream so far, so I have no complaints. Thank you!", "is_Helpful": ""}, {"reviewerName": "Joshua Porter", "reviewerUrl": "https://www.amazon.com/gp/profile/amzn1.account.AHCTR6JDE5TY2IL4ZCORBJ4VQQJQ/ref=cm_cr_getr_d_gw_btm?ie=UTF8", "rating": "5.0 out of 5 stars", "reviewTitle": "Fully recommended", "reviewDate": "April 28, 2020", "reviewText": "  It\u2019s a very nice laptop. Meets my needs and expectations.", "is_Helpful": ""}, {"reviewerName": "Vickie", "reviewerUrl": "https://www.amazon.com/gp/profile/amzn1.account.AHW2LH5AINUKELPCHQXLVN5KJ7RA/ref=cm_cr_getr_d_gw_btm?ie=UTF8", "rating": "5.0 out of 5 stars", "reviewTitle": "Great!!", "reviewDate": "April 27, 2020", "reviewText": "  This chromebook works great!!, It came quickly and was packaged very carefully.", "is_Helpful": ""}, {"reviewerName": "Yadda26", "reviewerUrl": "https://www.amazon.com/gp/profile/amzn1.account.AE52ADJE52R5TTQ6PKWIGRCSQAIA/ref=cm_cr_arp_d_gw_btm?ie=UTF8", "rating": "5.0 out of 5 stars", "reviewTitle": "Great laptop and great for the money", "reviewDate": "April 27, 2020", "reviewText": "  This does everything I expected and more. The shipping took a minute but that\u2019s to be expected with what\u2019s going on but I love it!!! I would definitely order from them again", "is_Helpful": "2 people found this helpful"}, {"reviewerName": "Ann", "reviewerUrl": "https://www.amazon.com/gp/profile/amzn1.account.AHMHW2DH425LYEY6XA2H4MTAQ2VQ/ref=cm_cr_getr_d_gw_btm?ie=UTF8", "rating": "5.0 out of 5 stars", "reviewTitle": "touch scree", "reviewDate": "April 23, 2020", "reviewText": "  nothing", "is_Helpful": ""}, {"reviewerName": "Danielle", "reviewerUrl": "https://www.amazon.com/gp/profile/amzn1.account.AEAZ5EUGJFT4UDW7HW5WF532J5YA/ref=cm_cr_getr_d_gw_btm?ie=UTF8", "rating": "5.0 out of 5 stars", "reviewTitle": "Perfect", "reviewDate": "April 22, 2020", "reviewText": "  Battery not charged. After 20 minutes of arriving it was charged enough to turn on. We used it all day after that and it worked perfectly.", "is_Helpful": ""}, {"reviewerName": "Ashley Honeycutt", "reviewerUrl": "https://www.amazon.com/gp/profile/amzn1.account.AEFYOUJS4YU7LNTI5VFSY2X7YU4Q/ref=cm_cr_getr_d_gw_btm?ie=UTF8", "rating": "1.0 out of 5 stars", "reviewTitle": "Piece of JUNK", "reviewDate": "April 22, 2020", "reviewText": "  Within 5 minutes of opening the package and turning the device on, the screen began flashing and lines formed in the screen. Pretty certain the video card is shot. Of course, we still have had no contact from the seller.", "is_Helpful": ""}, {"reviewerName": "nati mocha", "reviewerUrl": "https://www.amazon.com/gp/profile/amzn1.account.AFV4NXPQX5J625IGT6SNPSWESTWA/ref=cm_cr_getr_d_gw_btm?ie=UTF8", "rating": "1.0 out of 5 stars", "reviewTitle": "w", "reviewDate": "April 19, 2020", "reviewText": "  no good and no new, I got a used computer", "is_Helpful": ""}, {"reviewerName": "Katie Kleckner", "reviewerUrl": "https://www.amazon.com/gp/profile/amzn1.account.AFWP3SFS4CT2SBFGFS65KVFJRBLA/ref=cm_cr_getr_d_gw_btm?ie=UTF8", "rating": "5.0 out of 5 stars", "reviewTitle": "Good Review", "reviewDate": "April 18, 2020", "reviewText": "\"  Ive had this for a few days and its awesome. Its fast and super user friendly. Highly recommend.\"", "is_Helpful": ""}, {"reviewerName": "Solomon Verdeja", "reviewerUrl": "https://www.amazon.com/gp/profile/amzn1.account.AG24NTSH5SFJMYZ4L7AE3XUM5A7Q/ref=cm_cr_getr_d_gw_btm?ie=UTF8", "rating": "4.0 out of 5 stars", "reviewTitle": "Pretty straight chrome book", "reviewDate": "April 18, 2020", "reviewText": "  Definitely not bad for price, I would recommend it", "is_Helpful": ""}, {"reviewerName": "Ms. B", "reviewerUrl": "https://www.amazon.com/gp/profile/amzn1.account.AFMHVR6A3NTOHTSU6S5JNQPQZWJA/ref=cm_cr_getr_d_gw_btm?ie=UTF8", "rating": "1.0 out of 5 stars", "reviewTitle": "Lack of quality and variety.", "reviewDate": "April 17, 2020", "reviewText": "  This Chromebook was very basic. No bells and whistles.", "is_Helpful": ""}, {"reviewerName": "max christen", "reviewerUrl": "https://www.amazon.com/gp/profile/amzn1.account.AGWEHCRYNOOVCIXPZLAI7SWXTLYQ/ref=cm_cr_getr_d_gw_btm?ie=UTF8", "rating": "3.0 out of 5 stars", "reviewTitle": "\"Product didnt work\"", "reviewDate": "April 14, 2020", "reviewText": "\"  Didnt work when I received the product so never got the chance to use it\"", "is_Helpful": ""}, {"reviewerName": "Jeff Banman", "reviewerUrl": "https://www.amazon.com/gp/profile/amzn1.account.AEQZ6CBC5MJXORUAZHIJQBFOP6FA/ref=cm_cr_getr_d_gw_btm?ie=UTF8", "rating": "5.0 out of 5 stars", "reviewTitle": "Great chromebook", "reviewDate": "April 14, 2020", "reviewText": "  Arrived on time and as expected.  The Chromebook is in really good condition and is a great value for the money.  I would recommend this computer and seller!", "is_Helpful": ""}, {"reviewerName": "Wray Rives", "reviewerUrl": "https://www.amazon.com/gp/profile/amzn1.account.AF3OIKQ7RCLKT7D5LLXJZC5KCI6A/ref=cm_cr_getr_d_gw_btm?ie=UTF8", "rating": "5.0 out of 5 stars", "reviewTitle": "Great value, good quality Chromebook.", "reviewDate": "April 14, 2020", "reviewText": "  I am very pleased. This is a great qualify Chromebook, very fast, good screen and it was very reasonably priced.  Would definitely purchase again if needed.", "is_Helpful": ""}, {"reviewerName": "David Garfinkel", "reviewerUrl": "https://www.amazon.com/gp/profile/amzn1.account.AFBYUD67KVZ3YXL3XU6I36E5VGOQ/ref=cm_cr_getr_d_gw_btm?ie=UTF8", "rating": "4.0 out of 5 stars", "reviewTitle": "Best bang for your buck", "reviewDate": "April 14, 2020", "reviewText": "  Nice rehabbed chrome book. Looks new . Works like new. Other than it\u2019s not the greatest picture quality. It\u2019s a 4 star all the way. If the screen was better it was a 5", "is_Helpful": ""}, {"reviewerName": "Joy", "reviewerUrl": "https://www.amazon.com/gp/profile/amzn1.account.AGBJOUYZYNZNQ2T7JCOKGFLQ5OAQ/ref=cm_cr_getr_d_gw_btm?ie=UTF8", "rating": "5.0 out of 5 stars", "reviewTitle": "SO far so good", "reviewDate": "April 14, 2020", "reviewText": "  WE have had the chrome book for a week and it is working great for my 10 year old!", "is_Helpful": ""}, {"reviewerName": "Nlind86", "reviewerUrl": "https://www.amazon.com/gp/profile/amzn1.account.AE5IVCKM5MONBZ5KBFDYFN3SSG6Q/ref=cm_cr_getr_d_gw_btm?ie=UTF8", "rating": "5.0 out of 5 stars", "reviewTitle": "Fantastic all around.", "reviewDate": "April 7, 2020", "reviewText": "  Exactly what I needed for my daughter. Easy set up and looking forward to learning this new OS. Zoom already installed and ready for use. So amazed with the packing, time of shipping and everything., It\u2019s not a touch screen.", "is_Helpful": ""}, {"reviewerName": "Krista Williams", "reviewerUrl": "https://www.amazon.com/gp/profile/amzn1.account.AEAN4YP3U5ZTOSTONAHX7OEVLNTA/ref=cm_cr_getr_d_gw_btm?ie=UTF8", "rating": "1.0 out of 5 stars", "reviewTitle": "Horrible DO NOT BUY!!", "reviewDate": "April 7, 2020", "reviewText": "  Did not even turn on after charging from arrival.  Had to pay $15 for return shipping to UPS because I didn\u2019t think to keep box \ud83d\udce6. I thought would be great Chrome DO NOT WASTE MONEY", "is_Helpful": ""}, {"reviewerName": "brandi Cisneros", "reviewerUrl": "https://www.amazon.com/gp/profile/amzn1.account.AEO33W7Z5EIM77YNDVL2RPVTLVJQ/ref=cm_cr_getr_d_gw_btm?ie=UTF8", "rating": "1.0 out of 5 stars", "reviewTitle": "Laptop", "reviewDate": "April 5, 2020", "reviewText": "  I have not received my refund for the laptop", "is_Helpful": ""}, {"reviewerName": "Alissa", "reviewerUrl": "https://www.amazon.com/gp/profile/amzn1.account.AEBXGORNNPGHU4DY74FDGV5DLZXQ/ref=cm_cr_getr_d_gw_btm?ie=UTF8", "rating": "1.0 out of 5 stars", "reviewTitle": "Computer arrived with registered account and password that cannot be bypassed", "reviewDate": "April 4, 2020", "reviewText": "  I just opened this machine and it is password protected, so I can not set up with my gmail account (or use it at all for that matter).", "is_Helpful": "2 people found this helpful"}, {"reviewerName": "Charlie", "reviewerUrl": "https://www.amazon.com/gp/profile/amzn1.account.AEOUK6JI3W2VJ3DZMRYKEGAPL2VQ/ref=cm_cr_getr_d_gw_btm?ie=UTF8", "rating": "3.0 out of 5 stars", "reviewTitle": "Decent for the price", "reviewDate": "March 8, 2020", "reviewText": "  For a chromebook the price is good, but the resolution is incorrect. The seller states it has a resolution of 1920x1080p when in reality it has a resolution of 1366x768. I was incredibly disappointed when I discovered this detail, but the laptop is still good for the price.", "is_Helpful": ""}, {"reviewerName": "Kintu Alex Ladwong", "reviewerUrl": "https://www.amazon.com/gp/profile/amzn1.account.AGHY2M2CDSDYRQUGKBWTM37VWCKQ/ref=cm_cr_getr_d_gw_btm?ie=UTF8", "rating": "2.0 out of 5 stars", "reviewTitle": "\"ITS NOT A TOUCH SCREEN\"", "reviewDate": "March 1, 2020", "reviewText": "\"  Its worth the money, but dont expect it to be Having a Touch Screen, But it can run Play Store well though\"", "is_Helpful": ""}, {"reviewerName": "andre s.", "reviewerUrl": "https://www.amazon.com/gp/profile/amzn1.account.AHWBYRGDGSQUCM36GQ4PPJ2ZEPTQ/ref=cm_cr_getr_d_gw_btm?ie=UTF8", "rating": "4.0 out of 5 stars", "reviewTitle": "Good bang for the buck", "reviewDate": "February 29, 2020", "reviewText": "  Simple and easy to use. Good battery life and fairly fast charging.", "is_Helpful": ""}, {"reviewerName": "Brien Devine", "reviewerUrl": "https://www.amazon.com/gp/profile/amzn1.account.AFQVPPA7NBW44ERFALBPQTO5TYCA/ref=cm_cr_getr_d_gw_btm?ie=UTF8", "rating": "3.0 out of 5 stars", "reviewTitle": "Ok.", "reviewDate": "February 27, 2020", "reviewText": "  Arrived with a dent in the top from the power supply being tossed in the box and not packed.  It works as well as expected.", "is_Helpful": "2 people found this helpful"}, {"reviewerName": "kristie merrigan", "reviewerUrl": "https://www.amazon.com/gp/profile/amzn1.account.AHN7HAFWVWHFTGPCJXIOA7R4XMRA/ref=cm_cr_getr_d_gw_btm?ie=UTF8", "rating": "1.0 out of 5 stars", "reviewTitle": "Little", "reviewDate": "January 28, 2020", "reviewText": "  Very light and flimsy. Returning", "is_Helpful": ""}, {"reviewerName": "Amazon Customer", "reviewerUrl": "https://www.amazon.com/gp/profile/amzn1.account.AEBJU4MN4DAIDLSUEJAAET23SQEQ/ref=cm_cr_getr_d_gw_btm?ie=UTF8", "rating": "1.0 out of 5 stars", "reviewTitle": "Broken on arrival", "reviewDate": "January 22, 2020", "reviewText": "  Got a broken screen. Returned.", "is_Helpful": "One person found this helpful"}], "qAndA": [{"question": "on this laptop I can install windows or ofice. do I have to have an internet user to use it?", "answer": "You cannot install Windows as this operates on Chrome OS. There is a Chrome OS version of Office that works just fine with this Chromebook. Chromebooks are designed to operate pretty much everything from the cloud, so it is essentially useless if you don't have an internet connection."}, {"question": "Is this chromebook up to military specs?", "answer": "8gb Ram, 64Gb internal storage upgradable to 256gb or 512gb. But it can bend."}, {"question": "Can you play The sims 4", "answer": "I don't play it, but research identifies it does not work on Chrome, only Mac or Windows. Sorry."}, {"question": "Can I download google play in this laptop?", "answer": "Yes you can."}, {"question": "Can ms office be downloaded or is using office 365, best? i know it's not windows os, but i wanted to know. thanks.", "answer": "You should be able to use either or but I'm not certain which is best. Sorry, I couldn't be more helpful."}, {"question": "Is the usb type c port mhl?", "answer": "Answer not available"}, {"question": "Would i be able to return this product without paying a restockong fee if i am just unsatisfied with this renewed product?", "answer": "I think this question is for Amazon."}, {"question": "Which exact model do you have and is it touchscreen? SImply to many reviews and replies to ? saying yes and no and this will help sort out reality.", "answer": "Not touch screen."}, {"question": "Can i connect it to the tv with hdmi cord?", "answer": "Yes, with thunderbolt..."}, {"question": "can it run fortnite?", "answer": "idk mine kept going to a black screen so i had to return it"}, {"question": "Can I play games on this chromebook ?", "answer": "Most likely, the games you download from Google Play Store will work perfectly on this Machine"}, {"question": "What is the country of origin?", "answer": "Answer not available"}, {"question": "Does it do Android apps?", "answer": "yes it can install any app from the Android Playstore."}, {"question": "Both charge ports have broke where can I get new 1's to have installed?", "answer": "Answer not available"}, {"question": "Will online poker apps work on cromebooks?", "answer": "Answer not available"}, {"question": "Is it blue tooth", "answer": "Yes it has bluetooth"}, {"question": "Can the ram and hard drive be upgraded to larger specs?", "answer": "You can upgrade the SSD"}, {"question": "Can you Play Sims 4?", "answer": "I don't know I don't play games on it."}, {"question": "Is this a 32 gb or 64 gb?", "answer": "Mine is a 32gb."}, {"question": "how many usb ports 4 or 2? Description has both.", "answer": "There are 2 USB A ports (that's the old style USB port you are probably most familiar with) and there are an additional 2 USB C 3.1 ports. One of the C ports is for charging and can also be used for an external display. I have not used the second C port, I believe it is primarily intended for an external storage devi\u2026 see more"}, {"question": "I want to hook microphones up to it for recordings is a decent computer for making music?", "answer": "Not really this is Chromebook which is not optimised for the hard core programs"}, {"question": "can this handle roblox", "answer": "I had never heard of ROBLOX but I looked it up. Go to Google Play store and type ROBLOX in the search bar. There should be an INSTALL button.\nI don't have any idea how well it works though."}, {"question": "Is this computer fast and good for a college student?", "answer": "Yes if you are doing all of your things online."}, {"question": "Does this come with a mouse ?", "answer": "Mine did. Minimal packaging. But, yes, a mouse."}, {"question": "Can this play League of legends okay?", "answer": "Not a gamer."}, {"question": "how many usb ports?", "answer": "2 x USB 3.0 Type A, 2 x USB 3.1 Type C"}, {"question": "I need a new cord this computer, how do I get one?", "answer": "Order a new one"}, {"question": "How do i contact the seller?", "answer": "Reference that info on the Amazon website and any links to the actual seller's website or for their customer service phone number."}, {"question": "It say 64 but reading the descreption saying 32?", "answer": "Said 64"}, {"question": "Is this good for a 3rd grader? We have zoom classes and all.", "answer": "Yes, this Chromebook is wonderfully user-friendly, especially for distance learning for the kiddos. I bought this specifically for my then 7th grader to use for school. I'm sure you're 3rd grader will be able to navigate its functions easily. Go for it!!"}, {"question": "I was pleased to find that the 423 has a micro sd port not just a reader. i don't know what the maximum gb is. does anyone know?", "answer": "Answer not available"}, {"question": "Is this compatible with Google Fi?", "answer": "I do not know. I use mine for email, facebook messenger, online ordering. Not a tech person."}], "time": ["09/04/2021 16:56:40"], "reviewsCountInfo": {"expRevCount": 76, "actRevCount": 76, "nonEnglishRevCount": 2}, "scrapperInfo": {"Version": "1.3.2", "Released Date": "08/04/2021"}, "productURL": "https://www.amazon.com/gp/product/B07ZT682VS", "ASIN": "B07ZT682VS", "title": "Asus C423NA Chromebook 14\" HD Laptop (Intel Dual Core Celeron Processor N3350, 4GB DDR4 RAM, 64GB SSD) Webcam, WiFi, Bluetooth, Type-C, Google Chrome OS - Silver (Renewed)", "manufacturer": " Amazon Renewed Store", "currentPrice": "$179.99", "rating": "4.1", "totalRatings": "492 "}