{"features": ["9th Generation Intel Core i7 9750H 6 Core Processor (Up to 4.5GHz) with Windows 10 Home 64 Bit", "NVIDIA GeForce GTX 1050 Ti 4GB", "17.3\" FHD (1920x1080), 120Hz, 45% NTSC, IPS-Level", "8GB RAM; 256GB SSD", "Single backlight with Anti-Ghost key+ silver lining"], "reviewsAspects": [], "productInformation": [{"\nASIN\n": "\nB07Z5L46BX\n", "Customer Reviews": "\n\n\n\n\n\n\n4.4 out of 5 stars\n\n\n\n\n\n\n\n\n24 ratings\n\n\n\n\n\n\n4.4 out of 5 stars\n", "\nBest Sellers Rank\n": "\n\n#72,872 in Computers & Accessories (See Top 100 in Computers & Accessories)\n\n#12,659 in Traditional Laptop Computers\n\n\n", "\nDate First Available\n": "\nOctober 16, 2019\n"}], "productDescription": "Product description\nMSI GF75 17.3\" Gaming Laptop Intel Core i7-9750H 8GB RAM 256GB SSD 120Hz GTX 1050 Ti Aluminum Black - 9th Gen i7-9750H - NVIDIA GeForce GTX 1050 Ti - Refresh Rate: 120 Hz - In-plane Switching Tec", "reviews": [{"reviewerName": "Carlos Lozano Yaber", "reviewerUrl": "https://www.amazon.com/gp/profile/amzn1.account.AHGI4KBZ6DIFRJGWV3UIV3ND7G5A/ref=cm_cr_arp_d_gw_btm?ie=UTF8", "rating": "5.0 out of 5 stars", "reviewTitle": "Great!!", "reviewDate": "July 11, 2020", "reviewText": "  Great!!", "is_Helpful": ""}, {"reviewerName": "Dalibor ", "reviewerUrl": "https://www.amazon.com/gp/profile/amzn1.account.AHCEM35PT7X77ZAXF4OCAVCJAJIQ/ref=cm_cr_arp_d_gw_btm?ie=UTF8", "rating": "5.0 out of 5 stars", "reviewTitle": "Great laptop and still works", "reviewDate": "June 2, 2020", "reviewText": "\"  Got this laptop back in November and going to write a quick review. Even now after 7 months it still works. This laptop is great. Has 4GB gpu so if you feel like needing more you should look elsewhere. I mainly gotten it for thr processor and the screen which is amazing. 17 inch screen with 120hz and just looks slick. The chassis of this laptop is also slim even though it has a 17inch screen. Its the size of a 15inch big bazel laptop almost. I do video renderings for YouTube and this laptop had no problems at all. Overall its great and even easy to get into to add a HDD and ram which I did both. Ill add some pics when I get a chance.\"", "is_Helpful": ""}, {"reviewerName": "Jeremy T", "reviewerUrl": "https://www.amazon.com/gp/profile/amzn1.account.AEZMGDT4R4EP5JAEZQFASTFMKIIQ/ref=cm_cr_arp_d_gw_btm?ie=UTF8", "rating": "4.0 out of 5 stars", "reviewTitle": "Awesome Laptop! Wish I spent the extra $200 for the upgraded version though.", "reviewDate": "April 30, 2020", "reviewText": "  This laptop is fantastic! I runs very fast, the graphics are amazing and all at a very affordable price for the quality!, \"The only thing I wish is that I had purchased the upgraded version of this laptop which came with a second SATA hard drive as well, as the 256GB that came with this laptop just isnt enough to load more than one game on it at a time. The upgraded version also comes with more memory, which is needed as this one maxes out its memory usage frequently and occasionally crashes the games because of it. It is easy to expand  the memory and install as second hard drive (SATA not NVMe like the main hard drive is), which i have done both. But it would be cheaper to purchase the other laptop with it already installed.\", Over-all i would definitely recommend this laptop as it is also great for everyday school work too!", "is_Helpful": "One person found this helpful"}, {"reviewerName": "Herman L. Ligon", "reviewerUrl": "https://www.amazon.com/gp/profile/amzn1.account.AGPUTRHTIVYH4BGZWWY42WUJEGEQ/ref=cm_cr_arp_d_gw_btm?ie=UTF8", "rating": "5.0 out of 5 stars", "reviewTitle": "Great computer", "reviewDate": "April 2, 2020", "reviewText": "  This is a Great computer!! it is very fast, easy to navigate and clean clear graphics...", "is_Helpful": "3 people found this helpful"}, {"reviewerName": "Angel", "reviewerUrl": "https://www.amazon.com/gp/profile/amzn1.account.AHAANHXF3T3BEQVUJ3HUEAGICXNQ/ref=cm_cr_arp_d_gw_btm?ie=UTF8", "rating": "5.0 out of 5 stars", "reviewTitle": "Oka", "reviewDate": "March 12, 2020", "reviewText": "  Defected but rewards ok", "is_Helpful": "One person found this helpful"}, {"reviewerName": "Curtis", "reviewerUrl": "https://www.amazon.com/gp/profile/amzn1.account.AEJIW35Z3MLWSEUHV5VAV7HL2ABA/ref=cm_cr_arp_d_gw_btm?ie=UTF8", "rating": "5.0 out of 5 stars", "reviewTitle": "No problems after a couple of month\"s use.  Very fast.", "reviewDate": "March 7, 2020", "reviewText": "  I did not buy it for gaming but like to have the speed and better graphics for general purpose use.", "is_Helpful": ""}, {"reviewerName": "Jose Spena", "reviewerUrl": "https://www.amazon.com/gp/profile/amzn1.account.AHBHB6K5F3GOEOWXDONJR5QNR7EQ/ref=cm_cr_arp_d_gw_btm?ie=UTF8", "rating": "5.0 out of 5 stars", "reviewTitle": "Really good aptop for", "reviewDate": "March 3, 2020", "reviewText": "  Actually surprised a really good laptop. Trackpad feels little loose, but works just fine. I upgrade to 32gb.", "is_Helpful": "5 people found this helpful"}, {"reviewerName": "Amazon Customer", "reviewerUrl": "https://www.amazon.com/gp/profile/amzn1.account.AHXMMUADJGBMXKOMU53Z2EBD3JHQ/ref=cm_cr_arp_d_gw_btm?ie=UTF8", "rating": "5.0 out of 5 stars", "reviewTitle": "No issues", "reviewDate": "February 27, 2020", "reviewText": "  Nice little laptop", "is_Helpful": "One person found this helpful"}, {"reviewerName": "Jennifer", "reviewerUrl": "https://www.amazon.com/gp/profile/amzn1.account.AEG62CC42PRCXTHEMBRBGLQNQMLA/ref=cm_cr_arp_d_gw_btm?ie=UTF8", "rating": "5.0 out of 5 stars", "reviewTitle": "Excellent Choice of Value Gaming Laptop", "reviewDate": "February 19, 2020", "reviewText": "\"  This laptop is not touchscreen and Im glad becaue thats not what I wanted. It handles games very well. Its very well made. It is very fast at processing daily tasks. Looks good. I love my laptop. Great value when I bought it.\"", "is_Helpful": "One person found this helpful"}, {"reviewerName": "John Schneider", "reviewerUrl": "https://www.amazon.com/gp/profile/amzn1.account.AHRJBG7PZTYML6NAZF2OZBVO4L3Q/ref=cm_cr_arp_d_gw_btm?ie=UTF8", "rating": "5.0 out of 5 stars", "reviewTitle": "Would recommend", "reviewDate": "January 24, 2020", "reviewText": "  Excellent laptop. Extremely fast and top-of-the-line processor. Starts up in under 10 seconds. Smaller hard-drive than comparable PCs but it is $300-$500 cheaper than those. External hard-drive would easily compensate. Would recommended!", "is_Helpful": "3 people found this helpful"}], "qAndA": [{"question": "Does this come with one single stick of ram or is both slots have a 4 gig in them?", "answer": "1 stick, 8gb."}, {"question": "What are the dimensions of the laptop itself?", "answer": "See MSI website for laptop dimensions"}, {"question": "does this have pcie ssd or nvme ssd?", "answer": "Yes.. it comes with a Kingston 256G PCIe nVME internal drive"}, {"question": "Buen d\u00eda tengo una dida acerca del procesador ya que el modelo de procesador es IC i7-9750H y ustedes ponen que es de 6ta de que generacion es ?", "answer": "Answer not available"}, {"question": "Can I upgrade it with another ssd or Hdd? How many slots is there", "answer": "1x m.2 pcie and 1x sata3 2.5\"x7mm."}, {"question": "is the ssd an m2?", "answer": "Answer not available"}, {"question": "How well does it perform?", "answer": "I wirk on Lightroom, Photoshop, DaVinci Resolve and actually work really great.\n\nI mesure very quick GPU VS CPU on Dimension and CPU render was 13sec faster than GPU render. \u2026 see more"}, {"question": "Good for a business laptop as well ?", "answer": "I dont know what programs you need for business, but it handles multiple tasks seamlessly."}, {"question": "can you upgrade the storage?", "answer": "Yes"}, {"question": "Do you have the same laptop but with the 15.6\" screen?", "answer": "No"}, {"question": "is there a warranty on this product?", "answer": "Answer not available"}, {"question": "Processor? core i7 6th , 8th , or 9th gen?", "answer": "It comes with intel core i7 9th gen cpu i7-9750h"}, {"question": "What is the acual weight? your technical specs say 8.9 pounds, while some seller listed it 4.6 pounds.", "answer": "Answer not available"}, {"question": "Is there a camera built in?", "answer": "Yes it has integrated webcam"}, {"question": "Can you plz tell how many fps can i run on some games? i want some reference. ty ( is this better or same than gtx1650 ryzen 5 3550h? )", "answer": "Answer not available"}, {"question": "Hola. quisiera saber, \u00bfcu\u00e1l es el procesador de esta laptop? pues en la secci\u00f3n de funciones y detalles dice \"i7 9750h de 6a generaci\u00f3n\"", "answer": "Answer not available"}, {"question": "Hello. 1. how this work on video and photography edition? 2. how much ram upgrade can be added? 3. can i put an extra ssd inside?. thanks in advance", "answer": "1. It can handle pics and video it has a gtx1050ti not the best but it does the job.\n2. Max ram is 64gb it has 2 sodims.\n3. It has 1 sata 3 bay for a 2.5\" x 7mm drive, comes with mounting bracket."}, {"question": "buenas tardes, Intel Hexa-Core....??", "answer": "Answer not available"}, {"question": "Tiene un puerto nvme", "answer": "Answer not available"}, {"question": "You didn't mentioned the operating system in the description does it comes with windows 10?", "answer": "Yes w10h"}, {"question": "Que generaci\u00f3n es el procesador ya que en si el Intel Core i7-9750H es de novena pero ustedes ponen en la.descripcion que es de sexta generaci\u00f3n", "answer": "Answer not available"}, {"question": "Will this run world of warcraft wrath of the lick kick at high fps??", "answer": "I think it will. WOW offers more in game experience than graphics. Yet in WOW internet speed has the big trigger to tackle."}, {"question": "Is the screen anti-glare?", "answer": "I can't find anything in the specs that specifically says anti glare, however I've never had any problem with glare on mine."}, {"question": "Hola La notebook tiene webcam....?", "answer": "Answer not available"}, {"question": "Hola \u00bfEsta notebook tiene webcam?", "answer": "Answer not available"}, {"question": "\u00bfCon cu\u00e1l procesador viene?", "answer": "Answer not available"}, {"question": "Tiene un puerto nvme aparte del sata del ssd", "answer": "Answer not available"}, {"question": "Does it have a display port?", "answer": "It has 1 HDMI. No thunderbolt."}, {"question": "How many SSD slots does this have?", "answer": "1 extra SSD. It can hadle 2 internal HD. Came with 1 NVMe"}, {"question": "What thickness of HDD does this laptop use for storage 9mm or 7mm?", "answer": "7mm thick. 2.5 inch wide. Mine came with mounting bracket and screws. No need for ribbon either just plug and play."}, {"question": "Does it have disc drive?", "answer": "No, DVD or CD drive"}, {"question": "Does this have a warranty? And if yes, will I get the warranty receipt online or with the product as when I get it delivered?", "answer": "Yes. this item comes with a warranty. And you can register it online during initial setup."}, {"question": "What is the motherboard? what 16gb ram can i buy to max ram capacity?", "answer": "You can use any DDR4 sodimm 2666mhz ram"}, {"question": "is there also an m2 port for ssd?", "answer": "Yes, it has M2 port, but its internal. To access it you need to remove the bottom cover of the laptop."}, {"question": "How many ram slots does this laptop have? What is the maximum amount of ram that can be expanded on this laptop?", "answer": "Two slots and max RAM of 32G (2x16G)"}, {"question": "how long is the warrenty for and what does it cover?", "answer": "MSI gives a 12 month warranty from the manufactured date. If you register the laptop it becomes a 12 month warranty from the purchase date. I think it was manufactured October 2019."}, {"question": "Does it have Windows 10?", "answer": "Yes it comes with windows 10 home"}, {"question": "Is the 1050ti a good gpu in 2020???", "answer": "It does the job. If you're a serious gamer you'll want something larger. But for light gaming and watching video it'll do, lower price is budget friendly."}, {"question": "\u00bfCu\u00e1l es la generaci\u00f3n del procesador con el que viene?", "answer": "Answer not available"}, {"question": "Are the RAM slots accessible through the bottom or does the comp have to e taken apart to add more?", "answer": "Nope. You has to unscrew the bottom plastic. It is very easy yet you will have to break the guarantee sticker. I can't say more than woth to put more RAM, it can held 65G"}], "time": ["09/04/2021 16:52:18"], "reviewsCountInfo": {"expRevCount": "10", "actRevCount": 10, "nonEnglishRevCount": 0}, "scrapperInfo": {"Version": "1.3.2", "Released Date": "08/04/2021"}, "productURL": "https://www.amazon.com/gp/product/B07Z5L46BX", "ASIN": "B07Z5L46BX", "title": "MSI GF75 17.3\" Gaming Laptop Intel Core i7-9750H 8GB RAM 256GB SSD 120Hz GTX 1050 Ti Aluminum Black", "manufacturer": " MSI Store", "currentPrice": "", "rating": "4.4", "totalRatings": "24 "}