{"features": ["Intel i5-8265U, Quad-core, eight-way, Intel Turbo Boost; 8GB ddr4 system memory; 256GB Solid State Drive (PCI-e);", "15. 6\" touch screen, 1366 x 768 HD resolution, LED backlight; Intel UHD Graphics 620; MaxxAudio;", "Weighs 4. 41 lbs. and measures 0. 8\" thin; 3-cell lithium-ion battery;", "HDMI output; Built-in media reader supports SD memory card formats; Wireless-AC; Built-in HD webcam with microphone; Windows 10 Home in S Mode;", "30-days trial of Microsoft Office; Headphone/microphone combo jack; Note: This laptop does not include a built-in DVD/CD drive."], "reviewsAspects": ["great laptop", "computer for the price", "bought this laptop", "great computer", "updates", "s-mode", "key", "support", "loaded", "paid", "school", "automatically", "coming", "complete", "download", "poor", "properly"], "productInformation": [{"\nASIN\n": "\nB081721LTM\n", "Customer Reviews": "\n\n\n\n\n\n\n4.5 out of 5 stars\n\n\n\n\n\n\n\n\n288 ratings\n\n\n\n\n\n\n4.5 out of 5 stars\n", "\nBest Sellers Rank\n": "\n\n#18,032 in Computers & Accessories (See Top 100 in Computers & Accessories)\n\n#2,649 in Traditional Laptop Computers\n\n\n", "\nDate First Available\n": "\nNovember 8, 2019\n"}], "productDescription": "Product description\nIntel 8th Generation Core i5-8265U, Quad-core, eight-way, Intel Turbo Boost; 8GB ddr4 system memory; 256GB Solid State Drive (PCI-e); 15. 6\" touch screen, 1366 x 768 HD resolution, LED backlight; Intel UHD Graphics 620; MaxxAudio; Stereo speakers; Weighs 4. 41 lbs. and measures 0. 8\" thin; Power adapter; 3-cell lithium-ion battery. Built-in media reader supports SD memory card formats; Wireless-AC; Ethernet 10/100; Built-in HD webcam with microphone; No Optical Drive; Numeric Keypad; 30-days trial of Microsoft Office and McAfee LiveSafe (30 days trial); Windows 10 Home in S Mode; Headphone/microphone combo jack; 1 USB 2. 0, 2 USB 3. 0 Type A Ports; HDMI; Note: This laptop does not include a built-in DVD/CD drive.", "reviews": [{"reviewerName": "CJR", "reviewerUrl": "https://www.amazon.com/gp/profile/amzn1.account.AHP4A7A7XTL3MARPZLNELLWB3ZLQ/ref=cm_cr_getr_d_gw_btm?ie=UTF8", "rating": "5.0 out of 5 stars", "reviewTitle": "Spouse is happy and satisfied", "reviewDate": "March 8, 2021", "reviewText": "  Working well.", "is_Helpful": ""}, {"reviewerName": "Samantha", "reviewerUrl": "https://www.amazon.com/gp/profile/amzn1.account.AEBAHFDTEY74E5URANMROG6VNYBQ/ref=cm_cr_getr_d_gw_btm?ie=UTF8", "rating": "2.0 out of 5 stars", "reviewTitle": "So so", "reviewDate": "February 15, 2021", "reviewText": "  I have several issues with it", "is_Helpful": ""}, {"reviewerName": "Molly", "reviewerUrl": "https://www.amazon.com/gp/profile/amzn1.account.AGVKWRH5BXRZHC6ZLR5IUKJWWXEQ/ref=cm_cr_getr_d_gw_btm?ie=UTF8", "rating": "1.0 out of 5 stars", "reviewTitle": "Terrible didn\u2019t last 4 months", "reviewDate": "December 2, 2020", "reviewText": "  Terrible died after 4 months", "is_Helpful": ""}, {"reviewerName": "Scott", "reviewerUrl": "https://www.amazon.com/gp/profile/amzn1.account.AESU7ODLOCENNTREAENSVQMECDFA/ref=cm_cr_getr_d_gw_btm?ie=UTF8", "rating": "5.0 out of 5 stars", "reviewTitle": "Works As Advertised", "reviewDate": "November 5, 2020", "reviewText": "  Excellent product, great value, easy set up, and highly recommended", "is_Helpful": ""}, {"reviewerName": "REBECCA", "reviewerUrl": "https://www.amazon.com/gp/profile/amzn1.account.AGYNMNPKANQJRSLH6NFBHB7VGVGA/ref=cm_cr_getr_d_gw_btm?ie=UTF8", "rating": "3.0 out of 5 stars", "reviewTitle": "Bad Charger", "reviewDate": "October 30, 2020", "reviewText": "\"  I ordered 2 of these for my kids virtual learning. Because I had 2, I could tell that one of them had been used previously. A sticker was missing on the keyboard and the programming had been reset. I didnt return it even though I paid for a new laptop and not a used laptop that had been returned. 2 weeks after the cut off for returns and Im regretting that decision. The charger isnt working now and when I use my other charger on this laptop, it charges slow compared to the other.\"", "is_Helpful": ""}, {"reviewerName": "Kelita19 ", "reviewerUrl": "https://www.amazon.com/gp/profile/amzn1.account.AH7F3N3N7XUOVDNRPVWLWDP4ZYWQ/ref=cm_cr_getr_d_gw_btm?ie=UTF8", "rating": "1.0 out of 5 stars", "reviewTitle": "Waste of money,don\u2019t buy it! Poor quality...", "reviewDate": "September 6, 2020", "reviewText": "  i got this in april 14 after 4 months suddenly stop working , and just appear white and grey stripes in the screen \ud83d\udc4e\ud83c\udffcand the worst thing no one it\u2019s responsible for this , no returns policy and dell support doesn\u2019t help .more than $500 in garbage ...", "is_Helpful": ""}, {"reviewerName": "Vernon", "reviewerUrl": "https://www.amazon.com/gp/profile/amzn1.account.AGCKUACNS7QPARWURXQTQKXJBU4Q/ref=cm_cr_getr_d_gw_btm?ie=UTF8", "rating": "5.0 out of 5 stars", "reviewTitle": "A decent laptop", "reviewDate": "September 6, 2020", "reviewText": "  I kind of wish I bought a laptop with a backlit keyboard, but other than that seems like a decent laptop. It slows down a lot when running off battery, still pretty happy with it.", "is_Helpful": ""}, {"reviewerName": "Scott A. Boyd", "reviewerUrl": "https://www.amazon.com/gp/profile/amzn1.account.AFQ6XCJJN34ALPZUDYVQQ2FSV6QA/ref=cm_cr_getr_d_gw_btm?ie=UTF8", "rating": "5.0 out of 5 stars", "reviewTitle": "Works great!", "reviewDate": "August 10, 2020", "reviewText": "  My end user is happy!  10/10 would buy again!", "is_Helpful": ""}, {"reviewerName": "Karina M.", "reviewerUrl": "https://www.amazon.com/gp/profile/amzn1.account.AF5R5W6ZK26JZ4SSL2S333M47CZQ/ref=cm_cr_getr_d_gw_btm?ie=UTF8", "rating": "5.0 out of 5 stars", "reviewTitle": "Excelente", "reviewDate": "July 20, 2020", "reviewText": "  Excelente", "is_Helpful": ""}, {"reviewerName": "jason humbert", "reviewerUrl": "https://www.amazon.com/gp/profile/amzn1.account.AHNWMSMURKBSM4TN37TEAOGYTENQ/ref=cm_cr_getr_d_gw_btm?ie=UTF8", "rating": "5.0 out of 5 stars", "reviewTitle": "Good for Daughters homework and games", "reviewDate": "June 30, 2020", "reviewText": "  I was skeptical at first but bought this laptop for my daughter to use for school and home and was very pleased with the product.", "is_Helpful": ""}, {"reviewerName": "Beverly Shook", "reviewerUrl": "https://www.amazon.com/gp/profile/amzn1.account.AFM6ABGAFPM6K6FOYMWHF5GCGOGA/ref=cm_cr_getr_d_gw_btm?ie=UTF8", "rating": "1.0 out of 5 stars", "reviewTitle": "Can\u2019t get out of S mode!!!!", "reviewDate": "June 28, 2020", "reviewText": "  Just spent almost $500 on a computer that is useless. I can\u2019t get it out of S mode and my college classes require that I download particular lockdown browsers. So basically I threw that money away and I\u2019m still gonna have to find some way to complete my college class that I\u2019m currently enrolled in. This is a bunch of crap\ud83d\ude21\ud83d\ude24\ud83e\udd2f", "is_Helpful": ""}, {"reviewerName": "Megan Schaff", "reviewerUrl": "https://www.amazon.com/gp/profile/amzn1.account.AGP7GRANAYFFLOBMUD5QQEPF2UBQ/ref=cm_cr_getr_d_gw_btm?ie=UTF8", "rating": "5.0 out of 5 stars", "reviewTitle": "Great laptop", "reviewDate": "June 24, 2020", "reviewText": "  I really like this laptop. I bought my husband one for xmas and decided to get a faster one for myself., the Touchscreen is more handy than I thought it would be., \"I didnt like how Microsoft wants you to do everything their way when you start it up but I have managed to get around all of that.\"", "is_Helpful": ""}, {"reviewerName": "Scott Westcott", "reviewerUrl": "https://www.amazon.com/gp/profile/amzn1.account.AEXFEFUJ3YW7UO3PM5QU5MH5NFCQ/ref=cm_cr_getr_d_gw_btm?ie=UTF8", "rating": "1.0 out of 5 stars", "reviewTitle": "Too early to tell", "reviewDate": "June 22, 2020", "reviewText": "  The one star is checked ONLY because some input was demanded.  This is NOT reflective of this product. I purchased this laptop on the advise of my tech guy for my law practice.  I had it sent to him because of this Chinese flu idiocy, as he was hesitant to have me deliver it.  He is configuring it and, only then will I be able to render a more complete review and evaluation.  I should know shortly.  Please accept my apologies.", "is_Helpful": ""}, {"reviewerName": "Aneca", "reviewerUrl": "https://www.amazon.com/gp/profile/amzn1.account.AE4BMVHCYCLUVFW7SY3DFZWM2BKQ/ref=cm_cr_getr_d_gw_btm?ie=UTF8", "rating": "5.0 out of 5 stars", "reviewTitle": "great product", "reviewDate": "June 18, 2020", "reviewText": "  awesome product so far but I thought it could be cheaper", "is_Helpful": ""}, {"reviewerName": "Boris Hsieh", "reviewerUrl": "https://www.amazon.com/gp/profile/amzn1.account.AHBUQUSSGDZZWFHBOGV3NZXYNIHQ/ref=cm_cr_getr_d_gw_btm?ie=UTF8", "rating": "4.0 out of 5 stars", "reviewTitle": "Very nice laptop", "reviewDate": "June 10, 2020", "reviewText": "  The laptop got here really fast and was very well packaged., I am overall very happy with my item. There was a minor hiccup upon receiving the product. The speaker port wasnt working and after initial set up I found multiple programs not working properly and I cant download stuff either. I had to do a system reset and bring the laptop to factory setting and redo everything to get it going. Other than that the laptop is fast and works really well. No cosmetic issue either. For a refurbished laptop and the price I paid I am happy. Thanks!", "is_Helpful": ""}, {"reviewerName": "Gary Bragg", "reviewerUrl": "https://www.amazon.com/gp/profile/amzn1.account.AFIIQQQLHEAJMMIEWSQ452IL2KUQ/ref=cm_cr_getr_d_gw_btm?ie=UTF8", "rating": "5.0 out of 5 stars", "reviewTitle": "Very good computer", "reviewDate": "June 1, 2020", "reviewText": "  Worked as advertised", "is_Helpful": ""}, {"reviewerName": "Kindle Customer", "reviewerUrl": "https://www.amazon.com/gp/profile/amzn1.account.AH6X4347DMOF2VISV4VYCAMQYCBQ/ref=cm_cr_getr_d_gw_btm?ie=UTF8", "rating": "4.0 out of 5 stars", "reviewTitle": "Worthy Purchase", "reviewDate": "May 28, 2020", "reviewText": "\"  Love the computer for the price. Its very quite. Using for school and work so efficient is far. I do have an issue with the actual volume key thats on the device but Im still able to control it with the arrow so its okay\"", "is_Helpful": ""}, {"reviewerName": "@_Mauve", "reviewerUrl": "https://www.amazon.com/gp/profile/amzn1.account.AEO2QZX6TQWQU756XXM2XVGJELAA/ref=cm_cr_getr_d_gw_btm?ie=UTF8", "rating": "3.0 out of 5 stars", "reviewTitle": "Eeh", "reviewDate": "May 26, 2020", "reviewText": "  Cool laptop, blurry picture., Feels cheaply made, just ok", "is_Helpful": "One person found this helpful"}, {"reviewerName": "juanita s.", "reviewerUrl": "https://www.amazon.com/gp/profile/amzn1.account.AEWN2QLWLM4BYEXY43ADFBYZXNQQ/ref=cm_cr_getr_d_gw_btm?ie=UTF8", "rating": "5.0 out of 5 stars", "reviewTitle": "It is easy to use and weighs a lot less than my old computer", "reviewDate": "May 22, 2020", "reviewText": "\"  I havent been able to use it yet because I need to get my info off my old computer.\"", "is_Helpful": ""}, {"reviewerName": "speaklives", "reviewerUrl": "https://www.amazon.com/gp/profile/amzn1.account.AEEZWXUXYKGRZ3OJ4XKVVEVX64CA/ref=cm_cr_arp_d_gw_btm?ie=UTF8", "rating": "3.0 out of 5 stars", "reviewTitle": "OK but keyboard is not backlit and touch pad is flimsy", "reviewDate": "May 17, 2020", "reviewText": "\"  Received this yesterday and so far its just ok. I was misled about the backlit keyboard. Someone in the questions replied that it was backlit, it is not. Also I can see what people are saying about the flimsy TouchPad. The wifi is really good and it boots up very quickly. Getting it out of s mode was a breeze after a quick how to. If I were to have this connected to my own keyboard and mouse it would be a ton better, but if I wanted that I would have gotten a desktop. Ill update if Im swayed better or worse after using it for a while but for this price Id have expected a backlit keyboard and better touch pad.\"", "is_Helpful": "2 people found this helpful"}, {"reviewerName": "Kristi  Rhodes", "reviewerUrl": "https://www.amazon.com/gp/profile/amzn1.account.AECUOFZ2EE23SL5K6EVZ52JNZCYA/ref=cm_cr_getr_d_gw_btm?ie=UTF8", "rating": "5.0 out of 5 stars", "reviewTitle": "great computer", "reviewDate": "May 17, 2020", "reviewText": "  Bought this right before I started working from home, It has all the power I need. Great screen quality and easy to use. Another great Dell product", "is_Helpful": ""}, {"reviewerName": "Toyboy", "reviewerUrl": "https://www.amazon.com/gp/profile/amzn1.account.AFJES3L56LO3PR5WRJSHA3XGTR3A/ref=cm_cr_getr_d_gw_btm?ie=UTF8", "rating": "3.0 out of 5 stars", "reviewTitle": "Issues out of the Box", "reviewDate": "May 17, 2020", "reviewText": "  Nothing but issues", "is_Helpful": ""}, {"reviewerName": "BMC", "reviewerUrl": "https://www.amazon.com/gp/profile/amzn1.account.AEOGFRH2CUEAYDUZWQYUS36SKWCA/ref=cm_cr_getr_d_gw_btm?ie=UTF8", "rating": "4.0 out of 5 stars", "reviewTitle": "Good basic Windows machine", "reviewDate": "May 7, 2020", "reviewText": "  I am a CS student whose senior project revolved around creating a Windows application. As a Mac user tired of using virtual machines and with not enough storage to use Bootcamp, I found myself needing a purely Windows machine in order to properly work on my project. This is the laptop I got. I use the laptop purely for Windows app development (Visual Studio, Google Chrome, GitBash, etc.) and it works perfectly for these needs. All other tasks I carry out through my Mac. The reason I have it as 4 stars is because the screen is really not great. Weird color brightness, poor pixel density, etc. I could be partially biased coming from a 2019 MBP, but I think the screen is objectively bad compared to what most people are probably used to.", "is_Helpful": "One person found this helpful"}, {"reviewerName": "Amazon Customer", "reviewerUrl": "https://www.amazon.com/gp/profile/amzn1.account.AFQV3KFFWLRI5E32I6IAXOTYJBLA/ref=cm_cr_getr_d_gw_btm?ie=UTF8", "rating": "5.0 out of 5 stars", "reviewTitle": "Fast, great value for the price.", "reviewDate": "April 23, 2020", "reviewText": "\"  I was looking for a laptop I could use for both school and work.  This laptop has been great.  Love the touch screen.  The only thing I wasnt real excited about was windows coming in safe mode, but it was easy to switch off.  Good battery life, good screen quality, and great overall value.\"", "is_Helpful": ""}, {"reviewerName": "Daniel Sullivan III", "reviewerUrl": "https://www.amazon.com/gp/profile/amzn1.account.AEDIOYTNOVI2NKOTV2LWN4WWVU5Q/ref=cm_cr_arp_d_gw_btm?ie=UTF8", "rating": "4.0 out of 5 stars", "reviewTitle": "\"Great Laptop - Heres How To Activate Windows And Get Out of Windows 10 S\"", "reviewDate": "April 22, 2020", "reviewText": "  Bought this laptop for my wife. So far I am very impressed. Much like others have posted, you just need to survive the laptop setup, specifically activating Windows and scrapping S mode (assuming you want to). First, don\\t worry about looking for the Windows product key. You won\\t find it. With Dell, the Windows key is embedded in the system. It will activate automatically... eventually. Before it will do so, you need to update Windows repeatedly. Keep going to Start > Settings > Update and Security. Continue choosing the \"Check For Updates\" option, installing every one. Remember, some updates are dependent upon other updates being in place. Update then restart. Wash, rinse, and repeat until Windows says you are up to date. NOW choose Start > Settings > Update and Security > Activation. You will most likely see an error that Windows has been unable to activate. If so, choose \"Troubleshoot\". This will access  the embedded product key, activate Windows, and you are live. Now, if you are fine with Windows 10 S, you are done. If you would prefer Windows 10 Home over 10 S, the activation screen should now have an option to \"Switch to  10 Home from S mode\". If you select this it will open your Microsoft Store app\\s \"Switch Out Of S Mode\" page but with a slight update. (Note, if you searched the Microsoft Store for \"Switch out of S Mode\" before Windows activated, you would see that an update to Microsoft Store was required in order to switch out of S mode. You could update the store app 50 times with no change. The specific update can only happen after Windows is activated.)  The \"Switch Out\" page now offers a \"Get\" button, meaning \"Get me the option to get out of S\". Select \"Get\", let the application know you agree with this \"no going back\" change, and you will be swapped to Windows 10 Home permanently. Now you have a great laptop with an activated version of Windows 10 Home. Enjoy!", "is_Helpful": "31 people found this helpful"}, {"reviewerName": "Tim Webb", "reviewerUrl": "https://www.amazon.com/gp/profile/amzn1.account.AFXI5UNVYP5TTRVHB3EW6TPTWTIQ/ref=cm_cr_getr_d_gw_btm?ie=UTF8", "rating": "4.0 out of 5 stars", "reviewTitle": "Excellent except for the screen - Screen flashes every 10 minutes or so", "reviewDate": "April 5, 2020", "reviewText": "  Great laptop! Super fast boot time, excellent processing power but man, this thing came full of BLOAT WARE! I had to remove all the Dell loaded crap to get it to run properly. My IT department puts our own antivirus and privacy protection software on here so when the Dell scan would kick in, it slowed way down. Removed it and voila! It runs perfect., \"Complaint! The screen does this thing while Im using it where it flashes like you phone does when you take a selfie. This happens about every 10 minutes or so whether on battery or plugged in. Not sure whats up with this but it didnt start until after my warranty window ended! LOL\"", "is_Helpful": ""}, {"reviewerName": "Benediktson Computer, Inc.", "reviewerUrl": "https://www.amazon.com/gp/profile/amzn1.account.AG7D3CLYMREN6CS2FJ3KNYPGRMWQ/ref=cm_cr_getr_d_gw_btm?ie=UTF8", "rating": "3.0 out of 5 stars", "reviewTitle": "A nice machine if you are okay using Windows 10 home in S-mode.", "reviewDate": "March 27, 2020", "reviewText": "  This machine came without a Windows 10 license and had no COA attached to it.  After several updates loaded, it managed to access and automatically activate a digital \"Dell\" license after which I was able to switch out of S-mode; but, the entire experience was worse than having a tooth pulled with absolutely no instruction in the box, on the box or from the Dell website to guide me through the process.  In as much as several of the, Dell software updates that brought in drivers for various hardware would not install in S-mode, this machine was mostly useless until I accidentally found and loaded the correct updates from Microsoft to unlock the ability to switch out of S-mode.  Once that was done, another mass of updates were offered and I was forced to wait another day before I could use the machine.  Dell and Microsoft have outdone themselves in making the Out-Of-Box experience totally unacceptable with this machine and software load.", "is_Helpful": "5 people found this helpful"}, {"reviewerName": "Dana Whitmore", "reviewerUrl": "https://www.amazon.com/gp/profile/amzn1.account.AFQ2JINQ5CYM4PISDVIYD3MDHHMQ/ref=cm_cr_arp_d_gw_btm?ie=UTF8", "rating": "4.0 out of 5 stars", "reviewTitle": "Great laptop - once you get out of Windows 10S", "reviewDate": "March 11, 2020", "reviewText": "\"  In general, this laptop packs a lot of value. The touchscreen works well, the battery lasts quite a while (Ive gone a whole day without a charge), it is quick to start up, lightweight, and very quiet (thank you solid state drive!) Obviously, it is not the kind of powerhouse laptop you would need to play something like fully-modded Skyrim, but it suits casual gaming needs. Truly a great laptop for anyone who needs to work on the go.\", However, the laptop comes with 10S automatically installed. Thankfully you CAN get out of this, with a little research and a lot of patience. Otherwise you\\re stuck only using apps from the Microsoft store. Obvious monopolization? Yeah, but at least you can \"opt out\". Also, keyboard is not backlit and touch pad can be very iffy.", "is_Helpful": "2 people found this helpful"}, {"reviewerName": "Richard A. Grout", "reviewerUrl": "https://www.amazon.com/gp/profile/amzn1.account.AGRCEU533WACQXCZFBUUSHNUZTFA/ref=cm_cr_getr_d_gw_btm?ie=UTF8", "rating": "5.0 out of 5 stars", "reviewTitle": "A good laptop, just what we wanted and what we ordered.", "reviewDate": "March 5, 2020", "reviewText": "  This new Dell Inspiron arrived on time and it is just what we wanted and what we ordered.", "is_Helpful": ""}, {"reviewerName": "C. Brown", "reviewerUrl": "https://www.amazon.com/gp/profile/amzn1.account.AE3DQVPZVMATYMACFFLV7Z3EGEVQ/ref=cm_cr_arp_d_gw_btm?ie=UTF8", "rating": "5.0 out of 5 stars", "reviewTitle": "DUDE...  I GOT A DELL", "reviewDate": "March 5, 2020", "reviewText": "  Searched and searched for this model with camera., New ! Dell Inspiron i3583 15.6\" HD Touch-Screen Laptop - Intel i5-8265U - 8GB DDR4-256GB SSD - Windows 10 - Wireless-AC - Bluetooth, SD Card Reader, HDMI & USB 3.1 -Waves MaxxAudio Pro- Black, There are so many sellers that show a photo  of the laptop and appears to have the built in webcam., Look in the SPECS what the seller is selling, so you get what you want, not what you wished it had., GREAT COMPUTER FOR THE PRICE., Buiit it out to meet my needs and wants, DUDE...  I GOT A DELL.", "is_Helpful": "2 people found this helpful"}, {"reviewerName": "Terria Lincoln", "reviewerUrl": "https://www.amazon.com/gp/profile/amzn1.account.AFI2NQVALS2SWNOW5H2RPAZ4ILAQ/ref=cm_cr_arp_d_gw_btm?ie=UTF8", "rating": "1.0 out of 5 stars", "reviewTitle": "Dell support is useless. The screen is poor quality.", "reviewDate": "March 4, 2020", "reviewText": "  I liked the space it has for gaming. I didn\u2019t like that the screen keeps flashing/blinking. I have called Dell support for help on this issue but it seems like no one there wants to help me. I have a warranty for them to fix the laptop but what good is it if Dell won\u2019t let you use your warranty. I\u2019m never going to buy another Dell laptop again because they don\u2019t want to help you fix if you need help. I would choose any other brand but Dell.", "is_Helpful": "12 people found this helpful"}, {"reviewerName": "elias bermuda", "reviewerUrl": "https://www.amazon.com/gp/profile/amzn1.account.AF7LU5FTMTPADENCGT2OHV5KLJZA/ref=cm_cr_getr_d_gw_btm?ie=UTF8", "rating": "4.0 out of 5 stars", "reviewTitle": "A good buy.", "reviewDate": "March 3, 2020", "reviewText": "  It is a decent product.", "is_Helpful": ""}, {"reviewerName": "jarret l", "reviewerUrl": "https://www.amazon.com/gp/profile/amzn1.account.AG2CXJWM4NMTH7ESCDCZDPON7QRA/ref=cm_cr_getr_d_gw_btm?ie=UTF8", "rating": "5.0 out of 5 stars", "reviewTitle": "Great computer", "reviewDate": "February 26, 2020", "reviewText": "  Great conputer", "is_Helpful": ""}, {"reviewerName": "Debbie", "reviewerUrl": "https://www.amazon.com/gp/profile/amzn1.account.AH3RSOFKL6YLMJLY4HHLIZOYXFIA/ref=cm_cr_getr_d_gw_btm?ie=UTF8", "rating": "1.0 out of 5 stars", "reviewTitle": "Would not recommend it", "reviewDate": "February 10, 2020", "reviewText": "\"  I cant use it more than 20 minutes and it freezes on me\"", "is_Helpful": ""}, {"reviewerName": "Ricardo", "reviewerUrl": "https://www.amazon.com/gp/profile/amzn1.account.AGD5NBLH4E42OVNS7Y4BI5GWSGMA/ref=cm_cr_getr_d_gw_btm?ie=UTF8", "rating": "5.0 out of 5 stars", "reviewTitle": "Great Basic Computer", "reviewDate": "February 6, 2020", "reviewText": "  I bought the computer for my teen daughter for school. She has some design classes and Adobe Photoshop and Illustrator run smoothly. The display quality is also very good for streaming, youtube or netflix., Great buy!", "is_Helpful": "2 people found this helpful"}, {"reviewerName": "Wendy Timana", "reviewerUrl": "https://www.amazon.com/gp/profile/amzn1.account.AFYLZLQRROAEZUTAMAAI6FUO7RCA/ref=cm_cr_getr_d_gw_btm?ie=UTF8", "rating": "5.0 out of 5 stars", "reviewTitle": "Good", "reviewDate": "February 1, 2020", "reviewText": "  Just what I wanted", "is_Helpful": "2 people found this helpful"}, {"reviewerName": "Michael Nunan", "reviewerUrl": "https://www.amazon.com/gp/profile/amzn1.account.AGZ27F6IYMLRSWQYAJU44JG4QMMQ/ref=cm_cr_arp_d_gw_btm?ie=UTF8", "rating": "5.0 out of 5 stars", "reviewTitle": "Products coming with Windows 10 - S mode enabled can confuse customer", "reviewDate": "January 21, 2020", "reviewText": "  On Jan. 16th I wrote a review about a new laptop I bought my sister.  And I gave it a one star because Windows, could not be activated and an error message was indicating that Windows was unable to update and that perhaps, the product key needed to loaded into the system. Windows comes bundled with any mention of the product key, that is identified with this laptop., Apparently, Windows 10 now comes with S mode enabled for security against the download of any non Microsoft applications which may well be great but it causes an issue when trying to activate Windows and update the latest versions updates onto the laptop.  There is a nice warning that it\\s best to keep the S-mode enabled.  So after some significant amount of wait time with Microsoft support person in West Africa \"Linda\" we figured out you must disable the S-mode in the activation phase in order to allow updates of the laptop  and complete the activation setup.  There, were 6 new versions.  After loading all the update  versions  of Window ( from verion 1903 to version 1909 ) and 2 hours later we were done.  \"Congratulation, you have successfully activated Windows on your computer., My suggestion with the sale of products bundled with Windows 10  S-mode  is to put something in the box about the, windows activation process and for those who like me ordered this and found there is absolutely no technical setup, instructions to discuss the disabling of the \"S- mode\" setting.  Thank you Microsoft....Dell you need a better startup, process with your computers.  Other then this setback the product is great and I have revised my rating to 5 stars on the product.", "is_Helpful": "50 people found this helpful"}, {"reviewerName": "Renard Shields", "reviewerUrl": "https://www.amazon.com/gp/profile/amzn1.account.AHB6GHGUOGMOZNRIX7WI3ENSXYYQ/ref=cm_cr_getr_d_gw_btm?ie=UTF8", "rating": "5.0 out of 5 stars", "reviewTitle": "Good laptop", "reviewDate": "January 14, 2020", "reviewText": "  I use it daily", "is_Helpful": ""}, {"reviewerName": "Joey", "reviewerUrl": "https://www.amazon.com/gp/profile/amzn1.account.AFKM5ATAI3NFAUC3WGOXGWXRGOYA/ref=cm_cr_arp_d_gw_btm?ie=UTF8", "rating": "4.0 out of 5 stars", "reviewTitle": "Great computer for streaming to TV.", "reviewDate": "January 14, 2020", "reviewText": "\"  Ive always had great luck with Dell.  Id have given it a 5-star rating if it didnt come with Windows 10-S.  This should be an option that you can turn on or off, not a one-time decision.  At least its free to turn it off.  Otherwise this seems to be a great little computer.  Not a gamer, by any means, but just what we needed.\"", "is_Helpful": "6 people found this helpful"}, {"reviewerName": "Deborah", "reviewerUrl": "https://www.amazon.com/gp/profile/amzn1.account.AHBKQ4VOVOFXZTNGTDVGFA7MN7CA/ref=cm_cr_getr_d_gw_btm?ie=UTF8", "rating": "5.0 out of 5 stars", "reviewTitle": "A great buy in Laptops!", "reviewDate": "January 1, 2020", "reviewText": "  I purchased this laptop for my 15-year old grandson as a Christmas present. Although I personally have not used it, my grandson was very excited to receive it and loves the laptop.", "is_Helpful": "3 people found this helpful"}, {"reviewerName": "S. Subramanian", "reviewerUrl": "https://www.amazon.com/gp/profile/amzn1.account.AHCIKSWACQ53J4BA7NF2A7KU2YAA/ref=cm_cr_arp_d_gw_btm?ie=UTF8", "rating": "1.0 out of 5 stars", "reviewTitle": "stopped working after 3 days - hits a black screen", "reviewDate": "December 12, 2019", "reviewText": "  you get what you paid for :(! This seller charges 20% restocking fee .  So you loose money if laptop stopped working in few days!!!\\xa0, I got a black screen on windows start up and it never worked again even after reseting / restarting. MS support asked for paid support.", "is_Helpful": "46 people found this helpful"}, {"reviewerName": "elaine steen", "reviewerUrl": "https://www.amazon.com/gp/profile/amzn1.account.AFVEJAXLG4ZH67KT35SQGDM7TFVQ/ref=cm_cr_arp_d_gw_btm?ie=UTF8", "rating": "5.0 out of 5 stars", "reviewTitle": "Lots of computer for the price.", "reviewDate": "December 8, 2019", "reviewText": "  Dell i3583, i5-8265 processor. 8gb memory and256GB ssd.  In s-mode for windows, Easy videos on YouTube to change this (I read anyways). Real fast Computer after windows changed I heard. Looks great. Packaged good. Will give update maybe after Christmas. No scratches on screen. Impressed so far, especially for the price. Have 2 unpacking videos. (Actual box it arrived in and actual Dell box.)", "is_Helpful": "17 people found this helpful"}, {"reviewerName": "Anita Collins", "reviewerUrl": "https://www.amazon.com/gp/profile/amzn1.account.AEG7ULEDV5AJGELECQI4C2DTOESA/ref=cm_cr_arp_d_gw_btm?ie=UTF8", "rating": "5.0 out of 5 stars", "reviewTitle": "Perfect Laptop", "reviewDate": "December 7, 2019", "reviewText": "  Arrived on time and works great.  Just what I needed.", "is_Helpful": "6 people found this helpful"}], "qAndA": [{"question": "it's really touchscreen I want to make sure it's", "answer": "Yes it is! My high schoolers love it for school."}, {"question": "The photo shows the number pad included ilon keyboard. Is this accurate?", "answer": "SHORT ANSWER YES"}, {"question": "What would I need to upgrade the laptop screen to 1080p? Does it have the right connectors?", "answer": "What are you even talking about"}, {"question": "They keyboard is not backlit on this laptop. If I bought a Dell backlit keyboard to replace it, will the laptop be able to support that?", "answer": "Answer not available"}, {"question": "is the one for USD 412 new?", "answer": "ye\u2006s"}, {"question": "Can you play sims 4 on it?", "answer": "No idea. You can use a lot of graphic design software. Video streaming is nice. My daughter plays online games like Roblox, but no idea if Sims runs ok"}, {"question": "Can you write on the screen with a stylus?", "answer": "This model does not work with the stylus."}, {"question": "does this have the real windows 10 home installed or is it the internet based operating system 10 S mode?", "answer": "It comes with 10 s, but it is possible (for free) to roll it back to 10 Home. We did ours in about 3 minutes... Just remember that once you revert to 10 home, you are unable to return to 10 S."}, {"question": "Looking for a Dell laptop with raised keyboard?", "answer": "Answer not available"}, {"question": "How can I get out of s mode after activation? Do I have to pay for window 10 home without s mode ?", "answer": "NO, Go to Windows Store\nSwitch for Free\nUpgrade to PRO you will have to pay for."}, {"question": "soporta 5g y 2.4 en la wifi?", "answer": "Answer not available"}, {"question": "Q tarjeta de video tiene?", "answer": "Answer not available"}, {"question": "I ordered las Nov 30th but still not shipped, why? When will receive it?", "answer": "I ordered mine on Nov. 26, and mine arrived on Nov. 29."}, {"question": "Does this computor have a lighted keyboard?", "answer": "Yes it does."}, {"question": "DELL laptop with raised keyboard not flat?", "answer": "not flat"}, {"question": "Received my laptops today, ordered two of these and neither of them have light up keys?", "answer": "So call Dell? What do you want ME to do about it?"}, {"question": "Puedo desistalar el modo S?", "answer": "Answer not available"}, {"question": "I need a LA keyboard.. how can i get?", "answer": "Answer not available"}, {"question": "Can anyone recommend a stylus/touch pen that will be compatible with this inspiron i3583 touch-screen laptop? thank you", "answer": "this model of laptop is not compatible with any stylus, based on my research."}, {"question": "Can this laptop be used with the following dell docking station? how to determine? https://www.amazon.com/gp/product/b07v867lw4/ref=ask_ql_qh_dp_hza", "answer": "Answer not available"}, {"question": "hello, on this laptop do the keyboard letters light up?", "answer": "Yes."}, {"question": "Does this have nvme M.2 ?", "answer": "No , but better. It use DDR4-256GB SSD which is roughly half to a whole million times faster in response time than NVMe."}, {"question": "Does it come with ms office?", "answer": "Mine came with a 30 day free trial to office 365 - after that you need to buy a license for office"}, {"question": "Is the processor eighth or tenth generation?", "answer": "8th"}, {"question": "Is the installed Windows 10 version 64 bit?", "answer": "yes, Windows 10 Home 64 bits pre-installed with Dell Inspiron i3583."}, {"question": "Does it have an Optical drive?", "answer": "It has no cd/dvd/bd drive."}, {"question": "Does it have wifi?", "answer": "Yes. You just need to go in to settings and put in your WIFI password."}, {"question": "Does it have an international warranty?", "answer": "Nope, I don't think so. it come with an US limited warranty."}, {"question": "Can I use this to update and verify my YouTube channel with no crash problems?", "answer": "No"}, {"question": "Is the keypad backlit?", "answer": "No it's not"}, {"question": "can I run a second monitor? I need a larger monitor for my work", "answer": "Yes you can. With an hdmi cable."}, {"question": "Is it good for gaming?", "answer": "Yes"}, {"question": "Speakers are pathetic.It gives echo in the background if i play any video.It doesnt look like its about settings.Any advise?", "answer": "You might need to update the speakers."}, {"question": "how long is battery life?", "answer": "A few hours"}, {"question": "does it work with a docking station ?", "answer": "What is a docking station"}, {"question": "Potential purchase for my 10-year old for upcoming online learning due to closed schools. We won't be gaming; just looking for a solid laptop. Yes?", "answer": "It is a solid laptop. I purchased it as a Christmas present for my 15-year old grandson and he loves it - uses it for a variety of applications."}, {"question": "Can the RAM / memory be upgraded in this?", "answer": "Mins came with 8 GB one DDR4 stick\nHas two slots, Bought Second 8GB and installed myself"}, {"question": "is this an i3 or i5 laptop?", "answer": "The title of the item states it is an - New ! Dell Inspiron i3583 15.6\" HD Touch-Screen Laptop - Intel i5-8265U - 8GB DDR4-256GB SSD - Windows 10 - Wireless-AC - Bluetooth, SD Card Reader, HDMI & USB 3.1 -Waves MaxxAudio Pro- Black\nSo I believe it is an i5"}, {"question": "Can you transfer pictures from iPhone to this computer?", "answer": "You can transfer pictures from iPhone to any computer. Just email them to yourself???"}, {"question": "Does it have international warranty for qatar..??", "answer": "I don't think so."}, {"question": "Does this laptop support Quickbooks 2020?", "answer": "Google the system requirements for quickbooks and then read the laptop product description."}, {"question": "Do we get the product key to activate windows ?", "answer": "Just need to click activate. No product key require. It is OEM from Dell."}, {"question": "what model year is this computer?", "answer": "2019"}, {"question": "what type memory would I get if I wanted to add more?", "answer": "DDR4 (comes with 8GB) according to description/specifications"}, {"question": "Does this model have a docking station connection on the bottom?", "answer": "Answer not available"}, {"question": "What is the cost for microsoft office isit an annual fee one time cost", "answer": "Answer not available"}, {"question": "Does it have bluetooth", "answer": "yes it has utube"}, {"question": "What printer can I use for this laptop?", "answer": "Any printer. We use an HP Office Jet."}, {"question": "Please define seller's warranty and eturn policy. Thank you.", "answer": "1 year manufacturer warranty."}, {"question": "What is the cost for microsoft office? Is it an annual fee one time cost", "answer": "It's about $100/year for the Home version, which works on up to 5 devices."}, {"question": "How easy is it to swap hard drive,add memory, etc? Can it be done like we used to do without having to open the whole bottom up?", "answer": "Having done both, MEM and HDD\nYou Must Open it up. Very Easy\nNOW, Keyboard swap... Not For A Rookie"}, {"question": "Is the genuine dell new product ?", "answer": "Yes"}, {"question": "THIS 110-220 volts", "answer": "Its 110 volts"}, {"question": "Processor speed", "answer": "The description on the Amazon product page states 1.6 GHz CPU speed I hope that helps"}, {"question": "How long is battery life?", "answer": "about 4 hours."}, {"question": "how do i get in contact with the seller?? i need 5 units but only 2 are in stock. is there any way they can up the stock ?", "answer": "I've seen it posted telling you what's in stock and more expected by a certain date or unknown next delivery of stock. AMAZON even gives you a box to check, Notify Me When Stock Is Available on most items."}, {"question": "Can you upgrade it for more HD space?", "answer": "YES, Very Easy to do"}, {"question": "Will this be a good computer for adobe photoshop. Enough memory?", "answer": "For photoshop, you may need a better model, iCore 7 with 16GB of RAM shall be better for photoshop."}, {"question": "How do I get it out of S mode?", "answer": "There are a number of tutorials on YouTube. We converted ours back to Windows 10 Home, and it was very simple. Just bear in mind that once you revert to home, you will not be able to return to S-mode (I don't know why anyone WOULD, though)..."}, {"question": "How about the warranty in Qatar if I import it...??", "answer": "Answer not available"}, {"question": "Does this computer fold over to be used like a tablet?", "answer": "No, it does not fold over."}, {"question": "Does it have Bluetooth", "answer": "Yes it sure does. Just do a search on your computer and type bluetooth. But it should be under your connections and networks."}, {"question": "Does Outlook come in Microsoft Office?", "answer": "Outlook is a part of Microsoft Office, and is not pre-installed on this computer. If you wish to use Microsoft office, you will be required to pay an additional cost."}, {"question": "Is this a 2020 model?", "answer": "Yes it is."}, {"question": "Why dos this computer keep losing internet connection when the router and modem are still working?", "answer": "I know this is an old thread but this may help others. Get a WiFi status app for your phone or tablet. Wifi can be spotty in different locations in a home. If the signal is strong where your laptop is located then investigate an issue with the wifi card, etc."}], "time": ["09/04/2021 18:55:57"], "reviewsCountInfo": {"expRevCount": 43, "actRevCount": 43, "nonEnglishRevCount": 1}, "scrapperInfo": {"Version": "1.3.2", "Released Date": "08/04/2021"}, "productURL": "https://www.amazon.com/gp/product/B081721LTM", "ASIN": "B081721LTM", "title": "New ! Dell Inspiron i3583 15.6\" HD Touch-Screen Laptop - Intel i5-8265U - 8GB DDR4-256GB SSD - Windows 10 - Wireless-AC - Bluetooth, SD Card Reader, HDMI & USB 3.1 -Waves MaxxAudio Pro- Black", "manufacturer": " Dell Store", "currentPrice": "$676.56", "rating": "4.5", "totalRatings": "288 "}