{"features": ["With 9th Generation Intel Hexa-Core i7-9750H Processor @ 2.60GHz(6 Cores, 12M Cache, up to 4.50 GHz), Powerful 6-core, twelve-way processing performance.", "With 17.3\" FHD (1920x1080), 16:9, 120Hz, 45% NTSC, IPS-Level Display; NVIDIA GeForce GTX 1050 Ti 4G GDDR5", "With 32GB DDR4 2666MHz DRAM Memory for intense multitasking and gaming; 256GB PCIE SSD + 1TB HDD save files fast and store more data. dual drives ensure faster performance and better reliability.", "Intel 9560 Jefferson Peak (2x2 802.11 ac), Bluetooth 5.0, 720p HD Webcam, 3x USB 3.2 Gen1, 1x USB 3.2 Gen2 Type C, HDMI (supports 4K @ 30Hz), 1/1 APDIF Headset AMP + Gold Flash jacks", "Windows 10 Home 64-Bit. Single backlight with Anti-Ghost key+ silver lining keyboard."], "reviewsAspects": [], "productInformation": [{"\nASIN\n": "\nB081RMXZ8L\n", "Customer Reviews": "\n\n\n\n\n\n\n4.2 out of 5 stars\n\n\n\n\n\n\n\n\n17 ratings\n\n\n\n\n\n\n4.2 out of 5 stars\n", "\nBest Sellers Rank\n": "\n\n#82,345 in Computers & Accessories (See Top 100 in Computers & Accessories)\n\n#14,584 in Traditional Laptop Computers\n\n\n", "\nDate First Available\n": "\nNovember 20, 2019\n"}], "productDescription": "Product description\nOS\n -Windows 10\nCPU\n -9th Generation Intel Hexa-Core i7-9750H Processor @ 2.60GHz(6 Cores, 12M Cache, up to 4.50 GHz)\nChipset\n -HM370\nColor\n -Aluminum Black\nScreen Size\n -17.3\" FHD (1920x1080), 16:9, 120Hz, 45% NTSC, IPS-Level\nGPU\n -NVIDIA GeForce GTX 1050 Ti\nVideo Memory\n -4G GDDR5\nKeyboard\n -Single backlight with Anti-Ghost key+ silver lining\nAudio\n -Nahimic 3\nSpeaker\n -Speakers 2W*2\nMemory\n -32GB DDR4 2666MHz\nHDD Capacity\n -256GB PCIE SSD + 1TB HDD\nOptical Drive Type\n -_\nLAN\n -QCA8171\nWLAN\n -Intel 9560 Jefferson Peak (2x2 802.11 ac)\nBluetooth\n -BT 5\nCard Reader\n -_\nWebcam\n -720p HD Webcam\nUSB\n -3x USB 3.2 Gen1\nType-C Port\n -1x USB 3.2 Gen2 Type C\nVideo Port\n -HDMI (supports 4K @ 30Hz)\nAudio Port\n -1/1 APDIF Headset AMP + Gold Flash jacks\nAC Power Adaptor\n -150W\nBattery Pack\n -3 cell (51Whr)\nDimension\n -15.63\"x10.24\"x0.9\"\nWeight\n -4.85 lbs\n ", "reviews": [{"reviewerName": "Emily and Chris", "reviewerUrl": "https://www.amazon.com/gp/profile/amzn1.account.AEJULVI47ANTIZSAD2ALOOSKEGGA/ref=cm_cr_arp_d_gw_btm?ie=UTF8", "rating": "5.0 out of 5 stars", "reviewTitle": "Great value", "reviewDate": "November 19, 2020", "reviewText": "  Really good computer for the price and runs great. Highly recommended.", "is_Helpful": ""}, {"reviewerName": "Jeremy A. Cook", "reviewerUrl": "https://www.amazon.com/gp/profile/amzn1.account.AFL4AHT7NRGT52Q6QHQZ5PLOAVFA/ref=cm_cr_arp_d_gw_btm?ie=UTF8", "rating": "5.0 out of 5 stars", "reviewTitle": "Great Laptop", "reviewDate": "November 5, 2020", "reviewText": "  We bought this for my son, he is going to A&M for engineering and this laptop higher required specs and was a great price! He loves it and has had no problems at all! It\u2019s done everything he needed plus some!", "is_Helpful": ""}, {"reviewerName": "Michael D. Rose", "reviewerUrl": "https://www.amazon.com/gp/profile/amzn1.account.AEYJM37GSU5FNHOKG3WGVXRMZOPQ/ref=cm_cr_arp_d_gw_btm?ie=UTF8", "rating": "2.0 out of 5 stars", "reviewTitle": "A key popped off in under 6 months. Crickets.", "reviewDate": "October 25, 2020", "reviewText": "\"  Ive only had it for 6 months and its falling apart. The A key popped off. I contacted seller. They talked back and forth for 2 consecutive days. I thought hum this company is going to honor their product. Now silence for the last 4 days. Not very happy at this time. About to file a complaint with Amazon.\"", "is_Helpful": ""}, {"reviewerName": "John Simion", "reviewerUrl": "https://www.amazon.com/gp/profile/amzn1.account.AHYMC4Y57K7U4KVE4PMI2CKADYAQ/ref=cm_cr_getr_d_gw_btm?ie=UTF8", "rating": "1.0 out of 5 stars", "reviewTitle": "Awful Computer", "reviewDate": "July 20, 2020", "reviewText": "  I have had an MSI GE73VR, very similar to this one that I\\ve used on my desktop for about two years (i.e., it never moves).  About one out of 20 times the SSD will boot but the hard disk randomly chooses not to.  There is no rhyme or reason to this.  Usually the hard drive boots fine the second time but when it doesn\\t, I may have to reboot several times to get it to work, and NO, I don\\t mess with the software other than normal updates.  I write novels and play computer games, and I\\ve had several keys pop off.  You can put them back but they will keep popping off until you replace them at $17 apiece, then the cycle begins again.  Currently my \"S\" key is held on with Superglue; it moves more slowly than the others which is why I am now using a one-handed keyboard for gaming.  The computer also comes with a touchpad that cannot be turned off and constantly interferes with your typing.  The device manager does not show its existence so there is nothing to turn off there.  It has an Fn-F3 key that is supposed to turn it off but doesn\\t work.  I\\ve done software fixes a couple of times that work for a while and then one day (like today) suddenly the touchpad is up to its old tricks again.  Rather than spend hours on another temporary software fix, this time I taped a piece of cardboard over it.  Before I bought this POS, I owned a similar model from ASUS that never gave me any trouble at all for several years.  This is not the experience I expected from an expensive computer like this.", "is_Helpful": ""}, {"reviewerName": "rebekah sipiorski", "reviewerUrl": "https://www.amazon.com/gp/profile/amzn1.account.AE6UH4JSEYQBKQDHZVGCMLCBE7VQ/ref=cm_cr_arp_d_gw_btm?ie=UTF8", "rating": "4.0 out of 5 stars", "reviewTitle": "Battery life isnt that great", "reviewDate": "April 15, 2020", "reviewText": "  but other than that its an amazing lap", "is_Helpful": ""}, {"reviewerName": "J. H.", "reviewerUrl": "https://www.amazon.com/gp/profile/amzn1.account.AFPIVD6UNH22Y2XJZITP3NAZK5XQ/ref=cm_cr_arp_d_gw_btm?ie=UTF8", "rating": "5.0 out of 5 stars", "reviewTitle": "WARPER!", "reviewDate": "March 12, 2020", "reviewText": "  THE NAME OF MY LAPTOP IS WOW!!, This laptop is a ROCKET! It\u2019s so fast it blows my mind! I can do many tasks at once! The gaming SPEED IS WARP X WARP SPEED! Captain Kirk would, Be impressed! WOW!!", "is_Helpful": "One person found this helpful"}, {"reviewerName": "Rudolph", "reviewerUrl": "https://www.amazon.com/gp/profile/amzn1.account.AGLSKTWW3NYMGA4KQWZL36MEALWA/ref=cm_cr_getr_d_gw_btm?ie=UTF8", "rating": "5.0 out of 5 stars", "reviewTitle": "Great value laptop", "reviewDate": "March 7, 2020", "reviewText": "  I am a big fan of MSI and this laptop does not disappoint. Price to performance it was the best deal by far.", "is_Helpful": ""}, {"reviewerName": "Euddys Rosario", "reviewerUrl": "https://www.amazon.com/gp/profile/amzn1.account.AF26CT6B5GJQUSRTUMKE5CZZBMLA/ref=cm_cr_arp_d_gw_btm?ie=UTF8", "rating": "5.0 out of 5 stars", "reviewTitle": "It is an amazing laptop. A Rocket One that do the job by far", "reviewDate": "February 17, 2020", "reviewText": "  I bought this laptop for working, and maybe, for playing a little game if there is time enough. 32 GB of RAM let me virtualize/sandboxing some operating system at the same time, various Linux distro, Different Windows Version, and even other operating system for testing purpose like iOS., The laptop is really fast. I use Visual Studio, Android Studio and other programming environments (IDE), and they work just smoothly, even with all of them open concurrently at the same time.  The designing application works better than expected. I am not a gamer, but I can guess it will do the job with no problem at all, maybe later I will test a game and update my comments a bit about it, Two Suggestions:., 1) To improve your experience, replace the included 1TB SATA disk, with an SSD Disk to accomplish even faster results. I did that., \"2) If you want to have more room in the first disk (the included NVME 256GB), just get another one with at least 500GB. (Optionally). Or Just do not install anything different to operating system in it. And use the second disk for your applications, If you dont your primary will run out of space soon.\", The Not So Good:, The battery do not long last enough, even using or keeping open minimal applications., Preliminary Conclusion after using the laptop for the last 2 weeks:, A fast laptop that worth it to buy. I really like it too much., Enjoy it.", "is_Helpful": "2 people found this helpful"}, {"reviewerName": "Tyler Hale", "reviewerUrl": "https://www.amazon.com/gp/profile/amzn1.account.AFO36GRF7F4KG7YMN6IVN3XZALEA/ref=cm_cr_arp_d_gw_btm?ie=UTF8", "rating": "5.0 out of 5 stars", "reviewTitle": "Well worth the price", "reviewDate": "February 8, 2020", "reviewText": "  Aside from HDMI audio issues there were no problems with the laptop. Well worth the price", "is_Helpful": "One person found this helpful"}, {"reviewerName": "Amazon Customer", "reviewerUrl": "https://www.amazon.com/gp/profile/amzn1.account.AHRNZFV7LTQTH52ZZ6XU3WWHZB5A/ref=cm_cr_getr_d_gw_btm?ie=UTF8", "rating": "5.0 out of 5 stars", "reviewTitle": "Very good!", "reviewDate": "January 22, 2020", "reviewText": "  Was very good I love it!!", "is_Helpful": "One person found this helpful"}, {"reviewerName": "Rob Zombie", "reviewerUrl": "https://www.amazon.com/gp/profile/amzn1.account.AG6B6OUNSOXAPDYAI5B6PJDGJGKQ/ref=cm_cr_arp_d_gw_btm?ie=UTF8", "rating": "1.0 out of 5 stars", "reviewTitle": "Blue screen and packaging damage", "reviewDate": "January 14, 2020", "reviewText": "  obvious packaging damage and blue screen on every reboot right out of the box:  \"SYSTEM_SERVICE_EXCEPTION\" upon each reboot.  not what we expected from a thousand dollar MSI laptop.  I\\ll be scheduling a pickup to ship back to amazon to be fully refunded.", "is_Helpful": "4 people found this helpful"}, {"reviewerName": "Andrew Lee", "reviewerUrl": "https://www.amazon.com/gp/profile/amzn1.account.AGJOMD2KA5LZU4GUL5G7IYJPT2OQ/ref=cm_cr_arp_d_gw_btm?ie=UTF8", "rating": "5.0 out of 5 stars", "reviewTitle": "GREAT VALUE AMAZING MACHINE!", "reviewDate": "January 10, 2020", "reviewText": "  I purchased this laptop as a much needed upgrade for work use when I am at home. I chose the 32gig RAM model because of price. It has been 8 days and I have to say I am very impressed with this machine. The design and material is very sleek. The hinges for the screen seem super sturdy, shipping was very fast and it even came a day earlier than expected. I use this machine for the following, AutoCad, Illustrator,Blendr,Python,PhotoShop,RDworks, and many other PLC related programs., I have had all of these running in multiples many diff times working from home and never had a problem.  The good and the bad, 1. Extremely fast, 2. Awesome graphics, 3. Sleek design. (Looks like a Ferrari), 4. Great touchpad, 5. Well lit keyboard, 6. Sturdy hinges and frame., 7. Pricing is great, 8. Ships fast, 9. Great machine for value and pricing., The bad, 1. Battery doesnt last long., ( I am also running a LOT of intense programs though so it could be just me ), I hope this helps.", "is_Helpful": "8 people found this helpful"}, {"reviewerName": "Monarath Dahal", "reviewerUrl": "https://www.amazon.com/gp/profile/amzn1.account.AHMH5LEK5AHSXZCZXPJ6S2DLUHPQ/ref=cm_cr_arp_d_gw_btm?ie=UTF8", "rating": "5.0 out of 5 stars", "reviewTitle": "The item received is as described", "reviewDate": "December 9, 2019", "reviewText": "  The item received is as described and the performance is great", "is_Helpful": "5 people found this helpful"}], "qAndA": [{"question": "Is it true that this 17.3 inch computer has a 32gb of RAM and is not a writing error?", "answer": "Absolutely. It has 32gb of RAM. I bought this one, some weeks ago. Incredible performance."}, {"question": "can you change the color of the keys from red to something else?", "answer": "Answer not available"}, {"question": "Where is the computer ship from?", "answer": "Answer not available"}, {"question": "Is this laptop compatible with nvme m.2 ssd pcie gen3 x4 ? please, see factor x4 ... thanks", "answer": "Answer not available"}, {"question": "I received the laptop but it only has the c drive and says it has 218 gb. i don't see a drive that includes the 1tb hdd?", "answer": "Look under my computer. You will see the C drive which is the solid state drive and the D drive which is the 1tb. They are physically two different drives."}, {"question": "Do all msi computers have red keypads?", "answer": "No clue. The one I purchased did have a red keyboard."}, {"question": "Can this laptop actually be used on your lap or does it get to hot to do that?? I'm looking to purchase this to primarily do video editing.", "answer": "I would say it might be a bit hot to actually put on laps. But that would be not just for this one but in general."}, {"question": "Does this have a cd/dvd drive", "answer": "No it doesn't have a CD/DVD drive."}, {"question": "Where's the company ship from?", "answer": "Mine was happy ranger."}, {"question": "The description says 256 ssd + 1 tb, then the specs say 256 hd, which is correct before i purchase and rush to get here to my son?", "answer": "It is both a 256GB SSD and a 1TD HDD."}], "time": ["09/04/2021 20:13:27"], "reviewsCountInfo": {"expRevCount": "13", "actRevCount": 13, "nonEnglishRevCount": 0}, "scrapperInfo": {"Version": "1.3.2", "Released Date": "08/04/2021"}, "productURL": "https://www.amazon.com/gp/product/B081RMXZ8L", "ASIN": "B081RMXZ8L", "title": "2019 MSI GF75 Laptop 17.3\" 120Hz FHD Gaming Computer| 9th Gen Intel Hexa-Core i7-9750H Up to 4.5GHz| 32GB DDR4 RAM| 256GB PCIE SSD + 1TB HDD| GeForce GTX 1050 Ti 4GB| Backlit Keyboard| Win 10", "manufacturer": " MSI Store", "currentPrice": "$1,344.99", "rating": "4.2", "totalRatings": "17 "}