{"features": ["\u3010High Speed\u3011RAM is upgraded to 32GB DDR4 memory for multitasking Adequate high-bandwidth RAM to smoothly run multiple applications and browser tabs all at once", "\u3010Enormous Space\u3011Hard Drive is upgraded to 1TB SSD (Boot) + 500GB HDD provides massive storage space for huge files, so that you can store important digital data and work your way through it with ease. Enhance the overall performance of the laptop for business, student, daily usage"], "reviewsAspects": [], "productInformation": [{"\nASIN\n": "\nB0822ZQ44V\n", "\nBest Sellers Rank\n": "\n\n#353,335 in Computers & Accessories (See Top 100 in Computers & Accessories)\n\n#61,955 in Traditional Laptop Computers\n\n\n", "\nDate First Available\n": "\nNovember 27, 2019\n"}], "productDescription": "\nNexiPC sells computers with upgraded configurations. If the computer has modifications (listed below), then the manufacturer box will be opened and resealed for it to be tested and inspected and to install the upgrades to achieve the specifications as advertised.\nSimple. Powerful. Compatible. The ThinkPad E490 offers the simplicity of Windows 10 Professional\nIt's port rich for all of your peripherals, including USB Type-C Thunderbolt 3, and is powered by 8th Gen Intel processors delivering faster performance.\nThe ThinkPad E490 makes maintenance easy, too. It's reliable-as shown by the series of rigorous tests it undergoes against shocks, drops, and other extremes and gaining itself the MIL-STD-810G military certification-and secure, thanks to its TPM 2.0 chip.\nBuilt for Business-Tested for Life\nOur ThinkPad E Series PCs undergo a range of testing like hinge life-cycle durability, fan testing to keep thermals in check, vibration and shock tests for everyday handling and transporting, and even keyboard testing to verify sturdiness and longevity of keys and components. When you buy the ThinkPad E490, you get the perfect blend of value and durability.\nRein in Your Travel Budget\nWhen your meetings take you around the world, you can trust the ThinkPad E590 to deliver superb web conferencing. This business machine features enhanced VoIP calls with an HD webcam, dual-array noise cancelling microphones, and Dolby Audio. No matter where you are, you'll feel like you're in the same room-plus, the ThinkPad E490 is even Skype-certified.\nDazzle with style\nWhen it comes to being on the go, not only is the ThinkPad E490 light enough to tuck under your arm while heading to your next client meeting, but it's sure to look good too. Choose the durable plastic top cover with HD displays for a more cost-effective model, or stick with the metal version on the FHD display for a thinner model. Either way, there are two colors to convey your personal style: sleek Silver or classic Black.\nExpress Yourself\nThe ThinkPad E590 features a sleek metallic finish available in two distinct colors. Choose your signature style in sleek Silver or classic Black. Either way, you're sure to impress.\nTested for battle, built for success\nEvery ThinkPad laptop undergoes stringent testing for reliability and durability, including surviving in hazardous physical and environmental conditions.\nMultiple Ports and Slots\n2 x USB 3.1 Gen 1; 1 x USB 3.1 Type-C; 1 x USB 2.0 port; 1 x RJ-45; 1 x headphone/microphone combo; 1 x HDMI; 1 x MicroSD card reader port;", "reviews": [], "qAndA": [], "time": ["09/04/2021 19:52:24"], "reviewsCountInfo": {"expRevCount": "0", "actRevCount": 0, "nonEnglishRevCount": 0}, "scrapperInfo": {"Version": "1.3.2", "Released Date": "08/04/2021"}, "productURL": "https://www.amazon.com/gp/product/B0822ZQ44V", "ASIN": "B0822ZQ44V", "title": "2020 NexiGo ThinkPad E490 14 Inch FHD 1080P Business Laptop| Intel 4-Core i5-8265U up to 3.9GHz| 32GB DDR4 RAM| 1TB SSD (Boot) + 500GB HDD| WiFi| Bluetooth| Windows 10 Pro", "manufacturer": " NexiGo Store", "currentPrice": "", "rating": "0", "totalRatings": "0"}