{"features": ["\u301015.6 Inch Laptop\u301115.6 inch FHD (1920x1080) IPS 250nits Anti-glare, Intel UHD Graphics 620", "\u3010Quad Core i7-8565U\u3011Intel Quad-Core i7-8565U Processor, 1.8 GHz base frequency, up to 4.6 GHz with Intel Turbo Boost Technology, 8 MB cache", "\u3010High Speed\u3011RAM is upgraded to 32GB DDR4 memory for multitasking Adequate high-bandwidth RAM to smoothly run multiple applications and browser tabs all at once", "\u3010Enormous Space\u3011Hard Drive is upgraded to 1TB SSD provides massive storage space for huge files, so that you can store important digital data and work your way through it with ease. Enhance the overall performance of the laptop for business, student, daily usage", "\u3010External Ports and Slots\u30111 x USB 3.1 Gen 2 Type-C, 2 x USB 3.1, 1 x USB 2.0, 1 x HDMI 1.4b,1 x RJ45, 1 x MicroSD card reader,1 x Headphone / mic combo"], "reviewsAspects": [], "productInformation": [{"ASIN": "B0822Z5Q1B", "Best Sellers Rank": "#42,247 in Computers & Accessories (See Top 100 in Computers & Accessories)\n#10,698 in Traditional Laptop Computers", "Shipping Weight": "6 pounds (View shipping rates and policies)", "Date First Available": "November 27, 2019"}], "productDescription": "\nNexiPC sells computers with upgraded configurations. If the computer has modifications (listed below), then the manufacturer box will be opened and resealed for it to be tested and inspected and to install the upgrades to achieve the specifications as advertised.\nSimple. Powerful. Compatible. The ThinkPad E590 offers the simplicity of Windows 10 Professional\nIt's port rich for all of your peripherals, including USB Type-C Thunderbolt 3, and is powered by 8th Gen Intel processors delivering faster performance.\nThe ThinkPad E590 makes maintenance easy, too. It's reliable-as shown by the series of rigorous tests it undergoes against shocks, drops, and other extremes and gaining itself the MIL-STD-810G military certification-and secure, thanks to its TPM 2.0 chip.\n\n\n\nBuilt for Business-Tested for Life\nOur ThinkPad E Series PCs undergo a range of testing like hinge life-cycle durability, fan testing to keep thermals in check, vibration and shock tests for everyday handling and transporting, and even keyboard testing to verify sturdiness and longevity of keys and components. When you buy the ThinkPad E590, you get the perfect blend of value and durability.\nRein in Your Travel Budget\nWhen your meetings take you around the world, you can trust the ThinkPad E590 to deliver superb web conferencing. This business machine features enhanced VoIP calls with an HD webcam, dual-array noise cancelling microphones, and Dolby Audio. No matter where you are, you'll feel like you're in the same room-plus, the ThinkPad E590 is even Skype-certified.\nSay goodbye to vulnerability\nThe ThinkPad E590's security features help your SMB take control. The fingerprint reader adds secure biometric authentication, while the discrete trusted platform module (TPM) encrypts data at the hardware level. We take care of security so you can take care of business.\n\n\n\nExpress Yourself\nThe ThinkPad E590 features a sleek metallic finish available in two distinct colors. Choose your signature style in sleek Silver or classic Black. Either way, you're sure to impress.\nTested for battle, built for success\nEvery ThinkPad laptop undergoes stringent testing for reliability and durability, including surviving in hazardous physical and environmental conditions.\nMultiple Ports and Slots\n2 x USB 3.1 Gen 1; 1 x USB 3.1 Type-C; 1 x USB 2.0 port; 1 x RJ-45; 1 x headphone/microphone combo; 1 x HDMI; 1 x MicroSD card reader port;", "reviews": [], "qAndA": [], "time": ["25/01/2020 15:40:30"], "productURL": "https://www.amazon.com/gp/product/B0822Z5Q1B", "ASIN": "B0822Z5Q1B", "title": "2020 NexiGo Upgraded ThinkPad E590 15.6 Inch FHD 1080P Business Laptop| Intel 4-Core i7-8565U up to 4.6 GHz| 32GB DDR4 RAM| 1TB SSD | Intel UHD 620| FP Reader| Bluetooth| WiFi| Win 10 Pro", "manufacturer": "NexiGo", "currentPrice": "$1,310.12", "rating": "", "totalRatings": ""}