{"features": ["8th Gen Intel Core i5-8265U Quad-Core Processor (1.60 GHz Up To 3.9GHz 6MB Cache), 16GB DDR4 Memory, 256GB SSD", "14 inch Full HD IPS BrightView Micro-edge WLED-backlit (1920 x 1080) Display, Intel UHD Graphics 620", "10/100/1000Mbps Ethernet, 802_11_AC, Bluetooth 4.2, Card Reader, HD Audio with Stereo Speakers, Wide Vision HD Webcam", "2 x USB 3.1 Type-A, 1 x USB 3.1 Type-C, 1 x HDMI 1.4, 1 x Headphone/microphone Combo Jack, 1 x RJ-45", "Backlit Keyboard, Windows 10 Home 64-bit, 42WHr 3-cell lithium_ion, 3.53lb, Misty Mauve"], "reviewsAspects": [], "productInformation": [{"\nASIN\n": "\nB0824NX7W5\n", "Customer Reviews": "\n\n\n\n\n\n\n4.0 out of 5 stars\n\n\n\n\n\n\n\n\n4 ratings\n\n\n\n\n\n\n4.0 out of 5 stars\n", "\nBest Sellers Rank\n": "\n\n#141,053 in Computers & Accessories (See Top 100 in Computers & Accessories)\n\n#26,756 in Traditional Laptop Computers\n\n\n", "\nDate First Available\n": "\nNovember 29, 2019\n"}], "productDescription": "Product description\nThis computer may be upgraded for perfomance improvement. If the computer has modifications (listed above), then the manufacturer box is opened for it to be tested and inspected and to install the upgrades to achieve the specifications as advertised. If no modifications are listed, the item is unopened and untested. Defects & blemishes are significantly reduced by our in depth inspection & testing.\n\nHard Drive: 256GB SSD\n\nMemory: 16GB DDR4 SDRAM\n\nOptical Drive: No\n\nDisplay: 14 inch Full HD IPS BrightView Micro-edge WLED-backlit (1920 x 1080) Display\n\nScreen Resolution: 1920 x 1080\n\nTouchscreen: No\n\nProcessor: 8th Gen Intel Core i5-8265U Quad-Core Processor (1.60 GHz Up To 3.9GHz 6MB Cache)\n\nGraphics: Intel UHD Graphics 620\n\nOperating system: Windows 10 Home 64-bit\n\nEthernet: 10/100/1000Mbps Ethernet\n\nBluetooth: Bluetooth 4.2\n\nWLAN Connectivity: 802_11_AC\n\nAudio: HD Audio with Stereo Speakers\n\nMCR (Card Reader): Micro SD Card Reader\n\nKeyboard: Backlit Keyboard\n\nBuilt-in HD Webcam: Wide Vision HD Webcam\n\nPorts: 2 x USB 3.1 Type-A, 1 x USB 3.1 Type-C, 1 x HDMI 1.4, 1 x Headphone/microphone Combo Jack, 1 x RJ-45\n\nBattery: 42WHr 3-cell lithium_ion\n\nColor: Misty Mauve\n\nDimensions L x W x H (inches): 12.87 x 8.7 x 0.7\n\nWeight: 3.53 lbs", "reviews": [{"reviewerName": "Thor Albro", "reviewerUrl": "https://www.amazon.com/gp/profile/amzn1.account.AHLTKZJW2X6MONM7J366G7NOZY3A/ref=cm_cr_arp_d_gw_btm?ie=UTF8", "rating": "1.0 out of 5 stars", "reviewTitle": "Defective", "reviewDate": "February 15, 2020", "reviewText": "  Oops. WiFi antenna too weak to be functional and Bluetooth range only 4 ft. Clearly a defective unit and had to be returned., Also, the color is way more \"purple\" than pics imply. The keyboard letters were a little hard to see .", "is_Helpful": "2 people found this helpful"}], "qAndA": [], "time": ["09/04/2021 19:21:26"], "reviewsCountInfo": {"expRevCount": "1", "actRevCount": 1, "nonEnglishRevCount": 0}, "scrapperInfo": {"Version": "1.3.2", "Released Date": "08/04/2021"}, "productURL": "https://www.amazon.com/gp/product/B0824NX7W5", "ASIN": "B0824NX7W5", "title": "Newest HP Pavilion 14\" IPS FHD Premium Home & Business Laptop, Intel Quad Core i5-8265U Upto 3.9GHz, 16GB RAM, 256GB SSD, Backlit Keyboard, USB-C, WiFi, HDMI, Bluetooth, Windows 10, Misty Mauve", "manufacturer": " HP Store", "currentPrice": "", "rating": "4.0", "totalRatings": "4 "}