{"features": ["15.6 in HD WLED touchscreen (1366 x 768), 10-finger multi-touch support.", "10th Generation Intel Core i3-1005G1 1.2GHz up to 3.4GHz.", "8GB DDR4 SDRAM 2666MHz, 128GB SSD, No Optical Drive.", "Intel UHD Graphics, HD Audio with stereo speakers. HP TrueVision HD camera.", "Realtek RTL8821CE 802.11b/g/n/ac, Bluetooth 4.2, 1 HDMI 1.4, 1 USB 3.1 Gen 1 Type-C, 2 USB 3.1 Gen 1 Type-A."], "reviewsAspects": ["touchscreen", "lightweight", "external drive", "easy to use", "worth the price", "work from home", "works great", "windows 10 s mode", "easy to set", "screen works", "buying a computer", "lightweight and easy", "good buy"], "productInformation": [{"\nASIN\n": "\nB082358X13\n", "Customer Reviews": "\n\n\n\n\n\n\n4.6 out of 5 stars\n\n\n\n\n\n\n\n\n1,308 ratings\n\n\n\n\n\n\n4.6 out of 5 stars\n", "\nBest Sellers Rank\n": "\n\n#2,055 in Computers & Accessories (See Top 100 in Computers & Accessories)\n\n#229 in Traditional Laptop Computers\n\n\n", "\nDate First Available\n": "\nNovember 27, 2019\n"}], "productDescription": "Product description\nCapacity:8GB DDR4 RAM, 128GB SSD\nNew HP 15.6\" HD Touchscreen Laptop Intel Core i3-1005G1 8GB DDR4 RAM 128GB SSD HDMI Bluetooth 802.11/b/g/n/ac Windows 10 15-dy1731ms SilverTackle your to-do list from sun-up to sundown with the steadfast HP 15-dy1731ms laptop. Packed with a speedy 10th Gen Intel processor, this everyday powerhouse brings the muscle for an entire day of work, play, and everything in between. Hours of battery life mean you can transition from morning meetings to evening entertainment without plugging in. And it all looks as good as it performs thanks to a brilliant HD micro-edge bezel display.", "reviews": [{"reviewerName": "edward buck", "reviewerUrl": "https://www.amazon.com/gp/profile/amzn1.account.AFBYUQFBMXJVVDPX2UZA3Z4YAXZQ/ref=cm_cr_getr_d_gw_btm?ie=UTF8", "rating": "3.0 out of 5 stars", "reviewTitle": "quality is not as good as my old hp laptop", "reviewDate": "June 16, 2021", "reviewText": "  price was too high . all most sent back . will not buy any other H P computer.", "is_Helpful": ""}, {"reviewerName": "NDVal", "reviewerUrl": "https://www.amazon.com/gp/profile/amzn1.account.AEG2DQ4UIEWTIE4BLKVMGKWU4U3A/ref=cm_cr_getr_d_gw_btm?ie=UTF8", "rating": "5.0 out of 5 stars", "reviewTitle": "Updated", "reviewDate": "June 14, 2021", "reviewText": "  Great home laptop", "is_Helpful": ""}, {"reviewerName": "TRS", "reviewerUrl": "https://www.amazon.com/gp/profile/amzn1.account.AE23ZKCFLF7QXF7D4DAXZ6OTRKJA/ref=cm_cr_getr_d_gw_btm?ie=UTF8", "rating": "5.0 out of 5 stars", "reviewTitle": "Great little lap top", "reviewDate": "May 19, 2021", "reviewText": "\"  Its a great little lap top!\"", "is_Helpful": ""}, {"reviewerName": "Berkley Kolkman", "reviewerUrl": "https://www.amazon.com/gp/profile/amzn1.account.AHXAAL6SXB2D6TGY35SZJDQBPWIQ/ref=cm_cr_getr_d_gw_btm?ie=UTF8", "rating": "5.0 out of 5 stars", "reviewTitle": "The computer is amazing", "reviewDate": "May 19, 2021", "reviewText": "  I really like how useful it is when I am trying to do something like school work, and editing and saving photos I take. I also like the touchscreen part of it. I do not think there really is anything I dislike about the computer.", "is_Helpful": ""}, {"reviewerName": "Ricky T", "reviewerUrl": "https://www.amazon.com/gp/profile/amzn1.account.AEMH4KJBFEHLFQXKH5T52CDDCVCQ/ref=cm_cr_getr_d_gw_btm?ie=UTF8", "rating": "2.0 out of 5 stars", "reviewTitle": "Wrong OS. Not as described", "reviewDate": "May 14, 2021", "reviewText": "  Had windows 10 S mode. Should\u2019ve said that in description. Also had version 1903. Other than that it looked and appears to be new. Should have said s mode in description. Can\u2019t use apps other than Microsoft. Unacceptable", "is_Helpful": "One person found this helpful"}, {"reviewerName": "alisha shaev", "reviewerUrl": "https://www.amazon.com/gp/profile/amzn1.account.AFH6Y7YHDHYJLFI4Q2NOZQPRDP2A/ref=cm_cr_getr_d_gw_btm?ie=UTF8", "rating": "5.0 out of 5 stars", "reviewTitle": "Love the computer", "reviewDate": "May 9, 2021", "reviewText": "  I love everything about it. It\u2019s lightweight, fast.", "is_Helpful": ""}, {"reviewerName": "Deep Patel", "reviewerUrl": "https://www.amazon.com/gp/profile/amzn1.account.AFVS3PCITKY52HKVY5CUAEGOBXCA/ref=cm_cr_getr_d_gw_btm?ie=UTF8", "rating": "5.0 out of 5 stars", "reviewTitle": "nice home use laptop", "reviewDate": "May 3, 2021", "reviewText": "  lightweight, easy to operate, battery is quite good", "is_Helpful": ""}, {"reviewerName": "Esther v", "reviewerUrl": "https://www.amazon.com/gp/profile/amzn1.account.AFR6JGBLIBTT3HN6NE4VGO22TZSQ/ref=cm_cr_getr_d_gw_btm?ie=UTF8", "rating": "5.0 out of 5 stars", "reviewTitle": "Worth the price", "reviewDate": "May 3, 2021", "reviewText": "  Super light weight abs quick running software.  Froze once within the first week of using but restarted and haven\u2019t had a problem since. Love the touch screen of course just makes for quicker inputs., It was a good spend overall don\u2019t hesitate to get one if you\u2019re needing something worth this price.", "is_Helpful": ""}, {"reviewerName": "snoopy", "reviewerUrl": "https://www.amazon.com/gp/profile/amzn1.account.AHNBWG4W3BZ3ZIJD643L7NGE4YHA/ref=cm_cr_getr_d_gw_btm?ie=UTF8", "rating": "1.0 out of 5 stars", "reviewTitle": "Laptop touch screen hp", "reviewDate": "May 3, 2021", "reviewText": "  I returned the laptop, it would not connect to WiFi", "is_Helpful": ""}, {"reviewerName": "kenny burke", "reviewerUrl": "https://www.amazon.com/gp/profile/amzn1.account.AGU4VD2TOSGQNSJNR4WQPPAJJYHQ/ref=cm_cr_getr_d_gw_btm?ie=UTF8", "rating": "4.0 out of 5 stars", "reviewTitle": "not what it seems", "reviewDate": "April 30, 2021", "reviewText": "  when we purchased the HP it came in S-mode what is NOT in the description. we had to go thru a lot of stuff to get it out.. before you buy this computer do your research on S-mode HP!!", "is_Helpful": ""}, {"reviewerName": "Heather Hawley", "reviewerUrl": "https://www.amazon.com/gp/profile/amzn1.account.AFPLR6DPKVQBDBDFHWXCRSM2DS7Q/ref=cm_cr_getr_d_gw_btm?ie=UTF8", "rating": "1.0 out of 5 stars", "reviewTitle": "Garbage", "reviewDate": "April 23, 2021", "reviewText": "\"  Its the worst, the lag is awful and the network connection is lost continuously. Ive tried all the fixes and there is nothing wrong with my internet connection. Really disappointed in this laptop, wish I could return it. Dont waste your money.\"", "is_Helpful": ""}, {"reviewerName": "troy hicks", "reviewerUrl": "https://www.amazon.com/gp/profile/amzn1.account.AGOV2CPJNK2FXV27CDYGT4TCOP4Q/ref=cm_cr_getr_d_gw_btm?ie=UTF8", "rating": "5.0 out of 5 stars", "reviewTitle": "works great", "reviewDate": "April 21, 2021", "reviewText": "  work", "is_Helpful": ""}, {"reviewerName": "Micah Green ", "reviewerUrl": "https://www.amazon.com/gp/profile/amzn1.account.AG2K25TQ3QPBFL6LK63F54CU6FSQ/ref=cm_cr_getr_d_gw_btm?ie=UTF8", "rating": "1.0 out of 5 stars", "reviewTitle": "Would have been great deal if not for technical issues", "reviewDate": "April 20, 2021", "reviewText": "  Laptop was Grey on Grey color and keys,hard to see.It functioned fine for 2 weeks,then 1 day screen went dark and never illuminated again. Had to return,and had no issues with that from seller", "is_Helpful": ""}, {"reviewerName": "Opal", "reviewerUrl": "https://www.amazon.com/gp/profile/amzn1.account.AHQVJ2B56NA376LAQHSXMIOYXXEA/ref=cm_cr_getr_d_gw_btm?ie=UTF8", "rating": "1.0 out of 5 stars", "reviewTitle": "Was it new?", "reviewDate": "April 20, 2021", "reviewText": "  I had it 3 days and it won\u2019t turn on. There was also a tiny scratch on it when I got it. I am wondering if I got refurbished sold as new.", "is_Helpful": ""}, {"reviewerName": "David Cadarett", "reviewerUrl": "https://www.amazon.com/gp/profile/amzn1.account.AHJDVKMKH5I2HHP3KIRUVNAX4XSA/ref=cm_cr_getr_d_gw_btm?ie=UTF8", "rating": "5.0 out of 5 stars", "reviewTitle": "The \"Keys\" work with a slight touch!", "reviewDate": "April 13, 2021", "reviewText": "\"  Very easy to use Laptop - Lights up nicely and Im enjoying it!!  Well worth the cost!!\"", "is_Helpful": ""}, {"reviewerName": "raymond khan", "reviewerUrl": "https://www.amazon.com/gp/profile/amzn1.account.AHD7TTNVRUTY7I6743AOYRBXRBVA/ref=cm_cr_getr_d_gw_btm?ie=UTF8", "rating": "5.0 out of 5 stars", "reviewTitle": "Great laptop for anything", "reviewDate": "April 8, 2021", "reviewText": "  Great laptop for just about everything. My wife loves it.", "is_Helpful": ""}, {"reviewerName": "Amzn customer", "reviewerUrl": "https://www.amazon.com/gp/profile/amzn1.account.AFUCEKGLDDJUVTHCGN6ZEZ6SLMSQ/ref=cm_cr_getr_d_gw_btm?ie=UTF8", "rating": "1.0 out of 5 stars", "reviewTitle": "Check the REAL specifications!  This is a Windows10 S MODE computer!!", "reviewDate": "April 7, 2021", "reviewText": "  Deceptive listing!", "is_Helpful": ""}, {"reviewerName": "Amazon Customer", "reviewerUrl": "https://www.amazon.com/gp/profile/amzn1.account.AHOOVT7QPCXIQWCR3EE335IOYLQA/ref=cm_cr_getr_d_gw_btm?ie=UTF8", "rating": "4.0 out of 5 stars", "reviewTitle": "Display a bit washed out", "reviewDate": "April 6, 2021", "reviewText": "  The computer works great, but the graphics leave something to be desired. It is kind of washed out looking.", "is_Helpful": ""}, {"reviewerName": "The Buffalo Tibber", "reviewerUrl": "https://www.amazon.com/gp/profile/amzn1.account.AFQSX2PIFIJSYP66GY5LOZJPAOHQ/ref=cm_cr_getr_d_gw_btm?ie=UTF8", "rating": "1.0 out of 5 stars", "reviewTitle": "Most functions suck", "reviewDate": "April 4, 2021", "reviewText": "  Dislike  screen resolution and the rest see above on my ratings", "is_Helpful": ""}, {"reviewerName": "bamacat", "reviewerUrl": "https://www.amazon.com/gp/profile/amzn1.account.AFIWTGRK6JCXSQCJB3C37FFAFD2Q/ref=cm_cr_getr_d_gw_btm?ie=UTF8", "rating": "1.0 out of 5 stars", "reviewTitle": "Not impressed!!", "reviewDate": "April 3, 2021", "reviewText": "  Not impressed at all. Every hard to navigate and hardly any information. Waste of money for me. Would not recommend.", "is_Helpful": ""}, {"reviewerName": "Rhea", "reviewerUrl": "https://www.amazon.com/gp/profile/amzn1.account.AF56QPW7GTLTFG7XRDIY7SGTF32A/ref=cm_cr_getr_d_gw_btm?ie=UTF8", "rating": "5.0 out of 5 stars", "reviewTitle": "Very Happy with My Purchase", "reviewDate": "April 2, 2021", "reviewText": "  I am very happy with this laptop.  It serves my purpose very nicely for minor internet browsing and website upkeep.  I have not had any problems with virtual meetings on any platform. It is lightweight and the touchscreen feature is just an added bonus.", "is_Helpful": ""}, {"reviewerName": "K. Marks", "reviewerUrl": "https://www.amazon.com/gp/profile/amzn1.account.AHZ6MXW742NSAGM3ZQDWGYIUVTJQ/ref=cm_cr_getr_d_gw_btm?ie=UTF8", "rating": "5.0 out of 5 stars", "reviewTitle": "Nice laptop", "reviewDate": "March 31, 2021", "reviewText": "\"  I opened it up and got it configured a few days ago.  So far so good.  Seems to be a good quality system.  The display is bright.  The touch screen works well.  Its snappy in terms of response.  Happy :)\"", "is_Helpful": ""}, {"reviewerName": "Angela Clarke", "reviewerUrl": "https://www.amazon.com/gp/profile/amzn1.account.AGWFCXIPOXMQKEAJEOAYYLELE25Q/ref=cm_cr_getr_d_gw_btm?ie=UTF8", "rating": "5.0 out of 5 stars", "reviewTitle": "A+", "reviewDate": "March 31, 2021", "reviewText": "  great computer for the price", "is_Helpful": ""}, {"reviewerName": "Amazon Customer", "reviewerUrl": "https://www.amazon.com/gp/profile/amzn1.account.AF3Q2WIAZ2QFJHDBOHYENBNR6V4A/ref=cm_cr_getr_d_gw_btm?ie=UTF8", "rating": "5.0 out of 5 stars", "reviewTitle": "Very good laptop.", "reviewDate": "March 27, 2021", "reviewText": "\"  The touchscreen is ok I just dont use it much.  Otherwise it is a great machine.\"", "is_Helpful": ""}, {"reviewerName": "Armadillo sector", "reviewerUrl": "https://www.amazon.com/gp/profile/amzn1.account.AHGC3VSH5T5IXHXFLQN6OAEBJO6A/ref=cm_cr_getr_d_gw_btm?ie=UTF8", "rating": "5.0 out of 5 stars", "reviewTitle": "Do not start laptop before plugging the power cord i", "reviewDate": "March 23, 2021", "reviewText": "  The laptop really isn\u2019t slow. There is a message that comes up or I believe it is on the card that comes with it!!!! Very important!!!!!!!! Do not turn on laptop before plugging it in. Setup is pretty long but laptop is totally worth the price except for the fact that the touchscreen is heavier than the keyboard so the laptop tips a little forward be careful not to drop it if it\u2019s on your lap or on your bed.", "is_Helpful": ""}, {"reviewerName": "Stephen William Kennedy", "reviewerUrl": "https://www.amazon.com/gp/profile/amzn1.account.AHT6HM4UM3OU5SGJUK6W5KFD4ETA/ref=cm_cr_getr_d_gw_btm?ie=UTF8", "rating": "4.0 out of 5 stars", "reviewTitle": "new laptop...no Internet access", "reviewDate": "March 22, 2021", "reviewText": "  My new HP laptop will not connect to the Internet.  A drive is missing after an automatic update wad installed.", "is_Helpful": ""}, {"reviewerName": "John", "reviewerUrl": "https://www.amazon.com/gp/profile/amzn1.account.AGR2QMUOETU5ONRI7E6WJQI6UMZA/ref=cm_cr_getr_d_gw_btm?ie=UTF8", "rating": "5.0 out of 5 stars", "reviewTitle": "HP means HAPPY PEOPLE", "reviewDate": "March 18, 2021", "reviewText": "  Worth every cent paid and then some because I caught this on sale!, TOUCHSCREEN is awesome!, 8G/124GB Offers incredible speed., BATTERY: 100% allowed 2-3hrs Daily for 4 days!", "is_Helpful": ""}, {"reviewerName": "Melissa Swindler", "reviewerUrl": "https://www.amazon.com/gp/profile/amzn1.account.AEDYE2JUXIFIIWRSYEDILBZS7C6A/ref=cm_cr_getr_d_gw_btm?ie=UTF8", "rating": "5.0 out of 5 stars", "reviewTitle": "Impressed!", "reviewDate": "March 15, 2021", "reviewText": "  Love it!!  Very lightweight and great speed!!", "is_Helpful": ""}, {"reviewerName": "janice slawson", "reviewerUrl": "https://www.amazon.com/gp/profile/amzn1.account.AESSZJWDI27UECFJGTS72SPEALSQ/ref=cm_cr_getr_d_gw_btm?ie=UTF8", "rating": "5.0 out of 5 stars", "reviewTitle": "like it", "reviewDate": "March 15, 2021", "reviewText": "  it was what i wanted no muss or fuss", "is_Helpful": ""}, {"reviewerName": "geri", "reviewerUrl": "https://www.amazon.com/gp/profile/amzn1.account.AFUSSULWCJELBRZ6RMXHWF7PKQXQ/ref=cm_cr_getr_d_gw_btm?ie=UTF8", "rating": "4.0 out of 5 stars", "reviewTitle": "Great little pc", "reviewDate": "March 9, 2021", "reviewText": "\"  Unfortunately I had to return the PC.  I liked all the features it had .but the seller cant know all the little glitches it may have developed during shipping .It is a nice pc for the money\"", "is_Helpful": ""}, {"reviewerName": "ktotman83", "reviewerUrl": "https://www.amazon.com/gp/profile/amzn1.account.AEDHPRJVQEFAZ4YUDDKG4KRIZTCA/ref=cm_cr_getr_d_gw_btm?ie=UTF8", "rating": "5.0 out of 5 stars", "reviewTitle": "Great computer but wish I got more storage", "reviewDate": "March 9, 2021", "reviewText": "  I actually really love this computer. I did end up needing a lot more storage so I did just get another computer. I went with Dell with 2tb HHD and 2 TB SSD but I wasn\u2019t happy with it so I just returned it and because I had been so happy with this computer and it worked perfect minus the amount of space, I went right back to HP and got the HP 15.6 inch touch screen with 64 g and 2 Tb of storage. Now I\u2019m in love!", "is_Helpful": ""}, {"reviewerName": "W. Ochs", "reviewerUrl": "https://www.amazon.com/gp/profile/amzn1.account.AHZLFI2HWSQDBE7LDA2JX5FJVCTQ/ref=cm_cr_getr_d_gw_btm?ie=UTF8", "rating": "5.0 out of 5 stars", "reviewTitle": "Great for students", "reviewDate": "March 9, 2021", "reviewText": "  Works great! Battery life is long, a good amount of storage, and touchscreen is a nice addition.", "is_Helpful": ""}, {"reviewerName": "Amazon Customer", "reviewerUrl": "https://www.amazon.com/gp/profile/amzn1.account.AHHVFHVTWQ55XLHFOZFLPFLD5IUQ/ref=cm_cr_getr_d_gw_btm?ie=UTF8", "rating": "5.0 out of 5 stars", "reviewTitle": "Great buy", "reviewDate": "March 4, 2021", "reviewText": "  I love it.", "is_Helpful": ""}, {"reviewerName": "Gina Kuhn", "reviewerUrl": "https://www.amazon.com/gp/profile/amzn1.account.AH5KBNGTY4COPSHNJ3MD55II3BAQ/ref=cm_cr_getr_d_gw_btm?ie=UTF8", "rating": "5.0 out of 5 stars", "reviewTitle": "Would buy again", "reviewDate": "March 4, 2021", "reviewText": "  Absolutely worth the price!", "is_Helpful": ""}, {"reviewerName": "Amazon Customer", "reviewerUrl": "https://www.amazon.com/gp/profile/amzn1.account.AE3DMS363TOJJUTZEDR7Q7BIZNWA/ref=cm_cr_getr_d_gw_btm?ie=UTF8", "rating": "4.0 out of 5 stars", "reviewTitle": "\"Great laptop but cant watch DVD movies.\"", "reviewDate": "March 4, 2021", "reviewText": "\"  Touch screen is great as well as the light weight. It definitely is a good buy, was disappointed that it doesnt come with a built in dvd/CD reader/player. Overall great purchase.\"", "is_Helpful": "One person found this helpful"}, {"reviewerName": "RICHARD MUYA", "reviewerUrl": "https://www.amazon.com/gp/profile/amzn1.account.AH6HJOMNJO4Z5CCCFYZGZNXIN67A/ref=cm_cr_getr_d_gw_btm?ie=UTF8", "rating": "1.0 out of 5 stars", "reviewTitle": "\"CANT TURN ON\"", "reviewDate": "March 3, 2021", "reviewText": "  the computer does not turn on, I changed the cables the other computer works, here not even the connection light", "is_Helpful": "One person found this helpful"}, {"reviewerName": "jh", "reviewerUrl": "https://www.amazon.com/gp/profile/amzn1.account.AHSUTQRLUBOYPJXRF6P6HX35DFLA/ref=cm_cr_getr_d_gw_btm?ie=UTF8", "rating": "5.0 out of 5 stars", "reviewTitle": "This computer has a number of good features and is a great value.", "reviewDate": "March 3, 2021", "reviewText": "  This computer has a great touch screen, is lightweight, and is a great value.", "is_Helpful": ""}, {"reviewerName": "AmazonExplorer", "reviewerUrl": "https://www.amazon.com/gp/profile/amzn1.account.AFJBAP76N5MSTXSX4POY6OQ2KMSQ/ref=cm_cr_getr_d_gw_btm?ie=UTF8", "rating": "4.0 out of 5 stars", "reviewTitle": "Fine for work from home", "reviewDate": "February 28, 2021", "reviewText": "\"  As I would do with any new computer, spend a full day getting rid of the junk programs pre-installed and replace with my preferred programs, opt out of S mode (irrelevant that this laptop has Windows S, easy to switch), then customize to my liking.  Finally!  Now ready to use it.  Its for work, no video games, no heavy draw on the CPU, but Ive noticed the battery only lasts barely past 3 hours!  Since I use it at home not a problem, so overall happy with the convenience this provides\"", "is_Helpful": "One person found this helpful"}, {"reviewerName": "J", "reviewerUrl": "https://www.amazon.com/gp/profile/amzn1.account.AHJ6M3A7ZUWRFVFBVSENR4EZUWGQ/ref=cm_cr_getr_d_gw_btm?ie=UTF8", "rating": "4.0 out of 5 stars", "reviewTitle": "Nice Laptop", "reviewDate": "February 27, 2021", "reviewText": "  Exactly what I was looking for when I purchased for my sister.", "is_Helpful": ""}, {"reviewerName": "Tilly", "reviewerUrl": "https://www.amazon.com/gp/profile/amzn1.account.AGVS2LIVB4NVEGJHYWNDWBM6LV3A/ref=cm_cr_getr_d_gw_btm?ie=UTF8", "rating": "4.0 out of 5 stars", "reviewTitle": "Nice laptop", "reviewDate": "February 21, 2021", "reviewText": "\"  Very nice. However, when I am scrolling a page that has pictures, it seems to take a little longer time loading them.  Little disappointed it that. Other than that its very nice to have a new. I had my other HP for 6 yrs.\"", "is_Helpful": ""}, {"reviewerName": "meribel roman", "reviewerUrl": "https://www.amazon.com/gp/profile/amzn1.account.AFK2EMAEXJS2ZNZEWBVXPWLN7AIA/ref=cm_cr_getr_d_gw_btm?ie=UTF8", "rating": "5.0 out of 5 stars", "reviewTitle": "Great", "reviewDate": "February 16, 2021", "reviewText": "  Nice very nice", "is_Helpful": ""}, {"reviewerName": "Devindra Ramnauth", "reviewerUrl": "https://www.amazon.com/gp/profile/amzn1.account.AH44ZCSAFOF57CRXXU4XHSTMUEJA/ref=cm_cr_getr_d_gw_btm?ie=UTF8", "rating": "5.0 out of 5 stars", "reviewTitle": "Good Deal", "reviewDate": "February 12, 2021", "reviewText": "  Great Laptop for the price !", "is_Helpful": ""}, {"reviewerName": "Jose", "reviewerUrl": "https://www.amazon.com/gp/profile/amzn1.account.AGPYSLGEUEOPTIQHFJ5FRBRQ764A/ref=cm_cr_getr_d_gw_btm?ie=UTF8", "rating": "4.0 out of 5 stars", "reviewTitle": "Touchscreen", "reviewDate": "February 11, 2021", "reviewText": "  Its a nice computer, I personally like it but for the people who like touchscreen, they lied. Other than that so far i have liked the computer, first time buying a computer so i have nothing to compare.", "is_Helpful": ""}, {"reviewerName": "Mennie", "reviewerUrl": "https://www.amazon.com/gp/profile/amzn1.account.AFWQOKWUB4F3XORB45VRG6W4WC3Q/ref=cm_cr_getr_d_gw_btm?ie=UTF8", "rating": "4.0 out of 5 stars", "reviewTitle": "Touchscreen. Lightweight. Ok so far", "reviewDate": "February 5, 2021", "reviewText": "  Arrived quickly. Light weight, great to have touchscreen. Hopefully it last a while without any issues.", "is_Helpful": ""}, {"reviewerName": "King M. Bey", "reviewerUrl": "https://www.amazon.com/gp/profile/amzn1.account.AGTCHDFC4HZY775Y2PBQA7OHUDEA/ref=cm_cr_getr_d_gw_btm?ie=UTF8", "rating": "1.0 out of 5 stars", "reviewTitle": "Faulty", "reviewDate": "February 3, 2021", "reviewText": "\"  Didnt boot. Flashed on . Blinked off.\"", "is_Helpful": "One person found this helpful"}, {"reviewerName": "James", "reviewerUrl": "https://www.amazon.com/gp/profile/amzn1.account.AGPJKQRZROXZ5LKXXSTDOEBSKP2Q/ref=cm_cr_getr_d_gw_btm?ie=UTF8", "rating": "5.0 out of 5 stars", "reviewTitle": "Light and Efficient", "reviewDate": "February 2, 2021", "reviewText": "  Gave this my mother for Christmas. She really likes it. It has a beautiful resolution and a separate number pad like a regular keyboard and that makes numerical data much easier to input. Overall, yes I\u2019d recommend this item.", "is_Helpful": ""}, {"reviewerName": "DONALD TAYLOR", "reviewerUrl": "https://www.amazon.com/gp/profile/amzn1.account.AGFYS4DGYSEXU6NBOCYSLYTB5GUQ/ref=cm_cr_getr_d_gw_btm?ie=UTF8", "rating": "1.0 out of 5 stars", "reviewTitle": "Horrible", "reviewDate": "January 23, 2021", "reviewText": "  It performs like a toy if you purchase this laptop you will regret it.", "is_Helpful": "One person found this helpful"}, {"reviewerName": "ryan grant", "reviewerUrl": "https://www.amazon.com/gp/profile/amzn1.account.AGYEC2LLF5UOCCDE3OHE4M3ZHXTA/ref=cm_cr_getr_d_gw_btm?ie=UTF8", "rating": "4.0 out of 5 stars", "reviewTitle": "nice easy to use", "reviewDate": "January 20, 2021", "reviewText": "  had my reservations about buying this computer but after i got it fired up it was very easy the laptop has a voise operater to help you setup an very user friendly for people that may not be to good at using a computer like me GOOD product for the price", "is_Helpful": ""}, {"reviewerName": "1whoknew", "reviewerUrl": "https://www.amazon.com/gp/profile/amzn1.account.AGFSEOA3OUND6DM55QENGSZJGCRA/ref=cm_cr_getr_d_gw_btm?ie=UTF8", "rating": "5.0 out of 5 stars", "reviewTitle": "External mic recommended for video conferencing", "reviewDate": "January 8, 2021", "reviewText": "  Overall a good laptop for daily use. Lightweight and easy to move from room to room as needed.  The only downside is the internal mic doesn\u2019t pick up my voice well and I had to acquire an external mic.", "is_Helpful": ""}, {"reviewerName": "Michael Yagashoff", "reviewerUrl": "https://www.amazon.com/gp/profile/amzn1.account.AGTAEZCKRH6AJN5FEFAJPYSTHQCQ/ref=cm_cr_getr_d_gw_btm?ie=UTF8", "rating": "5.0 out of 5 stars", "reviewTitle": "I like it", "reviewDate": "January 6, 2021", "reviewText": "  Just what I need", "is_Helpful": ""}, {"reviewerName": "Amazon Customer", "reviewerUrl": "https://www.amazon.com/gp/profile/amzn1.account.AH7GPLRWMDSOVOY7U6MDYI4NK3MQ/ref=cm_cr_getr_d_gw_btm?ie=UTF8", "rating": "5.0 out of 5 stars", "reviewTitle": "Perfect", "reviewDate": "December 27, 2020", "reviewText": "  It works great and my son loves it\ud83d\udc4c", "is_Helpful": ""}, {"reviewerName": "smith", "reviewerUrl": "https://www.amazon.com/gp/profile/amzn1.account.AEGY6JU2JCF5UKEZK4OEIR633HWA/ref=cm_cr_getr_d_gw_btm?ie=UTF8", "rating": "5.0 out of 5 stars", "reviewTitle": "It is easy to use", "reviewDate": "December 25, 2020", "reviewText": "  Personal", "is_Helpful": ""}, {"reviewerName": "J W", "reviewerUrl": "https://www.amazon.com/gp/profile/amzn1.account.AGY3P7CSL4DFM4FMIRX2AE6PK54Q/ref=cm_cr_getr_d_gw_btm?ie=UTF8", "rating": "5.0 out of 5 stars", "reviewTitle": "No comment", "reviewDate": "December 17, 2020", "reviewText": "  No comment", "is_Helpful": ""}, {"reviewerName": "Rachel Frederick", "reviewerUrl": "https://www.amazon.com/gp/profile/amzn1.account.AGYVEL7AMCT6IA4RY5ZGQGIK3TOA/ref=cm_cr_getr_d_gw_btm?ie=UTF8", "rating": "5.0 out of 5 stars", "reviewTitle": "Chritmas", "reviewDate": "December 7, 2020", "reviewText": "  My daughter will be so excited for her Christmas present", "is_Helpful": ""}, {"reviewerName": "Marion", "reviewerUrl": "https://www.amazon.com/gp/profile/amzn1.account.AEWSYUIM4RX54WQ7G27MVRBCXBZA/ref=cm_cr_getr_d_gw_btm?ie=UTF8", "rating": "4.0 out of 5 stars", "reviewTitle": "Good Computer", "reviewDate": "December 4, 2020", "reviewText": "\"  So far Im really liking this computer.  It is fast with good graphics, and easy to use and understand startup instructions. One down side is I cannot make the touch screen feature work. While I consider myself computer literate, how to make the touch screen feature work is beyond me. I have asked for assistance, so far no reply. The touch pad however is responsive and easy to use distinguishing between typing and pointer functions. One of the better devices I have used.\"", "is_Helpful": ""}, {"reviewerName": "Amazon Customer", "reviewerUrl": "https://www.amazon.com/gp/profile/amzn1.account.AEJOI2XND5OBGQL5TTRNDW7ZGOZA/ref=cm_cr_getr_d_gw_btm?ie=UTF8", "rating": "3.0 out of 5 stars", "reviewTitle": "\"Dont buy from seller\"", "reviewDate": "November 28, 2020", "reviewText": "  Screen glitches. Brand new and already needs repaired", "is_Helpful": "One person found this helpful"}, {"reviewerName": "Mark Winquist", "reviewerUrl": "https://www.amazon.com/gp/profile/amzn1.account.AEA43PPMBLMKOFOQQVZB44XTRAOA/ref=cm_cr_getr_d_gw_btm?ie=UTF8", "rating": "3.0 out of 5 stars", "reviewTitle": "Wrong color", "reviewDate": "November 28, 2020", "reviewText": "  The picture shows black keyboard with white letters but what I received was silver with gray letter. VERY hard to see if the light is not bright!, I returned the product without issue.", "is_Helpful": ""}, {"reviewerName": "Jennifer Tatom", "reviewerUrl": "https://www.amazon.com/gp/profile/amzn1.account.AFS4F74HRGKGCGPC5RU76WNR66AA/ref=cm_cr_getr_d_gw_btm?ie=UTF8", "rating": "3.0 out of 5 stars", "reviewTitle": "Mediocre", "reviewDate": "November 24, 2020", "reviewText": "\"  This is a nice little portable laptop and is lightweight. Perfect for schooling or a beginner. I didnt realize when I bought that it wasnt a touch screen, which I loved with my other hp. And no 10key on the right. So needless to say I tried it out for a week and I am going back to the other hp laptop that is a little larger. It is a good beginner laptop though and it holds a little bit of info. So its not a bad one, you could get a better deal for a larger laptop that holds more info though! This was so expensive for what you get.\"", "is_Helpful": "One person found this helpful"}, {"reviewerName": "leah jasper", "reviewerUrl": "https://www.amazon.com/gp/profile/amzn1.account.AHISYDDZ57OHC56KLSP3JHT74P6Q/ref=cm_cr_getr_d_gw_btm?ie=UTF8", "rating": "1.0 out of 5 stars", "reviewTitle": "Not a touch screen! Now I have to pay to return!", "reviewDate": "November 20, 2020", "reviewText": "  This laptop was advertised as touch screen but is not and now they want me to pay for returning it. I would not recommend.", "is_Helpful": "One person found this helpful"}, {"reviewerName": "Cuflower", "reviewerUrl": "https://www.amazon.com/gp/profile/amzn1.account.AFG4PTA2MM2JQ62FOLSQA6EV563Q/ref=cm_cr_arp_d_gw_btm?ie=UTF8", "rating": "1.0 out of 5 stars", "reviewTitle": "Do. Not. BUY!", "reviewDate": "October 27, 2020", "reviewText": "\"  My husband purchased this laptop for me after my old laptop, which I had for almost 7 years, went out on me. He purchased this in April and I started having issues with it a few weeks ago. Took it to my brother who is a programmer and he said that the pc randomly shutting down on me, the laptop taking forever to load anything (which he did a speed test on and said the internet was fine), the screen shorting out and blinking on me was the PC failing on me. After 6 months. SIX MONTHS! I only use this laptop for work if Im home, which isnt often. Ive used it probably two-3 times a week for a few hours since I got it. I do not recommend this product at all.\"", "is_Helpful": "12 people found this helpful"}, {"reviewerName": "Janeen Patten", "reviewerUrl": "https://www.amazon.com/gp/profile/amzn1.account.AHV5MM4AXBA7KMIHTM7OI2EUDDQQ/ref=cm_cr_getr_d_gw_btm?ie=UTF8", "rating": "2.0 out of 5 stars", "reviewTitle": "Would not buy again", "reviewDate": "October 27, 2020", "reviewText": "  It disconnects itself from WiFi constantly! So very annoying. The touchscreen is nice and it\u2019s light weight.", "is_Helpful": "3 people found this helpful"}, {"reviewerName": "ric360", "reviewerUrl": "https://www.amazon.com/gp/profile/amzn1.account.AHNTOZQBD4HITZFIKXQVUZHPXVCA/ref=cm_cr_getr_d_gw_btm?ie=UTF8", "rating": "1.0 out of 5 stars", "reviewTitle": "Complete piece of junk - run away.", "reviewDate": "October 24, 2020", "reviewText": "\"  Even after having a tech try everything it would not print with an HP deskjetprinter. Keyboard and mousepad are also a disaster. Absolutely the worst laptop computer Ive ever owned.\"", "is_Helpful": "3 people found this helpful"}, {"reviewerName": "lisa", "reviewerUrl": "https://www.amazon.com/gp/profile/amzn1.account.AFPHZYNS3INJUMYMFCHREL2PERTQ/ref=cm_cr_getr_d_gw_btm?ie=UTF8", "rating": "2.0 out of 5 stars", "reviewTitle": "It not all that", "reviewDate": "October 20, 2020", "reviewText": "  The computer is good but it breaks easily", "is_Helpful": "One person found this helpful"}, {"reviewerName": "Amazon Customer", "reviewerUrl": "https://www.amazon.com/gp/profile/amzn1.account.AE3EXD3CAMLOBZEXCZ5UCV2A7X4Q/ref=cm_cr_getr_d_gw_btm?ie=UTF8", "rating": "4.0 out of 5 stars", "reviewTitle": "Great buy", "reviewDate": "September 26, 2020", "reviewText": "  Very user friendly", "is_Helpful": ""}, {"reviewerName": "G D.", "reviewerUrl": "https://www.amazon.com/gp/profile/amzn1.account.AFSQBVG7JV6IDTTAIKS5FAWLZ6MQ/ref=cm_cr_arp_d_gw_btm?ie=UTF8", "rating": "5.0 out of 5 stars", "reviewTitle": "Good Laptop", "reviewDate": "September 25, 2020", "reviewText": "\"  Ive had the lap top for a few weeks now and it works pretty well. I purchased it for online classes and zoom meetings. It works well. I will say the battery seems to drain quick as I will start a 3 hour class with full battery and have around 50% left by the time class ends. Otherwise its nice size, lightweight, camera is good, speakers are good, and touch screen works well. I did have to do some stuff with Windows S or whatever in order to get Google Chrome to work, but I figured it out for free and havent had any issues. I give it a 5 star rating. Im happy.\"", "is_Helpful": "One person found this helpful"}, {"reviewerName": "Amazon Customer", "reviewerUrl": "https://www.amazon.com/gp/profile/amzn1.account.AFQEUDYZL4M6GR2GYMUG3FYPXC7Q/ref=cm_cr_getr_d_gw_btm?ie=UTF8", "rating": "1.0 out of 5 stars", "reviewTitle": "Buyer Beware!!", "reviewDate": "September 21, 2020", "reviewText": "  Do not buy from them..DIGJUNGLE..this company is the worst!! No manners, the indian  guy was soooo rude!!! The HP computer I bought from them is already having keyboard issues 6 months in, not sure if they sold me a refurbished computer as new. save urself the headache and buy directly from hp, might cost a bit more , at least u are sure its legit brand new!!!, Buyer Beware!!", "is_Helpful": "2 people found this helpful"}, {"reviewerName": "Todd T", "reviewerUrl": "https://www.amazon.com/gp/profile/amzn1.account.AEDXB3WNRBVGCSWNO5UA3TBCUJFQ/ref=cm_cr_getr_d_gw_btm?ie=UTF8", "rating": "1.0 out of 5 stars", "reviewTitle": "Screen and camera stopped working,  useless.", "reviewDate": "September 9, 2020", "reviewText": "\"  2 months after receiving the camera broke and then the screen stopped working. This was for my childs online class.  Sent it in to HP under warranty and they denied the claim. Wanted $450 to repair it.  IT WAS SENT IN WITH NEARLY A MONTH LEFT ON THE WARRANTY.\", I would not recommend or buy again.", "is_Helpful": "4 people found this helpful"}, {"reviewerName": "David Citarelli", "reviewerUrl": "https://www.amazon.com/gp/profile/amzn1.account.AFVALBQKV725URQZIASA3UGPWCCQ/ref=cm_cr_getr_d_gw_btm?ie=UTF8", "rating": "5.0 out of 5 stars", "reviewTitle": "Excellent low tier laptop", "reviewDate": "September 7, 2020", "reviewText": "\"  This is a good example of what a low tier computer should be capable of. Excellent quality and excellent performance. I installed Ubuntu on it, and the wifi drivers werent there immediately so I needed to purchase a USB to ethernet adapter. Once that arrived I got the drivers and I havent had a single issue with the laptop since.\"", "is_Helpful": "One person found this helpful"}, {"reviewerName": "Amazon Customer", "reviewerUrl": "https://www.amazon.com/gp/profile/amzn1.account.AF7LBR7G3LAYUWSSSVR4M5STRC7Q/ref=cm_cr_getr_d_gw_btm?ie=UTF8", "rating": "5.0 out of 5 stars", "reviewTitle": "Funciona excelente", "reviewDate": "August 29, 2020", "reviewText": "  Excelente", "is_Helpful": "One person found this helpful"}, {"reviewerName": "Zahira Mojica", "reviewerUrl": "https://www.amazon.com/gp/profile/amzn1.account.AGX2G7UPTETVY7KHPUUIJ4IBVD4Q/ref=cm_cr_getr_d_gw_btm?ie=UTF8", "rating": "5.0 out of 5 stars", "reviewTitle": "Excellent service! Thank you so much for your service!", "reviewDate": "August 28, 2020", "reviewText": "  My laptops arrived in excellent conditions", "is_Helpful": ""}, {"reviewerName": "Sweetie Thompson", "reviewerUrl": "https://www.amazon.com/gp/profile/amzn1.account.AEK6TE5PZPQGMDIMC7CRFYLEWYQA/ref=cm_cr_getr_d_gw_btm?ie=UTF8", "rating": "3.0 out of 5 stars", "reviewTitle": "One Thing Missing", "reviewDate": "August 19, 2020", "reviewText": "\"  Yes, its thin and light.  No product key, so I have spend an additional $100.00 for Office.  And I had to get in external drive . .because this does not have one! Other than that . . .\"", "is_Helpful": "2 people found this helpful"}, {"reviewerName": "isaac a  opoku", "reviewerUrl": "https://www.amazon.com/gp/profile/amzn1.account.AGGJFUX7UHEAFCFKACIQVEUYFG4Q/ref=cm_cr_getr_d_gw_btm?ie=UTF8", "rating": "5.0 out of 5 stars", "reviewTitle": "Light Weight Product- but has the ability to do", "reviewDate": "August 19, 2020", "reviewText": "  The product was easy to set up. It meets the speed i wanted. Its quite in weight. But its ok. Just set it up. But looking forward to a very durable product.  I think its worth the money O paid for it.", "is_Helpful": ""}, {"reviewerName": "n", "reviewerUrl": "https://www.amazon.com/gp/profile/amzn1.account.AHYBC5DDL7B5AJHJTJJNDPG2DTKA/ref=cm_cr_getr_d_gw_btm?ie=UTF8", "rating": "1.0 out of 5 stars", "reviewTitle": "Terrible", "reviewDate": "August 19, 2020", "reviewText": "  LOUD fan runs all the time.  This was a waste of money!", "is_Helpful": "2 people found this helpful"}, {"reviewerName": "Ryan G.", "reviewerUrl": "https://www.amazon.com/gp/profile/amzn1.account.AGLDKKPCN2TNTMFV3Z4NHIVVYGXQ/ref=cm_cr_getr_d_gw_btm?ie=UTF8", "rating": "4.0 out of 5 stars", "reviewTitle": "Good buy, I thick my battery is faulty.", "reviewDate": "August 13, 2020", "reviewText": "  Fast secure service. The battery is giving me problems but am working with the company on it right now.", "is_Helpful": "6 people found this helpful"}, {"reviewerName": "Amazon Customer", "reviewerUrl": "https://www.amazon.com/gp/profile/amzn1.account.AHN7JIBRADA2O7SH42Q2ACS7RMHQ/ref=cm_cr_getr_d_gw_btm?ie=UTF8", "rating": "5.0 out of 5 stars", "reviewTitle": "Be aware of Windows 10 Safe Mode", "reviewDate": "August 11, 2020", "reviewText": "  If there are apps that you want to install on your laptop that are not \"blessed\" by Microsoft, you will have to leave Windows 10 \"Safe Mode\" to install the apps.  A lot of people still order anti-virus software for Windows 10.  Do you know that anti-virus software is included in Windows 10?  It\\s called \"Windows Defender\"., Anyway, the laptop was purchased for my wife to use for her \"Zoom\" meetings.", "is_Helpful": "2 people found this helpful"}, {"reviewerName": "Firefly", "reviewerUrl": "https://www.amazon.com/gp/profile/amzn1.account.AERTZXCYHRDVDDKWKRA35EIWBBUA/ref=cm_cr_getr_d_gw_btm?ie=UTF8", "rating": "1.0 out of 5 stars", "reviewTitle": "\"dont bother\"", "reviewDate": "August 9, 2020", "reviewText": "\"  It comes in S mode although it doesnt specify that it is an S mode model in the specs. I had to do a factory reset twice to get it to boot up properly, so I decided to returned it.\"", "is_Helpful": "2 people found this helpful"}, {"reviewerName": "VFPeters", "reviewerUrl": "https://www.amazon.com/gp/profile/amzn1.account.AHAWPVV7KAIAPCSHUJLXLL2NXLCA/ref=cm_cr_getr_d_gw_btm?ie=UTF8", "rating": "5.0 out of 5 stars", "reviewTitle": "Computer works great", "reviewDate": "August 8, 2020", "reviewText": "  It is very fast , easy to transfer over data from old computer. touch screen works great. Fan is a little loud, but over all it is working great.", "is_Helpful": "One person found this helpful"}, {"reviewerName": "Awilda Renaud", "reviewerUrl": "https://www.amazon.com/gp/profile/amzn1.account.AHIQQPPZIFEUJ4TVP7YTAM5VMBHQ/ref=cm_cr_getr_d_gw_btm?ie=UTF8", "rating": "4.0 out of 5 stars", "reviewTitle": "Durable", "reviewDate": "August 6, 2020", "reviewText": "  Good", "is_Helpful": ""}, {"reviewerName": "Ted Wallerstedt", "reviewerUrl": "https://www.amazon.com/gp/profile/amzn1.account.AGJZ66LBWOLWGVN6IGGZTP6YK2JQ/ref=cm_cr_getr_d_gw_btm?ie=UTF8", "rating": "3.0 out of 5 stars", "reviewTitle": "Does what it is supposed to do, but nothing special", "reviewDate": "August 6, 2020", "reviewText": "  This laptop is used by two users and better than what we had before.  But there is no DVD/CD drive and wireless internet is the only option.", "is_Helpful": "4 people found this helpful"}, {"reviewerName": "B_Mor in KG", "reviewerUrl": "https://www.amazon.com/gp/profile/amzn1.account.AESCKCKE3VRT36LGLOJ5VMJWI5TQ/ref=cm_cr_getr_d_gw_btm?ie=UTF8", "rating": "5.0 out of 5 stars", "reviewTitle": "Liked it so much, bought it twice!", "reviewDate": "August 5, 2020", "reviewText": "  I have had this laptop for a little more than a year and a half now-plenty of time to decide that its a great laptop. I am a huge fan of Mac/Apple products-I have iPhone, iPad, Mac desktop. To clarify, I was looking for a \"knock around\", cheap laptop that I wouldn\\t be too upset about if I dropped it or, God forbid, lost it after paying Apple/Mac prices. I was also looking for one that also had a numeric key pad. Bingo! THIS was it! And its perfect for doing what I need to do when traveling. Easy enough to slide into my (large) purse, not too terribly heavy, security seems solid, I can handle emails, bill paying, research AND its great for movies!!!!  I doubt that this would be the \"go to\" laptop for gamers and techno geeks, but for the everyday user, like me, its perfect.", "is_Helpful": "2 people found this helpful"}, {"reviewerName": "Amazon Customer", "reviewerUrl": "https://www.amazon.com/gp/profile/amzn1.account.AG7BYAQ5GBLPHTR4ADCZ4YESYN4A/ref=cm_cr_getr_d_gw_btm?ie=UTF8", "rating": "1.0 out of 5 stars", "reviewTitle": "Doesn\u2019t connect to anything...", "reviewDate": "July 30, 2020", "reviewText": "  Doesn\u2019t connect to anything", "is_Helpful": "One person found this helpful"}, {"reviewerName": "jazziearms ", "reviewerUrl": "https://www.amazon.com/gp/profile/amzn1.account.AGY6UMFZT6O4YSJMCMPFHKOTLEVA/ref=cm_cr_getr_d_gw_btm?ie=UTF8", "rating": "1.0 out of 5 stars", "reviewTitle": "Not what it describes", "reviewDate": "July 30, 2020", "reviewText": "  It\u2019s not new it\u2019s a 14 inch screen I measured it an iPad screen is bigger and used 2019 not a 2020", "is_Helpful": "3 people found this helpful"}, {"reviewerName": "J. JAGELLA", "reviewerUrl": "https://www.amazon.com/gp/profile/amzn1.account.AGOFYFA6354JGAEMQB3Y3M5RCTQA/ref=cm_cr_arp_d_gw_btm?ie=UTF8", "rating": "3.0 out of 5 stars", "reviewTitle": "Beware Windows 10 S Mode.", "reviewDate": "July 25, 2020", "reviewText": "  I bought this computer as a back-up machine that I can use for basic work if my desktop computer is in the shop. This laptop appears to be fine for that purpose., On the downside, Microsoft encourages use of its \"S mode.\" Since I was prompted to use S mode during the set up of this computer, I chose S mode.  I soon regretted doing so when I learned that S mode blocks the installation of third-party software like Chrome. It\\s tough to get Windows 10 out of S mode, and I ended up taking this computer to a local tech service. That tech service charged me almost $300 to get this laptop working properly!, So if you want to download and install third-party software on this computer, DO NOT choose S mode during set up.", "is_Helpful": "57 people found this helpful"}, {"reviewerName": "Phillip", "reviewerUrl": "https://www.amazon.com/gp/profile/amzn1.account.AFQRVA6QY2C4A5BPEOOOR6AGP6OA/ref=cm_cr_getr_d_gw_btm?ie=UTF8", "rating": "5.0 out of 5 stars", "reviewTitle": "Love it", "reviewDate": "July 25, 2020", "reviewText": "\"  I love it its really fast and good for what I need it for\"", "is_Helpful": ""}, {"reviewerName": "Damaris Gines", "reviewerUrl": "https://www.amazon.com/gp/profile/amzn1.account.AE2TT5RWDQQPYBPS3VPBP3LZUOMQ/ref=cm_cr_getr_d_gw_btm?ie=UTF8", "rating": "5.0 out of 5 stars", "reviewTitle": "Good quality", "reviewDate": "July 21, 2020", "reviewText": "  Easy to manage, light weight, perfect size", "is_Helpful": ""}, {"reviewerName": "Juan Hayot", "reviewerUrl": "https://www.amazon.com/gp/profile/amzn1.account.AGNYMWYZAUOAOJKBDDR4KKNOSNGQ/ref=cm_cr_getr_d_gw_btm?ie=UTF8", "rating": "5.0 out of 5 stars", "reviewTitle": "Very valuable for the money", "reviewDate": "July 18, 2020", "reviewText": "\"  Bought one for my mom and one for my dad. Theyre both very satisfied, the computer works very smoothly. It is very very lightweight, and looks good.\"", "is_Helpful": ""}, {"reviewerName": "Amazon Customer", "reviewerUrl": "https://www.amazon.com/gp/profile/amzn1.account.AE34WFDZEGYYOF6CEDVUVN5DQZUA/ref=cm_cr_getr_d_gw_btm?ie=UTF8", "rating": "1.0 out of 5 stars", "reviewTitle": "Absolute Garbage Computer!!", "reviewDate": "July 14, 2020", "reviewText": "\"  I always thought that HP generally made good computers, this purchase taught me otherwise. Like many, I purchased this product at the beginning of the pandemic to have a new computer that could handle all of my work related responsibilities from home. Immediately, I noticed something odd with the keyboard functions. I would strike the right shift key and it would place the cursor elsewhere on my screen, many lines away from where I was typing. Then, about three weeks later the camera stopped working. This has been a big issue these past months. Its unfortunate that i have to use an Apple Macbook from 2008 just to have my work meetings so that others can see me as I participate. Also, HP support is ridiculously poor. I have gone to the companies site to remedy my camera issue and they have been no help. In general, just stay away from all things HP, customer service is poor and the products are even worse.\"", "is_Helpful": "4 people found this helpful"}, {"reviewerName": "Alvaro Gabriel Guardia Revilla", "reviewerUrl": "https://www.amazon.com/gp/profile/amzn1.account.AGMSB7CW5E3PLKPOM3FCFX64BMRA/ref=cm_cr_getr_d_gw_btm?ie=UTF8", "rating": "1.0 out of 5 stars", "reviewTitle": "awful laptop", "reviewDate": "July 10, 2020", "reviewText": "  Not wortb it, a waste of time", "is_Helpful": "One person found this helpful"}, {"reviewerName": "Xavier Evans", "reviewerUrl": "https://www.amazon.com/gp/profile/amzn1.account.AHLINZNP5LB7K7WOFOTVCGODGSYA/ref=cm_cr_getr_d_gw_btm?ie=UTF8", "rating": "5.0 out of 5 stars", "reviewTitle": "Got what I paid for", "reviewDate": "July 8, 2020", "reviewText": "  Love it quick and easy to use extra features", "is_Helpful": "One person found this helpful"}, {"reviewerName": "Graicel Mirabal Diaz", "reviewerUrl": "https://www.amazon.com/gp/profile/amzn1.account.AFGKB3XK5L74HNTHUZYTEJX4EROA/ref=cm_cr_getr_d_gw_btm?ie=UTF8", "rating": "5.0 out of 5 stars", "reviewTitle": "gray", "reviewDate": "July 6, 2020", "reviewText": "  exelente", "is_Helpful": ""}, {"reviewerName": "Granique", "reviewerUrl": "https://www.amazon.com/gp/profile/amzn1.account.AGVMZLBGRA273LZ5254CVLCLG7FQ/ref=cm_cr_getr_d_gw_btm?ie=UTF8", "rating": "5.0 out of 5 stars", "reviewTitle": "Love it !", "reviewDate": "July 4, 2020", "reviewText": "  Love it !", "is_Helpful": ""}, {"reviewerName": "Michael J Rener", "reviewerUrl": "https://www.amazon.com/gp/profile/amzn1.account.AHZNJF46RQPQEDFOMORHBAOZNAVQ/ref=cm_cr_getr_d_gw_btm?ie=UTF8", "rating": "5.0 out of 5 stars", "reviewTitle": "Great Little Machine", "reviewDate": "July 2, 2020", "reviewText": "  I bought this as an anniversary present for my wife, whose 8 year old computer was showing its age., She loves the light weight and the responsiveness of the touchscreen. It is fast enough for what she likes to do with the computer, and she is very happy with it., If you are looking for a good second or lightweight (physically and technological) computer this is a great one to buy. If you are looking to do some heavy lifting (gaming, heavy duty coding/graphics) this is not for you.", "is_Helpful": "3 people found this helpful"}, {"reviewerName": "Jonathan G. Davis", "reviewerUrl": "https://www.amazon.com/gp/profile/amzn1.account.AGAFNYWEPTSC73DN2BP7YOME64DA/ref=cm_cr_getr_d_gw_btm?ie=UTF8", "rating": "4.0 out of 5 stars", "reviewTitle": "Very Nice for less than $600.....", "reviewDate": "June 20, 2020", "reviewText": "\"  It uses Microsoft software so u have to go through a lot to get ANY Google apps on there.....besides that, its really sleek.......STRONG speaker......\"", "is_Helpful": "One person found this helpful"}, {"reviewerName": "CP", "reviewerUrl": "https://www.amazon.com/gp/profile/amzn1.account.AG3YNNULX4HP3J4AHASQB76VOMNQ/ref=cm_cr_getr_d_gw_btm?ie=UTF8", "rating": "1.0 out of 5 stars", "reviewTitle": "Gutless", "reviewDate": "June 17, 2020", "reviewText": "\"  This laptop was purchased for the sole purpose of light online gaming and it wasnt capable of running for more than 30 minutes without lagging and requiring restart.  Useless.\"", "is_Helpful": "One person found this helpful"}, {"reviewerName": "Donna V Watters", "reviewerUrl": "https://www.amazon.com/gp/profile/amzn1.account.AGCO2AMOADLE5XGHWJINC7NHNLYA/ref=cm_cr_getr_d_gw_btm?ie=UTF8", "rating": "5.0 out of 5 stars", "reviewTitle": "Love it", "reviewDate": "June 4, 2020", "reviewText": "  Although I\u2019m having to learn how to use the window 10, I am very happy with product", "is_Helpful": ""}, {"reviewerName": "Melody Hutchinson", "reviewerUrl": "https://www.amazon.com/gp/profile/amzn1.account.AFAELRE3WUYVDDVZRHFJL6P75L4A/ref=cm_cr_getr_d_gw_btm?ie=UTF8", "rating": "5.0 out of 5 stars", "reviewTitle": "Great buy", "reviewDate": "May 30, 2020", "reviewText": "  Nice computer", "is_Helpful": ""}, {"reviewerName": "stephanie santiago", "reviewerUrl": "https://www.amazon.com/gp/profile/amzn1.account.AEEWYYSBEI6KX5SZ5TC5E7KZKL5Q/ref=cm_cr_getr_d_gw_btm?ie=UTF8", "rating": "5.0 out of 5 stars", "reviewTitle": "Awesome great easy", "reviewDate": "May 26, 2020", "reviewText": "  My husband picked a great laptop for mother\u2019s day in love", "is_Helpful": ""}, {"reviewerName": "Alley Al", "reviewerUrl": "https://www.amazon.com/gp/profile/amzn1.account.AEWE6E7UVR6IMDDICSWDDO4XDKQA/ref=cm_cr_getr_d_gw_btm?ie=UTF8", "rating": "5.0 out of 5 stars", "reviewTitle": "NICE CUSTOMER SERVICE!", "reviewDate": "May 22, 2020", "reviewText": "  VERY LIGHT! PERFORMS WELLS! JUST A BITE TOO COSTLY FOR ITS SIZE.", "is_Helpful": ""}, {"reviewerName": "Ashley", "reviewerUrl": "https://www.amazon.com/gp/profile/amzn1.account.AHIAJDY45WVHQPXGD7NDVHJHOBRQ/ref=cm_cr_arp_d_gw_btm?ie=UTF8", "rating": "5.0 out of 5 stars", "reviewTitle": "Amazing laptop for the price!", "reviewDate": "May 21, 2020", "reviewText": "  Excellent laptop to have. I fell in love with this laptop right away and it\u2019s a great price for what you get., Pros:, -Great size screen, -Starts up super fast, -Light weight and thin, -Great for using Photoshop, Illustrator and Lightroom., -Plays the Sims 4 (base game and ALL expansions) on highest settings, flawlessly., -Holds a great charge if you are doing internet browsing or basic tasks on your computer., -Touchscreen works nicely. Only have used it a few times because I\u2019m not a fan of using this for a constant touchscreen use. Just not my style, but it does work very nice., -Speakers/sound is very nice, -Downloads are super fast, -Easy to use and set up, Cons:, -Says it comes with a 125 GB of storage on it, in reality it\u2019s more like 70 GB. However, easy fix is to but an external drive. I use a Toshiba 2 TB external drive (around $60 on here and works amazingly) and use it has an extension of the laptop, problem solved., -when you unplug the charger the screen dims making it hard to edit photos or do any photoshop work., -Does not play highly detailed games well, it lags., All in all, I highly recommend this laptop to almost anyone. If you are a basic gamer this works very nice, but if you are more advanced in gaming, don\u2019t get this. If your games are very detailed or take up a lot of storage, this will not work for you. It will lag (if you\u2019re lucky to have the space to install). But if you like Sims, Minecraft, Roblox...you\u2019re all set. Same goes for if you do any photo editing or any digital illustration work. Pretty much any Adobe program works flawlessly on this.", "is_Helpful": "37 people found this helpful"}, {"reviewerName": "Nativedream420", "reviewerUrl": "https://www.amazon.com/gp/profile/amzn1.account.AH2XB4OEEBZWDCVRMCNWBORMJDMA/ref=cm_cr_getr_d_gw_btm?ie=UTF8", "rating": "5.0 out of 5 stars", "reviewTitle": "Not bad", "reviewDate": "May 21, 2020", "reviewText": "  \\xa0I just use it to stream and look things up. Pretty good to me so far!", "is_Helpful": "5 people found this helpful"}, {"reviewerName": "Amazon Customer", "reviewerUrl": "https://www.amazon.com/gp/profile/amzn1.account.AFHVIPYFBHXWPK7NNMRX347D2LMA/ref=cm_cr_getr_d_gw_btm?ie=UTF8", "rating": "5.0 out of 5 stars", "reviewTitle": "Love it", "reviewDate": "May 21, 2020", "reviewText": "  Very comfortable and light weight. Fast and great", "is_Helpful": ""}, {"reviewerName": "Michaela Provencher", "reviewerUrl": "https://www.amazon.com/gp/profile/amzn1.account.AH5XRXTDGD2YZCG7XSERQAMVH5ZA/ref=cm_cr_getr_d_gw_btm?ie=UTF8", "rating": "5.0 out of 5 stars", "reviewTitle": "\"Best computer Ive ever used and I own it!\"", "reviewDate": "May 20, 2020", "reviewText": "  So fast and secure! Touch screen works great and clear", "is_Helpful": ""}, {"reviewerName": "sherry jacobs", "reviewerUrl": "https://www.amazon.com/gp/profile/amzn1.account.AFGGGTJ5LFNADXCRD2GTY6Z2TJIA/ref=cm_cr_getr_d_gw_btm?ie=UTF8", "rating": "5.0 out of 5 stars", "reviewTitle": "Great value for the money", "reviewDate": "May 20, 2020", "reviewText": "  Love, love, love! Easy touchscreen. Great value for the money", "is_Helpful": ""}, {"reviewerName": "pop", "reviewerUrl": "https://www.amazon.com/gp/profile/amzn1.account.AGR4NRT6RSLNMA5IRGM7ACRUU7TA/ref=cm_cr_getr_d_gw_btm?ie=UTF8", "rating": "5.0 out of 5 stars", "reviewTitle": "Great Computer so far!", "reviewDate": "May 14, 2020", "reviewText": "\"  Ive had the computer for a couple of days now and really am enjoying it! It is lightweight, easy to use, connected to wifi like a breeze and has wonderful qualities. The only thing I wish it had was Microsoft word, excel etc. pre-installed but for the price you pay you cant beat it.\"", "is_Helpful": "One person found this helpful"}, {"reviewerName": "CedarRidgeRanchTX", "reviewerUrl": "https://www.amazon.com/gp/profile/amzn1.account.AH3FNTJK5PD5W5XSLBQTJXSZHBNA/ref=cm_cr_getr_d_gw_btm?ie=UTF8", "rating": "5.0 out of 5 stars", "reviewTitle": "Great computer!", "reviewDate": "May 7, 2020", "reviewText": "  This computer is great for working at home and needing to run multiple programs at a time. It was super easy to set up and I would recommend it to anyone.", "is_Helpful": "2 people found this helpful"}, {"reviewerName": "ara", "reviewerUrl": "https://www.amazon.com/gp/profile/amzn1.account.AHCWSZE7QLJPJMP6IVQZI35RPKAQ/ref=cm_cr_getr_d_gw_btm?ie=UTF8", "rating": "5.0 out of 5 stars", "reviewTitle": "Best Value", "reviewDate": "May 6, 2020", "reviewText": "  Best for the price", "is_Helpful": ""}, {"reviewerName": "Corey S.", "reviewerUrl": "https://www.amazon.com/gp/profile/amzn1.account.AGNGXTIGWQ2L3C2SAVR6YP3Y77PA/ref=cm_cr_getr_d_gw_btm?ie=UTF8", "rating": "5.0 out of 5 stars", "reviewTitle": "Good laptop for basic needs", "reviewDate": "May 4, 2020", "reviewText": "  Seems to be exactly as described. Good budget laptop for basic needs.", "is_Helpful": ""}, {"reviewerName": "Amazon Customer", "reviewerUrl": "https://www.amazon.com/gp/profile/amzn1.account.AFS2QJZ7ZOM7ZSFNNXY5RWHYCJEQ/ref=cm_cr_getr_d_gw_btm?ie=UTF8", "rating": "5.0 out of 5 stars", "reviewTitle": "Touchscreen works great.", "reviewDate": "May 1, 2020", "reviewText": "  I am very pleased with the laptop and love the touchscreen function.", "is_Helpful": ""}, {"reviewerName": "Jennifer Leidel", "reviewerUrl": "https://www.amazon.com/gp/profile/amzn1.account.AHPVVT2FHXKM4ETGKR52O25X25DA/ref=cm_cr_getr_d_gw_btm?ie=UTF8", "rating": "3.0 out of 5 stars", "reviewTitle": "Over quality", "reviewDate": "April 30, 2020", "reviewText": "  I love the size of this computer and the keyboard, but that is about it. The screen quality is awful. There is no definition of line when you are working on a document,, unable to see what you are highlighting, The use of excel is useless on this computer. I needed this computer for school and it is not going to work. Very disappointed. Will not be buying a computer online again.", "is_Helpful": "4 people found this helpful"}, {"reviewerName": "Jamie", "reviewerUrl": "https://www.amazon.com/gp/profile/amzn1.account.AHHG6QHYTATY24Y4MMFERCX7VHHA/ref=cm_cr_getr_d_gw_btm?ie=UTF8", "rating": "4.0 out of 5 stars", "reviewTitle": "Simple but fine", "reviewDate": "April 28, 2020", "reviewText": "\"  So far so good.  Got it for my daughters online work since school is closed\"", "is_Helpful": ""}, {"reviewerName": "Ray", "reviewerUrl": "https://www.amazon.com/gp/profile/amzn1.account.AGZHBVSU34LCBDMZA2P7GUDY2NMA/ref=cm_cr_getr_d_gw_btm?ie=UTF8", "rating": "5.0 out of 5 stars", "reviewTitle": "No problems at all", "reviewDate": "April 24, 2020", "reviewText": "  Everything works perfectly it froze on me the first day I got it but it turned out fine. I recieved the laptop yesterday and so far everything works fine and nothing seems to be broken. Would reccomend", "is_Helpful": ""}, {"reviewerName": "bktom2", "reviewerUrl": "https://www.amazon.com/gp/profile/amzn1.account.AEE46UC3TKJFPI53D763QXRYKKXA/ref=cm_cr_getr_d_gw_btm?ie=UTF8", "rating": "5.0 out of 5 stars", "reviewTitle": "Nice Laptop at a decent price", "reviewDate": "April 23, 2020", "reviewText": "  Fast shipping, no hassle set up.", "is_Helpful": ""}, {"reviewerName": "Tasha", "reviewerUrl": "https://www.amazon.com/gp/profile/amzn1.account.AEGKUR6CR3HCMSSTO24VRRDJ7UHQ/ref=cm_cr_getr_d_gw_btm?ie=UTF8", "rating": "2.0 out of 5 stars", "reviewTitle": "Cheap feel and issues", "reviewDate": "April 23, 2020", "reviewText": "\"  Overall this is a decent little computer it has a nice sleek look and its fast. but thats about all I can say. When I opened the box the first thing I noticed was how thin and low quality the plastic is.  The frame was popped out of place and I had to snap it back together. Overall it just has a very cheap feel. Everytime I pick it up and open it feels like its going to break.\", It comes with windows S mode enabled but can be easily disabled.,  Also I cannot print with it, it will connect to my printer but it will not send the data to the printer and pops up with a \"print error\" message. I  have tried everything under the sun to fix this issue, I scoured through thousands of online articles and solutions to no avail! I will update this review if I ever fix this problem., The screen however is BEAUTIFUL! the touchscreen works amazingly!, \" It is worth noting that it DOES NOT come with a CD drive. This is my own fault I just didnt notice this when I bought it. Its ok though you can always purchase an external drive, I picked one up for about $30.\", \" Overall the cheap feel and issues I have had I would say its not worth the price and I would suggest you keep shopping.\"", "is_Helpful": "37 people found this helpful"}, {"reviewerName": "TORO1123", "reviewerUrl": "https://www.amazon.com/gp/profile/amzn1.account.AGGSJTSHL2VTJOWWGR2WAHCZ4EPA/ref=cm_cr_getr_d_gw_btm?ie=UTF8", "rating": "4.0 out of 5 stars", "reviewTitle": "I have just got this computer today and its pretty ok. Its fast and and Im enjoying it so far.", "reviewDate": "April 21, 2020", "reviewText": "  I wish it was a little smaller and I wish it folded as a tablet but other than that its okay.", "is_Helpful": ""}, {"reviewerName": "VIKAS GUPTA", "reviewerUrl": "https://www.amazon.com/gp/profile/amzn1.account.AHYPCNIZWILJGMFF25WNQ3EWULUQ/ref=cm_cr_getr_d_gw_btm?ie=UTF8", "rating": "5.0 out of 5 stars", "reviewTitle": "Very good buy", "reviewDate": "April 21, 2020", "reviewText": "  Super sleek and light weight. More than expectation. Bought it for school going daughter completely satisfied n last but not least super fast free delivery.", "is_Helpful": "One person found this helpful"}, {"reviewerName": "Kenneth Hardnett", "reviewerUrl": "https://www.amazon.com/gp/profile/amzn1.account.AGU63ZKQPEEJYMHXAYI7XUEDXEMQ/ref=cm_cr_getr_d_gw_btm?ie=UTF8", "rating": "5.0 out of 5 stars", "reviewTitle": "Perfect for business", "reviewDate": "April 19, 2020", "reviewText": "  Came a lot sooner than expected but I love this laptop. Everything on it works excellent and it looks very professional. The touchscreen and Cortana a great features. Perfect for my business.", "is_Helpful": ""}, {"reviewerName": "Bev Trump", "reviewerUrl": "https://www.amazon.com/gp/profile/amzn1.account.AGU2GHEH76I4LAR7FVUNRVAYCY2A/ref=cm_cr_getr_d_gw_btm?ie=UTF8", "rating": "2.0 out of 5 stars", "reviewTitle": "Not what I expected", "reviewDate": "April 18, 2020", "reviewText": "\"  Screen went bad after only 3 days of use. Aslo didnt have enough memory\"", "is_Helpful": "One person found this helpful"}, {"reviewerName": "william hardison", "reviewerUrl": "https://www.amazon.com/gp/profile/amzn1.account.AGBYNI7HHR6OH56CBMRKCLEXRVAQ/ref=cm_cr_getr_d_gw_btm?ie=UTF8", "rating": "5.0 out of 5 stars", "reviewTitle": "easy to set up", "reviewDate": "April 18, 2020", "reviewText": "  Computer was easy to set up. Plugged in my printer and  the computer asked if I wanted it set up, I clicked on yes and it was set up. How easy that was! I have always had problems with a new printer not this time!", "is_Helpful": "3 people found this helpful"}, {"reviewerName": "JAH84", "reviewerUrl": "https://www.amazon.com/gp/profile/amzn1.account.AGRBD5AQMFQPPDRZGU3SGIXN2AQA/ref=cm_cr_getr_d_gw_btm?ie=UTF8", "rating": "5.0 out of 5 stars", "reviewTitle": "Overall great purchase at reasonable cost", "reviewDate": "April 16, 2020", "reviewText": "  Reasonable priced touchscreen.  Bought this to start online learning for my 10 year old son.  He loves it.  Easy to navigate, nice screen quality, have not tried gaming on this... I did not rate for that.", "is_Helpful": ""}, {"reviewerName": "Hamilton rosario", "reviewerUrl": "https://www.amazon.com/gp/profile/amzn1.account.AG5MPMZDWJD35CJ57HK6KD2SXE6A/ref=cm_cr_getr_d_gw_btm?ie=UTF8", "rating": "5.0 out of 5 stars", "reviewTitle": "Great for the price.", "reviewDate": "April 15, 2020", "reviewText": "  Great laptop great price \ud83d\udc4d\ud83d\ude4c\ud83c\udffe", "is_Helpful": ""}, {"reviewerName": "Caroline", "reviewerUrl": "https://www.amazon.com/gp/profile/amzn1.account.AHGNSQG7M6Y6W54HKBU4ALL23YYA/ref=cm_cr_getr_d_gw_btm?ie=UTF8", "rating": "5.0 out of 5 stars", "reviewTitle": "\"Its real slim\"", "reviewDate": "April 9, 2020", "reviewText": "  I like it,real fancy", "is_Helpful": "One person found this helpful"}, {"reviewerName": "Jeanette S.", "reviewerUrl": "https://www.amazon.com/gp/profile/amzn1.account.AGIDT2A4LCYFK7SLCX5LV2WF77YA/ref=cm_cr_arp_d_gw_btm?ie=UTF8", "rating": "1.0 out of 5 stars", "reviewTitle": "Waste of money", "reviewDate": "April 9, 2020", "reviewText": "\"  I bought this in order to work from home. Per our work IT guys,  it has malfunctioning wifi and out of date drivers.  I lost signal all the time sitting 2 feet from my router. After installing a wifi extender (which took all day to download), I can sit at my table 10 feet away from the router,  but drop signal all the time. This is a piece of junk,  dont waste your money. Im stuck because I have to have something to work from home with & cant afford to buy a new one while waiting for a refund on this one.\"", "is_Helpful": "81 people found this helpful"}, {"reviewerName": "Kenneth Keener", "reviewerUrl": "https://www.amazon.com/gp/profile/amzn1.account.AF525SS3QMLJFH53HO3VIBO4UJ5Q/ref=cm_cr_getr_d_gw_btm?ie=UTF8", "rating": "4.0 out of 5 stars", "reviewTitle": "Great device but takes some getting used to!", "reviewDate": "April 7, 2020", "reviewText": "  I am pleased in general with this device.  Windows 10 is taking some time to get used to. I own an older I-Mac and have an office desktop running Windows 8.  I am having difficulty connecting to either of my printers (an older HP Deskjet, and a brand new Xerox) I am still working with tech support to solve the problem.  I do not use this device for playing games.", "is_Helpful": "2 people found this helpful"}, {"reviewerName": "Bev yes it was delivered at the correct address.  Thanks", "reviewerUrl": "https://www.amazon.com/gp/profile/amzn1.account.AEKNBEOELJJKER6BAQKZPLI2NQSQ/ref=cm_cr_getr_d_gw_btm?ie=UTF8", "rating": "5.0 out of 5 stars", "reviewTitle": "Its working", "reviewDate": "April 6, 2020", "reviewText": "  My grandson \"hawks\" this He is enjoying  my computer or labtop.", "is_Helpful": ""}, {"reviewerName": "Sylvia Venegas", "reviewerUrl": "https://www.amazon.com/gp/profile/amzn1.account.AFQP3OCGK4PEVCA4AQ7NLWPEWTPQ/ref=cm_cr_getr_d_gw_btm?ie=UTF8", "rating": "5.0 out of 5 stars", "reviewTitle": "Awesome!", "reviewDate": "March 30, 2020", "reviewText": "  I loved everything about this laptop, including the size of the screen. 100% recommend.", "is_Helpful": ""}, {"reviewerName": "Amazon Customer", "reviewerUrl": "https://www.amazon.com/gp/profile/amzn1.account.AFEPMJKFTCUOOSDYC3Q23ISRZKOQ/ref=cm_cr_getr_d_gw_btm?ie=UTF8", "rating": "5.0 out of 5 stars", "reviewTitle": "Better than expected", "reviewDate": "March 13, 2020", "reviewText": "  Perfect for school.", "is_Helpful": "6 people found this helpful"}, {"reviewerName": "steeler1992", "reviewerUrl": "https://www.amazon.com/gp/profile/amzn1.account.AHJRCPMSPNPN24IS5H3YU5GRCZ2Q/ref=cm_cr_arp_d_gw_btm?ie=UTF8", "rating": "2.0 out of 5 stars", "reviewTitle": "Sound issues", "reviewDate": "March 11, 2020", "reviewText": "  For some reason my audio plays through both the headphones and speakers.  Cant find a solution after searching the internet for hours.  Very frustrating to get a new PC and not have all the functions operating as they should.", "is_Helpful": "30 people found this helpful"}, {"reviewerName": "Nebraskan", "reviewerUrl": "https://www.amazon.com/gp/profile/amzn1.account.AH5ROIMRBETGQJTE2UENKIGPS3JQ/ref=cm_cr_arp_d_gw_btm?ie=UTF8", "rating": "4.0 out of 5 stars", "reviewTitle": "OK Cmputer", "reviewDate": "March 11, 2020", "reviewText": "  It is a very functional basic computer and seems to work very well., It works well for the price .", "is_Helpful": "7 people found this helpful"}, {"reviewerName": "Kk OBrien", "reviewerUrl": "https://www.amazon.com/gp/profile/amzn1.account.AGLGUL2UIHN5TPVGT6RPPEMZIUDA/ref=cm_cr_arp_d_gw_btm?ie=UTF8", "rating": "1.0 out of 5 stars", "reviewTitle": "Do not buy", "reviewDate": "March 9, 2020", "reviewText": "\"  This computer is awful, it lags on every site and app, wont allow me to connect to the wifi in my house. Seller would only give 20% back for a return so Im stuck with this peice of junk.\"", "is_Helpful": "113 people found this helpful"}, {"reviewerName": "Christy Curtis", "reviewerUrl": "https://www.amazon.com/gp/profile/amzn1.account.AGKHLCBOOG52CKWL2KFZBJVYJ2BQ/ref=cm_cr_getr_d_gw_btm?ie=UTF8", "rating": "5.0 out of 5 stars", "reviewTitle": "New Laptop", "reviewDate": "March 9, 2020", "reviewText": "\"  Love the HP brand previous laptop was HP thats why I had to have another one. Very reliable device \u2764\"", "is_Helpful": "4 people found this helpful"}, {"reviewerName": "Mariannette Franceschi", "reviewerUrl": "https://www.amazon.com/gp/profile/amzn1.account.AEDWJYDVKY6N6GEGS3RKXRV2KBXQ/ref=cm_cr_arp_d_gw_btm?ie=UTF8", "rating": "5.0 out of 5 stars", "reviewTitle": "Good Computer", "reviewDate": "March 4, 2020", "reviewText": "\"  I love this Computer its really fast and reliable for what you pay for it.\"", "is_Helpful": "13 people found this helpful"}, {"reviewerName": "Brianna Wright", "reviewerUrl": "https://www.amazon.com/gp/profile/amzn1.account.AEALUIQWZE45OGSKVJEQTOORXTXQ/ref=cm_cr_arp_d_gw_btm?ie=UTF8", "rating": "5.0 out of 5 stars", "reviewTitle": "Perfect replacement!", "reviewDate": "February 21, 2020", "reviewText": "  Product is amazing! Fell in love with it instantly. Set up was easy, works like a charm,  Perfect for Grad students!", "is_Helpful": "23 people found this helpful"}, {"reviewerName": "Amazon Customer", "reviewerUrl": "https://www.amazon.com/gp/profile/amzn1.account.AG7SGUNRWPB5GGPA5564XPBPU34A/ref=cm_cr_getr_d_gw_btm?ie=UTF8", "rating": "5.0 out of 5 stars", "reviewTitle": "Love it", "reviewDate": "February 6, 2020", "reviewText": "  Perfect", "is_Helpful": "5 people found this helpful"}], "qAndA": [{"question": "Does this have a plug for internet, to be hard wiredn?", "answer": "No"}, {"question": "can you load programs from a portable cd disk drive ?", "answer": "Yes, this model does not have an internal disk drive but you can use a USB connected remote drive or a flash drive to load programs."}, {"question": "Does laptop support upgrades to ram, hard drive? also does it have space to 2 hdds? dual boot?", "answer": "Don't know about dual harddrives, not seeing anything to support that. RAM can be upgraded up to 16GB"}, {"question": "Have conection to wireless mouse ?", "answer": "Yes. The wireless mouse has a transmitter that will go in a USB port. The transmitter is usually shipped inside the mouse housing where the battery is."}, {"question": "How do you change the battery?", "answer": "Just GFoogle \"How to change the battery in an HP <model #>.\""}, {"question": "If youDont like this\" can it be returned with no restocking charge?", "answer": "Yes!"}, {"question": "Que sistema operativo tiene ? windows 10 pro ? enterprice o home a 32bit o 64 bit ?", "answer": "Answer not available"}, {"question": "Does it support fast charging?", "answer": "Answer not available"}, {"question": "How long is the battery life?", "answer": "See previous answer."}, {"question": "I can not find info on this webcam. What are the technical details of the webcam?", "answer": "Not sure about the technical details but we use it for ZOOM calls all the time and the picture fairly good.....not ESPN quality but works for us......"}, {"question": "Does it come with an electrical plug?", "answer": "Yes"}, {"question": "does it have widi or whatever its called to wirelessly show picture on TV like screenshare on phone?", "answer": "It has WIFI & Bluetooth, so you can broadcast to a tv, but you\u2019ll need to make sure your tv is compatible."}, {"question": "Does it come with warranty?", "answer": "No!"}, {"question": "Is the laptop good for running obs software for streaming", "answer": "We was able to download apps. And stream tv shows"}, {"question": "How big is the ssd? description is different from header...", "answer": "Not a system admin, please clarify what you are asking."}, {"question": "Sooo Battery will last like 12 - 24 - like what 48 hours before needing recharge??", "answer": "That depends on your level of usage. I took this laptop to a seminar and discussion that lasted about four hours. The lid was open and the screen lit for the entire time. By the end of the session, I was down to about 14% battery. I have also left it charged and unused for 5 days to a week without significant loss o\u2026 see more"}, {"question": "Does this laptop comes with battery as I am seeing in your specs 1 lithium battery required", "answer": "Yes, battery & charger!"}, {"question": "What charger does it take", "answer": "Hp 45w"}, {"question": "This PC is Touchscreen ??", "answer": "How do you get the touch screen to work on this Laptop, I already have it but cannot figure out how to use touchscreen.."}, {"question": "I can installed MS ?", "answer": "Answer not available"}, {"question": "Can i connect easily to my home wifi?? im not seeing any information on wifi...is this computer not wifi enabled??", "answer": "yeah. the wifi works very well"}, {"question": "What is the HP battery replacment charger model?", "answer": "Sorry but I only use the pc when plugged in however you could remove the battery flip it over and take the battery out"}, {"question": "does it have MS Outlook ?", "answer": "No"}, {"question": "Will this laptop connect to 5ghz WiFi", "answer": "Yes."}, {"question": "Will iracing work on it", "answer": "Don't know what that is."}, {"question": "Is MS Office pre-installed? or is any part of it pre-installed?", "answer": "No MS Office is not part of the package."}, {"question": "Does anyone have issues with overheating?", "answer": "I have had no issues!"}, {"question": "Is the laptop backlit ?", "answer": "No!"}, {"question": "I have had this laptop in my cart for three days waiting to purchase it on Friday, why has the price changed and increased three times in three days?", "answer": "You waited too long"}, {"question": "What is the warranty?", "answer": "Answer not available"}, {"question": "Is the keyboard spill proof?", "answer": "No"}, {"question": "How many days from the time of receipt do I have to return this laptop?", "answer": "Not sure, usually 30 days from Amizon, though"}, {"question": "what version of Windows 10 is it?", "answer": "10.0.18362"}, {"question": "Come with a mouse?", "answer": "No, mouse"}, {"question": "Is the battery removalable?", "answer": "Nope."}, {"question": "is this a wireless laptop?", "answer": "Yeah."}, {"question": "Can speed be upgraded?", "answer": "No idea. I am plannig to upgrade storage only."}, {"question": "What screen protector do I need to get?", "answer": "Answer not available"}, {"question": "What is warranty info", "answer": "Hello, I would like to know how or what are the steps are for reinstalling from scratch the WINDOWS 10 ?\n\nCan you send me full instructions or video ? \u2026 see more"}, {"question": "Que generacion es", "answer": "10a generacion"}, {"question": "This lt has word, but not office and no cd drive; right?", "answer": "No office, no Word, no CD."}, {"question": "Can you use cricut with this?", "answer": "Answer not available"}, {"question": "Could I mod games on this pc and use it as fast as a rabbit, or is it slow, laggy and not have much space?", "answer": "This is not made for gaming, it is more of a mid range PC"}, {"question": "Resoluci\u00f3n de la web cam?", "answer": "Excelente!"}, {"question": "Esta computadora en la version de 256...es pantalla tactil ???", "answer": "Si \ud83d\udc4d"}, {"question": "Does it come with a charger?", "answer": "Yes it does."}, {"question": "What charger does it take?", "answer": "The charger is similar to other laptop chargers that I have had, but the Jack plug is smaller than the one I had previously."}, {"question": "Does this have Word perfect", "answer": "This computer does not come with any software that has not been approved by Microsoft. The computer is delivered in a Windows Safe Mode. If you choose to install any software that is not approved by Microsoft, you will need to leave the Safe Mode to install the software. Once you leave Safe Mode, you cannot return to S\u2026 see more"}, {"question": "Hola el teclado tiene la \u00f1?", "answer": "El sistema de operaciones de Windows te permite adaptar el teclado para usar la \u00f1; simplemente vas a \"settings\", escoges \"languages,\" y ah\u00ed puedes escoger el castellano (espa\u00f1ol) para que te permita usar la \u00f1. Cuando escoges usar el castellano la \u00f1 se utiliza usando la tecla del semicolon ( ; )."}, {"question": "Does it come with Microsoft office ?", "answer": "no, you have to buy it separately"}, {"question": "Can I download office business on this laptop?", "answer": "Yes"}, {"question": "Does this have wireless internet", "answer": "Yes you can connect wirelessly"}, {"question": "Is there any cost to take it out of S-mode?", "answer": "Nope. I did it for free."}, {"question": "Does anyone know where I can find the product key for this laptop?", "answer": "Nope I'm looking myself. Unfortunate for me I don't have the box. But there wasn't a guide furnished. .would've been nice. . ."}, {"question": "HP pen is not working Can you tell me what is missing?", "answer": "Sorry ,I I don't know."}, {"question": "If youDont like this\" can it be returned with no restocking charge?", "answer": "Yes!"}, {"question": "Se me quedo bloqueada y emite un sonido. No puedo apagarla ya que ninguna tecla responde. No puedo quitar la bateria, ni reiniciarla. Que puedo hacer?", "answer": "Answer not available"}, {"question": "Do you need anti verus", "answer": "Most systems now days come with Microsoft Windows 10 on them. Windows 10 come with anti virus software built in to the operating system. It\u2019s called Windows Defender. When you get the computer delivered, make sure that Windows Defender is activated."}, {"question": "Is this compatible with a silouhette cameo or Cricut vinyl cutting machine?", "answer": "I am sorry. No idea."}, {"question": "Can I play sims on this", "answer": "I do not know, i do not play this game."}, {"question": "When will this item be shipped?", "answer": "Normally, once a payment has been made, the item will be shipped to you. I got mine before the proposed delivery date."}, {"question": "Does it come with warranty?", "answer": "I have no idea except the instore warranty. The laptop came in a box with no papers. I have looked on line but didn't see anything. It is a nice computer, although I don't do much work on it. It definitely is worth the money"}, {"question": "Will this computer connect to my Spectrum wi-fi in my house?", "answer": "Yes it has an excellent WiFi capability"}, {"question": "es touchscreen?", "answer": "Answer not available"}, {"question": "Can you expedite this?, i just ordered it 15 minutes ago", "answer": "No mouse"}, {"question": "Is this a PC computer?", "answer": "Yes, it's running Windows 10 Home in S mode, which can be changed through the Microsoft Store for free."}, {"question": "Is the keyboard backlit ?", "answer": "No is not."}, {"question": "Si es nueca de paquete y si tiend ls instrucciones en espan,\u00f1ol?", "answer": "Si es nueva, y instrucciones ? No, pero si te refieres al idioma del windows, obvio si lo puedes cambiar a espa\u00f1ol apenas la enciendes."}, {"question": "does it support a zoom program?", "answer": "Yes! It supports zoom. I use it for my online classes. The microphone and camera work great."}, {"question": "Does this version for speeds up to 3.4ghz? how do you achieve the \"up to\" speed? \"10th generation intel core i3-1005g1 1.2ghz up to 3.4ghz. \"", "answer": "I haven\u00b4t tried to do this. Sorry."}, {"question": "The answer you gave says this laptop does not have a head phone jack, then why does it show a head phone jack in the photos of the laptop?", "answer": "I looked again , there is a jack on the right side."}, {"question": "Which pen is compatible with this laptop?", "answer": "I don't use a pen, so I don't know."}, {"question": "Does it have a left and right click on the touchpad?", "answer": "I believe there are several ways to use the touchpad and some variation on right click - left click. This is a touchscreen model so many functions can be controlled by simply touching the appropriate control on the screen. I am old-fashioned, however; I insert a dongle in a USB port and use a cordless mouse if I am wo\u2026 see more"}, {"question": "Can you instal chrome to this computer?", "answer": "The MS Operating System on this computer, which is Windows 10 comes setup in a setting known as \"S\" mode, or Secure Mode. There are two ways by which you can install Chrome. Since Microsoft has set the OS to \"S\" mode, you can go to Microsoft's Store, and if \"Chrome\" is listed in their store, which it probably will be\u2026 see more"}, {"question": "what is the max upgradeable ram?", "answer": "16GB"}, {"question": "Does the version with 128gb come with windows 10 s or windows 10 home?", "answer": "It comes with windows 10 s but this version was not working well for me so I changed to windows 10 home. For all other aspects the laptop is excellent."}, {"question": "Does it have a webcam?", "answer": "Yes, it does have a webcam."}, {"question": "Can I use a mouse with this? Never owened a laptop, what happens when you fold it up while the pC is on?", "answer": "You can use a mouse, it plugs into a USB port on the side.\n\nWhen its running and you close it, it goes into sleep mode"}, {"question": "Does this laptop have a 720p Webcam? If not... what is it?", "answer": "no"}, {"question": "Does it have extendable hard drive option.", "answer": "You can always change the ssd hard drive out for a larger drive. I do not know of an extendable hard drive option"}, {"question": "Does this type of system require any type of \"agreements\" with the HP people - where they require a fee for upgrades?", "answer": "I haven't seen an agreement, but I have not covered all the paperwork throughly"}, {"question": "What type of charger does it take?", "answer": "It comes with a three prong for the wall outlet."}, {"question": "I have had this laptop in my cart to purchase on Friday. Why in the last three days the price has increased three times.", "answer": "Too bad"}, {"question": "Es 2020?", "answer": "if it is from 2020 10 generation indel"}, {"question": "Does it have a hdmi outlet", "answer": "yes"}, {"question": "Does this laptop come with software for basic video editing?", "answer": "No"}, {"question": "What programs are preloaded?", "answer": "Standard Microsoft \"blessed\" applications are installed. If you remain in Windows \"Safe Mode\" there will be a list of other applications that you can install on the laptop. But if you want to install other \"non-sanctioned\" applications on the laptop, you will need to leave Windows \"Safe Mode\". You cannot return to \"\u2026 see more"}, {"question": "Has a cd player?", "answer": "Nope. No optical drive. (CD, DVD, Blueray, etc)"}, {"question": "this laptop has been used for how long?", "answer": "A couple months when I first encountered issues."}, {"question": "Why do this have 1t-128 on the box . Confuse is this a 1T or 128", "answer": "128 GB SSD"}, {"question": "Does the accessory adobe acrobat professional dc | pdf converter allow you to covert pdf\u2019s into word?", "answer": "I gave this laptop as a gift but I actually think a software question would be a google search. Your question is about software, not the laptop, if I\u2019m Understanding correctly. And there are softwares that do that conversion. The version of Acrobat you refer to sounds like it should have the function you need. Try Google"}, {"question": "Is this touch screen?", "answer": "Mine has a touchscreen. If this helps, the product title when I bought it explicitly said touchscreen laptop:\nNew HP 15.6\" HD Touchscreen Laptop Intel Core i3-1005G1 8GB DDR4 RAM 128GB SSD HDMI Bluetooth 802.11/b/g/n/ac Windows 10 15-dy1731ms Silver"}, {"question": "Do it have backlight key board", "answer": "no"}, {"question": "This laptop has a CD player ?", "answer": "No CD or DVD player. Other than that it's a great laptop"}, {"question": "Does this hp have ms office?", "answer": "You have the opportunity to sign up for a subscription as in any computer that comes with Win10 installed as the operating system"}, {"question": "Do I have to charge it before i can use it for the first time?", "answer": "My laptop had about48% battery when I first turned it on. I used it to ser up the laptop and then I put it to charge."}, {"question": "Can this be shipped to Buenos Aires, Argentina?", "answer": "Amazon ships world wide with some restrictions. Contact Amazon directly to inquire about shipping"}, {"question": "laptop touchscreen with english keyboard and hebrew as 2nd language", "answer": "Go to settings and look under languages to set up keyboard for a different language."}, {"question": "Can this laptop be used remotely", "answer": "Yes it can"}, {"question": "Does the laptop come with the battery and charger?", "answer": "Yes."}, {"question": "What is your warranty?", "answer": "A warranty was offered, but I didn't take it nor do I know the terms of the warranty."}, {"question": "is this a windows 10 version or windows 10 home (s mode)?", "answer": "It\u2019s windows 10 home. You\u2019d have to upgrade through Microsoft if you want the professional version."}, {"question": "May i know release year", "answer": "Answer not available"}, {"question": "Since this is not full HD, how clear/sharp do you find the resolution is for reading and movies?", "answer": "Very good. Not an issue. Very decent quality."}, {"question": "is the battery included or must it be purchased separately?", "answer": "It is included."}, {"question": "Does it have a caps button ?", "answer": "Yes, it has a CAPS lock button."}, {"question": "Is the battery already charged? or do I need to charge it?", "answer": "You can always turn it on and see. It wouldn't hurt the battery if you plug it in either. For best battery performance you can try to charge and discharge the battery between 20 to 85% during regular use."}, {"question": "Was there a warranty on this product", "answer": "I bought a 2 year extended warranty . The HP warranty was 1 year I think."}, {"question": "Does it come with any anti virus software?", "answer": "Yes. But you can buy extra if you so please"}, {"question": "Is this a touch screen laptop?", "answer": "Yes. It is touch screen."}, {"question": "In four days you have raised the price over two hundred dollars why?", "answer": "Glad I bought mine early!"}, {"question": "Does this have iOS 12 or higher?", "answer": "This laptop comes with Microsoft Windows 10 home edition."}, {"question": "Is it foldable", "answer": "the screen folds down on top of the keyboard. Not sure if that is what you were looking for as an answer."}, {"question": "does it have a headphone jack?", "answer": "Yes it does. I tried my old I-phone ones and I couldn't get then to work, but I believe you can order a set directly for HP"}, {"question": "Does it have an SD card reader?", "answer": "yes it has one"}, {"question": "What Wireless mouse is compatible with this computer?", "answer": "Any wireless mouse would work. A transmitter comes with the mouse which is put in a USB port. I used a Logitech mouse and had no problems."}, {"question": "how many usb ports are there?", "answer": "There are 2 USB ports & 1 HDMI port."}, {"question": "What is the best sc card for this laptop?", "answer": "It\u2019s a multi-card slot that will take all the cards I\u2019ve used, including mini-sd\u2019s as long as they are in an Sd adapter"}, {"question": "Can a mouse be used with this laptop, hard wired or remote?", "answer": "yes i have used both."}, {"question": "How do I purchase a warranty with this product", "answer": "Whenever I selected the purchase option for the computer, the warranty options came up. I think there was one for 2 years and one for 4 years"}, {"question": "Is this laptop compatible with a docking station? If so, which one?", "answer": "No."}, {"question": "Si cualifico para los 6 pagos", "answer": "Si"}, {"question": "Can you play games on it?", "answer": "Answer not available"}, {"question": "Will it play dvds with an external dvd writer?", "answer": "Yes with an external optical drive."}, {"question": "Hola la laptop es de cable le\u00ed algo de q lleva 1 pila y cuanto dura la carga?", "answer": "Si tiene cable. Para cargar la bateria."}, {"question": "Is it compatible with Adobe products?", "answer": "Yes!"}, {"question": "Is this compatible with an hp stylus?", "answer": "Yep"}, {"question": "Is this portable?", "answer": "This IS a laptop as advertised. The description itself implies portability, but to verify the obvious, YES it is portable."}, {"question": "cual es el tipo de conexi\u00f3n inal\u00e1mbrica? incluye AC?", "answer": "Usb wifi bletooh ! Esta super buena"}, {"question": "Does it work well with serato dj software ?", "answer": "I can't answer that question. I use mine mostly for office work such as e-mail, correspondence , document creation and management ,data base , etc. I have never tried it for any music or entertainment type functions."}, {"question": "Does World of warcraft work on this laptop?", "answer": "I don't do games on this laptop"}, {"question": "Does this laptop come with exel and Word?", "answer": "Yes the full Microsoft Office comes factory loaded on this machine"}, {"question": "Will it run 5g internet. Computer i have now wont support it", "answer": "Not sure what a 5G internet is, but no it won\u2019t."}, {"question": "Does it have Microsoft word?", "answer": "Yes!"}], "time": ["30/06/2021 13:23:56"], "reviewsCountInfo": {"expRevCount": 133, "actRevCount": 133, "nonEnglishRevCount": 5}, "scrapperInfo": {"ScrapperType": "Non-Headless", "Version": "1.4.1", "Released Date": "30-june-2021"}, "breadcrumb": {"breadcrumb": "Electronics\u203aComputers & Accessories\u203aComputers & Tablets\u203aLaptops\u203aTraditional Laptops"}, "productURL": "https://www.amazon.com/gp/product/B082358X13", "ASIN": "B082358X13", "title": "New HP 15.6\" HD Touchscreen Laptop Intel Core i3-1005G1 8GB DDR4 RAM 128GB SSD HDMI Bluetooth 802.11/b/g/n/ac Windows 10 15-dy1731ms Silver", "manufacturer": " HP Store", "currentPrice": [], "rating": "4.6", "totalRatings": "1,308 "}