{"features": ["\u301015.6 Inch Laptop\u301115.6 Inch HD (1366 X 768) Energy-efficient LED backlight Display, Intel UHD Graphics 605 [Upgraded] Seal is opened for upgrade ONLY, from Base Model with Specs 4GB RAM + 500GB HDD", "\u30104-Core Intel Pentium N5000\u3011Intel Pentium N5000 Processor (1.10GHz, up to 2.70GHz, 4MB Smart Cache, 4 cores)", "\u3010High Speed\u3011RAM is upgraded to 16GB DDR4 memory for multitasking Adequate high-bandwidth RAM to smoothly run multiple applications and browser tabs all at once", "\u3010Enormous Space\u3011Hard Drive is upgraded to 1TB SSD provides massive storage space for huge files, so that you can store important digital data and work your way through it with ease. Enhance the overall performance of the laptop for business, student, daily usage", "\u3010External Ports and Slots\u30111 x USB Type-C 3.1, 2 x USB 3.0, 1 x HDMI, 1 x 4-in-1 card reader, 1 x Audio jack, 1 x RJ45 Ethernet"], "reviewsAspects": [], "productInformation": [{"\nASIN\n": "\nB0826VSNNT\n", "Customer Reviews": "\n\n\n\n\n\n\n3.9 out of 5 stars\n\n\n\n\n\n\n\n\n29 ratings\n\n\n\n\n\n\n3.9 out of 5 stars\n", "\nBest Sellers Rank\n": "\n\n#125,571 in Computers & Accessories (See Top 100 in Computers & Accessories)\n\n#23,472 in Traditional Laptop Computers\n\n\n", "\nDate First Available\n": "\nDecember 1, 2019\n"}], "productDescription": "\nNexiPC sells computers with upgraded configurations. If the computer has modifications (listed below), then the manufacturer box will be opened and resealed for it to be tested and inspected and to install the upgrades to achieve the specifications as advertised.\nNexiPC sells computers with upgraded configurations. If the computer has modifications (listed below), then the manufacturer box will be opened and resealed for it to be tested and inspected and to install the upgrades to achieve the specifications as advertised.\nSTREAMLINE YOUR DAY\nSometimes it's best to keep things simple. Newly redesigned with premium processing and ample storage. You'll have more than enough space for all the things you want to do, right at your fingertips. The IdeaPad 330 is as powerful as it is easy to use. It's safe, durable, and ready for today\u2019s tasks \u2013 and tomorrow's.\nDESIGNED TO KEEP UP WITH YOU\nA laptop isn\u2019t just a piece of electronics\u2014it\u2019s also an investment. That\u2019s why we designed the IdeaPad 330 with a special protective finish to guard against wear and tear, as well as rubber detailing on the bottom to maximize ventilation and extend component life.\nAMP UP YOUR PRODUCTIVITY\u2014NOW AND TOMORROW\nTo make sure your IdeaPad 330 serves you well into the future, we\u2019ve made sure you can choose specs that will meet your evolving needs. It features cutting-edge Intel processing as well as AC Wireless to ensure a reliable connection for all your needs.\nLIFELIKE CLARITY & RICH, WARM SOUND\nFeaturing HD resolution on a 15.6\" display, the IdeaPad 330 delivers powerful visuals on the go. Combined with Dolby Audio, the IdeaPad 330 provides a dramatically enhanced entertainment experience. Turn up the volume without distortion\u2014you'll hear every detail.\nExpress Yourself\nThe IdeaPad 330 features a sleek metallic finish available in two distinct colors. Choose your signature style in Platinum Grey or Onyx Black. Either way, you're sure to impress.\nEXTERNAL PORTS AND SLOTS\n1 x USB 3.1 Type-C Gen 1 (Data transfer up to 5 Gb/s), 2 x USB 3.1 Gen 1 (Data Transfer Only), 1 x HDMI 1.4, 1 x headphone/microphone combo", "reviews": [{"reviewerName": "Randal Thomas", "reviewerUrl": "https://www.amazon.com/gp/profile/amzn1.account.AHO5X4GB6RX45IM4MOJLTIVT74ZA/ref=cm_cr_getr_d_gw_btm?ie=UTF8", "rating": "5.0 out of 5 stars", "reviewTitle": "Good work laptop", "reviewDate": "March 11, 2020", "reviewText": "\"  Its a good product battery life is good performs and does what I need business wise and runs simple games\"", "is_Helpful": ""}, {"reviewerName": "Parker Behm", "reviewerUrl": "https://www.amazon.com/gp/profile/amzn1.account.AHJROIVYIP6C4KBMKZVO2DCXL3FQ/ref=cm_cr_getr_d_gw_btm?ie=UTF8", "rating": "5.0 out of 5 stars", "reviewTitle": "Fast", "reviewDate": "March 8, 2020", "reviewText": "  Very nice computer and fast", "is_Helpful": ""}, {"reviewerName": "Vicki Greenwood", "reviewerUrl": "https://www.amazon.com/gp/profile/amzn1.account.AFHROBACX55D7K6MOLCSFH67VBVQ/ref=cm_cr_arp_d_gw_btm?ie=UTF8", "rating": "4.0 out of 5 stars", "reviewTitle": "Good product for the price", "reviewDate": "February 23, 2020", "reviewText": "\"  So far its great I wish the keys lit up and had a 3ed port but that is my only complaint. Still learning functions.\"", "is_Helpful": ""}, {"reviewerName": "AD", "reviewerUrl": "https://www.amazon.com/gp/profile/amzn1.account.AHUUBGJG4FPSWWMBKEC4SJPF2EFA/ref=cm_cr_arp_d_gw_btm?ie=UTF8", "rating": "5.0 out of 5 stars", "reviewTitle": "Great computer", "reviewDate": "February 22, 2020", "reviewText": "  Great computer. Lots of memory space, easy to use.", "is_Helpful": ""}, {"reviewerName": "Roger D", "reviewerUrl": "https://www.amazon.com/gp/profile/amzn1.account.AFMNHELRM5RZZO2WRVDVBE3ROXSA/ref=cm_cr_getr_d_gw_btm?ie=UTF8", "rating": "4.0 out of 5 stars", "reviewTitle": "Keyboard fits my hand", "reviewDate": "February 22, 2020", "reviewText": "  Easy to use. Comfortable typing", "is_Helpful": ""}, {"reviewerName": "jeremy", "reviewerUrl": "https://www.amazon.com/gp/profile/amzn1.account.AEA6KMBMALKILDY6MRJXUEGL2E6Q/ref=cm_cr_getr_d_gw_btm?ie=UTF8", "rating": "5.0 out of 5 stars", "reviewTitle": "Awesome", "reviewDate": "February 15, 2020", "reviewText": "  I like the speed and being able to connect with my phone", "is_Helpful": ""}, {"reviewerName": "Greg Wyrsch", "reviewerUrl": "https://www.amazon.com/gp/profile/amzn1.account.AHULK7J6JOGRCGT5Z3FERVYZZPPA/ref=cm_cr_getr_d_gw_btm?ie=UTF8", "rating": "5.0 out of 5 stars", "reviewTitle": "Good Value", "reviewDate": "February 11, 2020", "reviewText": "  Very Nice", "is_Helpful": ""}, {"reviewerName": "k perez", "reviewerUrl": "https://www.amazon.com/gp/profile/amzn1.account.AFTZZN3IIOG43YAUQONHPB6UEAHQ/ref=cm_cr_getr_d_gw_btm?ie=UTF8", "rating": "4.0 out of 5 stars", "reviewTitle": "Good performce,  low battery life.", "reviewDate": "February 9, 2020", "reviewText": "  Low battery life", "is_Helpful": ""}, {"reviewerName": "Jasmine Hawthorne", "reviewerUrl": "https://www.amazon.com/gp/profile/amzn1.account.AHFSUHCOPOX2KQABVB3DCYHMAVUQ/ref=cm_cr_getr_d_gw_btm?ie=UTF8", "rating": "5.0 out of 5 stars", "reviewTitle": "Pleased Customer", "reviewDate": "February 7, 2020", "reviewText": "  I\u2019m very pleased with this laptop. Great speed and memory for the price!!!", "is_Helpful": ""}, {"reviewerName": "Danielle Peppard", "reviewerUrl": "https://www.amazon.com/gp/profile/amzn1.account.AFBMFH46XC6TE4O7GERNWO73MNLQ/ref=cm_cr_getr_d_gw_btm?ie=UTF8", "rating": "3.0 out of 5 stars", "reviewTitle": "Okay", "reviewDate": "February 5, 2020", "reviewText": "  Very large and heavy.", "is_Helpful": ""}, {"reviewerName": "Brenda", "reviewerUrl": "https://www.amazon.com/gp/profile/amzn1.account.AFOXM5UZC6BN3EQBTE4Z2MYFHFVA/ref=cm_cr_arp_d_gw_btm?ie=UTF8", "rating": "5.0 out of 5 stars", "reviewTitle": "Everything I wanted and more", "reviewDate": "February 5, 2020", "reviewText": "  I like this products ability to multitask and load quickly. Its a good buy for the money. Everything is as seller claims. I also appreciate the fact that the laptop is not loaded down with all these ads and trial products. I did find the MacAfee product was slowing the process time down a bit. It was not my preferred product so I removed it and replaced it with my preferred anti virus and all is well.", "is_Helpful": ""}, {"reviewerName": "Nate", "reviewerUrl": "https://www.amazon.com/gp/profile/amzn1.account.AHEDUPUT3ZNRAIEQQLO42EVXSUXQ/ref=cm_cr_getr_d_gw_btm?ie=UTF8", "rating": "1.0 out of 5 stars", "reviewTitle": "Returned it", "reviewDate": "February 1, 2020", "reviewText": "  I returned it because I found the same model at a lower price.", "is_Helpful": ""}, {"reviewerName": "dave cunningham", "reviewerUrl": "https://www.amazon.com/gp/profile/amzn1.account.AE7LN65VVBIO6Z7WZODY5GLL7WXQ/ref=cm_cr_arp_d_gw_btm?ie=UTF8", "rating": "5.0 out of 5 stars", "reviewTitle": "great computer  and having  the SSD. SO MUSH FASTER", "reviewDate": "January 28, 2020", "reviewText": "  runs fast. downloads and installs apps and updates fast with ease, plenty of storage, love having the ssd. instead of a hd. would buy again.", "is_Helpful": ""}, {"reviewerName": "Anisha Bagchi", "reviewerUrl": "https://www.amazon.com/gp/profile/amzn1.account.AH5L3TGDKF2UDLSL2ZV7REZ2ZUSQ/ref=cm_cr_getr_d_gw_btm?ie=UTF8", "rating": "5.0 out of 5 stars", "reviewTitle": "Dope", "reviewDate": "January 28, 2020", "reviewText": "  \ud83d\ude4f\ud83d\udc4d\ud83d\ude0a\ud83d\udc95\ud83d\ude3b\ud83e\udddd\\u200d\u2640\ufe0f\ud83e\udd70\ud83d\ude18", "is_Helpful": ""}, {"reviewerName": "Amy", "reviewerUrl": "https://www.amazon.com/gp/profile/amzn1.account.AHB2ZVGKPJT5VIVO4YVIOZ4CO4HQ/ref=cm_cr_arp_d_gw_btm?ie=UTF8", "rating": "1.0 out of 5 stars", "reviewTitle": "\"Dont waste your money.\"", "reviewDate": "January 27, 2020", "reviewText": "  Do not purchase this laptop from NEXiPC. They send out defective computers, raise the price and do not honor the insurance protection plan., My laptop came defective with a blue screen., Their shipping is so slow too.", "is_Helpful": ""}, {"reviewerName": "zdogs", "reviewerUrl": "https://www.amazon.com/gp/profile/amzn1.account.AHKOGLXKC3E5DQDTD7DLKSQELWYQ/ref=cm_cr_arp_d_gw_btm?ie=UTF8", "rating": "2.0 out of 5 stars", "reviewTitle": "really disappointed", "reviewDate": "January 27, 2020", "reviewText": "\"  The laptop looked and worked great at first.  However, after I had set a few things up, the laptop indicated it needed to reboot.  Once the reboot was done...nothing worked.  Everything I tried to type never showed up on the screen so I could not get past the logon screen.  I made a call to Levono and was told that it sounded like a problem that the technicians would need to fix so I returned the laptop the day after receiving it.\"", "is_Helpful": "One person found this helpful"}, {"reviewerName": "Hurley Family", "reviewerUrl": "https://www.amazon.com/gp/profile/amzn1.account.AG6FTBQ3QR2OSWENHUFERAWXSESQ/ref=cm_cr_arp_d_gw_btm?ie=UTF8", "rating": "3.0 out of 5 stars", "reviewTitle": "It\u2019s OK. Not terrible, just OK", "reviewDate": "January 27, 2020", "reviewText": "  This is ok. Not as fast as I thought it would be. It does have massive storage. No back light. Should\u2019ve been at least $200 cheaper for what I got. It is super slim and light.", "is_Helpful": ""}, {"reviewerName": "Kasey Baptiste", "reviewerUrl": "https://www.amazon.com/gp/profile/amzn1.account.AELXGLPZDQHUJPQU6QBGYJ6HNPBA/ref=cm_cr_getr_d_gw_btm?ie=UTF8", "rating": "3.0 out of 5 stars", "reviewTitle": "Good office tool", "reviewDate": "January 26, 2020", "reviewText": "  This product works just fine. I can manage to do all my office work efficiently with no hassle.", "is_Helpful": ""}, {"reviewerName": "SAHADEVA rAYAVARAM", "reviewerUrl": "https://www.amazon.com/gp/profile/amzn1.account.AGYA32MZSRKD7FXTFDI4UJSAHQKQ/ref=cm_cr_getr_d_gw_btm?ie=UTF8", "rating": "4.0 out of 5 stars", "reviewTitle": "Good computer and would recommend \ud83d\udc4c", "reviewDate": "January 25, 2020", "reviewText": "  I like this computer very much but the only flaw is if you want to connect it to your monitors you will need some extensions. Still very good would recommend \ud83d\udc4c", "is_Helpful": ""}, {"reviewerName": "A Mo", "reviewerUrl": "https://www.amazon.com/gp/profile/amzn1.account.AESLDCJEASXGC3CJVQMEUST2JWOA/ref=cm_cr_arp_d_gw_btm?ie=UTF8", "rating": "4.0 out of 5 stars", "reviewTitle": "Not bad", "reviewDate": "January 25, 2020", "reviewText": "  I\u2019m confused because my laptop says \u201cLenovo\u201d on it. It doesn\u2019t matter, just confused. This laptop seems fine. It is fast. But the battery doesn\u2019t last long. About a week after getting it, the keyboard completely died. After a good 2 hours troubleshooting, I had to reset to factory settings, meaning I\u2019d lose all the apps I\u2019d taken so long to install. It was a big hassle.", "is_Helpful": ""}, {"reviewerName": "C. Pawass", "reviewerUrl": "https://www.amazon.com/gp/profile/amzn1.account.AETKTP5YF5S6HEOCA6E2QYXBUUDA/ref=cm_cr_arp_d_gw_btm?ie=UTF8", "rating": "5.0 out of 5 stars", "reviewTitle": "Great for college", "reviewDate": "January 25, 2020", "reviewText": "\"  Just before college started my old laptops LCD screen hit the dust and I got this as a replacement.  It was better priced and a better laptop than the one at the campus bookstore.  It is easy to use and was a dream to transfer all my info on from my old laptop.\"", "is_Helpful": ""}, {"reviewerName": "William E. Newland", "reviewerUrl": "https://www.amazon.com/gp/profile/amzn1.account.AEV2QTFISX5PORAZEWNFHQSDAJYQ/ref=cm_cr_getr_d_gw_btm?ie=UTF8", "rating": "4.0 out of 5 stars", "reviewTitle": "Pleased with Lenovo PC", "reviewDate": "January 24, 2020", "reviewText": "  The PC matched the description listed on Amazon.  Received promptly and in good condition.  Booted right up and have started learning Windows 10.", "is_Helpful": ""}, {"reviewerName": "Wayne  Miller", "reviewerUrl": "https://www.amazon.com/gp/profile/amzn1.account.AEM5UQIARRIMUP6MCTR4OGSMYYOQ/ref=cm_cr_arp_d_gw_btm?ie=UTF8", "rating": "5.0 out of 5 stars", "reviewTitle": "Promptly returned.", "reviewDate": "January 17, 2020", "reviewText": "  Fast delivery, well packaged. Never got to turn it on. Bought this as a replacement for an old laptop for my wife. She opened the box and did not like the way the keyboard fit her hands, so it was promptly returned. It appeared to be a high quality product.", "is_Helpful": ""}], "qAndA": [{"question": "Can you use it for gaming", "answer": "not recommend"}, {"question": "is this a touch screen?", "answer": "no"}, {"question": "Can this system run Adobe Premium Pro?", "answer": "Answer not available"}, {"question": "Would this be good for sims 4, with extra packs, costume content , and mods ?", "answer": "Answer not available"}, {"question": "Tech support included ? dvd ? office", "answer": "Answer not available"}, {"question": "Who is the manufacturer of this laptop? ( Not a question that should need to be asked)", "answer": "Lenovo"}, {"question": "Is the disk drive a dvd/cd burner ?( yes I know super old school)", "answer": "yes"}, {"question": "Is Office loaded on this laptop?", "answer": "No - it is not."}, {"question": "Write DVD capabilities?", "answer": "yes"}, {"question": "would this compter come with word and excel?", "answer": "Answer not available"}], "time": ["09/04/2021 19:17:10"], "reviewsCountInfo": {"expRevCount": "23", "actRevCount": 23, "nonEnglishRevCount": 0}, "scrapperInfo": {"Version": "1.3.2", "Released Date": "08/04/2021"}, "productURL": "https://www.amazon.com/gp/product/B0826VSNNT", "ASIN": "B0826VSNNT", "title": "2020 NexiGo IdeaPad 330 15.6 Inch Business Laptop| Intel 4-Core Pentium N5000 up to 2.7GHz| 16GB DDR4 RAM| 1TB SSD| Intel UHD 605| DVD| HDMI| Bluetooth| WiFi| Windows 10 Home", "manufacturer": " NexiGo Store", "currentPrice": "", "rating": "3.9", "totalRatings": "29 "}