{"features": ["\u301014 Inch Laptop\u301114 inch diagonal HD SVA anti-glare micro-edge WLED-backlit (1366 x 768), Intel UHD Graphics", "\u3010Quad Core i5-1035G1\u3011Intel Core i5-1035G1 Processor(1.0 GHz base frequency up to 3.6 GHz, 6 MB cache, 4 cores)", "\u3010High Speed\u3011RAM is upgraded to 32GB DDR4 memory for multitasking Adequate high-bandwidth RAM to smoothly run multiple applications and browser tabs all at once", "\u3010Enormous Space\u3011Hard Drive is upgraded to 1TB SSD provides massive storage space for huge files, so that you can store important digital data and work your way through it with ease. Enhance the overall performance of the laptop for business, student, daily usage", "\u3010External Ports and Slots\u30111 x USB 3.1 Gen 1 Type-C, 2 x USB 3.1 Gen 1 Type-A, 1 x AC smart pin, 1 x HDMI 1.4b, 1 x headphone/microphone combo"], "reviewsAspects": [], "productInformation": [{"ASIN": "B083P6CPHY", "Shipping Weight": "5 pounds (View shipping rates and policies)", "Date First Available": "January 9, 2020"}], "productDescription": "\nNexiPC sells computers with upgraded configurations. If the computer has modifications (listed below), then the manufacturer box will be opened and resealed for it to be tested and inspected and to install the upgrades to achieve the specifications as advertised.\nThe pavilion 14 is a highly secure and manageable PC offering powerful collaboration tools, enabling the enterprise workforce to be more productive and secure on the go or in the office. It's also reliable-as shown by the series of rigorous tests it undergoes against shocks, drops, and other extremes-and secure.\n\n\n\nCrystal-Clear Collaboration\nCalls sound clear and crisp with advanced collaboration features like Noise Cancellation. The world-facing third microphone and collaboration keys help make PC calls productive.\nPractical and Secure\nThe standard webcam camera comes with ThinkShutter, a physical cover that you can slide open when you want to use the camera and close it when you're finished.\nMultiple Ports and Slots\n1 x USB 3.1 Gen 1 Type-C; 2 x USB 3.1 Gen 1 Type-A; 1 x AC smart pin; 1 x HDMI 1.4b; 1 x headphone/microphone combo", "reviews": [], "qAndA": [], "time": ["25/01/2020 14:16:35"], "productURL": "https://www.amazon.com/gp/product/B083P6CPHY", "ASIN": "B083P6CPHY", "title": "2020HP NexiGo Upgraded Pavilion 14 Inch Laptop| 10th Gen Intel 4-Core i5-1035G1 up to 3.4GHz| 32GB DDR4 RAM| 1TB SSD| Intel UHD Graphics| WiFi| Bluetooth| HDMI| Windows 10 Home| Silver", "manufacturer": "NexiGo", "currentPrice": "$779.00", "rating": "", "totalRatings": ""}