{"features": ["\u301014 Inch Laptop\u301114 inch diagonal HD SVA anti-glare micro-edge WLED-backlit (1366 x 768), AMD Radeon Vega 3 Graphics [Upgraded] Seal is opened for upgrade ONLY, from Base Model with Specs 4GB RAM + 128GB SSD", "\u3010Dual Core AMD Ryzen 3 3200U\u3011AMD Ryzen 3 3200U Processor (Dual Cores, base 2.6GHz up to 3.5GHz)", "\u3010High Speed\u3011RAM is upgraded to 16GB DDR4 memory for multitasking Adequate high-bandwidth RAM to smoothly run multiple applications and browser tabs all at once", "\u3010Enormous Space\u3011Hard Drive is upgraded to 1TB SSD provides massive storage space for huge files, so that you can store important digital data and work your way through it with ease. Enhance the overall performance of the laptop for business, student, daily usage", "\u3010External Ports and Slots\u30111 x USB 3.1 Type-C Gen 1 (Data Transfer Only), 2 x USB 3.1 Gen 1 (Data transfer only), 1 x RJ-45, 1 x HDMI 1.4b, 1 x headphone/microphone combo"], "reviewsAspects": [], "productInformation": [{"\nASIN\n": "\nB083P58R57\n", "Customer Reviews": "\n\n\n\n\n\n\n4.2 out of 5 stars\n\n\n\n\n\n\n\n\n5 ratings\n\n\n\n\n\n\n4.2 out of 5 stars\n", "\nBest Sellers Rank\n": "\n\n#582,402 in Computers & Accessories (See Top 100 in Computers & Accessories)\n\n#85,844 in Traditional Laptop Computers\n\n\n", "\nDate First Available\n": "\nJanuary 9, 2020\n"}], "productDescription": "\nNexiPC sells computers with upgraded configurations. If the computer has modifications (listed below), then the manufacturer box will be opened and resealed for it to be tested and inspected and to install the upgrades to achieve the specifications as advertised.\nThe pavilion 14 is a highly secure and manageable PC offering powerful collaboration tools, enabling the enterprise workforce to be more productive and secure on the go or in the office. It's also reliable-as shown by the series of rigorous tests it undergoes against shocks, drops, and other extremes-and secure.\nCrystal-Clear Collaboration\nCalls sound clear and crisp with advanced collaboration features like Noise Cancellation. The world-facing third microphone and collaboration keys help make PC calls productive.\nPractical and Secure\nThe standard webcam camera comes with ThinkShutter, a physical cover that you can slide open when you want to use the camera and close it when you're finished.\nHigh Performance, High Portability\nSpeed up demanding business applications and data. Combine high-performance and long battery life.", "reviews": [], "qAndA": [{"question": "Is Microsoft included?", "answer": "No"}, {"question": "Does it have keyboard light?", "answer": "no it does not"}, {"question": "What usb-c hub is compatible with this laptop?", "answer": "Answer not available"}, {"question": "Does it have webcam?", "answer": "Yes, this unit comes with a webcam."}], "time": ["09/04/2021 19:18:43"], "reviewsCountInfo": {"expRevCount": "0", "actRevCount": 0, "nonEnglishRevCount": 0}, "scrapperInfo": {"Version": "1.3.2", "Released Date": "08/04/2021"}, "productURL": "https://www.amazon.com/gp/product/B083P58R57", "ASIN": "B083P58R57", "title": "2020 NexiGo Upgraded Pavilion 14 Inch Laptop| AMD Ryzen 3 3200U (Beats i3-7100U)| 16GB DDR4 RAM| 1TB SSD| AMD Radeon Vega 3| WiFi| Bluetooth| HDMI| Webcam| Windows 10 Home| Gold", "manufacturer": " NexiGo Store", "currentPrice": "", "rating": "4.2", "totalRatings": "5 "}