{"features": [], "reviewsAspects": [], "productInformation": [{"\nASIN\n": "\nB083QSYNR8\n", "Customer Reviews": "\n\n\n\n\n\n\n3.8 out of 5 stars\n\n\n\n\n\n\n\n\n5 ratings\n\n\n\n\n\n\n3.8 out of 5 stars\n", "\nDate First Available\n": "\nJanuary 8, 2020\n"}], "productDescription": "\nHP EliteBook 840 G5 Notebook PC Design\nBrilliant New Design\nThis ultra-slim, precision-crafted aluminum laptop with a narrow border display goes anywhere, and looks great doing it. An optional ultra-bright display adapts to any environment, for an optimal viewing experience wherever you work.\nBuilt on a secure foundation\nProtect your PC against the evolving malware threats of the future, with self-healing, hardware-enforced, and manageable security solutions from HP. From the BIOS to the browser HP Sure Start Gen4 and HP Sure Click help secure your PC.\nCrystal-clear collaboration\nCalls sound crisp and clear with advanced collaboration features like HP Noise Cancellation. Loud top-firing speakers produce rich sound. The world-facing third microphone and collaboration keys help make PC calls productive.\nA modern docking solution\nQuickly transition to desktop productivity with a single USB-C cable. The optional HP Thunderbolt Dock G2 delivers enterprise manageability and an optional audio module. Traditional side docking is also supported to work with your existing solution.\nFull Specifications and Features\nKey Features\nFingerprint Reader, Smart Card Reader\nHD Camera and Microphone\nWiFi and LAN\nBack-lit Keyboard\nFull HD LED IR Display\ni5-8350U Processor\n256GB-2280 PCIe NVMe Value SSD\nWindows 10 Pro (64-bit)\nWLAN 11ac 2x2 INT 8265NGW WdP, BATT 3C 50Wh 4.33Ah LI SS03050XL-PL, 65W ADPTR nPFC S-3P 4.5MM, BASE ENCLOSURE 14, BD FINGER PRINT SENSOR, BD POWER BUTTON, BD SMART CARD READER, BD USB, BD MICROPHONE, Bezel LCD for IR Camera 14, CABLE KIT 14, CLICK BUTTON, FAN 14, HEATSINK UMA 14, HINGE KIT W/CAP 14, KYBD SR BL PVCY -US, LCD BACK COVER FOR WLAN, LCD BACK COVER FOR WWAN, MB UMA i5-8350U\nMB UMA i5-8350U WIN, PLASTIC KIT, PNL KIT FHD AG LED HD IR PVCY, POINT STICK COVERS 20PCS, RJ45 W/BRACKET, RTC BATTERY, SCREW KIT, SPEAKERS, SSD 256GB2280 PCIe NVMe VALUE, TOP COVER, TOUCHPAD, WEBCAM HD IR.", "reviews": [{"reviewerName": "Amazon Customer", "reviewerUrl": "https://www.amazon.com/gp/profile/amzn1.account.AHNXCIKO4FKEQHHFNHKZNHSCXMNQ/ref=cm_cr_arp_d_gw_btm?ie=UTF8", "rating": "5.0 out of 5 stars", "reviewTitle": "Awesome computer", "reviewDate": "August 29, 2020", "reviewText": "  Awesome computer glad I brought it", "is_Helpful": ""}, {"reviewerName": "David F.", "reviewerUrl": "https://www.amazon.com/gp/profile/amzn1.account.AHUWTDFV7R5SZBGICM6XC4QWZGLA/ref=cm_cr_arp_d_gw_btm?ie=UTF8", "rating": "1.0 out of 5 stars", "reviewTitle": "No Webcam", "reviewDate": "August 13, 2020", "reviewText": "  This product DID NOT include a webcam as per the specifications on Amazon.", "is_Helpful": "One person found this helpful"}, {"reviewerName": "Amazon Customer", "reviewerUrl": "https://www.amazon.com/gp/profile/amzn1.account.AG2WSBKIAWDQIFJ3FDXTQINT2MLA/ref=cm_cr_arp_d_gw_btm?ie=UTF8", "rating": "5.0 out of 5 stars", "reviewTitle": "Great for business", "reviewDate": "February 21, 2020", "reviewText": "  Great laptop for business use. I have one that my employer issued me and another that I use for personal use.", "is_Helpful": "One person found this helpful"}], "qAndA": [{"question": "Is the keyboard backlit?", "answer": "Yes"}, {"question": "Does this laptop have a touchscreen?", "answer": "This laptop has a non-touch display"}, {"question": "Does this model have either the fingerprinter reader or the IR camera?", "answer": "it has both the fingerprint reader and IR HD camera."}], "time": ["09/04/2021 17:48:03"], "reviewsCountInfo": {"expRevCount": "3", "actRevCount": 3, "nonEnglishRevCount": 0}, "scrapperInfo": {"Version": "1.3.2", "Released Date": "08/04/2021"}, "productURL": "https://www.amazon.com/gp/product/B083QSYNR8", "ASIN": "B083QSYNR8", "title": "HP EliteBook 840 G5 14\" Full HD Laptop Computer, Intel i5-8350U up to 3.6GHz, 8GB DDR4-2400, 256GB NVME, Bluetooth, WiFi, W10P-64, FPR, Camera, 7VE05U8#ABA", "manufacturer": " HP Store", "currentPrice": "", "rating": "3.8", "totalRatings": "5 "}