{"features": [], "reviewsAspects": ["laptop", "computer", "support", "email", "company", "philbook", "touchpad"], "productInformation": [{"\nASIN\n": "\nB083FNFQYJ\n", "Customer Reviews": "\n\n\n\n\n\n\n3.2 out of 5 stars\n\n\n\n\n\n\n\n\n30 ratings\n\n\n\n\n\n\n3.2 out of 5 stars\n", "\nBest Sellers Rank\n": "\n\n#78,086 in Computers & Accessories (See Top 100 in Computers & Accessories)\n\n#1,087 in 2 in 1 Laptop Computers\n\n\n", "\nDate First Available\n": "\nJanuary 15, 2020\n"}], "productDescription": "\nProduct Overview\nXIDU PhilBook Max makes portable design, powerful performance and affordable features become posssible on this 14-inch model. It has an incredibly-slim 0.6 inch profile, and features the ultra-narrow display bezel that enables it to fit 14-inch display into a chassis of an average 13-inch laptop. It's powered by an Intel E3950 Quad-core processor with 8GB RAM and 128GB SSD storage for the performance required for daily multitasking and entertainment. Use XIDU PhilBook Max as a stylish laptop, a handy tablet, or anything in between. Windows 10 Home OS pre-installed with no bloatware giving you the best surfing experience.\nBacklit Keyboard\nBacklit keyboard is illuminated for better visibility in low light environments, providing convenience and comfort.\n*Note: Press \"Fn\"+\"Pause Num Lk\" at the same time if the letters and numbers on the keyboard do not match when typing.\nTouch Experience\nWatch what you love in all its clarity with detail and saturated colors from edge to edge thanks to the 14.1\" Full HD display with narrow-bezel design and IPS technology. The 10-point touch screen makes it easy to surf, organize, swipe and edit with the tip of your fingers.\nPerformance and Premium Looks\nWith 8GB RAM working power and 128GB SSD storage capability, you will have ample power to cover your everyday uses, such as watching videos and browsing the Web. And have the pleasure of expanding the storage by using the installed SSD slot and micro SD card reader.\nLaptop (Normal) Mode\nMaximizes productivity with fully functional keyboard.\nTent (Work) Mode\nPerfect in a narrow space like on an airplane or viewing a recipe in the kitchen.\nDisplay (Watching) Mode\nBring the screen closer for enjoying any entertainment content.\nTablet (Entertainment) Mode\nThe best way to browse the internet, play games or share information.\nXIDU PhilBook Pro 11.6'' 2-in-1 Laptop XIDU Tour Pro 12.5'' Touchscreen Laptop XIDU PhilBook Max 14.1'' Convertible Laptop\nScreen Size 11.6 12.5 14.1\nDisplay Resolution 2K (2560 x 1440) 2K (2560 x 1440) FHD (1920 x 1080)\nProcessor Intel Celeron J3355 Intel Celeron 3867U Intel Atom E3950\nRAM 6GB 8GB 8GB\nROM 128GB 128GB 128GB\nTouch screen \u2713 \u2713 \u2713\nBacklit Keyboard N/A \u2713 \u2713\nOperating System Windows 10 Home Windows 10 Home Windows 10 Home\nPower Supply DC 12V/3A DC 19V/2.1A DC 12V/3A", "reviews": [{"reviewerName": "Calrider", "reviewerUrl": "https://www.amazon.com/gp/profile/amzn1.account.AG374WUVXCR4MYNQ5RLUMJV2GE5Q/ref=cm_cr_arp_d_gw_btm?ie=UTF8", "rating": "2.0 out of 5 stars", "reviewTitle": "Support after warranty expires is non-existent - not even to an email question.", "reviewDate": "February 20, 2021", "reviewText": "\"  I give two stars only because Xidu has no support available when major issue occurs after warranty is over. Am not asking for a new computer - just would like a suggestion from them about what the issue might be. If they felt inclined and wanted to pro-rate toward a new computer, I would be all in. My PhilBook Max 2:1 went only 18 months before developing a major issue with the display. Ive emailed Xidu several times in the last month to simply ask their opinion on what the issue could be and whether or not they think its repairable; and if so, where to go for parts if needed. They were super nice during the sale, but fail to answer a single question from a customer who spent almost $400 on a laptop that can only go for a year and a half. Im disappointed.\"", "is_Helpful": ""}, {"reviewerName": "BBCAC", "reviewerUrl": "https://www.amazon.com/gp/profile/amzn1.account.AEBGFAPL4E5BBYR3K7XNLTUAUH4A/ref=cm_cr_arp_d_gw_btm?ie=UTF8", "rating": "1.0 out of 5 stars", "reviewTitle": "Extremely poor quality and support is next to useless", "reviewDate": "October 13, 2020", "reviewText": "\"  I opened a cased with xidu support when my computer would not boot. The instructed me to reimage my system. When I did the touchpad did not work anymore. It most definitely worked before so I think it is fixable but XIDU has ghosted me. The wont return my messages. In general, this is not a good company to deal with. Stay away\"", "is_Helpful": ""}, {"reviewerName": "Bret C.", "reviewerUrl": "https://www.amazon.com/gp/profile/amzn1.account.AETKYK7F2JMDWEOXWD4NXPXLYIEA/ref=cm_cr_getr_d_gw_btm?ie=UTF8", "rating": "1.0 out of 5 stars", "reviewTitle": "Not well made at all", "reviewDate": "August 13, 2020", "reviewText": "  Stopped working within six months.", "is_Helpful": ""}, {"reviewerName": "ERIC H GINNEGAR", "reviewerUrl": "https://www.amazon.com/gp/profile/amzn1.account.AE22GINA5CQ2LPNF66MBK2QMANSQ/ref=cm_cr_arp_d_gw_btm?ie=UTF8", "rating": "3.0 out of 5 stars", "reviewTitle": "Leaves much to be desired.", "reviewDate": "August 13, 2020", "reviewText": "\"  At first, I had liked the computer a lot.  Light weight,  nice screen, ease of setting up.  It  had its flaws at first, but I felt for the price I could live with them. Now that I depend on the computer much more than I would have thought, Im more disappoinnted. The first flaw is the USB port. They very tight to the point where they pull off the metal covering of the items inserted.  For  example, a wireless mouse. the metal covering stayed inside the slot and I  had to use a needle nose plyers to get it out. Im still a little shy about using the ports. Next, in this time  when  I have to use  media like zoom a lot, the microphones dont work. I e mailed customer support and followed their instructions, but did not solve the problem. When on a zoom call, no one heard me. I ended up buying a after market speaker(which requires use of USB port and an extremely tight fit.) The speakers are sometimes difficult to hear, even though at 100% volume. Lastly, battery life, on average is 3 hours. I had hoped for 6 or 7 hours, especially with a new machine. Very dissapointing. I replaced my ASUS with this machine, and I may go back to ASUS possibly sooner than later. As a small upcoming company, I really did want this machine to work out, but it seems too many issues.\"", "is_Helpful": ""}, {"reviewerName": "Kareem Wallace", "reviewerUrl": "https://www.amazon.com/gp/profile/amzn1.account.AH2C25Q4E637JODAJNACYN3XUXHA/ref=cm_cr_getr_d_gw_btm?ie=UTF8", "rating": "5.0 out of 5 stars", "reviewTitle": "Decent laptop", "reviewDate": "June 2, 2020", "reviewText": "\"  I love this laptop. Its affordable, lightweight and easy to use.\"", "is_Helpful": ""}, {"reviewerName": "Jeremiah Borjon", "reviewerUrl": "https://www.amazon.com/gp/profile/amzn1.account.AECQMBNE7DXTVZS6QPCI7HZTSXTA/ref=cm_cr_getr_d_gw_btm?ie=UTF8", "rating": "1.0 out of 5 stars", "reviewTitle": "\"Dont buy\"", "reviewDate": "May 27, 2020", "reviewText": "  Absolute garbage", "is_Helpful": ""}, {"reviewerName": "lourdes sosa", "reviewerUrl": "https://www.amazon.com/gp/profile/amzn1.account.AHLXX7X3DOMICME7H4XQVPOOXZOA/ref=cm_cr_arp_d_gw_btm?ie=UTF8", "rating": "1.0 out of 5 stars", "reviewTitle": "\"DONT PURCHASE\"", "reviewDate": "May 19, 2020", "reviewText": "  I am very disappointed the laptop onlybworked for a month. I contact the saller with no result. DONT BUY HOPEFULLY THEY WILL TOUCH THEIR HEART AND HELP ME since I really need this for my school.", "is_Helpful": ""}, {"reviewerName": "Aly", "reviewerUrl": "https://www.amazon.com/gp/profile/amzn1.account.AFJ4OVNT6E4C7XTPIJCNF2ZSPPMA/ref=cm_cr_getr_d_gw_btm?ie=UTF8", "rating": "1.0 out of 5 stars", "reviewTitle": "Touchpad defective", "reviewDate": "April 14, 2020", "reviewText": "  My product arrived fine until 2 days of use, i decided to plug in a mouse one day. For some reason that caused the touch pad to not work or become corrupted, I have tried everything to fix the touch pad driver, but it is defective product from the start. I have to use the touch scream or a mouse. This make me angry, what is the point of a laptop if you need a mouse to use it. Touch pad is defective from the start. Would like a replacement or refund. Please any help would be much appreciated as I use this for work and school. Thank you have a nice day", "is_Helpful": ""}, {"reviewerName": "Amazon Customer", "reviewerUrl": "https://www.amazon.com/gp/profile/amzn1.account.AGKLAWG4MHWCUAA4OFFFXQY4TDTQ/ref=cm_cr_getr_d_gw_btm?ie=UTF8", "rating": "1.0 out of 5 stars", "reviewTitle": "Computer crashed and is still crashed", "reviewDate": "April 4, 2020", "reviewText": "  My computer crashed and I am unable to find the support # for XIDU., Any recommendations?", "is_Helpful": ""}, {"reviewerName": "Toby", "reviewerUrl": "https://www.amazon.com/gp/profile/amzn1.account.AHYXND5YPA7VSJ4IT7EFCPPJBBXA/ref=cm_cr_arp_d_gw_btm?ie=UTF8", "rating": "4.0 out of 5 stars", "reviewTitle": "Very nice product for the money.", "reviewDate": "March 23, 2020", "reviewText": "  Works very well but seems slow occasionally.", "is_Helpful": ""}, {"reviewerName": "Jamison", "reviewerUrl": "https://www.amazon.com/gp/profile/amzn1.account.AHMWGVQA6TZURXMPDG37LD5VRAFQ/ref=cm_cr_arp_d_gw_btm?ie=UTF8", "rating": "5.0 out of 5 stars", "reviewTitle": "Great for dumbys lol", "reviewDate": "March 5, 2020", "reviewText": "  My idea of email is duct tapping a letter to a rock and yelling incoming lol but for someone like me the XIDU Philbook 2020 is great fast 2 in1 easy to use lighted keyboard  it does what I need it to hope this helps u all", "is_Helpful": ""}, {"reviewerName": "Robert", "reviewerUrl": "https://www.amazon.com/gp/profile/amzn1.account.AFOF4GNYVRKFHOEXHOOAACEW7FIQ/ref=cm_cr_getr_d_gw_btm?ie=UTF8", "rating": "4.0 out of 5 stars", "reviewTitle": "\"Want your moneys worth? Then this computer is for you.\"", "reviewDate": "February 29, 2020", "reviewText": "  Very nice machine, responsive does just what my desktop is capable of.", "is_Helpful": ""}, {"reviewerName": "skybear", "reviewerUrl": "https://www.amazon.com/gp/profile/amzn1.account.AE4LVAL2BU5OHZQMX2DNLHED5ZVQ/ref=cm_cr_getr_d_gw_btm?ie=UTF8", "rating": "3.0 out of 5 stars", "reviewTitle": "Faulty hinges", "reviewDate": "February 27, 2020", "reviewText": "  The hinges are flimsy and likely to break. Cheaply made.", "is_Helpful": ""}, {"reviewerName": "Antonio", "reviewerUrl": "https://www.amazon.com/gp/profile/amzn1.account.AFQTHK7OBOAXZWBTN4J4HN34RW3A/ref=cm_cr_getr_d_gw_btm?ie=UTF8", "rating": "5.0 out of 5 stars", "reviewTitle": "XIDU Philbrook is a Beautiful Laptop. Reasonably priced and has a lot to offer.", "reviewDate": "February 14, 2020", "reviewText": "\"  XIDU Philbrook 8GB Ram 128GB SSD Memory Touch Screen 360\u00b0 Very Nice Laptop. Setup Cortana walk me through it as every New Laptop Does. Battery Life was 6 hrs 55min. If I would have left it a little longer Im sure it would have given me 7 Hrs. However, the people at Amazon Packing Do nNot Know How to Pack up. The package I Receive as Damage.\", Used it 4 hrs setting computer, and my email Microsoft account to get Cortana working. and then it Crashed and kept Crashing. I could hear a Spark Inside cracking when shut off., I Would Have Kept that Laptop It was 100% New...Instead I had to return it.", "is_Helpful": ""}, {"reviewerName": "Mark Hauck", "reviewerUrl": "https://www.amazon.com/gp/profile/amzn1.account.AF4BAN747GOVLTC7KIYGQR2KXSLQ/ref=cm_cr_arp_d_gw_btm?ie=UTF8", "rating": "5.0 out of 5 stars", "reviewTitle": "Exactly what I needed", "reviewDate": "February 14, 2020", "reviewText": "\"  I needed to replace my 12 year old laptop, and this was the perfect choice! I only use it for a few simple Excel spreadsheets and a bit of web surfing, so I didnt need anything fancy & expensive. This laptop fits the bill perfectly! The fact that its touchscreen & folds up to be used like a tablet is a bonus. Plus, it was extremely easy to set up on my own - which is something I was dreading - but it walks you through the whole process. I love it!\"", "is_Helpful": ""}, {"reviewerName": "Susan M. Allen", "reviewerUrl": "https://www.amazon.com/gp/profile/amzn1.account.AEMMJVCMRDL7YQVLQ4H7E3YZY5IA/ref=cm_cr_arp_d_gw_btm?ie=UTF8", "rating": "5.0 out of 5 stars", "reviewTitle": "Great budget laptop!", "reviewDate": "February 5, 2020", "reviewText": "\"  Just received a few days ago, but havent had any problems searching or uploading.  Great looking laptop...love the touchscreen and keyboard that lights up.\"", "is_Helpful": ""}, {"reviewerName": "Mark A Heien", "reviewerUrl": "https://www.amazon.com/gp/profile/amzn1.account.AGRPFCMVBNX7HBCGS3SV52J5RT5A/ref=cm_cr_arp_d_gw_btm?ie=UTF8", "rating": "5.0 out of 5 stars", "reviewTitle": "Very happy with this computer. Great value for business use.", "reviewDate": "January 29, 2020", "reviewText": "  Very happy with this computer. I use for work. It\u2019s light, I utilized the tablet mode for presentations to doctors then flip to laptop mode for inputting call notes. Runs all my Microsoft office 365 apps quickly. I have also used to stream video from Mini HDMI to my TV via an adapter.", "is_Helpful": ""}, {"reviewerName": "Gabby Ethier", "reviewerUrl": "https://www.amazon.com/gp/profile/amzn1.account.AGIVSO4MYXBXRZVUKWLE77ETRWIQ/ref=cm_cr_getr_d_gw_btm?ie=UTF8", "rating": "1.0 out of 5 stars", "reviewTitle": "Be Warned.", "reviewDate": "January 20, 2020", "reviewText": "\"  I couldnt even get this thing to work.  It was stuck in a reboot loop for a full day because the touchpad driver was MISSING.  And the links to download the drivers on their website are broken!  This is a company that is still pretty underground out of China.  I had to return it.  Not worth the frustration!!\"", "is_Helpful": "One person found this helpful"}, {"reviewerName": "Amazon Customer", "reviewerUrl": "https://www.amazon.com/gp/profile/amzn1.account.AEDQ5BVKUYZZ6UTKLMUJTJCCBGZQ/ref=cm_cr_arp_d_gw_btm?ie=UTF8", "rating": "1.0 out of 5 stars", "reviewTitle": "Junk", "reviewDate": "January 19, 2020", "reviewText": "\"  During setup, wont recognize any wifi network? Thats a pretty basic request when purchasing a laptop????\"", "is_Helpful": "One person found this helpful"}, {"reviewerName": "intelhottie", "reviewerUrl": "https://www.amazon.com/gp/profile/amzn1.account.AEMRM4LC7A6AEQAOCJ6UU3OHXJWA/ref=cm_cr_getr_d_gw_btm?ie=UTF8", "rating": "1.0 out of 5 stars", "reviewTitle": "DO NOT BUY THIS OR FROM THIS MANUFACTURER", "reviewDate": "January 17, 2020", "reviewText": "\"  Received this Christmas Present well after Christmas; 3 weeks after delivery date; then when received, it was defective and malfunctioning. It not only didnt work upon arrival and took over 20 hours to try to fix (still not fixed, 2 manufacturer resets) but also has a defect in the screen.  I got it to start up once after 2 resets (as shown in images) and 4 more hours. All apps are missing and went to multiple known working sites and could not download programs. Went back to looping errors at restart as pictured and cant get to home screen. I have images of the looping error and inability to start up and picture of the defective screen. It is hard to capture with light reflecting but it is a yellowish  all over the bottom left-hand corner of the screen (about 1 inch tall, several inches wide). It is very noticeable.  It does not go away when pressed on or  when putting the laptop into a different position.\", The manufacturer responded with a hundred step fix saying the operating system was not loaded properly-- the one time I got in, it is shown that the OS is good (see image) and loaded., I tried to resolve on email several times, then Paypal.  If you have an issue with their products, not only do they not offer you a satisfactory solution but to send back with tracking for a refund, from the US, it will cost over $70!, This has been a very disappointing experience to say the least.  I will never buy from them again.", "is_Helpful": "One person found this helpful"}, {"reviewerName": "Leon Yang", "reviewerUrl": "https://www.amazon.com/gp/profile/amzn1.account.AGWNE2NASEVDBF67VICM2G4L76YQ/ref=cm_cr_getr_d_gw_btm?ie=UTF8", "rating": "5.0 out of 5 stars", "reviewTitle": "New year, new look, love it so much", "reviewDate": "January 16, 2020", "reviewText": "  Have been considered to get a XIDU PhilBook Max for weeks, and see this 2020 newest model, love it so much, perfect for office work like me~", "is_Helpful": ""}], "qAndA": [{"question": "How is the customer service, and them with returning e-mails ?", "answer": "As of now not good. They are in China and have not helped me with a glitch with the computer. Very limited response. I have not resolved the problem yet. I reached out 3 times. They responded to me with the virus excuse. Then they wanted to help. So I did what they asked and have not heard from them since. That was in Jan/feb."}, {"question": "Which type does the ssd expansion card require, sata or nvme, on back of unit ?", "answer": "Read the description of the computer"}, {"question": "I I just got my mine today, and the screen does not come on. I have tried everything. Can anyone help me?", "answer": "When I bought mine Catana came on walked me through all the settings. Charge the battery, it said 7 hours. The only thing is Amazon or maybe China shipped it to me, it was lopsided. Which meant it was bounced all around. I had the computer for one day. The computer screen went black.\nIt crashed and I couldn't reopen\u2026 see more"}, {"question": "How well does this work with art and drawing apps", "answer": "I'm poor at drawing, but I used the stylus to write on the screen and sign a Word document easily and effortlessly. The screen tilts to a comfortable angle for writing/sketching. Overally, my writing experience was very satisfactory."}, {"question": "How are the speakers? Are they good? Loud? Or not good?", "answer": "The speakers are not the best BUT you can add external speakers which may answer your needs ALERT although the manufacturer boasts about being able to add more memory with a card I tried to do this and the computer doesn't recognize the added memory ANd I can't get any response from the manufacturer when I asked seve\u2026 see more"}, {"question": "Is there any way to update the processor on this computer?", "answer": "I would say yes because I know it's been done on a couple of computers that I bought from Amazon where I thought I was buying a new computer it wasn't. One that crashed\nGo to Microsoft and buy nothing's free a new processor yeah I guess you could download it and replace it but I wouldn't do it unless you know what y\u2026 see more"}, {"question": "This laptop gets very warm when in use , any suggestions on how to keep it cool ?", "answer": "Turn the lighting down cut your gaming down half cuz that's generally what causes heat photo editing and I'm talking for hours and if you want better sound Bluetooth it that way your speakers don't have to work"}, {"question": "Is there any way to update the processor on this computer?", "answer": "I wouls be happy to respond but I have never bought this item--sorry."}, {"question": "Does this come with an active stylus? If not, what would you recommend? I need something to take accurate and precise notes.", "answer": "No, it doesn't come with a stylus, you can buy one normal capacitive pen on AMZ, but pls check before you buying"}, {"question": "How is the customer service, and them with returning e-mails ?", "answer": "They're all pretty good they're polite they're good at their jobs and while back before all this other stuff happened you could always get one on the phone nowadays you have to chat that's type your conversation and they're still good and they will help you when it comes to the seller they're pretty good to a lot of th\u2026 see more"}, {"question": "Does the new 2020 Philbook Max have Bluetooth?", "answer": "don't know used it very little very slow computer."}], "time": ["09/04/2021 19:08:05"], "reviewsCountInfo": {"expRevCount": "21", "actRevCount": 21, "nonEnglishRevCount": 0}, "scrapperInfo": {"Version": "1.3.2", "Released Date": "08/04/2021"}, "productURL": "https://www.amazon.com/gp/product/B083FNFQYJ", "ASIN": "B083FNFQYJ", "title": "\"2020 Newest XIDU PhilBook Max 2-in-1 Convertible Laptop, 14.1 FHD(1920 x 1080) Touchscreen, Intel x7-E3950 Quad-core, 8GB RAM, 128GB SSD, Backlit Keyboard, Windows 10 Notebook (E3950,8+128)\"", "manufacturer": " XIDU Store", "currentPrice": "", "rating": "3.2", "totalRatings": "30 "}