{"features": ["NVIDIA GeForce GTX 1660 Ti 6GB Graphics with ROG Boost", "8-core AMD Ryzen 7 4800H Processor 45W (8M Cache, up to 4.2GHz)", "17.3\u201d Full HD (1920x1080) 120Hz IPS-Type display", "1TB PCIe NVMe M.2 SSD | 16GB DDR4 3200MHz RAM | Gigabit Wave 2 Wi-Fi 5 (802.11ac) | Windows 10 Home", "90WHr battery | Up to 8.7 hours web browsing and up to 12.3 hours video playback", "Durable MIL-STD-810H military standard construction", "Self cleaning dual fans with anti-dust technology to extend system longevity"], "reviewsAspects": ["battery life", "hope this helps", "gaming laptop", "radeon software", "pretty good", "happy with my purchase", "bought the laptop", "great laptop", "great gaming", "computer", "system", "brightness", "drive", "ssd"], "productInformation": [{"\nASIN\n": "\nB0863DFMV7\n", "Customer Reviews": "\n\n\n\n\n\n\n4.7 out of 5 stars\n\n\n\n\n\n\n\n\n287 ratings\n\n\n\n\n\n\n4.7 out of 5 stars\n", "\nBest Sellers Rank\n": "\n\n#11,108 in Computers & Accessories (See Top 100 in Computers & Accessories)\n\n#1,522 in Traditional Laptop Computers\n\n\n", "\nDate First Available\n": "\nMarch 10, 2020\n"}], "productDescription": "\nASUS TUF GAMING A17\nGeared for serious gaming and real-world durability, the TUF Gaming A17 is a fully-loaded gaming laptop that can carry you to victory. Efficient self-cleaning cooling combines with TUF's signature military-grade durability to make this battle-tested road warrior a reliable ally for gamers on the go.\nFIREPOWER FOR ANY TASK\nArmed with the strength to tackle any situation, the TUF Gaming A17 delivers dependable performance for gaming, streaming, and everything in between. The combination of AMD Ryzen 4000 series CPU and NVIDIA GeForce graphics powers through serious multitasking and gaming.\nLIVE LONG AND TRAVEL FAR\nDespite boasting a chassis that's smaller and lighter than its predecessors, the A17 houses a bigger battery for longer life. Lighter and longer-lasting, this machine can work and travel as freely as you do.\nCOMPREHENSIVE CONNECTIVITY\nLots of I/O ports let you connect your favorite devices and start working anywhere. Two USB 3.2 Type-A ports allow for speedy data transfers, with an additional USB 2.0 Type-A port that makes three total inputs for preferred peripherals.\nUpgrades Cooling\nIMMERSIVE SURROUND SOUND\nTwo upgraded speakers with four cut-outs pump out 1.8x more sound with 2.7x deeper bass than previous generations for a richer audio experience. DTS:X Ultra technology delivers high-fidelity 7.1-channel virtual surround sound for theater-quality audio with stereo headsets.\nMILITARY-GRADE TOUGHNESS\nIn order to earn the TUF Gaming name, these laptops must successfully survive a rigorous battery of MIL-STD-810H tests. Test devices are exposed to drops, vibration, humidity, and extreme temperatures to ensure reliability.", "reviews": [{"reviewerName": "Dirkswan", "reviewerUrl": "N/A", "rating": "5.0 out of 5 stars", "reviewTitle": "        , Reliable and efficient,   ", "reviewDate": "April 2, 2021", "reviewText": "\"  Great for gaming what youd expect, good value for money excellent upgrade\"", "is_Helpful": ""}, {"reviewerName": "Gadget Man Forever!", "reviewerUrl": "https://www.amazon.com/gp/profile/amzn1.account.AGY46IAF7ODH3XWJEGTV2GYGYKVQ/ref=cm_cr_getr_d_gw_btm?ie=UTF8", "rating": "5.0 out of 5 stars", "reviewTitle": "LOVE THIS  GAMING BEAUTY!!!", "reviewDate": "March 27, 2021", "reviewText": "\"  \\xa0She is nice. She is pretty. She could move like you would not believe.  I am talking about my new Asus gaming laptop.  You heard me right.  Its a she. I bought her and will never return her.\", OK All Jokes Aside.., This machine runs like a champ. It has played Call Of Duty Black Ops  at max settings. I play Sea Of Thieves. All these are heavy hitters.  I think I shall name this laptop... Veronica., Veronica loves playing games and she does what ever I throw at her., LIGHT UP KEYBOARD IS BEATIFUL!!!, I change the colors easily all the time. I can play my games in the dark., BATTERY LIFE IS GREAT!!, Battery lasts for 4-7 hours depending how I  use The best part is it chargges fully for in about 45 minutes to an hour., After using this laptop for three  I am happy with my purchase and even felt more confident. After demonstrating extreme stability and no bloatware with extreme specifications I have not gone wrong yet., The most important reason I love this laptop is because it costs so much much. But it is  worth every penny. I am confident it will last 4 more years if not more. Every few months I will come back and update this.., \"DONT LET THE SCREEN COMPLAINTS SHY YOU AWAY.\", \"I play games . Full movies. Web browse for hours. The reason the screen needs its brightness turned up depending on personal prefernece because of the great battery life. I just adjust screen brightness.\", I have my projector plugged into my laptop. It acts as my 2nd screen. I watch movies just like at the movie theatre. . I love this laptop..  My gf left recently and moved away. This has been getting me through and definitely not a return for me.  Hope this helps., Pretty Lights! Big Screen! High End Gaming.. Great for Video Editing., \"I use my Bluetooth UE Megaboom 3 for my laptop / movie speaker. But the laptops own speaker is alright. But its a laptop. It even has some bass.\"", "is_Helpful": ""}, {"reviewerName": "Doug", "reviewerUrl": "https://www.amazon.com/gp/profile/amzn1.account.AFO4AZDGEOM5Q2PYWJJJ6DDTF3UA/ref=cm_cr_getr_d_gw_btm?ie=UTF8", "rating": "5.0 out of 5 stars", "reviewTitle": "Great for work and play", "reviewDate": "March 21, 2021", "reviewText": "  I bought this laptop mainly for work purposes, but I figured \"hey those gamers know what their about why not buy a gaming laptop\"? Turns out it was a pretty good idea and I am very smart - this laptop is rad. I really enjoy the large 17\" screen, although apparently some people think the colors may be bad. I wouldn\\t know because I am completely blind in both eyes. Also, the \"gamer keys\" (W, A, S, and D,) are a different color than the other keys so I can game in the dark more easily. Very cool.", "is_Helpful": ""}, {"reviewerName": "Jeanette", "reviewerUrl": "https://www.amazon.com/gp/profile/amzn1.account.AENUSZ5URGZSLVBP562QQGAM7EPQ/ref=cm_cr_getr_d_gw_btm?ie=UTF8", "rating": "5.0 out of 5 stars", "reviewTitle": "Gaming goodness!", "reviewDate": "March 20, 2021", "reviewText": "\"  Love it... well used. Processor really uses the battery up, but otherwise its great\"", "is_Helpful": ""}, {"reviewerName": "Mark James", "reviewerUrl": "https://www.amazon.com/gp/profile/amzn1.account.AFA3XXH33RI4CDHADQVF3ECYA5QA/ref=cm_cr_getr_d_gw_btm?ie=UTF8", "rating": "5.0 out of 5 stars", "reviewTitle": "Powerful", "reviewDate": "March 18, 2021", "reviewText": "  Awesome gaming laptop. I use it for MS Flight Simulator and it works perfectly..", "is_Helpful": ""}, {"reviewerName": "gustavo ", "reviewerUrl": "https://www.amazon.com/gp/profile/amzn1.account.AHQOLS6CFIBVHHJ5ZAVRXV63XRJQ/ref=cm_cr_getr_d_gw_btm?ie=UTF8", "rating": "5.0 out of 5 stars", "reviewTitle": "good for work", "reviewDate": "March 9, 2021", "reviewText": "  working well", "is_Helpful": ""}, {"reviewerName": "Amazon Customer", "reviewerUrl": "https://www.amazon.com/gp/profile/amzn1.account.AEXSSYCNEVEUNTTGZZVXEZXZO5CQ/ref=cm_cr_getr_d_gw_btm?ie=UTF8", "rating": "5.0 out of 5 stars", "reviewTitle": "Awesome laptop, but be careful of the second HD!", "reviewDate": "March 7, 2021", "reviewText": "  Awesome laptop with a 17\" screen. Only thing that sucks is that the battery is kinda small due to the existence of the second drive. Apart from that small issue, it\\s wonderful for most mid-tier games at 1920x1080p., \"One note of caution though: the second drive model will shrink your battery by about half and youll be forced to reduce a lot of the RGB and other features! Other than that, its very easy to upgrade and maintain\"", "is_Helpful": ""}, {"reviewerName": "Suzanne R. Cooper", "reviewerUrl": "https://www.amazon.com/gp/profile/amzn1.account.AF3UNKDUQKCAC4NBKMU3ZDO7PNCA/ref=cm_cr_getr_d_gw_btm?ie=UTF8", "rating": "5.0 out of 5 stars", "reviewTitle": "Great laptop!", "reviewDate": "March 7, 2021", "reviewText": "\"  Its smaller and lighter than my previous 17\u201d laptop and it is a great laptop which I highly recommend.\"", "is_Helpful": ""}, {"reviewerName": "ECO", "reviewerUrl": "https://www.amazon.com/gp/profile/amzn1.account.AHDWQGEBELCWV3MZADSSCIFFNAFQ/ref=cm_cr_getr_d_gw_btm?ie=UTF8", "rating": "5.0 out of 5 stars", "reviewTitle": "Seller has not delivered missing parts", "reviewDate": "March 7, 2021", "reviewText": "\"  Great gaming computer. Great color. My biggest beef is the seller did not send me missing parts. Id buy the computer again but not from seller.\"", "is_Helpful": ""}, {"reviewerName": "Mr Science", "reviewerUrl": "https://www.amazon.com/gp/profile/amzn1.account.AFVI3TR6Y5JV6EG736GSN2P5LUAQ/ref=cm_cr_getr_d_gw_btm?ie=UTF8", "rating": "5.0 out of 5 stars", "reviewTitle": "Data analist", "reviewDate": "February 27, 2021", "reviewText": "  Great performance good value. Manually upgrading RAM is cheaper than paying for it", "is_Helpful": ""}, {"reviewerName": "S.i.R. HOLLiiWOOD", "reviewerUrl": "N/A", "rating": "5.0 out of 5 stars", "reviewTitle": "        , This is the happiest medium; LOOK NO FURTHER  ( when selling @ $1300-$1400),   ", "reviewDate": "February 27, 2021", "reviewText": "  This laptop is exactly what most people will need from a laptop, decent gaming, and you could video edit, I have an expensive gaming and editing desktop; and I am perfectly happy with this as a laptop, I am glad I did not spend $2000+", "is_Helpful": ""}, {"reviewerName": "Eric", "reviewerUrl": "https://www.amazon.com/gp/profile/amzn1.account.AEGFOMSB6E3WX4SQ6TSB224TCETA/ref=cm_cr_getr_d_gw_btm?ie=UTF8", "rating": "4.0 out of 5 stars", "reviewTitle": "Color scheme is okay for everyday use, or watching movies, etc.", "reviewDate": "February 26, 2021", "reviewText": "\"  One month after use and I can say that I really like this computer even though I was worried about the display color issue.  If you are going to use this computer for detailed photography or editing then maybe this is not the right choice for you.  I bought this computer for school, everyday use, and occasional gaming which I havent tested yet.  Watching movies, youtube, etc. and I see no issue with any color scheme.  Battery life is decent with up to three hours or more continuous use.  The sound sucks though with the speakers on the bottom I have to turn the volume on the device and source to 100% and sometimes feel its still not loud enough to hear conversations clearly.  Performance is okay, but Chrome really taxes the memory.  Asus apps constantly update.  Num lock constantly turns itself off closing the lid, or mid-operation.  Regardless, I still like the computer and satisfied with the purchase.\"", "is_Helpful": ""}, {"reviewerName": "Why Me 11", "reviewerUrl": "https://www.amazon.com/gp/profile/amzn1.account.AH7BQW5CRY3IHHM4BQHBXVUBPB4A/ref=cm_cr_getr_d_gw_btm?ie=UTF8", "rating": "5.0 out of 5 stars", "reviewTitle": "a great laptop", "reviewDate": "February 24, 2021", "reviewText": "\"  the only thing i have to say is i wish it was brighter so it would make it a little better to see but i love the laptop it is a very good product and lives up to its name\"", "is_Helpful": ""}, {"reviewerName": "Rhys Kuhn", "reviewerUrl": "https://www.amazon.com/gp/profile/amzn1.account.AGY375ZLNIKCVAJVM3ZSWBHC2IYQ/ref=cm_cr_getr_d_gw_btm?ie=UTF8", "rating": "5.0 out of 5 stars", "reviewTitle": "Nice machine for WoW", "reviewDate": "February 24, 2021", "reviewText": "  I bought it to play WoW and have not been disappointed.  Didn\u2019t realize how much I missed the speed of an SSD.  I like the backlit keyboard and the feel of the keys themselves.  The case is well designed and while I hope I don\u2019t drop it it feels like it could withstand a little abuse.", "is_Helpful": ""}, {"reviewerName": "Nick Dunn", "reviewerUrl": "https://www.amazon.com/gp/profile/amzn1.account.AEQWUBQUBZEGFE6INKBFTOK3MYMA/ref=cm_cr_getr_d_gw_btm?ie=UTF8", "rating": "5.0 out of 5 stars", "reviewTitle": "Well Worth the $$", "reviewDate": "February 16, 2021", "reviewText": "  Well worth the $$", "is_Helpful": ""}, {"reviewerName": "Rod", "reviewerUrl": "https://www.amazon.com/gp/profile/amzn1.account.AE6TZ2O3CN74PJQ4ZPDSVB6Z6SUQ/ref=cm_cr_getr_d_gw_btm?ie=UTF8", "rating": "5.0 out of 5 stars", "reviewTitle": "Perfect for me", "reviewDate": "February 12, 2021", "reviewText": "\"  The overall packaging & appearance is first rate. So far the performance and efficiency have exceeded my expectations, but Im not using for gaming. For virtual meetings and casual gaming it is easy behind what I expected with crystal clear and bright screen and easy to configure features (exclusive to Asus gaming rigs).\", If your looking for a high performance, mobile thin & light with gaming capabilities, look no further.", "is_Helpful": ""}, {"reviewerName": "Tina G.", "reviewerUrl": "https://www.amazon.com/gp/profile/amzn1.account.AG27ITQAOGIWP2LVGS2DQCBCOOHA/ref=cm_cr_getr_d_gw_btm?ie=UTF8", "rating": "5.0 out of 5 stars", "reviewTitle": "So far so good", "reviewDate": "February 4, 2021", "reviewText": "\"  Ive had it for about 2 weeks now. And Im very pleased with it. Does everything as advertised. Very impressed with the battery life.\"", "is_Helpful": ""}, {"reviewerName": "Ir mal", "reviewerUrl": "https://www.amazon.com/gp/profile/amzn1.account.AF4CTZAMRKP3OLB6JWVONDTODG4Q/ref=cm_cr_getr_d_gw_btm?ie=UTF8", "rating": "1.0 out of 5 stars", "reviewTitle": "Bad customer service", "reviewDate": "January 31, 2021", "reviewText": "  Since I bought the laptop I had issues with battery, it wouldn\u2019t hold the charge and after a month the seller wouldn\u2019t take it back  and refused to help either , even Amazon didn\u2019t help me  I had to go through the manufacture Warantty to send it back to be fixed", "is_Helpful": "One person found this helpful"}, {"reviewerName": "Amazon Customer", "reviewerUrl": "https://www.amazon.com/gp/profile/amzn1.account.AFTSJQJBUYIQULZVAFOCSQ6I5Y5Q/ref=cm_cr_getr_d_gw_btm?ie=UTF8", "rating": "5.0 out of 5 stars", "reviewTitle": "Great computer, great price", "reviewDate": "January 25, 2021", "reviewText": "  The size, graphics, speed, software, layout, and just overall machine is simply amazing.  This computer comes well equipped with everything needed.", "is_Helpful": ""}, {"reviewerName": "Rev", "reviewerUrl": "https://www.amazon.com/gp/profile/amzn1.account.AFLLSC7Y7B7KSNOZ2MESK3P3A6MQ/ref=cm_cr_getr_d_gw_btm?ie=UTF8", "rating": "5.0 out of 5 stars", "reviewTitle": "\"UPDATE on the display/brightness/color issue - How to basically fix it.\"", "reviewDate": "January 23, 2021", "reviewText": "  I spent many hours reviewing possible options for a 17 inch laptop and it came down to this and about 2 other options as far as value and hardware options., I was concerned when I first bought this one based on the reviews mentioning the poor display colors and brightness. Decided to roll the dice as it had the hardware I was looking for (SSD+HDD, Nvidia graphics, 120 Hz, great processor, 17 inch screen)., When it first arrived I indeed was somewhat disappointed with the colors and display. However, after adjusting the display settings in the \"Radeon Software\" app, it has the best display of any laptop I\\ve owned. Granted, that isn\\t saying much as I\\ve never had a high-end, creator oriented laptop. But these settings have made this display fantastic and plenty usable. I have no complaints whatsoever at this point. Plenty bright and the colors are beautiful, games and apps look great., I attached a picture of my display settings. With these settings the colors are deeper and more saturated, the blacks are blacker and the whites are whiter. I would be really curious to see someone with more experience play with these settings and see what they come up with. Feel free to respond with your ideal settings here to see if we can nail down the best display settings for this particular hardware., Short tutorial on how to adjust the display settings, 1. In the search bar type \"AMD Radeon Software\", 2. Click the \"Display\" tab, 3. Turn on \"Custom Color\" This will allow you to completely customize your display settings including color temp, brightness, hue, contrast, saturation., 4. Adjust these settings until you find your desired display.", "is_Helpful": "One person found this helpful"}, {"reviewerName": "Kurt Nienhuis", "reviewerUrl": "https://www.amazon.com/gp/profile/amzn1.account.AGWLMSO2OEWXTETCQFRJVSM2VMYQ/ref=cm_cr_getr_d_gw_btm?ie=UTF8", "rating": "5.0 out of 5 stars", "reviewTitle": "Outstanding Value", "reviewDate": "January 21, 2021", "reviewText": "  Runs cool, great speed, does everything I want. Only small gripe is I wish it had a SD Card reader built in, very minor complaint though, the USB plug in ones are just one more thing to carry when traveling and editing in the field feeds from my Go-Pro. I Highly recommend this if you are working with video. I cannot say how it does for gaming but I cannot imagine it will let you down.", "is_Helpful": ""}, {"reviewerName": "Lisa S.", "reviewerUrl": "https://www.amazon.com/gp/profile/amzn1.account.AEKB4SHWTQICOOPGF3OSGGXYAO5Q/ref=cm_cr_getr_d_gw_btm?ie=UTF8", "rating": "4.0 out of 5 stars", "reviewTitle": "Overall great machine except for touch pad issues", "reviewDate": "January 21, 2021", "reviewText": "\"  I bought 2 of these back in October for my wife and I.  Neither one of us use it for gaming.  She uses hers for basic web browsing, MS Word, MS Publisher, and just recently crafts (Cricut).  I do the same but I have many other programs that I use.  Both machines have a glitchy touchpad that I can not resolve.  It does not matter if youre in a program or a web browser (yes I know thats a program).  When using the touchpad it will start going into a slow-mode moving or not moving.  You have to lift / reset your finger(s) many times.  Then it might just start working correctly again.  I also have a bluetooth mouse connected to mine and have no issues when using the mouse.\", I have attempted firmware updates, device updates, device (mouse) settings and nothing has resolved it., I have googled this many times and have not been successful at finding others with my same issues.  EXCEPT I did see another review on here that said a defective touch pad.", "is_Helpful": ""}, {"reviewerName": "Amazon Customer", "reviewerUrl": "https://www.amazon.com/gp/profile/amzn1.account.AECU3CJ3WIZXHKXDZRWOXTN4B73Q/ref=cm_cr_getr_d_gw_btm?ie=UTF8", "rating": "5.0 out of 5 stars", "reviewTitle": "Perfectly cromulent for our needs.", "reviewDate": "January 19, 2021", "reviewText": "  My daughter uses it for distance learning during the day and I use it for games at night.  It is meeting my needs for both.", "is_Helpful": ""}, {"reviewerName": "Jose Rios", "reviewerUrl": "https://www.amazon.com/gp/profile/amzn1.account.AEVQ5OQ4HNT2W4Q7GWANNUCG4LPA/ref=cm_cr_getr_d_gw_btm?ie=UTF8", "rating": "5.0 out of 5 stars", "reviewTitle": "Very Good Performance", "reviewDate": "January 19, 2021", "reviewText": "  I have just received my new Asus A17 and I am impress with the quality of the laptop, very nice keybord and good screen, nice colors although if you are a content creator perhaps you will need another screen to combine with this laptop but for my use is perfect. Nice and fast as I need it.", "is_Helpful": ""}, {"reviewerName": "Clyde H. Clevenger", "reviewerUrl": "https://www.amazon.com/gp/profile/amzn1.account.AFT6I76JE6O3BABDXT2WITHBKQCA/ref=cm_cr_getr_d_gw_btm?ie=UTF8", "rating": "5.0 out of 5 stars", "reviewTitle": "Great for the money.", "reviewDate": "January 16, 2021", "reviewText": "  I was looking for a reasonably priced laptop for photo and video editing.  This is it.", "is_Helpful": ""}, {"reviewerName": "bftqrlk", "reviewerUrl": "https://www.amazon.com/gp/profile/amzn1.account.AF6H6IZPG3PKRH5JN6VUDXMOFMOA/ref=cm_cr_getr_d_gw_btm?ie=UTF8", "rating": "5.0 out of 5 stars", "reviewTitle": "Amazing value", "reviewDate": "January 14, 2021", "reviewText": "  Great bang for your buck. Exactly what I was looking for.", "is_Helpful": ""}, {"reviewerName": "The reviewer- 77", "reviewerUrl": "https://www.amazon.com/gp/profile/amzn1.account.AFHDLXUT5HYW4VQRNFFZ3LHFWZEQ/ref=cm_cr_getr_d_gw_btm?ie=UTF8", "rating": "5.0 out of 5 stars", "reviewTitle": "Nice Laptop.", "reviewDate": "January 13, 2021", "reviewText": "\"  Pretty good laptop probably the best I ever have I can complain at all. Asus did a nice Job with this one and I sell computer parts so I know what Im saying.\", The only issue is that the one I have came with slot for extra storage but no connection.  A waste for a 17.3 inch laptop., It brought a 1tb Nvme M2 drive., So make sure your seller knows you would like to upgrade in the future so the connection is available on the Laptop., I recommend this product.", "is_Helpful": ""}, {"reviewerName": "AGB54", "reviewerUrl": "https://www.amazon.com/gp/profile/amzn1.account.AFVOOAFH5CX4VDZ75YFP67XVR2OA/ref=cm_cr_getr_d_gw_btm?ie=UTF8", "rating": "5.0 out of 5 stars", "reviewTitle": "Speed, very fast!", "reviewDate": "January 12, 2021", "reviewText": "\"  I dont use it for gaming much, but the speed of this pc is super fast. Download speed on this pc is 550 megabits per second my dell was 180 megabits per second on the same system. Im getting what I pay for now and I love it!\"", "is_Helpful": ""}, {"reviewerName": "Amazon Customer", "reviewerUrl": "https://www.amazon.com/gp/profile/amzn1.account.AFKT4UP6ETCS4VKPX7CSUDLEJZXQ/ref=cm_cr_getr_d_gw_btm?ie=UTF8", "rating": "4.0 out of 5 stars", "reviewTitle": "Good pc but dtx is a joke", "reviewDate": "January 9, 2021", "reviewText": "  Good pc almost instant boot up handles games well but was disappointed with dtx ultra with no support for headphones unless I buy the plugin wich sucked and 2 leds under space bar went out day 3", "is_Helpful": ""}, {"reviewerName": "Amazon Customer", "reviewerUrl": "N/A", "rating": "5.0 out of 5 stars", "reviewTitle": "        , An astonishing product.,   ", "reviewDate": "January 9, 2021", "reviewText": "  After a few hours of use it`s necessary to mention that it does not give at all the impression of a fragile ill conception which seems to be the appearance of another laptops. I did try 2 another laptops and both of them were a very bad conception. In the case of the Asus TUF a17 the picture is very good which means visibly better than in the case of laptops which can be 60% more expensive, does not heat at all at regular use, the fan is very silent and the performance is interesting. I don`t know how is the use in the case of active gaming but I`m sure that for the daily use this is far better than the competing laptops. Excellent.", "is_Helpful": "One person found this helpful"}, {"reviewerName": "Sydney D Galifrey", "reviewerUrl": "https://www.amazon.com/gp/profile/amzn1.account.AE2IDMKEGTRNSCZDUYABHDQIT2EA/ref=cm_cr_getr_d_gw_btm?ie=UTF8", "rating": "5.0 out of 5 stars", "reviewTitle": "So happy", "reviewDate": "January 6, 2021", "reviewText": "\"  Ive had it a few days and so happy. It plays all the games I havent been able to play for a while on my old potato of a PC. It has a wonderfuly large clear screen. And it stays so cool while im running a lot. The built in speaker isnt very loud though if you wanted to play a movie without a headset for friends. And the fact it doesnt come i wth a disc drive is so odd to me. I searched and those are super cheap now though.  Less than $30 at the time im buying this. This is the perfect PC for a gamer or even casual gamer who just wanted gaming capabilities (me) and still have a system that runs graphics design programs nicely! Im impressed and so thankful it was affordable for me.\"", "is_Helpful": ""}, {"reviewerName": "Zackery ", "reviewerUrl": "https://www.amazon.com/gp/profile/amzn1.account.AG3GXALHG5DZ36EADSKL37QINDNA/ref=cm_cr_getr_d_gw_btm?ie=UTF8", "rating": "5.0 out of 5 stars", "reviewTitle": "Works great", "reviewDate": "December 30, 2020", "reviewText": "  Good quality", "is_Helpful": ""}, {"reviewerName": "Outdoorsyguy", "reviewerUrl": "https://www.amazon.com/gp/profile/amzn1.account.AFZTJOYQVJYAP2DMKMX2J4KLVW2Q/ref=cm_cr_getr_d_gw_btm?ie=UTF8", "rating": "4.0 out of 5 stars", "reviewTitle": "Perfect for teenage gamers", "reviewDate": "December 30, 2020", "reviewText": "  Solid and well-appreciated upgrade for two teen boys (bought qty: 2 of these for xmas). My only issue was ONE of them had wonky sound drivers installed; headphone mic would NOT work at all, and it took me HOURS to solve the problem - but finally did (thank you asus.com). Great value for the money, no regerts (sic).", "is_Helpful": ""}, {"reviewerName": "Susan M. Kauffmann", "reviewerUrl": "https://www.amazon.com/gp/profile/amzn1.account.AHHKVDZE7YHC4NI7OB6MULYWT5DA/ref=cm_cr_getr_d_gw_btm?ie=UTF8", "rating": "5.0 out of 5 stars", "reviewTitle": "Hubbies Christmas present", "reviewDate": "December 29, 2020", "reviewText": "  And he tells me he loves it.  Quick on bootup and surfing the net.  And ASUS is the best in the technology business.", "is_Helpful": ""}, {"reviewerName": "John Yalch", "reviewerUrl": "https://www.amazon.com/gp/profile/amzn1.account.AH77ZNTOA5Q2KCBKXD5PMWFZ4XRQ/ref=cm_cr_getr_d_gw_btm?ie=UTF8", "rating": "3.0 out of 5 stars", "reviewTitle": "Runs fast but having issues loading programs even simple printer installs", "reviewDate": "December 29, 2020", "reviewText": "  At the moment having issues. Having problem with units device drivers. From the get go.", "is_Helpful": ""}, {"reviewerName": "Mark Brittingham", "reviewerUrl": "https://www.amazon.com/gp/profile/amzn1.account.AEQQBS3DTW655SRQKGBBSVCJWB5A/ref=cm_cr_getr_d_gw_btm?ie=UTF8", "rating": "5.0 out of 5 stars", "reviewTitle": "Great laptop for a reasonable price", "reviewDate": "December 29, 2020", "reviewText": "  Surprised at just how much you get in the laptop for the price. Fast, great display, good layout. Really happy with this laptop (which is definitely not true of past purchases).", "is_Helpful": ""}, {"reviewerName": "bobeski", "reviewerUrl": "https://www.amazon.com/gp/profile/amzn1.account.AG5SY2SCLV4XT2R4H6PEPLCLN2CA/ref=cm_cr_getr_d_gw_btm?ie=UTF8", "rating": "4.0 out of 5 stars", "reviewTitle": "back light keyboard", "reviewDate": "December 27, 2020", "reviewText": "  only 3 weeks old.  seems nice", "is_Helpful": ""}, {"reviewerName": "Danny", "reviewerUrl": "N/A", "rating": "4.0 out of 5 stars", "reviewTitle": "        , Performance over everything else?,   ", "reviewDate": "December 18, 2020", "reviewText": "  In terms of computer performance and specifications, the laptop is worth its price. In fact, it might be worth even more. The downsides still exists however. Yes it performs well and the screen is at a nice 144hz, but the display isn\u2019t that bright. Comparing it to a regular monitor, it\u2019s definitely 20% darker than your typical computer screen. Due to the CPU and GPU, it can run games beautifully. Downside is, the noise it makes is extremely loud. It sounds like a quieter air conditioner (not quiet). You wouldn\u2019t use it in public. The biggest downside however is the battery life. On max brightness (which isn\u2019t that bright), it will last 2 hours after being charged to 200%. Maybe a little longer, but the battery life is awful. It may seem like I\u2019ve only got negative things to say, but I don\u2019t regret my purchase. There\u2019s an option to keep your fan quiet at the expense of your computers performance. I would recommend this laptop for purchase if you\u2019re looking for a device that can run games at high quality. Just don\u2019t expect it to be the best laptop you\u2019ll ever get your hands on. If your goal is to get a fast laptop, you\u2019ve come to the right place. If your goal is to get a laptop that you can spend hours on unplugged at a cafe, you can look for a different device.", "is_Helpful": "One person found this helpful"}, {"reviewerName": "SALSA KUTBILIK, noth cha.", "reviewerUrl": "https://www.amazon.com/gp/profile/amzn1.account.AEPVITYM3FU5VRDOSCQAHAGWM6EQ/ref=cm_cr_getr_d_gw_btm?ie=UTF8", "rating": "5.0 out of 5 stars", "reviewTitle": "Excellent CPU, Memory can be upgraded to 64GB, 2 NVME SSD slots.", "reviewDate": "December 16, 2020", "reviewText": "  I got this directly from ASUS as for some reason this place does not sell this version., In regards to the display - it is okay.  Nothing to write home about but it is fine.  I use mine as 2ndary display along with 4K monitor., \"Ive replaced I7-6800K system with this.  Long story short, Cinebech R20 -> 6800K = 2700.  This system = 4300.\", \"I upgraded the memory to 64GB (2x32).  Ive removed stock SSD, replaced with Sabrent NVME 4 and installed Corsair 2TB one in 2nd slot.  Both SSD speeds are PCI-E 4 levels in ssd bench.\", This laptop works fine with Dell 6000 docking station., Overall, even with upgrades, this is incredible system for the money.  The base version is great for only $1099 or so.", "is_Helpful": "One person found this helpful"}, {"reviewerName": "Amanda Ludwig", "reviewerUrl": "https://www.amazon.com/gp/profile/amzn1.account.AGG2QHTZNGJ4NKOFM4HAIESQOA6Q/ref=cm_cr_getr_d_gw_btm?ie=UTF8", "rating": "4.0 out of 5 stars", "reviewTitle": "Happy with my purchase.", "reviewDate": "December 14, 2020", "reviewText": "  Happy with how the computer has preformed.  I\u2019m a light gamer and I have had no issues with this computer.  The fan is very loud as other reviews have stated but for the price and power of this computer it is understandable.  It is comfortable to use and works great for my gaming needs.", "is_Helpful": ""}, {"reviewerName": "gfd-in-cpt", "reviewerUrl": "https://www.amazon.com/gp/profile/amzn1.account.AEBZZARJXO3YLL63NRIIQLULZJZQ/ref=cm_cr_getr_d_gw_btm?ie=UTF8", "rating": "5.0 out of 5 stars", "reviewTitle": "\"Best bang for the buck... and its got ALLOT of BANG.  Wow!\"", "reviewDate": "December 6, 2020", "reviewText": "\"  This system is the best bang for the buck.  Zero issues.  Fit, finish, hardware... top notch.  The only issue I had with the system was the difficulty I had trying to get recovery media to restore the system back to factory condition if the system hard disk ever fails.  Not likely, but it does happen.  However after a couple of hours reading ASUSs documentation for the laptop on the MyASUS web site, it turns out that I can build everything if I ever need to reinstall.  It wont be a factory image, but it will work fine.  What ASUS REALLY REALLY needs to do for this and all of their systems is to collect all the relevant online how tos and documentation in a single pdf for download.  Printed instructions dont need batteries.  The other thing they need to do is to create a restoration media .iso file that can be downloaded by a customer so they can make a factory restoration media USB drive or a DVD.  If you buy one of these laptops, which I can completely recommend, be sure to make the Windows 10 installation media as well as the repair USB drive.  The online docs are pretty good.\"", "is_Helpful": "One person found this helpful"}, {"reviewerName": "Vince", "reviewerUrl": "https://www.amazon.com/gp/profile/amzn1.account.AHLCOTSDKGSR3GX2XDTQFA7M2AUA/ref=cm_cr_getr_d_gw_btm?ie=UTF8", "rating": "2.0 out of 5 stars", "reviewTitle": "Super loud fan!", "reviewDate": "December 4, 2020", "reviewText": "\"  Bought a new laptop for some casual gaming, but my major need was a computer to do some audio recording with.  I have a 10-year-old ASUS ROG computer that I was completely pleased with (a very quiet machine!), so I figured I was in good hands. As soon as I booted up the new one, the fan whirred to life full throttle, putting out 40+db of sound. Running no apps at all, the fan continued to run full blast. I tried to navigate Asuss Armoury Crate utility to reduce fan speed, but it was all too overwhelming for me. I followed an online tutorial but couldnt get the fan to shut the hell up. I was also worried that if I tinkered with too many settings, I could ultimately do harm to the system. In conclusion, Id never be able to record audio with this monstrosity, so I decided to just quit and be done with it.\", \"I explored little else about the machine. The framing, interface, and backlit keyboard were pleasant enough. I never tried a game on it, but Im sure its powerful if that fan system is any indication!\"", "is_Helpful": "One person found this helpful"}, {"reviewerName": "Steven Turner", "reviewerUrl": "https://www.amazon.com/gp/profile/amzn1.account.AFUTK3EKMLWOSECVFJEITMFRTDRQ/ref=cm_cr_getr_d_gw_btm?ie=UTF8", "rating": "5.0 out of 5 stars", "reviewTitle": "Great Laptop", "reviewDate": "December 4, 2020", "reviewText": "  Love everything about this laptop. Fast, powerful, attractive.  Truly impressive.", "is_Helpful": ""}, {"reviewerName": "Amazon Customer", "reviewerUrl": "N/A", "rating": "4.0 out of 5 stars", "reviewTitle": "        , Excellent laptop, not great excess heat vent placement.,   ", "reviewDate": "November 30, 2020", "reviewText": "  Excellent laptop for the price. One downside is the excess heat goes out the back of the laptop and onto your legs, do not recommend graphic heavy games on lap.", "is_Helpful": ""}, {"reviewerName": "Tyler Vincent", "reviewerUrl": "N/A", "rating": "5.0 out of 5 stars", "reviewTitle": "        , Excellent Computer!,   ", "reviewDate": "November 26, 2020", "reviewText": "  Not so Tuf, see image; thin plastic underbelly can be broken easily, be careful how you set it down., notebookcheck offers a calibration file for this model. a search for BOE NV173FHM-NX1 on duck duck go will bring it close to the top of your search results., \"Wow, amazing little device! Got the 17 inch 1660 Ti version. Zero complaints! Got it on sale for $1,299 prior to black Friday. Cant beat that anywhere else! Absolutely great little gaming and multipurpose rig!\", \"Cons: Buyers remorse, AMD keeps pumping out new CPUs every few months of late! AMD Ryzen 7 5800U Flagship 8 Core Cezanne \u2018Zen 3\u2019 APU Benchmark Leaks Out, Up To 38% Faster Than 4800U in Single-Core Performance. So factor that in if you are willing to hold off a few months.\"", "is_Helpful": "3 people found this helpful"}, {"reviewerName": "Continus", "reviewerUrl": "https://www.amazon.com/gp/profile/amzn1.account.AHL56HAGMW44BT6J7LU5PKALBQ5Q/ref=cm_cr_arp_d_gw_btm?ie=UTF8", "rating": "4.0 out of 5 stars", "reviewTitle": "ASUS TUF706IH-ES75... no extra NVME slot", "reviewDate": "November 20, 2020", "reviewText": "\"  Bought this for light gaming, some light workloads, but mostly for watching YouTube and movies! Audio is great, but dont expect it to be loud, does have a bit of bass in it so audio isnt treble heavy.\", \"With that said. The page where this is advertised stated two slots for NVME drives. One is for your OS, another for storage and one HDD for more storage. That second NVME slot just above the HDD doesnt exist. So heads up! I blame general advertising on that BIG blunder.\", From me, overall 3 stars, Gaming: 3 stars, \"It came with  GTX 1650, dont expect full max settings on games.\", UPDATE 11/22/2020:, \"Gaming has been awesome on this laptop. I connected my Xbox controller and found myself enjoying playing games on this. Like I stated before, it cant play games max settings, but it can play Crysis 3 on battery for just over 2 hours before I got the 10% battery left message. This is great considering its only a 48 watt hour battery!\", Battery life: 4 stars, Just sitting back and doing light work, battery will last you 5hrs. Same for watching movies and YouTube., \"Keep in mind, this only has a 48Watt hour battery. If youre not plugged in, playing games will dramatically reduce that time below an one hour on battery.\", Brightness: 4 stars, Considering that this is a gaming laptop and it would not see much outdoor use. It is bright indoors, not so much outside. If I had to guess, possibly 250nits in max brightness.. It does give 120hz refresh rate with freesync! Motions feel buttery smooth!, Hope this helps in your search for a wonderful laptop. And despite not having that second NVME, I still like it and will be keeping it.", "is_Helpful": "3 people found this helpful"}, {"reviewerName": "Milor Cheng", "reviewerUrl": "https://www.amazon.com/gp/profile/amzn1.account.AEZGOYXVO66PLTL3V5FODTLX6XWA/ref=cm_cr_getr_d_gw_btm?ie=UTF8", "rating": "3.0 out of 5 stars", "reviewTitle": "Unstable system", "reviewDate": "November 16, 2020", "reviewText": "\"  The system is unstable, Im not sure if its windows problem or AMD. Anyway, I got blue screen multiple times in three months.\"", "is_Helpful": ""}, {"reviewerName": "The Hidden Art", "reviewerUrl": "https://www.amazon.com/gp/profile/amzn1.account.AGAOVNQKVCFP2CJCHTDXA3LLTDRA/ref=cm_cr_getr_d_gw_btm?ie=UTF8", "rating": "5.0 out of 5 stars", "reviewTitle": "Fantastic laptop! Lightning fast!", "reviewDate": "November 8, 2020", "reviewText": "  Lightning fast. Will upgrade to 32 GB memory. Installed second SSD for Linux dual boot for media production. Ubuntu studio goes from powered down to fully working desktop in 6 seconds. Gaming in Windows 10 is excellent. Battery life is pretty good.", "is_Helpful": ""}, {"reviewerName": "pisani", "reviewerUrl": "https://www.amazon.com/gp/profile/amzn1.account.AFIXM4NLBFSMCLHQWBQVNASGMQJQ/ref=cm_cr_getr_d_gw_btm?ie=UTF8", "rating": "5.0 out of 5 stars", "reviewTitle": "Really Nice", "reviewDate": "November 7, 2020", "reviewText": "  Pretty awesome but time will tell.", "is_Helpful": "3 people found this helpful"}, {"reviewerName": "Shawn Blondin", "reviewerUrl": "N/A", "rating": "4.0 out of 5 stars", "reviewTitle": "        , Throttleing problem,   ", "reviewDate": "November 4, 2020", "reviewText": "\"  Turbo mode isnt a good option, because it throttles with massive FPS drops. But I keep it in performance mode and every game i play is overall really good. Took me a little bit to find out turbo mode was the problem. Battery life is excellent and overall speed also.\"", "is_Helpful": "One person found this helpful"}, {"reviewerName": "john", "reviewerUrl": "https://www.amazon.com/gp/profile/amzn1.account.AFDC3FOBZVRANRZUJKOZA5HNJNKA/ref=cm_cr_getr_d_gw_btm?ie=UTF8", "rating": "5.0 out of 5 stars", "reviewTitle": "awsome", "reviewDate": "November 1, 2020", "reviewText": "\"  my tec. guy told me what I needed (gave me the link) I bought it set it up my self. only thing I can not find the app to change the colors on the key board. However I actually like the demo mode red blue yellow greenish they all fade in its a soothing blend into each color I love it.\"", "is_Helpful": "One person found this helpful"}, {"reviewerName": "Richard S Brown Jr.", "reviewerUrl": "https://www.amazon.com/gp/profile/amzn1.account.AHO4NCDOOHVYZ5JPNW6N4VKWPWPA/ref=cm_cr_getr_d_gw_btm?ie=UTF8", "rating": "2.0 out of 5 stars", "reviewTitle": "Will not shut off when closing the lid.", "reviewDate": "October 15, 2020", "reviewText": "  This fatal flaw has my laptop running constantly and dead wherever I go. Multiple reboots and system installs will not fix it, look elsewhere for your 17 inch high-powered laptop needs.", "is_Helpful": "2 people found this helpful"}, {"reviewerName": "DogMom25", "reviewerUrl": "https://www.amazon.com/gp/profile/amzn1.account.AG5A6YHZFWG6CTBAOSJJGSB2ZXRA/ref=cm_cr_getr_d_gw_btm?ie=UTF8", "rating": "5.0 out of 5 stars", "reviewTitle": "Awesome computer, needs better speakers", "reviewDate": "October 10, 2020", "reviewText": "\"  This computer is pretty amazing! The hard shell exterior the the raw gaming power this thing has stood up to multiple stress tests to include my dog launching it off a table on to the floor 4 drop.\", Honestly the only serious con of this computer is the speaker quality. Even at max volume the sound is still quiet and barely audible. Thankfully the bluetooth function is fantastic and my headphones pair easily.", "is_Helpful": "One person found this helpful"}, {"reviewerName": "Rodney Henderson", "reviewerUrl": "https://www.amazon.com/gp/profile/amzn1.account.AEXXEOBHIZK2QNTSCHNF6QP3QM2A/ref=cm_cr_getr_d_gw_btm?ie=UTF8", "rating": "5.0 out of 5 stars", "reviewTitle": "No 48Whr battery version available", "reviewDate": "October 6, 2020", "reviewText": "  I have an older Tuf that is used as my main computer in my home and it has served me very well over the years. I would buy this laptop in a heartbeat if I could find the model that had three available storage slots with the 48Whr battery. Since my laptop rarely leaves my home it is plugged in 99% of the time so larger batter is not needed. In my case storage is much more important than mobility. ff", "is_Helpful": "One person found this helpful"}, {"reviewerName": "Amazon Customer", "reviewerUrl": "https://www.amazon.com/gp/profile/amzn1.account.AENSJ7UU5WG62BUAYURSLKER3PXA/ref=cm_cr_getr_d_gw_btm?ie=UTF8", "rating": "2.0 out of 5 stars", "reviewTitle": "Bad Touchpad!", "reviewDate": "October 5, 2020", "reviewText": "  Touchpad is defective.", "is_Helpful": "2 people found this helpful"}, {"reviewerName": "Bobby", "reviewerUrl": "https://www.amazon.com/gp/profile/amzn1.account.AG6UJJAG3YLQAXGSIC35SW5WUJEQ/ref=cm_cr_getr_d_gw_btm?ie=UTF8", "rating": "5.0 out of 5 stars", "reviewTitle": "An amazing product", "reviewDate": "September 11, 2020", "reviewText": "  Its an amazing piece of machinery.", "is_Helpful": ""}, {"reviewerName": "Mark Amiraghyan", "reviewerUrl": "https://www.amazon.com/gp/profile/amzn1.account.AETIYXONMZSHU4LIZVITY3BXBAVA/ref=cm_cr_arp_d_gw_btm?ie=UTF8", "rating": "5.0 out of 5 stars", "reviewTitle": "Amazing product for the price", "reviewDate": "September 1, 2020", "reviewText": "  Performance is top-notch for the price. For 1100$ you get a 17.3\" screen, 1 TB NVMe SSD, Ryzen 7 4800H (8 cores 16 threads!!!!), and a GTX 1660ti., The screen is ok. I first thought it was not that good but then I found out you can adjust the colors using the AMD Radeon software. I adjusted some properties and now the screen looks just fine for me., Yes, the thermals can get pretty high in heavy games, reaching 95 degrees celsius. But the keyboard stays cool and that thermals are ok for me. If you want to reduce thermals in games, you can turn off processors turbo boost and undervolt the GPU., The battery life is surprisingly good. The 90W battery makes a  difference., Overall a very good product. I happy with the purchase)", "is_Helpful": "3 people found this helpful"}, {"reviewerName": "Rob G", "reviewerUrl": "N/A", "rating": "5.0 out of 5 stars", "reviewTitle": "        , Great for the price,   ", "reviewDate": "August 28, 2020", "reviewText": "  Runs fast, and has great specs for a bargain priced gaming laptop. Worth the price tag.", "is_Helpful": ""}, {"reviewerName": "George Reddom", "reviewerUrl": "N/A", "rating": "5.0 out of 5 stars", "reviewTitle": "        , Great Product,   ", "reviewDate": "August 26, 2020", "reviewText": "  Expensive but works well. The fan noise is a little intrusive but ok ounce you get used to it. The changing colours on the key board is distracting. One colour would be better.", "is_Helpful": ""}, {"reviewerName": "Katarzyna Brzoza", "reviewerUrl": "https://www.amazon.com/gp/profile/amzn1.account.AHC3CVK3LTZSXQ342MDA5WJF5TIA/ref=cm_cr_arp_d_gw_btm?ie=UTF8", "rating": "5.0 out of 5 stars", "reviewTitle": "Great laptop except for a few small things", "reviewDate": "August 24, 2020", "reviewText": "  I bought this laptop for gaming and doing schoolwork. So far, it has done almost everything I expected it to. It runs games very well. I was scared because I wanted to play flight simulator 2020 on this laptop, and it\u2019s a very demanding game for the system. It runs it without a problem on the second highest settings. I saw some people complaining about the bad colors on this laptop, but I haven\u2019t had any issues with that. The colors are like on any other laptop. The only negative I can think of is the battery life. This laptop is supposed to have a nine hour battery life, but as soon as you start gaming, forget about it. The battery drops very fast. Overall, I rate this as a very good midrange to upper-midrange gaming laptop", "is_Helpful": "8 people found this helpful"}, {"reviewerName": "DMC", "reviewerUrl": "https://www.amazon.com/gp/profile/amzn1.account.AGBYTHKSNPNZXVXLYLC7WYZLYDFQ/ref=cm_cr_getr_d_gw_btm?ie=UTF8", "rating": "5.0 out of 5 stars", "reviewTitle": "Awesome gaming rig for the rice.", "reviewDate": "August 20, 2020", "reviewText": "  Great PC! Had some issues with purchase because of Covid, but they were great with getting everything straightened out. The PC rocks at gaming! I would definitely so business with them again.", "is_Helpful": "One person found this helpful"}, {"reviewerName": "Mark", "reviewerUrl": "N/A", "rating": "5.0 out of 5 stars", "reviewTitle": "        , Unprecedented Performance,   ", "reviewDate": "August 17, 2020", "reviewText": "\"  Truly amazed by the progress AMD made in the Mobile space. Giving Intel a run for its money is the kind of competition needed!\"", "is_Helpful": ""}, {"reviewerName": "migster", "reviewerUrl": "https://www.amazon.com/gp/profile/amzn1.account.AG3TVYCHMMPRBI5SXSW6E3SWDMLQ/ref=cm_cr_getr_d_gw_btm?ie=UTF8", "rating": "4.0 out of 5 stars", "reviewTitle": "I like this machine a lot.", "reviewDate": "August 12, 2020", "reviewText": "  It is a very good laptop with some good power. Highly recommend.", "is_Helpful": ""}, {"reviewerName": "Alican EREN", "reviewerUrl": "https://www.amazon.com/gp/profile/amzn1.account.AFY2JZEBUSR6APP2WEHCDP2VBAAQ/ref=cm_cr_getr_d_gw_btm?ie=UTF8", "rating": "4.0 out of 5 stars", "reviewTitle": "Value/Performance Gaming Laptop", "reviewDate": "July 16, 2020", "reviewText": "  The screen of Asus Tuf A17 very poor compared my old rog GL752VW, especially from brightness and colour range., Other than screen build quality as you expected not so great but not so bad.Air intakes on Bottom side of laptop could be more geneours, there are few tiny holes which is not enough to cool laptop without cooling pad.", "is_Helpful": "One person found this helpful"}, {"reviewerName": "Amazon Customer", "reviewerUrl": "N/A", "rating": "5.0 out of 5 stars", "reviewTitle": "        , Super laptop,   ", "reviewDate": "July 8, 2020", "reviewText": "  Super laptop", "is_Helpful": "2 people found this helpful"}, {"reviewerName": "PJ", "reviewerUrl": "https://www.amazon.com/gp/profile/amzn1.account.AFMRMYEH73YAPWSPPVFURUAHKVTA/ref=cm_cr_arp_d_gw_btm?ie=UTF8", "rating": "1.0 out of 5 stars", "reviewTitle": "Really Poor Display Panel Choice by Asus, and 20% Re-stocking Fee", "reviewDate": "July 3, 2020", "reviewText": "  I hope this review helps someone in their decision-making.  I loved everything I could know about this laptop from the Amazon listing and the ASUS website.  Here\\s what I wish I knew:  The display on this laptop is HORRIBLE for showing the spectrum of colors in the color spaces.  Now, I know this is primarily a gaming laptop, but with the CPU and the Video Card, this machine processes data for photo and video editing very well - EXCEPT, you can\\t really tell what color the final product will be.  I\\ve attached pictures to show why.  I didn\\t know any of this before I bought the laptop, I just am finally buying my first new laptop since 2005, and had one \"hand me down\" in between, so I was really excited to do some photo editing especially on this machine.  Sadly, the choice that ASUS made of a display panel is horrible when it comes to colors - so if you need any depth or accuracy of colors, here\\s a quick flyover of what I\\ve learned.  The attached images show the spec sheets of two display panels - one is the stock display that comes on the A17, the other is a display panel from the same manufacturer, using the same size, interface connection (40 pin, .5mm eDP connection), but with HUGE differences in the color space - probably for only a little bit more in production cost.  Note, I\\m not an expert, and I\\d love to hear from the Asus team why they made this choice, but the difference in color space is astounding.  The stock display only shows 47% of the Adobe RGB color space, while the other one that I listed shows 75% of the Adobe RGB color space - that\\s a huge difference (see other images for explanations of color spaces and what colors this will affect on your screen - mostly reds and greens - and I found that reds are way off - look more orange  because the display just can\\t physically display much of the red spectrum).  So, for the trolls who might say, \"It\\s a gaming laptop, not a creator laptop,\" that is true - and it is advertised as such.  But cost increase on those creator laptops is significant, so that\\s why I really had hoped this would work well for these applications.  Now that I have this knowledge, I could have made a better decision perhaps.  But I didn\\t have this information.  It is VERY difficult to find these color space ratings (or even the stock manufacturer model of the display) to make the choice.  I even e-mailed one manufacturer about the specifics of the color space on their laptop, and the rep didn\\t know... so this is the primary problem - finding the information.  I wish that Amazon, or at least manufacturers, would make the listing of the NTSC or Adobe RGB or even the sRGB ratings a part of their listing - like stand-alone monitor manufacturers often do.  So, why don\\t I return it?  Well, I actually filled out the Amazon return and was ready to do just that, until I read the form that you get for return when you complete the process.  There\\s a 20% re-stocking fee by this distributor... so I guess I\\ll have to live with this laptop.  It\\s too bad, because it\\s like buying a brand-new corvette with a cracked and hazed over windshield that you can\\t replace - it drives great, you just can\\t really see where you are going... and that\\s the Asus TUF A17 for you when it comes to the display. If you do buy it, there is a cool setting in the Radeon software that controls the \"Import Snap Settings\" - so I can adjust the color settings for contrast, brightness, and hue, and then save that as a snap setting, which I can then import.  So, I tweaked and made a few profiles for high contrast for office apps, best I could do for photos, and a few others.  That helps take away the pain a little bit. SO, I hope this review helps someone make an informed decision.  Meanwhile, Asus, if you\\re listening, please do better!  My last laptop was an ASUS and I was thrilled with it.  This one, not so much.  That little 50 to 100 dollar corner you cut on the screen, and the failure to at least list this compromised color space on your specs, has seriously affected my view of your brand.  Again, I hope this helps somebody.  Have a great day!", "is_Helpful": "76 people found this helpful"}, {"reviewerName": "kevin tavara", "reviewerUrl": "https://www.amazon.com/gp/profile/amzn1.account.AHJQ2QS3FACUA6H2W2P7DHKPY5OA/ref=cm_cr_getr_d_gw_btm?ie=UTF8", "rating": "3.0 out of 5 stars", "reviewTitle": "Bad trackpad", "reviewDate": "June 30, 2020", "reviewText": "  Great laptop performance wise, but faulty or bad trackpad, very annoying a mouse is a must have", "is_Helpful": "3 people found this helpful"}, {"reviewerName": "Phreedom", "reviewerUrl": "https://www.amazon.com/gp/profile/amzn1.account.AEZ7YOUVUSSX7TG7YL7KH5OQWYXA/ref=cm_cr_getr_d_gw_btm?ie=UTF8", "rating": "5.0 out of 5 stars", "reviewTitle": "Just what I Needed!", "reviewDate": "June 18, 2020", "reviewText": "\"  Felt like Christmas when package was received. Delivered 2 days before so far has been providing me the power I need. Im a music producer and this exceeds my expectations.\"", "is_Helpful": ""}, {"reviewerName": "Spider", "reviewerUrl": "https://www.amazon.com/gp/profile/amzn1.account.AHMYRVK3BRN3YUPN3JT56IETNPLA/ref=cm_cr_arp_d_gw_btm?ie=UTF8", "rating": "4.0 out of 5 stars", "reviewTitle": "Great computer, one big flaw", "reviewDate": "June 11, 2020", "reviewText": "\"  This is truly a great gaming laptop, especially for the price, but the touchpad and cursor sensitivity are awful. Even with the sensitivity settings turned all the way up in the options, the cursor drags and sometimes the buttons get stuck, which is downright unacceptable. Ill have to get a mouse for it.\", \"On the other hand, many reviews have mentioned the display is a bit washed out. This may be true if youre used to a high-end desktop monitor, but if youre upgrading from another laptop, I cant tell the difference. And the fan can be loud, but not annoyingly so.\", \"Should you buy this? Yup, but dont expect perfection, and get a mouse.\"", "is_Helpful": "13 people found this helpful"}, {"reviewerName": "Joshua Wheeler", "reviewerUrl": "https://www.amazon.com/gp/profile/amzn1.account.AEUQ3Z2EAGHAYOFBBNYDCWNVF3EA/ref=cm_cr_getr_d_gw_btm?ie=UTF8", "rating": "5.0 out of 5 stars", "reviewTitle": "Gaming Laptop Delivers", "reviewDate": "June 5, 2020", "reviewText": "  Im loving this laptop, its solid in all aspects", "is_Helpful": "3 people found this helpful"}, {"reviewerName": "Andrew Price", "reviewerUrl": "https://www.amazon.com/gp/profile/amzn1.account.AFCCKKSRO6MNHRGTISWE5FDCQTVQ/ref=cm_cr_getr_d_gw_btm?ie=UTF8", "rating": "5.0 out of 5 stars", "reviewTitle": "Nice mid level gaming laptop", "reviewDate": "May 31, 2020", "reviewText": "  Skeptical about replacing my 8 year old desktop rig with this system, but it has been flawless and and incredible up grade", "is_Helpful": "6 people found this helpful"}, {"reviewerName": "Ashlyn David", "reviewerUrl": "N/A", "rating": "4.0 out of 5 stars", "reviewTitle": "        , OK for the price,   ", "reviewDate": "May 16, 2020", "reviewText": "  It did not blow me away with performance but it does what it is supposed to do.", "is_Helpful": "2 people found this helpful"}, {"reviewerName": "Donald", "reviewerUrl": "https://www.amazon.com/gp/profile/amzn1.account.AGEUROK3Q77WIOHZXEIL35LXJUTA/ref=cm_cr_arp_d_gw_btm?ie=UTF8", "rating": "5.0 out of 5 stars", "reviewTitle": "2nd-To-None", "reviewDate": "May 15, 2020", "reviewText": "  **EDIT**, \"Battery life is good (not great). And thats probably because its a 17inch screen. I get about 6-7 hours on screen time, running RuneScape and browsing. Thats pretty good. If I were just browsing, it would easily be 8+ hours. Very impressive.\", \"This laptop is pretty insane. Setup took a little bit and there are quite a few updates you need to install before you get going. But, so far, this things just multitask so effortlessly with no hiccups. The processor, for me anyway, doesnt run at its base speed, but in fact around 2.4ghz average. I havent actually thrown any intensive task at it but 16 threads at 2.4ghz with amazing IPC is still very impressive. I will continue to update as I know more.\"", "is_Helpful": "6 people found this helpful"}, {"reviewerName": "Qu Zheng", "reviewerUrl": "N/A", "rating": "5.0 out of 5 stars", "reviewTitle": "        , LOVE IT,   ", "reviewDate": "May 13, 2020", "reviewText": "  I cannot ask for more at this price!", "is_Helpful": "One person found this helpful"}, {"reviewerName": "joshua", "reviewerUrl": "https://www.amazon.com/gp/profile/amzn1.account.AGRW27FT534YR5IUK6QGRW5LTXDQ/ref=cm_cr_arp_d_gw_btm?ie=UTF8", "rating": "5.0 out of 5 stars", "reviewTitle": "$999 perfection.", "reviewDate": "May 11, 2020", "reviewText": "\"  Good value. Display cut some corners but totally fine for gaming. I normally play on a 144hz 3ms display and prefer that over this display BUT Im not afraid to play competitive modes using the A17s display. Dont sleep on this laptop - its too good of a value.\"", "is_Helpful": "6 people found this helpful"}, {"reviewerName": "Dawn", "reviewerUrl": "https://www.amazon.com/gp/profile/amzn1.account.AHQL7VDYH52HG5IB33TK3G4NZHQA/ref=cm_cr_getr_d_gw_btm?ie=UTF8", "rating": "5.0 out of 5 stars", "reviewTitle": "Runs Great Very fast", "reviewDate": "May 7, 2020", "reviewText": "  I am loving it so far.  Boots up fast and runs apps without any issues or lag.", "is_Helpful": "4 people found this helpful"}, {"reviewerName": "RestlessRaphael", "reviewerUrl": "https://www.amazon.com/gp/profile/amzn1.account.AFGINYGW5RWUHQFLY2IF2OA7GM6Q/ref=cm_cr_arp_d_gw_btm?ie=UTF8", "rating": "5.0 out of 5 stars", "reviewTitle": "Great Laptop", "reviewDate": "May 7, 2020", "reviewText": "  I have yet to see a review for the 120hz, 17.3\" screen, so i figured i would provide one. It comes as advertised with a few extras. I have only had this laptop for about 24 hours now, so take this review as you will. Out of the box, i decided to add another M.2 drive i had. The advertised pop-open screw did help, but it was still a pain to get a tool in the space to pop open the rest. After checking the box, i found it also came with a 2.5in SSD adapter with the motherboard flat cable (not sure what its called). It also came with 4 mounting screws. While it appears you can attach a 2.5\" to the motherboard, i could not find space for it to mount and have the bottom sealed again (perhaps a bit more research). The Ryzen 7 4800H processor is blazing fast comparative to my previous i7. The AC wifi has been consistent and pulling/pushing incredible speeds. I was able to dowload and install about a 1/2 TB worth of software, simultaneously, within about 90 to 120 min. This model does come with the ROG Amoury Crate software where you can manage profiles for your games. I found the fan noise is slightly better than that of my previous generation A17 TUF Gaming laptop. I find the adaptive sync screen is actually not as bad as everyone is saying. Amoury Crate profiles help to adjust your color balance and screen brightness quite well (i have yet to test games, but will within the next 24 hours). I have also ordered a DP to USB-C adapater, so i will let you know of VR compatability as well (Oculus Rift S). The sound is a bit better than previous generations as well, though still not great. As with the 15.6\" models, it also came with DTS Sound Unbound which works spectacular with my Bose QC35 headphones. Hope this was helpful to those considering this laptop. So far, i am extremely impressed and glad i waited for it. Best bang for buck as well!, EDIT: Alright, so after a few days with the laptop, as well as gaming with it, i find this laptop to be quite excellent for the price. The DP to USB-C adapter DOES work seamlessly with the Oculus Rift S headset. (Oculus software says computer doesnt meet specs, but i found that its due to a non-intel processor and all games work fine.) I have played The Forest (VR), Rust, Beat Saber (VR) and Half Life: Alyx (VR) so far flawlessly. Rust, as you know, does take a bit of tweaking to get just right, but i experienced no frame drops and seamless execution of scenes throughout all of the games. The fan did not spin up to max and stay there the whole time as other people have said before. It does spike when it needs to but noise is manageable. Overall, great product and extremely satisfied.", "is_Helpful": "40 people found this helpful"}, {"reviewerName": "ConcreteGuy", "reviewerUrl": "https://www.amazon.com/gp/profile/amzn1.account.AFN2EYFNRWHQSOM4EP5HODNYJHYQ/ref=cm_cr_arp_d_gw_btm?ie=UTF8", "rating": "1.0 out of 5 stars", "reviewTitle": "\"No support so far, hard to read documentation, cant boot from USB\"", "reviewDate": "May 5, 2020", "reviewText": "\"  I downloaded the manual from the ASUS website.  Its not detailed enough for me and the screenshots on some of the pages are very difficult to read.  I also cant find any advanced technical documentation.\", \"I did a Windows system image and a DVD repair disk as well as a USB recovery flash drive.  Unfortunately the system as delivered doesnt have any options to boot from either and Im unable to find any documentation at ASUS.  I also want to be able to boot from a Linux image on a USB flash drive but thats also on hold.\", I already had an ASUS account so it was easy to submit a ticket several days ago - so far - nothing back.", "is_Helpful": "16 people found this helpful"}], "qAndA": [{"question": "Env\u00edos a Puerto Rico", "answer": "Answer not available"}, {"question": "The description says it has a 1650 graphics card. The option to choose says you can get a 1660 ti card. Which card does it come with?", "answer": "This model comes with an NVIDIA GeForce GTX 1650 4 GB GDDR6."}, {"question": "I ordered this april 9th with a delivery date of 5/29 & no response from the seller. all i get from amazon is shipping delayed. when will it ship?", "answer": "Answer not available"}, {"question": "good product", "answer": "ok product - has blanked out only twice on me"}, {"question": "What is the best gaming capture card that would work with this laptop? I would like to stream Nintendo Switch gameplay", "answer": "Answer not available"}, {"question": "Is there a huge difference from a asus tuf with amd ryzen 7 3750h with gtx 1650....compaired to the asus tuf with amd ryzen 7 4800h with gtx 1660ti.", "answer": "Between the 3750H and the 4800H you will get the same performance. I mean, of course the 4800H is better, but in FPS the 4800H will not provide more frames because the 3750H is a good CPU. About graphic cards, 1660TI will have better performance than 1650; so, more frames and graphics. But I suggest you an Asus with a \u2026 see more"}, {"question": "Can this laptop work without internal battery?", "answer": "No"}, {"question": "I saw on YouTube some dudes doing unboxing videos and they got a back pack with the laptop. How did they get the backpack?", "answer": "They delayed shipments because of Coronavirus. If you had pre ordered it they sent you a backpack to make up for it."}, {"question": "could anyone please provide the dimentions for this laptop? i can't seem to find any infrmation (even on Asus website)", "answer": "This model dimension is 15.7\" x 10.6\" x 1.0\"."}, {"question": "can someone recommend a compatible docking station so I can easily bring this from work to home and back daily? Thanks!", "answer": "Because of the nature of this Laptop and it's specs I dont think it is daily commute Laptop even if you use it for graphics I'd either left it at home or work place and take it with me on the weekends.\n\nIf any you can get a cooler for gaming and you might get the connection you need there."}, {"question": "Is this amd cpu 4 or 8 cores?", "answer": "The 4800H is an 8 core 16 thread 45 watt behemoth"}, {"question": "Can I hook this up to my 30 inch monitor with an hdmi", "answer": "yes"}, {"question": "What is the charger voltage?", "answer": "The charger voltage is 100~240V."}, {"question": "can you turn off the backlit keyboard or change the colors of the keys?", "answer": "Yes, you can program with many many options."}, {"question": "Does this have a fingerprint scanner (for Windows Hello)?", "answer": "Mine does not nor can I use one as with the work I do as a heavy equipment repair tech my fingertips are always different, might not recognize me. All in all this is a great PC u can get a thumb print scanner attachment with software fairly cheap that can be as simple as plugging in USB. Mine also didn't have touchscre\u2026 see more"}, {"question": "The laptop is supposed to release with windows 10 pro according to asus. why does yours say windows 10 home?", "answer": "Answer not available"}, {"question": "any Flash memory?", "answer": "Unfortunately, No SD card slot if you mean flash memory."}, {"question": "Can the asus tuf a17 run resident evil 3 on high settings with 60 fps without any issues? thanks!", "answer": "Yes it will ran but not sure on high. The 1660ti isn't so powerful. I'll say if you have few bucks get the 2060 model."}, {"question": "Any idea what brand ram will be going into this build? and is it really 3200 mhz?", "answer": "Answer not available"}, {"question": "i was told this laptop has Non-Glare screen that is good for the eys. Is this correct?", "answer": "Yes, that's correct. This model comes with an anti-glare screen."}, {"question": "Anyone have any success getting an oculus quest 2 to work on this? if so, how. we cannot get it to work.", "answer": "Answer not available"}, {"question": "Is this one the Fortress Grey version? Hopefully?", "answer": "Yes, this model color is Fortress Grey."}, {"question": "Whats the response time on the display?? How much ms??", "answer": "Response time is bad. I think 20 ms but barely noticeable irl"}, {"question": "What resolution webcam does this laptop have?", "answer": "Answer not available"}, {"question": "Is the 16gb ram 1 or 2 sticks?", "answer": "I gues it depends on which store/seller you got the laptop from. I got mine directly from Amazon and it's 2 pieces of 8GB RAM"}, {"question": "With the right cable adaptor, can this computer support 3 additional displays? online, the gtx1660 is alleged to be capable of this.", "answer": "Contact ASUS support. Laptop manufacturers customize GPUs to their requirements; this includes removing features or lower the specs that are standard on the GPU. For example, Dell limited Ryzen Vega graphics on their 2020 Inspiron laptop's to only support 1080p video output, despite Vega's capability to support multip\u2026 see more"}, {"question": "What is the manufacturer warranty on this?", "answer": "When bought new this model comes with a standard one year warranty."}, {"question": "What's the response time and color accuracy of the 120hz panel?", "answer": "Answer not available"}, {"question": "Does this have a pcie gen4 motherboard?", "answer": "Answer not available"}, {"question": "What is the gpu porr for external monitor?", "answer": "HDMI..."}, {"question": "Does this have Bluetooth???", "answer": "Yes, this model comes with Bluetooth 5.0."}, {"question": "How many so-dimm ram modules does come with? 1 x 16 gb or 2 x 8gb?", "answer": "Answer not available"}, {"question": "Why do they keep moving the release date? Do i need to get a refund?", "answer": "Answer not available"}, {"question": "Is this a Quad Core or an 8 Core laptop?", "answer": "This is an 8 core processor with 16 threads (Processing pipe lines) it is also variable speed so the power consumption goes from 34-54 watts. It is very fast and steps up as processing power is needed. the core frequency goes from 2.9 to 4.2Ghz. if your doing just office work you get long battery life if you do gaming\u2026 see more"}, {"question": "return policy?", "answer": "Answer not available"}, {"question": "A,s,d&w keys brighter (in amages) than other keys. can these keys be adjusted to same brightness as the others?", "answer": "They are the same brightness, they are just clear keys and appear brighter letting more light out. You can not adjust brightness per key. Not an issue for me I am rarely in a dark place, and usually have my fingers covering half of the keys anyways. You can change the colour; I changed mine to Red, you can adjust the \u2026 see more"}, {"question": "Pictures show both the fortress gray and bonfire black chassis colors - which color is this listing for?", "answer": "This model comes with Fortress Gray."}, {"question": "Is it possible to install Linux as dual boot on this machine?", "answer": "I dont see why not they got windows simulators for all the versions made like vista, win 95 just a matter of figuring out how to do it"}, {"question": "Does the product come with international/global warranty? I am purchasing it in the US, if it matters.", "answer": "ASUS has a 1 year international warranty. You will want to register it on ASUS's site when you get the model"}, {"question": "is there an rtx variant in 17\" ?", "answer": "Answer not available"}, {"question": "how many hdmi ports are there?", "answer": "This model comes with one HDMI port."}, {"question": "Does the laptop have some type of warranty?", "answer": "When bought new this model comes with a standard one year manufacture warranty."}, {"question": "does this have the thunderbolt 3 and hdmi out?", "answer": "No thunderbolt 3, but it does have an HDMI out"}, {"question": "Does this have pcie gen4 motherboard?", "answer": "No it uses PCIE 3.0 you have 8 lanes for your GPU and I believe upto 4 per NVME slot."}, {"question": "What is the audio power on this?", "answer": "My daughter is using this laptop. The audio power use the same power with the laptop."}, {"question": "is the display a touch screen?", "answer": "No. It is a matte regular screen."}, {"question": "Can this device be dual-booted with Windows and Linux?", "answer": "Yes, this device can be dual-booted with Windows and Linux."}, {"question": "How difficult is it to replace the battery? my last asus laptop required component removal and lifting the keyboard to get to the battery.", "answer": "It's very easy, I removed the back of the laptop."}, {"question": "I need an additional long power cord adaptor, Can you send me the exact one to look up and buy on Amazon?", "answer": "Please reach out to our support team here: https://www.asus.com/support/callus"}, {"question": "When will this laptop be back in stock?", "answer": "It may take some time as the CPU is currently undergoing major shortages."}, {"question": "How many sticks of ram is the 16gb version? 1-16gb or 2-8gb? make it 1-16gb and i'll buy it! tell us the ram name and number so we can upgrade it!", "answer": "This comes with two slots installed with 8GB each. Please reach out to our support team and they will provide as much information as they can as we do not assist with upgrades."}, {"question": "Can the graphics card be changed?", "answer": "The Graphics card cannot be changed."}, {"question": "How fast is the nvme drive/bus (gen 3 or 4)? i would like to add more storage for video editing and i don't want to slow the system down.", "answer": "Default on is an Intel (in mine at least), about 1600 read (gen 3). I added a second Gen3 that does 3400, which is what I'd suggest for video editing."}, {"question": "How is it for art?", "answer": "good"}, {"question": "What chargering cables does this have i always buy a spare for travel???", "answer": "AC Adapter,\ninput 100-240v ~50-60Hz 2.0a,\noutput 20.0v = 7.5a, 150. W \u2026 see more"}, {"question": "why has this increased $100 from yesterday??", "answer": "Answer not available"}, {"question": "can you upgrade to a nvidia\u00ae geforce rtx\u2122 2060 6gb gddr6 vram (boost clock: 1298mhz, 65w) with th labtop? it comes from the rog-zephyrus-g15 model", "answer": "Answer not available"}, {"question": "Anyone know how to boot from usb on the tuf706? i read several articles but the bios options on the articles are different than the bios of tuf706.", "answer": "Answer not available"}, {"question": "What is tha maximum ram of this model?", "answer": "The maximum amount of RAM that you can install is 64GB, to maintain maximum performance of the CPU make sure that you purchase a 3200mhz kit, such kits can be found for as little as $200."}, {"question": "Which color is this, fortress grey, or bonfire black? i dont see a way to choose the color i want.", "answer": "Fortress Grey"}, {"question": "Why is the price constantly spiking and vendor changing, now cuk is incharge of all sales when xoticPc was on board?", "answer": "Supply demand. Supply is limited apparently"}, {"question": "Hi, does this laptop have a camera?", "answer": "Yes, this model comes with a CMOS 1280x720 camera."}, {"question": "I do a lot of cod gaming. And lookin to use to video edit and live stream. Would this handle the work load?", "answer": "I didnt like how it handled PUBG if that helps"}, {"question": "Why on earth is this wi-fi 5? wi-fi 6 was released last year. does asus know what year it is?", "answer": "They intend to ship that with their Intel variant of these laptops, if you desire to upgrade, you merely need to spend ~$40 on a new wifi card for your system."}, {"question": "Is the 1660 Ti attached to the board or is there a chance to upgrade this later? What the differ betweent this and the 2060?", "answer": "Get a 2060 if you need better frame rates else sticco to the 1660ti. It's ok."}, {"question": "What are the nits on the monitor and benchmark for this cpu please? thermal or fan issues you think?", "answer": "Answer not available"}, {"question": "Stylus compatible?", "answer": "No, this model is not stylus compatible."}, {"question": "How many frames for gta5?", "answer": "60"}, {"question": "I want to buy this laptop but with the 48whr battery. how can i be sure i order the correct model?", "answer": "All the laptops in this listing are for the 90 Whr versions unfortunately I cannot find 48Whr version on Amazon (or some other US e-tailers for that matter). Which is interesting and understandable as the 90 Whr model generally speaking has been selected for the US market and mostly just the US market, and to most of t\u2026 see more"}, {"question": "What is the actual wait time of this laptop?", "answer": "This depends on which seller you choose to go with, how much you are willing to spend, and your luck. Why is this the case? Covid's demand increase for home, work , and school, and manufacturing hindrances, and AMD's gross underestimation for how popular the CPU would be. AMD did not order enough of them from TSMC and \u2026 see more"}, {"question": "Can you upgrade the 17.3\" a17 (4800h) to wifi 6 down the road by installing a new card and if so, does the bios only permit certain cards?", "answer": "You should will be able to upgrade down the line (unless they soldered it on...)."}, {"question": "can you turn off the wi fi and blue tooth? Prefer no wi fi radiation and only ethernet connection.", "answer": "Yes, you can turn off the wi-fi and Bluetooth."}, {"question": "Confused on what the video is large description says gtx 1650 but also shows this for $999.99 & free returns style: 512gb ssd + 1tb h gtx 1660 ti?", "answer": "1 GB ssd hard drive ,1660 ti,ryzen7 4800h. I think it is sold in 2 versions. This is the premium version."}, {"question": "The model tuf706iu-as76 , which kind of nvme dose it have ? m.2 or ssd? i want to buy this model with the upgrades directly", "answer": "This model comes with an NVME M.2 SSD."}, {"question": "Your website mentions that for $99 you will sell a unit hand selected from the top 20% to have less backlight bleed. Will this unit be in the low 80%?", "answer": "Answer not available"}, {"question": "Are both nvme slots gen4 x4 for the faster gen4 ssd sticks?", "answer": "Answer not available"}, {"question": "Is the a17 raid capable? bios lists raid as an option, but there's no info in manual, asus faq, etc. nada!", "answer": "Answer not available"}, {"question": "Hi, I pre-ordered this a few days ago when the original release date was April 10th. Can you explain why the delay was pushed back?", "answer": "I am pretty sure this is ASUS + Amazon's method of going: \"Oh stink!!! These laptops are selling wayyyyy to fast! Delay them till we can get more shipments in!\""}, {"question": "Does this laptop have a dvd player", "answer": "No DVD player."}, {"question": "amd ryzen 7 4800h is a quad core?! I dont think so", "answer": "Answer not available"}, {"question": "I would use this for picture & 4k/60 raw video editing, anyone know if the monitor will be adjustable for the most accurate colors? thx!", "answer": "The display is the primary week point of this laptop, though you can change it out for a far better display for $50 to $150 (I have not done as much research on 17.3\" displays)"}, {"question": "What brand is the 1tb pcie nvme m.2 ssd?", "answer": "Answer not available"}, {"question": "does it come with a type c port (support dp alt mode)?", "answer": "Mine came with one C port."}, {"question": "Is there a way to get the black version?", "answer": "There is a Black version I got in the 15.6\" screen version from Microcenter. it is the ASUS TUF Gaming A15 FA506IU-MS73 model. It only has 1 8GB memory module instead of 2. but upgrade to another 1 module should be less than $40.00."}, {"question": "I under this is a pre-order set to release April 20th but it said est shipping would not be till may 28th why so far out?", "answer": "Answer not available"}, {"question": "Why on earth does this have the obsolete wi-fi 5? is the wi-fi card at least upgradeable?", "answer": "Yeah it\u2019s messed up but you can upgrade it. I got a intel ax200 chip to upgrade. The slot is under the main add slot"}, {"question": "How can i upgrade my wifi 5 chip to a stronger one. wifi is slower than my iphone. what kind of model,will i lose my warranty if i open it to upgrade?", "answer": "Answer not available"}, {"question": "HDMI 1.4 or 2.0?", "answer": "2.0"}, {"question": "Does the laptop come with a backpack?", "answer": "No, the backpack is sold separately."}], "time": ["09/04/2021 17:00:12"], "reviewsCountInfo": {"expRevCount": 78, "actRevCount": 78, "nonEnglishRevCount": 4}, "scrapperInfo": {"Version": "1.3.2", "Released Date": "08/04/2021"}, "productURL": "https://www.amazon.com/gp/product/B0863DFMV7", "ASIN": "B0863DFMV7", "title": "ASUS TUF Gaming A17 Gaming Laptop, 17.3\u201d 120Hz FHD IPS-Type, AMD Ryzen 7 4800H, GeForce GTX 1660 Ti, 16GB DDR4, 1TB PCIe SSD, 90WHr Battery, RGB Backlit KB, Windows 10 Home, TUF706IU-AS76", "manufacturer": " ASUS Store", "currentPrice": "", "rating": "4.7", "totalRatings": "287 "}