{"features": ["17.3\" FHD (1920x1080), 300Hz 3ms, IPS-Level NVIDIA GeForce RTX 2080 Super Max-Q 8G GDDR6", "Core i7-10750H 2.6 - 5.0GHz Intel Wi-Fi 6 AX201(2*2 ax)", "512GB NVMe SSD 32GB (16G*2) DDR4 2666MHz 2 Sockets; Max Memory 64GB", "Thunderbolt 3*1; USB-C Gen2 *1 USB 3.2 Gen1 *3 Steel Series per-Key RGB with Anti-Ghost key (84 Key) 720p HD Webcam", "Win 10 PRO Dynaudio Speakers 2W*2 4 cell (82Whr) Li-Polymer 230W Slim"], "reviewsAspects": [], "productInformation": [{"\nASIN\n": "\nB086FDQ4NL\n", "Customer Reviews": "\n\n\n\n\n\n\n4.5 out of 5 stars\n\n\n\n\n\n\n\n\n125 ratings\n\n\n\n\n\n\n4.5 out of 5 stars\n", "\nBest Sellers Rank\n": "\n\n#9,278 in Computers & Accessories (See Top 100 in Computers & Accessories)\n\n#1,242 in Traditional Laptop Computers\n\n\n", "\nDate First Available\n": "\nApril 2, 2020\n"}], "productDescription": "\nCooling Battery Hi-Res Audio Thunderbolt", "reviews": [{"reviewerName": "Kevin R.", "reviewerUrl": "https://www.amazon.com/gp/profile/amzn1.account.AHWOBV4CPD3JCDUXKHUJPWR7QCJQ/ref=cm_cr_getr_d_gw_btm?ie=UTF8", "rating": "5.0 out of 5 stars", "reviewTitle": "Slim and beautiful", "reviewDate": "March 31, 2021", "reviewText": "  Okay to start off, I came from a GL75 leopard., This laptop is thin, has a beautiful 300hz screen, \"It is faster packs more power and I absolutely love how it looks. Out of the box I didnt see any scratches dents or anything it looked great, I took the backplate off to add some more memory I was assuming it would have 2 nvme slots and 1 sata slot.. it only had 1 of each bad research on my part. Also the details list I having a 2070 super but is actually a 2070 super max q.\", When I opened it up it was missing the shielded plastic that goes over the board so if you have the back plate on if you look through the grill you see the exposed board., Besides that I paid $1500 for this laptop I think the value for what I got is great, runs cyberpunk on high to ultra at temps around 74\u00b0 with 65frames, I would buy again", "is_Helpful": ""}, {"reviewerName": "Syed A.", "reviewerUrl": "https://www.amazon.com/gp/profile/amzn1.account.AEE4QUT2MB5HZ3YC2BF3GQKND7XA/ref=cm_cr_getr_d_gw_btm?ie=UTF8", "rating": "5.0 out of 5 stars", "reviewTitle": "WORTH FOR MONEY", "reviewDate": "March 26, 2021", "reviewText": "  EXCELLENT LAPTOP WITH FAST SPEED", "is_Helpful": ""}, {"reviewerName": "xan Michael", "reviewerUrl": "https://www.amazon.com/gp/profile/amzn1.account.AH2PRPENLCUI254DT474KZIZOI4A/ref=cm_cr_getr_d_gw_btm?ie=UTF8", "rating": "5.0 out of 5 stars", "reviewTitle": "Best Laptop for PC game", "reviewDate": "February 22, 2021", "reviewText": "  I have been playing Ark Survival on the ultimate setting on a private server., no issues so far, no screen tearing or what-not.", "is_Helpful": ""}, {"reviewerName": "William P Ossenfort Jr", "reviewerUrl": "https://www.amazon.com/gp/profile/amzn1.account.AE2BEKSH24FYHFDSZH2VRTZ6LQVA/ref=cm_cr_getr_d_gw_btm?ie=UTF8", "rating": "5.0 out of 5 stars", "reviewTitle": "Great Laptop", "reviewDate": "February 10, 2021", "reviewText": "  Much lighter  than expected. plenty of power and quite. Glad I made the purchase.", "is_Helpful": ""}, {"reviewerName": "Darluxia", "reviewerUrl": "https://www.amazon.com/gp/profile/amzn1.account.AGQ7CZT4JSBITYPBJCKCEHKAZEVA/ref=cm_cr_getr_d_gw_btm?ie=UTF8", "rating": "4.0 out of 5 stars", "reviewTitle": "Unworking mic over heating issue.", "reviewDate": "February 4, 2021", "reviewText": "  I like it quite a bit so far my only issues with it are that the mic does not work and that it overheats and kicks its fans on high gear when not even playing a game. I have had no crash issues with it so far and otherwise works fine.", "is_Helpful": ""}, {"reviewerName": "Huberto J.", "reviewerUrl": "https://www.amazon.com/gp/profile/amzn1.account.AEB66TS3A42MKVY2JXLAZVEHFJHA/ref=cm_cr_getr_d_gw_btm?ie=UTF8", "rating": "5.0 out of 5 stars", "reviewTitle": "Excelent option, the best in its range", "reviewDate": "January 28, 2021", "reviewText": "  I must congratulate MSI for this amazing laptop., I see that many complain about the sound of the fans but I think it is because they do not take the time to understand and manipulate them., The cooling system is exceptional, it is the first laptop on the market that does not require an external cooling system thanks to its powerful fans., Regarding performance I must say that it is incredibly powerful since I can play on a 49 \"ultra wide monitor at 28-30 fps Read Dead Redemption, GTA V at 40 in ultra resolution with RTX active., On its integrated monitor, any game runs at more than 48 fps in ULTRA., It is an excellent computer.", "is_Helpful": ""}, {"reviewerName": "fahad2008", "reviewerUrl": "https://www.amazon.com/gp/profile/amzn1.account.AGYVX45G7XCO6K5DGJ4KCJCHWVKQ/ref=cm_cr_getr_d_gw_btm?ie=UTF8", "rating": "5.0 out of 5 stars", "reviewTitle": "Best laptop", "reviewDate": "January 16, 2021", "reviewText": "  Very good product", "is_Helpful": ""}, {"reviewerName": "Johann Venter", "reviewerUrl": "https://www.amazon.com/gp/profile/amzn1.account.AHVA66CU5K7PP2U3PF5CSVO4XLMQ/ref=cm_cr_getr_d_gw_btm?ie=UTF8", "rating": "5.0 out of 5 stars", "reviewTitle": "Thin and fast", "reviewDate": "January 15, 2021", "reviewText": "\"  Its thin and fast at the same time. I bought it for software development purposes and this laptop does not disappoint.\"", "is_Helpful": ""}, {"reviewerName": "Amazon Customer", "reviewerUrl": "https://www.amazon.com/gp/profile/amzn1.account.AHJJE4QBCGXSWFC46KSH7GOW3UUA/ref=cm_cr_getr_d_gw_btm?ie=UTF8", "rating": "4.0 out of 5 stars", "reviewTitle": "Plenty of power", "reviewDate": "January 7, 2021", "reviewText": "  Overall great PC, Negatives, - Preinstalled programs, \"- Make sure youre not blocking the fans when playing\"", "is_Helpful": ""}, {"reviewerName": "Leonard Phelps", "reviewerUrl": "https://www.amazon.com/gp/profile/amzn1.account.AH2AF3YAL6BD6NYHQHZQ7CTS4HPA/ref=cm_cr_getr_d_gw_btm?ie=UTF8", "rating": "1.0 out of 5 stars", "reviewTitle": "Unexpected after 20 days of use.", "reviewDate": "January 1, 2021", "reviewText": "\"  Today the pc has completely shut down without cause to my knowledge. After hardly using it to playing skyrim on steam. The pc power off and wont turn on.\", I will change this once the issues has be resolved. But be warned. Otherwise this was a really amazing laptop.", "is_Helpful": ""}, {"reviewerName": "HappyGuy", "reviewerUrl": "https://www.amazon.com/gp/profile/amzn1.account.AEIXSPW74TDM3DQHBORV6M26SGCA/ref=cm_cr_getr_d_gw_btm?ie=UTF8", "rating": "4.0 out of 5 stars", "reviewTitle": "Great Laptop", "reviewDate": "December 23, 2020", "reviewText": "  This is a great gaming laptop but you need to put fans to max for good temps. Get a laptop cooler for better performance.", "is_Helpful": ""}, {"reviewerName": "kerriberry", "reviewerUrl": "https://www.amazon.com/gp/profile/amzn1.account.AE3AHR4GGMNYCPQZS52NR2UGRD4A/ref=cm_cr_arp_d_gw_btm?ie=UTF8", "rating": "5.0 out of 5 stars", "reviewTitle": "good refurbished labtop no issues", "reviewDate": "December 13, 2020", "reviewText": "  pros- no screen bleed at all in this monitor u see reflections in pic nothin else.\"took shot in day light\", temps modern warzon i sat at like 85ish i saw once a 95 but only 1 for a sec n then never again. 240hz screen is very buttery smooth. battery life is good but i use it for gaming so its mostly plugged in at my office., perfect box w all items no sceatches.blemishes nothin im happy finally., cons- keyboard rgb sometimes in games switches w out u knowing, i cant figure out the fan button if there even is 1.... the lower model gl had buttons for this specifically., 512gb memory come on guys 1tb is bar min.... idk u tryin to charge so much gah., no gysnc but in msi app center u can switch between motherboard gpu n nvidia...., lil much on software instantly uninstalled norton. and random junk but not enough to piss me off....", "is_Helpful": ""}, {"reviewerName": "yunon zavulonov", "reviewerUrl": "https://www.amazon.com/gp/profile/amzn1.account.AFWDBB4XDIDPLXZTEVKKKXXH66EA/ref=cm_cr_getr_d_gw_btm?ie=UTF8", "rating": "5.0 out of 5 stars", "reviewTitle": "a great \"tossing game laptop\"", "reviewDate": "December 6, 2020", "reviewText": "  guys i was \"tossing the salad\" aka ramming omg this laptop is awesome works crazy fast speed of light moves windows to window definately if u want to get \"eaten\" this is the way to go its like \"motor boating\" experience definately higly recommended through 5 sticks already", "is_Helpful": ""}, {"reviewerName": "\"Adam OBara\"", "reviewerUrl": "https://www.amazon.com/gp/profile/amzn1.account.AHBZAON6NY7O7FJCEXHE4WVBCFRQ/ref=cm_cr_getr_d_gw_btm?ie=UTF8", "rating": "2.0 out of 5 stars", "reviewTitle": "Lags & Uncontrolable Mouse Pad", "reviewDate": "December 1, 2020", "reviewText": "\"  This computer, almost right out of the box, lags to the point you almost cant use it...  for no reason, I can be typing and the computer freezes/delays for more than 5 seconds before the typing begins again.  The mouse does it too..  it happens constantly!!  The 32GB memory and CPU are hardly being touch and this still happens...  Also, the mouse pad drives me crazy..  the position makes it so unnatural that I find myself grabbing and dragging everything across the screen when just trying to move the mouse.  This has even caused me to copy/move tons of files into directories by accident!!  Id return it if I can but that window closed when I thought it would be ok..  this is my first MSI computer and will most likely be my last\"", "is_Helpful": ""}, {"reviewerName": "mimic", "reviewerUrl": "https://www.amazon.com/gp/profile/amzn1.account.AEWPC2OQBR3YT27TWTKV3VUKJZ2Q/ref=cm_cr_getr_d_gw_btm?ie=UTF8", "rating": "5.0 out of 5 stars", "reviewTitle": "Great, Excellent, Powerful", "reviewDate": "November 15, 2020", "reviewText": "  Aside speakers and webcam everything is great. Absolutely beast...", "is_Helpful": ""}, {"reviewerName": "Safoora", "reviewerUrl": "https://www.amazon.com/gp/profile/amzn1.account.AEE4XEL766EXDGFHP2X6BTU56BSA/ref=cm_cr_getr_d_gw_btm?ie=UTF8", "rating": "5.0 out of 5 stars", "reviewTitle": "Good buy", "reviewDate": "November 13, 2020", "reviewText": "  Excellent", "is_Helpful": ""}, {"reviewerName": "G Campbell", "reviewerUrl": "https://www.amazon.com/gp/profile/amzn1.account.AEGJBI3H32JMWDRO2YYKOG7KJXZA/ref=cm_cr_getr_d_gw_btm?ie=UTF8", "rating": "3.0 out of 5 stars", "reviewTitle": "HOT, Noisy and rubbish sound", "reviewDate": "October 27, 2020", "reviewText": "  Had an MSI GL73 8RC-032 i7-8750H, perfectly acceptable sound, 20-40% level was fine when working. THIS is like a no-name brand $5 pair of speakers you got with an old desktop 20 years ago. On 100% - Just audible., Heating (NOT cooling) - Works great to keep you warm in winter. If you live in a hot climate - it needs an air conditioned table. 80c when running Firefox. Fans are LOUD and work full-time., \"Silly Gold hinges and a different keyboard layout to the GL73. Hard to hit the spacebar with the right thumb as a duplicate backslash key has been added - Why?\", Unimpressive. Get a GL73 with the better speakers, better cooling and quiet fans.", "is_Helpful": ""}, {"reviewerName": "Paul J. Moore", "reviewerUrl": "https://www.amazon.com/gp/profile/amzn1.account.AF2JNN2UETEWA4ZGRZ7TKBKOGXKA/ref=cm_cr_arp_d_gw_btm?ie=UTF8", "rating": "5.0 out of 5 stars", "reviewTitle": "This machine gushes 3D CGI pixel processes!", "reviewDate": "October 20, 2020", "reviewText": "  I am a Unity developer with hundreds of computer graphics assets and shaders. The GPU on this beast just cranks out the render cycles like water pouring out of a bucket! I am in developer heaven. Add get you a cooling base. It is an inevitable need with the GPU cranking out the hits., This is a great and powerful machine. Best money I ever spent.", "is_Helpful": "One person found this helpful"}, {"reviewerName": "gmart", "reviewerUrl": "https://www.amazon.com/gp/profile/amzn1.account.AFMBS344RUBTOC524OJL7KEQH2VQ/ref=cm_cr_getr_d_gw_btm?ie=UTF8", "rating": "3.0 out of 5 stars", "reviewTitle": "form factor not at all suitable with 2080", "reviewDate": "October 4, 2020", "reviewText": "  dont know why someone would buy an rtx 2080 option in this model., i would at least tried \"raider\" model when trying to deal with an rtx 2080....it will be loud anyway, but temps should be better than inside this thing", "is_Helpful": ""}, {"reviewerName": "Samantha Hixon", "reviewerUrl": "https://www.amazon.com/gp/profile/amzn1.account.AGRPD2Q6DTDPJW6IFWYH3PYAKUQA/ref=cm_cr_getr_d_gw_btm?ie=UTF8", "rating": "5.0 out of 5 stars", "reviewTitle": "Speed", "reviewDate": "September 26, 2020", "reviewText": "  I am a designer and need a laptop for 3D, this laptop is great, it is so fast and can handle pretty much everything I throw at it, highly recommend it", "is_Helpful": ""}, {"reviewerName": "The Z Man", "reviewerUrl": "https://www.amazon.com/gp/profile/amzn1.account.AHKNR73NPJC3YHSPDUNP4P75AITA/ref=cm_cr_arp_d_gw_btm?ie=UTF8", "rating": "1.0 out of 5 stars", "reviewTitle": "Nice Idea, good looking, serious overheating, endless RMA", "reviewDate": "September 16, 2020", "reviewText": "  Product is really pretty, Day one we noticed this laptop gets loud real fast from a fan prospective., The fans are so loud it drowns out the impressive built in speakers so headphone are required for any online PvP gaming., After 15 minutes of gaming the frame rate dropped to 5-10 FPS. Either the computer freezes or restarts after a few minutes of really low FPS., Games tried via Steam and all do not run for longer than 15 minutes, Borderlands 3, Assassins Creed Odyssey, 7 Days to Die, Conan Exiles, Minecraft does run for longer than 15 minutes before freezing, Solitaire never freezes, During the last support call the laptop got so hot that you could not touch the keyboard/top speaker area, laptop shut down and would not turn on, even after an hour., The slim form factor is really nice but comes at a cost, heat and fan noise., MSI RMA is Easy, \"MSIs  turnaround time was quick however the replacement motherboard ended up been DOA. Now back at MSI for diagnosis.\", \"Ended up paying for shipping the device back to them twice, not a big cost as Im not far from their CA location, east coast owners may see higher shipping costs.\", MSI RMA is now really sad, Received the Laptop with loose keys, W key non functional, bent metal casing \"from repairs\" and a 1/4 x 3 dead \"black\" led strip on the screen, shipping box showed no signs damage. As the last support case, pre paid shipping was promised but never sent. At this point after so many people have opened it and has spent more time in repairs than been used, I\\m expecting better options., \"MSI RMA is now one of the worst Ive ever seen.\", When receiving the laptop back after the 3rd time, Windows had no permissions to download files, install games or applications. Could not even set to default MSI settings with their phone support. While working with a tech to restore the operating system, it got so hot you could not touch the power switch area, at this point the unit went into a loop in trying to \"post\". Back on the phone with tech support to RMA AGAIN. 4th time is the charm?, 4th RMA, So after a long conversation with MSI support they decided to replace the computer entirely, same profile but ended getting better cpu, video card and HDD. (GS75 Stealth 10SGS-027), Sadly even this simple swap they ended up getting wrong., Power supply plug was to big to fit into the laptop., going back for more support..., At this point we just want our money back as we have used it for 1 month and its been in for repairs going on 4 months so we are close to of 50% warrantee while the laptop is been repaired., Replacement Laptop issues., \"The new CORRECT plug power supply was shipped by MSI however it is a 180W power supply. Im reading that the 2080 GPUs need a 280W power supply.\", It seems the newer Stealth series now has some protection and updates via the Dragon application. The machine can run quieter BUT this will cost you performance BIG time. The silent mode is for web browsing and watching tv, the END., The replacement with a 2080 GPU was a \"refurbished\" computer and not net new, so no stickers and pretty box, just a computer. (for the guys this may be ok, my wife likes the bling), However the replacement computer sound was really \"tinny\", for comparison we tested games and music against a Dell Precision 7710 and against a Latitude E7410 (mostly music for the E7410) the MSI Stealth was BAD., connected a Logitech headset with USB dongle and sound was great., This implies that the MSI computer speakers are damaged or the sound card is faulty. (Updated the Realtek drivers \"MSI drivers\" and ensured the Nvidia drivers were not trying to override the sound card). The speakers are loud make no mistake but sound really bad., Opening up another support case with MSI...", "is_Helpful": "11 people found this helpful"}, {"reviewerName": "D", "reviewerUrl": "https://www.amazon.com/gp/profile/amzn1.account.AG7OC3K32ARUQA6S3FSFMEG5JQDA/ref=cm_cr_getr_d_gw_btm?ie=UTF8", "rating": "3.0 out of 5 stars", "reviewTitle": "Somehow ok. With number of cons ...", "reviewDate": "September 13, 2020", "reviewText": "  Nice looking, damn fast., Fans are weakest part. It sounds like 2 vacuums when I am only serfing on internet. When gaming I am wondering who is drilling my house. And I am using noise cancelling headphones..., Battery is questionable but I am not using it too often..., \"So its ok machine, but for 2k a little too many cons\"", "is_Helpful": ""}, {"reviewerName": "Jeffrey", "reviewerUrl": "https://www.amazon.com/gp/profile/amzn1.account.AESSC7KHTWRQKXEPZCTPLSFYQWVA/ref=cm_cr_getr_d_gw_btm?ie=UTF8", "rating": "1.0 out of 5 stars", "reviewTitle": "WiFi driver broken", "reviewDate": "August 29, 2020", "reviewText": "  WiFi driver did not work at all. I tried every possible troubleshooting solution out there but none worked. I believe my unit came with a faulty WiFi card or it was damaged in transit. I did not want to take it apart to check, instead I\u2019m gonna return it.", "is_Helpful": "One person found this helpful"}, {"reviewerName": "Mother Dear", "reviewerUrl": "https://www.amazon.com/gp/profile/amzn1.account.AE4XTMRV57ZPVF4CNNEGSY7YOESQ/ref=cm_cr_getr_d_gw_btm?ie=UTF8", "rating": "5.0 out of 5 stars", "reviewTitle": "Great computer!", "reviewDate": "August 27, 2020", "reviewText": "  Great for VR, content creation, game development, 3d modeling, and rendering videos., Performs very well!", "is_Helpful": "One person found this helpful"}, {"reviewerName": "Harold Scholten", "reviewerUrl": "https://www.amazon.com/gp/profile/amzn1.account.AESPD5I5M77PLZYMY6TGYWFDY3UQ/ref=cm_cr_getr_d_gw_btm?ie=UTF8", "rating": "3.0 out of 5 stars", "reviewTitle": "Fans are loud", "reviewDate": "July 24, 2020", "reviewText": "  I bought this laptop 2 weeks ago and it has been working great performance wise. The only downside to this laptop is the fact that the everything heats up rather quickly with minimum programs open causing the  noisy fans to start going. The noise after a period of time gets really annoying and I really wish it be quieter.", "is_Helpful": ""}, {"reviewerName": "ac", "reviewerUrl": "https://www.amazon.com/gp/profile/amzn1.account.AGCD3ZKIFEXGUR64PZTPHWOYRMZA/ref=cm_cr_arp_d_gw_btm?ie=UTF8", "rating": "5.0 out of 5 stars", "reviewTitle": "MSI great products", "reviewDate": "July 15, 2020", "reviewText": "  Is awesome MSI laptop awesome fast graphics. It the best MSI", "is_Helpful": "5 people found this helpful"}, {"reviewerName": "Madd Maxx", "reviewerUrl": "https://www.amazon.com/gp/profile/amzn1.account.AENNS2GJD4YHZWWD7DCSENS452WQ/ref=cm_cr_arp_d_gw_btm?ie=UTF8", "rating": "5.0 out of 5 stars", "reviewTitle": "Mobile Power", "reviewDate": "July 8, 2020", "reviewText": "  My 2nd MSI laptop in 2 years, the first was thrown and broken...this machine is very powerful and has excellent graphics. The new wifi 6 is extremely fast I was getting 561mb\\\\s down in the next room from the wifi router... absolutely insane wifi speed., \"The cheapness everyone talks about is there...it is an ultra light gaming laptop mostly constructed of plastic...the device will creak and flex a little but the overall quality is outstanding the 300hz monitor is ridiculously fast.  I dont regret my purchase and would recommend this device, if youre on the edge just pull the trigger you wont regret it.\", Update:, \"After a couple of weeks Im still moving this thing, under heavy load you will see thermal throttling on the cpu; however, it still performs fantastic! Buy it before they sell out.\"", "is_Helpful": "30 people found this helpful"}, {"reviewerName": "Mark U.", "reviewerUrl": "https://www.amazon.com/gp/profile/amzn1.account.AFBQQE5BYP77KQZTJKSZPFMROGVA/ref=cm_cr_getr_d_gw_btm?ie=UTF8", "rating": "1.0 out of 5 stars", "reviewTitle": "Not so expensive garbage", "reviewDate": "July 7, 2020", "reviewText": "  Stay away from this laptop. Here are the pros and cons to owning it:, Pros:, - screen looks nice, - decent graphics card, - thin and light, Cons:, - loud fan that drowns out built in speakers, - bad battery life, - no manual fan adjustment button, - poor speaker sound, - keyboard paint rubs off easily, - poor location and lack of usb ports, I\u2019ve only owned this laptop for a little over a month and I want to return it already. The heat issue was the main annoyance for me. I ran the FurMark benchmark for an hour without a cooling pad under it and it clocked in at around 72 degrees celsius (161.6 degrees fahrenheit). That\u2019s 4 degrees fahrenheight lower than the internal cooking temperature of chicken. Even with a cooling pad, that lowers it to 71 degrees celsius  (159.8 degrees fahrenheit). The hot spots are very noticable at the area when you put the plug in and the spot where the power button is located. The built-in fan is loud. I have to always use a headset or connect it to a bluetooth speaker to get better sound and to drown out the fan noise. Other MSi laptops had a manual button on the unit to adjust the fan settings without having to go into the system to change it. The laptop claims to be \u201dHi-Res Audio\u201d but you can only get that using a good headset or an external speaker. The built-in speakers sound terrible even compared to other MSi laptops I\u2019ve owned in the past. My cooling pad connects on the left side of the laptop and I wish there was a second usb port on that side because I\u2019m forced to plug in my mouse on the right side, which sticks out like a sore thumb. Being a 17inch screen, the battery drains fast when not plugged into the wall. Don\u2019t expect to do any gaming using just the battery because performance goes down a lot. You\u2019ll notice a big decline in framerates and things get really choppy. After a month of using this laptop, I noticed the paint rubbing off already. I used a previous laptop for over a year and used it quite a bit before I noticed the key\u2019s paint rub off. In essence, buyers beware!", "is_Helpful": "4 people found this helpful"}, {"reviewerName": "Billy Le", "reviewerUrl": "https://www.amazon.com/gp/profile/amzn1.account.AFJ4VR7QKDYKJK4NEFHZYCEIMAFQ/ref=cm_cr_arp_d_gw_btm?ie=UTF8", "rating": "5.0 out of 5 stars", "reviewTitle": "excellent Customer Support And gaming laptop", "reviewDate": "July 6, 2020", "reviewText": "  MSI GS75 Stealth 10SGS-027 17.3\" 300Hz 3ms Ultra Thin and Light Gaming Laptop Intel Core i9-10980HK RTX 2080 Super 32GB 1TB NVMe SSD Win10PRO VR Ready. Best laptop i ever invest.", "is_Helpful": "11 people found this helpful"}, {"reviewerName": "LED nut", "reviewerUrl": "https://www.amazon.com/gp/profile/amzn1.account.AGC2NCQWRVK5U4VQVYLOGKZCT36Q/ref=cm_cr_arp_d_gw_btm?ie=UTF8", "rating": "1.0 out of 5 stars", "reviewTitle": "Great company (Computer upgrade kings), serious heat issues (MSI problem).", "reviewDate": "June 18, 2020", "reviewText": "  I am glad that I bought it from CUK.  They were wonderful, and fast at returning the purchase price and shipping a different computer to me (10 stars for them)., \"This thing could never be used for even simple low graphic gaming.  Most gamers, like myself use 1 or 2 external monitors, keyboards, and mice.  There is no way to do this with this laptop.  It has heat issues when the cover is up, and is exacerbated when the lid is closed.  With it up, and not gaming just browsing the web,  I would reach temps of 88 celsius (190 faren.)  With it closed and browsing it would regularly reach 92c (197f).  Water boils at 212f.\", When I tried to run a medium sized game it would get up to 98c (208f), while I was idle.  It went as high as 102c (215f), but would mostly thermally shut down before that., \"Just as an FYI- I have a 5 fan cooling pad that was always set with all fans at 3300rpm.  This made for an extremely noisy environment.  I work IT.  I can only imagine what someone who didnt know would do for this.\", Again, buy from Computer Upgrade Kings, they are wonderful to work with.  Just choose a different brand (my new Asus is working wonderfully).", "is_Helpful": "21 people found this helpful"}, {"reviewerName": "Carol Hutchins", "reviewerUrl": "https://www.amazon.com/gp/profile/amzn1.account.AEBUZU22JA6NZZ4UQM4QW5HO5JMA/ref=cm_cr_arp_d_gw_btm?ie=UTF8", "rating": "5.0 out of 5 stars", "reviewTitle": "\"Most powerful laptop Ive ever used\"", "reviewDate": "May 19, 2020", "reviewText": "  I bought this computer mainly for business. I needed a good laptop for software development, CAD design, ect. It exceeded my wildest expectations of a laptop. I actually demoed a 6 thousand dollar lenovo workstation and this laptop just destroys them. The 300hz screen looks incredible. Even using excel looks so much better than any computer I have used. Yeah its pricey, but at that price tag you arent going to find a better computer. Even the most high end macbook on the market cant compete with MSI. 10/10 would buy 5 of them.", "is_Helpful": "21 people found this helpful"}, {"reviewerName": "Petey", "reviewerUrl": "https://www.amazon.com/gp/profile/amzn1.account.AGLJPGHI7M3NOERXKXQRO4PAJXMA/ref=cm_cr_arp_d_gw_btm?ie=UTF8", "rating": "4.0 out of 5 stars", "reviewTitle": "Powerful machine!", "reviewDate": "May 14, 2020", "reviewText": "\"  Got this laptop a few days and I absolutely love it!! It such a powerhouse and its a great replacement for a desktop if you dont have the desk space. Its definitely pricy but worth it. The only flaw I can say about is the speaker. The speaker is horrible. My Iphone speaker is more clearer! Other than that it was a great purchase! The 300hz screen is amazing, the color is stunning, and the quality is great.\"", "is_Helpful": "11 people found this helpful"}, {"reviewerName": "Hassaan Omar Malik", "reviewerUrl": "https://www.amazon.com/gp/profile/amzn1.account.AEKQ7DTR5TTIS5BL3U2VZ6U7455A/ref=cm_cr_getr_d_gw_btm?ie=UTF8", "rating": "1.0 out of 5 stars", "reviewTitle": "Remove \u201cin stock\u201d if its not available", "reviewDate": "May 13, 2020", "reviewText": "  placed my order when it said it was in stock, they held my money for around 2 weeks until i contacted them myself and they said it\u2019s not in stock, just wow. Kept more than 3000$ for nothing. and they said they\u2019re sorry :)", "is_Helpful": "16 people found this helpful"}, {"reviewerName": "Nikola Ghanty", "reviewerUrl": "https://www.amazon.com/gp/profile/amzn1.account.AFPLMRI7V6OSGHMW5GKSIGLOXUJQ/ref=cm_cr_getr_d_gw_btm?ie=UTF8", "rating": "4.0 out of 5 stars", "reviewTitle": "Absolute Powerhouse of a Notebook", "reviewDate": "May 9, 2020", "reviewText": "  I bought this notebook via a freight forwarder (due to amazon not being available in my country), and I have not regretted a thing buying this notebook., \"- There is some chassis flex, however there was not as much as I thought there would be (from looking at reviews on youtube). I am not sure if MSI reinforced the chassis a little bit but it really isnt that bad.\", - The 300hz screen on this notebook is beyond buttery smooth, however it does have some color banding (not too much though)., - The keyboard is tactile and feels quality (the texture on the key caps also feel pretty nice), - the trackpad is very smooth and nice to use (the slight flex on the chassis when using the notebook on your lap may make the trackpad feel a little awkward to use though., - The 2070 super max q this thing packs is an absolute beast, it handles games like a pro wrestler lifting up a 1 lb dumbbell., - The sleek design gives it a very nice look, and the gold trim around the lid complements the design., \"- The notebook doesnt get too hot around the keyboard or the palm rest area (however the bottom and the intake near the screen does get toasty).\", - The hi-res audio DAC allows for nice sound quality through the 3.5mm audio jacks, - The laptop is very light, allowing for much portability between places, * There is a questionable amount of chassis flex, however it was not as much as I thougt, * The trackpad can be accidentally clicked due to the larger size and the questionable positioning., * The edge between the side of the lid and the screen is sharp and I have gotten a papercut-like cut on my index finger, * The screen does flex a noticeable amount (about 5-10 degrees off the center point of the screen), * The battery life is slightly lackluster, it would be nice if MSI could put a 90+Wh battery in the notebook, * The speakers sound like you are listening to them through a tin can. (however the sound quality does improve a little after updating the drivers), * The audio jacks require a relatively large amount of force to plug in and unplug, \"* The screen doesnt shut all the way when carrying the notebook\"", "is_Helpful": "12 people found this helpful"}, {"reviewerName": "Jeffrey Miller", "reviewerUrl": "https://www.amazon.com/gp/profile/amzn1.account.AENCTPIAKSKJ46DLMRSEMKXUSWRA/ref=cm_cr_arp_d_gw_btm?ie=UTF8", "rating": "2.0 out of 5 stars", "reviewTitle": "Flimsy casing and screen - many other issues", "reviewDate": "May 6, 2020", "reviewText": "  I was so excited for this new laptop to replace my 5 year old MSI GE70.  This is one of the most expensive options out there and my expectations were high., Pros: I tested the new laptop for 48 hours including some intense games and the laptop performed well from a speed and video perspective.  The new i9 gen 10 is super quick for OS boot and 32GB of RAM is amazing., Cons:, \"- The case is very flimsy and creeks every time I pick the unit up. I do not expect so much flex that the laptop creeks from minimal holding.  The screen/lid also seem flimsy and I worry about the screen cracking.  Overall, I the build quality give me low confidence this laptop will survive what I put my GE70 through.  It might last, but, for this price, Im not willing to gamble.  Compared to the durability of my GE70, this laptop feels cheap.\", \"- Audio really lacks low end frequencies (bass).  If you use headphones or external speakers, cool...but, the chassis has a large soundbar on it and I dont see the point of paying for that if it sucks.\", - Fingerprints are ridiculous compared to other devices I have., - The trackpad is off center of the keyboard making it a bit awkward to find a comfortable palm position.", "is_Helpful": "67 people found this helpful"}, {"reviewerName": "henry", "reviewerUrl": "https://www.amazon.com/gp/profile/amzn1.account.AG4QJAPLM4YKVXJ5QPFTE3QIM7IA/ref=cm_cr_getr_d_gw_btm?ie=UTF8", "rating": "1.0 out of 5 stars", "reviewTitle": "Bad quality", "reviewDate": "May 2, 2020", "reviewText": "  When it comes out, I bought in Walmart, there is a pixel green spot in screen. Then I bought one more again in Amazon, the fan noise is so loud, but I never turn on any app.i also try to choose silent in dragon center, it can\u2019t help, So disappointed.", "is_Helpful": "23 people found this helpful"}, {"reviewerName": "AmazedCust", "reviewerUrl": "https://www.amazon.com/gp/profile/amzn1.account.AHPRDJIA6IN7PU44DTLPOHAKSV2A/ref=cm_cr_getr_d_gw_btm?ie=UTF8", "rating": "1.0 out of 5 stars", "reviewTitle": "Worst cheap plastic", "reviewDate": "April 27, 2020", "reviewText": "  Worst cheap plastic", "is_Helpful": "19 people found this helpful"}], "qAndA": [{"question": "Can expand to 64gb ram?", "answer": "Hello,\n\nYes, this system can support up to 64gb of RAM in a 2 x 32GB configuration."}, {"question": "Is this a 2080 super ? Or rtx 2080 super max q", "answer": "Answer not available"}, {"question": "How much ram?", "answer": "I got 32 but you can get up to 52"}, {"question": "Can the RAM and storage be easily upgraded?", "answer": "Ram no but storage yes"}, {"question": "Is the warranty international ? do you have arbic english keybored?", "answer": "Hello,\n\nMSI does have a 1 year international warranty. We do not have the option to change the physical keyboard layout."}, {"question": "How do i contact the seller via direct message for a response? it says here that \"ships from and sold by amazon.com\" unlike others \"sold by x\"", "answer": "from 30 days of purchase Amazom is the direct contact, after that MSI is the direct contact.\nFrom both sides you are in good hands."}, {"question": "How good is the webcam?", "answer": "720p so not the best but it gets the job done"}, {"question": "what ports does it have ?", "answer": "Answer not available"}, {"question": "Does it have more than the one SSD slot?", "answer": "Answer not available"}, {"question": "is it available with arabic-english layout?", "answer": "Answer not available"}, {"question": "Is it possible to upgrade the ssd capacity to 1t?", "answer": "You are able to upgrade that SSD on your own but we are not able to customize this model from Amazon beforehand."}, {"question": "compr\u00e9 el producto pero me lleg\u00f3 sin el cargador, que puedo hacer para no tener que reenviar producto ya que amazon solo cubre 25 usd de env\u00edo?", "answer": "Answer not available"}, {"question": "I have an hp thunderbolt dock 230w g2 w/ combo cable to compare. i can't find specs on the doc that comes with this. max res output and all. help?", "answer": "Answer not available"}, {"question": "How long does the battery last?", "answer": "Under heavy load the manufacturer advertises the battery life at around 2 hours, longer for less demanding tasks."}, {"question": "Is it possible to use secondary monitors at 140 Hz? I have a samsung 49 \"G9 ultrawide monitor", "answer": "Yes, it is. I have an extra screen hooked up to mine."}, {"question": "Is the graphics card 2070 super max q? Or just a plain 2070? Listing is confusing", "answer": "The Max-Q version of the card is in this machine."}, {"question": "Product GS75271 saya 17.3 in but also in details says 15.6 in. Which is it?", "answer": "the 10SGS-271 is a 17.3\" screen"}, {"question": "Is it supposed to come with an AC adapter/charger? Mine did not.", "answer": "It is supposed to come with a power adapter"}, {"question": "How heavy is the notebook by itself? When will the laptop be available?", "answer": "Answer not available"}, {"question": "does it have a web cam?", "answer": "Yes this does"}, {"question": "Why is this listed here on your amazon page and not on the xotic pc main website. would i be able to add grizzly thermal paste through amazon?", "answer": "You need to do it through them. Not amazon."}, {"question": "What kind of port does this computer have to connect to a external monitor and still maintain the ability to produce 300hz?", "answer": "Hello,\n\nThe thunderbolt 3 connection should be able to allow for that, as long as the external monitor is able to support the 300hz."}, {"question": "Does it have a microphone?", "answer": "Yes, this laptop comes with a 720p webcam and microphone"}, {"question": "What is the battery life?", "answer": "Answer not available"}, {"question": "Is usb type c a display output", "answer": "Thankfully, yes. I needed higher output than HDMI could offer so I looked into it. The usb-c port is also a certified thunderbolt be port, meaning you can use either a usb-c to dp or thunderbolt v3 to dp cable to interface."}, {"question": "How much the adobe rgb of the screen ?", "answer": "Answer not available"}, {"question": "Why is there no estimated delivery date for the item? I bought the item last Nov. 26, 2020 with global priority shipping. It has been a week.", "answer": "Hello,\n\nI would suggest contacting the seller via a direct message for a response."}, {"question": "Is there more than one SSD slot?", "answer": "Answer not available"}, {"question": "how is the case strength? I've seen reviews that it is flimsy", "answer": "I don't worry about it because I have a warranty for it. It's worth mentioning that the heat dissipation is not as good as I expected. It's portable, and the performance of the game is good. Overall, it's a good purchase as a lightweight gaming laptop. If I don't go out much, I'd still prefer to use this budget to buy \u2026 see more"}, {"question": "The product description says the graphics card is rtx 2070. the specs say rtx 2080. which is correct?", "answer": "The video card is RTX 2070 Super MAX-Q. You can take a look at the following MSI link.\n\nhttps://us.msi.com/Laptop/GS75-Stealth-10SX/Specification"}, {"question": "Details and product description do not match initial product details. Makes me leery of making a pre release purchase.", "answer": "Check specs on MSI website, that's what I did and I ended up buy it. Its amazing."}, {"question": "Are the hinge casings aluminum or plastic? They look like the rest of the metal trim, but reviews say different things.", "answer": "The hinge is a think plastic"}, {"question": "I see you say it is a full 2070 super but it clearly states it's the max q. even on msi website is shows the max q. will you refund if you're wrong?", "answer": "Answer not available"}, {"question": "When will this ship? >msi gs75 stealth 10sfs-028 17.3\" 300hz 3ms ultra thin and light gaming laptop intel core i9-10980hk rtx 2070 super 32gb 1tb nvme", "answer": "Answer not available"}, {"question": "Can this be charged through the thunderbolt port?", "answer": "Yes"}, {"question": "The one with rtx 2080 super, is it windows 32 bit or 64 bit?", "answer": "Answer not available"}, {"question": "Which material is chassis ?", "answer": "Hello,\n\nthe stealth line is an all aluminum chassis."}, {"question": "Can user upgrade RAM to 64gb?", "answer": "You can BUT this may void the warrantee as they have placed the warrantee label over one of the case screws."}, {"question": "Does this have the Thunderbolt 3?", "answer": "Yes this does"}, {"question": "Is it anti glare screen?", "answer": "Have had no glare on screen"}, {"question": "Why the Display Size 15.6 Inches and the laptop 17.3", "answer": "the display for the 10SGS-271 is 17.3.\nlook up the codes on MSI web site. prolly a typo on the amazon site"}, {"question": "No hard drive included?", "answer": "Small one"}, {"question": "do any of the new gs75 have a regular sata drive slot?", "answer": "Answer not available"}, {"question": "How many and what type of drives does it support?", "answer": "Hello,\n\nThis system has 2 SSD slots, one is an m.2 sata / NBVME and the second is a NVMe slot"}, {"question": "What is the graphics wattage?", "answer": "Answer not available"}, {"question": "In stock?", "answer": "Answer not available"}, {"question": "What is the case made of, aluminum or plastic?", "answer": "Hello,\n\nThis will be an aluminum case"}, {"question": "What is the voltage for the gpu? is it rtx 2070 super max-q 80 w or rtx 2070 super max-q 90 w?", "answer": "It's not a max Q at all, it's a full 2070 super"}, {"question": "As for the model 10sfs-035 with 2070 max-q, what are the frequency and watt values ?", "answer": "Answer not available"}, {"question": "How much ram I can upgrade?", "answer": "If I\u2019m not mistaken it can be expanded up to 32 gigs (16 in each bay) but the bays are on the keyboard side of the mother bored making it some what difficult to reach if you are planing on doing it yourself."}], "time": ["09/04/2021 18:56:40"], "reviewsCountInfo": {"expRevCount": 37, "actRevCount": 37, "nonEnglishRevCount": 2}, "scrapperInfo": {"Version": "1.3.2", "Released Date": "08/04/2021"}, "productURL": "https://www.amazon.com/gp/product/B086FDQ4NL", "ASIN": "B086FDQ4NL", "title": "MSI GS75 Stealth 10SGS-271 17.3\" 300Hz 3ms Ultra Thin and Light Gaming Laptop Intel Core i7-10750HK RTX 2080 Super 32GB 512GB NVMe SSD Win10PRO VR Ready", "manufacturer": " MSI Store", "currentPrice": "$2,399.00", "rating": "4.5", "totalRatings": "125 "}