{"features": ["10th Gen Intel Core i5-1035G1 Quad Core Processor 1.0 GHz (up to 3.9 GHz with Turbo Boost) / 12GB DDR4-2666 SDRAM / 512GB Solid State Drive (SSD)", "32GB Intel Optane Memory for storage acceleration / 15.6-inch Full HD IPS BrightView micro-edge WLED-backlit Touch Screen Display (1920 x 1080) / Intel UHD Graphics", "Audio by B&O with dual speakers; HP Audio Boost / Full-size island-style backlit, natural silver keyboard with numeric keypad / Accelerometer / HP Imagepad with multi-touch gesture support / Integrated 10/100/1000 Gigabit LAN Interface", "HP Wide Vision HD Camera with integrated dual array digital microphone / Intel Wi-Fi 6 AX 201 (2x2) and Bluetooth 5 Combo / 1 USB 3.1 Gen 1 Type-C (Data Transfer Only, 5 Gb/s signaling rate), 2 USB 3.1 Gen 1 Type-A (Data Transfer Only), 1 AC smart pin, 1 HDMI 1.4b / 1 headphone/microphone combo", "3-cell, 41 Wh. Li-ion Battery / 45 W Smart AC power adapter / Color: Mineral silver cover, natural silver base and keyboard frame / Windows 10 Home"], "reviewsAspects": ["battery life", "touch screen", "lightweight", "bought this computer", "love this laptop", "keyboard", "loud", "pad", "machine", "drive", "lightweight", "backlit", "keys", "laptops", "mouse", "solid", "upgrade"], "productInformation": [{"\nASIN\n": "\nB087SD98F4\n", "Customer Reviews": "\n\n\n\n\n\n\n4.6 out of 5 stars\n\n\n\n\n\n\n\n\n351 ratings\n\n\n\n\n\n\n4.6 out of 5 stars\n", "\nBest Sellers Rank\n": "\n\n#1,484 in Computers & Accessories (See Top 100 in Computers & Accessories)\n\n#168 in Traditional Laptop Computers\n\n\n", "\nDate First Available\n": "\nApril 28, 2020\n"}], "productDescription": "Product description\nCapacity:12GB RAM | 512GB SSD\nDesigned for long-lasting performance, this stylishly designed HP Pavilion 15-CS laptop has a long-lasting battery that keeps you connected, entertained, and productive all day. Speed through tasks, or sit back and socialize - with the 10th Gen Intel Core i5-1035G1 Quad Core Processor 1.0 GHz, 12GB DDR4-2666 SDRAM, 512GB SSD storage and 15.6-inch Full HD IPS BrightView micro-edge WLED-backlit touch screen display.\nResponsive and Reliable Performance\nA laptop with the power to surf, stream, and do so much more with the Intel Core i5-1035G1 Quad Core Processor 1.0 GHz and Intel UHD Graphics for storage acceleration.\nSpecifications:\n10th Gen Intel Core i5-1035G1 Quad Core Processor 1.0 GHz (up to 3.9 GHz with Turbo Boost)\n12GB DDR4-2666 SDRAM \n512GB Solid State Drive (SSD)\n32GB Intel Optane Memory for storage acceleration\n15.6-inch Full HD IPS BrightView micro-edge WLED-backlit Touch Screen Display (1920 x 1080)\nIntel UHD Graphics\nAudio by B&O with dual speakers; HP Audio Boost\nFull-size island-style backlit, natural silver keyboard with numeric keypad\nAccelerometer\nHP Imagepad with multi-touch gesture support\nIntegrated 10/100/1000 Gigabit LAN Interface\nHP Wide Vision HD Camera with integrated dual array digital microphone\nIntel Wi-Fi 6 AX 201 (2x2) and Bluetooth 5 Combo \n1 USB 3.1 Gen 1 Type-C (Data Transfer Only, 5 Gb/s signaling rate)\n2 USB 3.1 Gen 1 Type-A (Data Transfer Only)\n1 AC smart pin\n1 HDMI 1.4b\n1 headphone/microphone combo\n3-cell, 41 Wh. Li-ion Battery\n45 W Smart AC power adapter\nColor: Mineral silver cover, natural silver base and keyboard frame\nWindows 10 Home", "reviews": [{"reviewerName": "gabriel", "reviewerUrl": "https://www.amazon.com/gp/profile/amzn1.account.AGCVE7XNY2RNIQ5O5R5BPF7ZIQ7Q/ref=cm_cr_getr_d_gw_btm?ie=UTF8", "rating": "1.0 out of 5 stars", "reviewTitle": "No hard drive installed", "reviewDate": "April 7, 2021", "reviewText": "  Hard drive error messages.", "is_Helpful": ""}, {"reviewerName": "Daves", "reviewerUrl": "https://www.amazon.com/gp/profile/amzn1.account.AHXQ7ZY2KLMEEKTZLGHCGCKUTKLQ/ref=cm_cr_getr_d_gw_btm?ie=UTF8", "rating": "1.0 out of 5 stars", "reviewTitle": "Cheaply Made", "reviewDate": "March 31, 2021", "reviewText": "\"  I thought a Pavilion was one of HPs better product lines.  This screen is very cheap and bendable.  I work in IT in an HP shop and I have two Pavilion 360 consumer models at home that are well built.  Dont buy this if you expect it to last because there is now way this will.\"", "is_Helpful": ""}, {"reviewerName": "KingRyhme22", "reviewerUrl": "https://www.amazon.com/gp/profile/amzn1.account.AG6EGP5AB6NU3Q42ZYJ3P3AGVFEA/ref=cm_cr_getr_d_gw_btm?ie=UTF8", "rating": "4.0 out of 5 stars", "reviewTitle": "Good", "reviewDate": "March 29, 2021", "reviewText": "\"  is good for getting things, done but for gaming I wouldnt use it for that because The laptop get really hot and I had to buy a laptop cooling pad besides that is a really good laptop.\"", "is_Helpful": ""}, {"reviewerName": "Amazon Customer", "reviewerUrl": "https://www.amazon.com/gp/profile/amzn1.account.AHCOZVXPS3RE6TUYG3YVUFSSIOFA/ref=cm_cr_getr_d_gw_btm?ie=UTF8", "rating": "2.0 out of 5 stars", "reviewTitle": "Crappy battery life.", "reviewDate": "March 26, 2021", "reviewText": "\"  Battery life is absolutely terrible & disappointing. I would think a laptop would have longer duration than 3-4 hours being unplugged. Isnt that the purpose of most laptops? I will never buy HP again.\"", "is_Helpful": ""}, {"reviewerName": "Alex Iskander", "reviewerUrl": "https://www.amazon.com/gp/profile/amzn1.account.AHDDC7SX7Q5ICWKJXAKVSBTSGDHA/ref=cm_cr_getr_d_gw_btm?ie=UTF8", "rating": "3.0 out of 5 stars", "reviewTitle": "Inaccurate description", "reviewDate": "March 21, 2021", "reviewText": "  Did not come with Intel Optane memory like it says in the specifications!", "is_Helpful": "One person found this helpful"}, {"reviewerName": "arenterp", "reviewerUrl": "https://www.amazon.com/gp/profile/amzn1.account.AE5BDHDRYD7IDUIUYJICULNL3N2A/ref=cm_cr_getr_d_gw_btm?ie=UTF8", "rating": "5.0 out of 5 stars", "reviewTitle": "value for price", "reviewDate": "March 21, 2021", "reviewText": "\"  I love this laptop. was easy to set up and ready to go. its very fast. 1st I had with touch screen I find it very handy to use than a mouse most of time, the touch pad is tricky to use as left and right click buttons are built into the pad, takes getting use to getting better at it. over all this laptop is a great value for price and good for every day use. It does great for what I use it for surf the net and watching youtube videos.\"", "is_Helpful": ""}, {"reviewerName": "Ashley", "reviewerUrl": "https://www.amazon.com/gp/profile/amzn1.account.AEORDZACJW6TUGVDGLR3ZCKV3VSQ/ref=cm_cr_getr_d_gw_btm?ie=UTF8", "rating": "5.0 out of 5 stars", "reviewTitle": "Awesome Laptop!!!!!!!!!!", "reviewDate": "March 21, 2021", "reviewText": "  Awesome for my work at home job! It\u2019s not loud (other reviews said it had a loud fan and I was concerned). I\u2019m so happy with this purchase! I have a separate laptop for another job and I don\u2019t even like that one anymore lol", "is_Helpful": ""}, {"reviewerName": "Amanda Kingsley", "reviewerUrl": "https://www.amazon.com/gp/profile/amzn1.account.AETVQEJ7QD5IX4R3OYKDJFAZYH3Q/ref=cm_cr_getr_d_gw_btm?ie=UTF8", "rating": "5.0 out of 5 stars", "reviewTitle": "Very satisfied", "reviewDate": "March 18, 2021", "reviewText": "\"  Great computer fan is slightly loud if theres not any other noise in the room.\"", "is_Helpful": ""}, {"reviewerName": "Charles Stride", "reviewerUrl": "https://www.amazon.com/gp/profile/amzn1.account.AE76QVD5VOXF47KZIUF2WT2GSQKQ/ref=cm_cr_getr_d_gw_btm?ie=UTF8", "rating": "5.0 out of 5 stars", "reviewTitle": "Great laptop for home use", "reviewDate": "March 17, 2021", "reviewText": "  Great laptop multiple uses. Excellent sound quality for Zoom calls. Responsive touch screen, and easy to use mouse.", "is_Helpful": ""}, {"reviewerName": "Craig E. Pearson", "reviewerUrl": "https://www.amazon.com/gp/profile/amzn1.account.AFQQ76DMVMKPM343IWPA3CXJYO4Q/ref=cm_cr_getr_d_gw_btm?ie=UTF8", "rating": "5.0 out of 5 stars", "reviewTitle": "Old man on the net.", "reviewDate": "March 12, 2021", "reviewText": "  Brought for pops, he enjoys it everyday.", "is_Helpful": ""}, {"reviewerName": "Amazon Customer", "reviewerUrl": "https://www.amazon.com/gp/profile/amzn1.account.AHN25R42777IU4GWBN2F4SBX5EZA/ref=cm_cr_getr_d_gw_btm?ie=UTF8", "rating": "5.0 out of 5 stars", "reviewTitle": "Lightweight and works great!!", "reviewDate": "March 12, 2021", "reviewText": "  I would highly recommend this laptop, it really works great.  No loud noise, light weight... price was great", "is_Helpful": ""}, {"reviewerName": "David Roach", "reviewerUrl": "https://www.amazon.com/gp/profile/amzn1.account.AHCQIJUOLPXRA3HZZGM2GI6GS2BA/ref=cm_cr_getr_d_gw_btm?ie=UTF8", "rating": "5.0 out of 5 stars", "reviewTitle": "Impressed", "reviewDate": "March 8, 2021", "reviewText": "  We love it!", "is_Helpful": ""}, {"reviewerName": "Michael", "reviewerUrl": "https://www.amazon.com/gp/profile/amzn1.account.AG5QHIDVZCZB465J6FZTXRVREI2A/ref=cm_cr_getr_d_gw_btm?ie=UTF8", "rating": "3.0 out of 5 stars", "reviewTitle": "Broke 3 weeks.", "reviewDate": "March 8, 2021", "reviewText": "\"  Stopped working froze up.  Fan blew louder.  Dont recommend.\"", "is_Helpful": ""}, {"reviewerName": "Carlos Perez", "reviewerUrl": "https://www.amazon.com/gp/profile/amzn1.account.AGZGFXU2OR4XLYZVQRMF65ODPAWA/ref=cm_cr_getr_d_gw_btm?ie=UTF8", "rating": "3.0 out of 5 stars", "reviewTitle": "Good guts, horrid screen burn", "reviewDate": "March 6, 2021", "reviewText": "  Internally, the components work well. Its a solid computer for the price that does everything I need pretty well. However, there is a huge issue with the screen retaining images. For example, if you open a very bright window and leave it there for some time, then move it away, the screen will retain that image. It goes away after some time, but it can be very annoying when when working", "is_Helpful": ""}, {"reviewerName": "TJ", "reviewerUrl": "https://www.amazon.com/gp/profile/amzn1.account.AGTE5TWOHT7CFK2ACL45VLXVZAMQ/ref=cm_cr_arp_d_gw_btm?ie=UTF8", "rating": "4.0 out of 5 stars", "reviewTitle": "Lightweight but beware of battery life", "reviewDate": "March 6, 2021", "reviewText": "\"  Love everything so far except the battery life. It sucks. Watched 2 shows on it and it nearly sucked the whole battery life. I put so much time into setting the acct up via Microsoft email acct that I would rather just deal with the battery issues rather than return it because its annoying to spend time on setting a product up just to have to erase everything and send it back. Other than that, I like the laptop, lightweight, perfect screen size for what I needed, and I didnt even know it was touch screen until we got it. Good deal though.\"", "is_Helpful": ""}, {"reviewerName": "fred giametta", "reviewerUrl": "https://www.amazon.com/gp/profile/amzn1.account.AEWBW55OEI3YMBOQNQQ233ZO5M2A/ref=cm_cr_getr_d_gw_btm?ie=UTF8", "rating": "1.0 out of 5 stars", "reviewTitle": "Very happy", "reviewDate": "March 4, 2021", "reviewText": "  Instillation in minutes. Very fast. Highly recommend this baby!!, Love this machine. Would buy it again in a minute., You will not be sorry!!", "is_Helpful": ""}, {"reviewerName": "Anwar Hussein", "reviewerUrl": "https://www.amazon.com/gp/profile/amzn1.account.AHRPR4ER6UI3XS3N6HXOIZS4TLEQ/ref=cm_cr_arp_d_gw_btm?ie=UTF8", "rating": "1.0 out of 5 stars", "reviewTitle": "\"Its a scam, the laptop doesnt have a SSD it comes with HDD\"", "reviewDate": "March 4, 2021", "reviewText": "\"  This laptop is a scam. They claim it has a solid state drive in it and it clearly has a hard disk drive. If you put your ears near the touch pad you can hear the disk being read and writeen. It is slow and Im returning it. (Not an average joe when I write this review, Im an electrical and computer engineer.\"", "is_Helpful": "5 people found this helpful"}, {"reviewerName": "Abdalkarim Dawood ", "reviewerUrl": "https://www.amazon.com/gp/profile/amzn1.account.AE56XQRHYTYWHS2HGJVX27GJ7LFQ/ref=cm_cr_getr_d_gw_btm?ie=UTF8", "rating": "1.0 out of 5 stars", "reviewTitle": "Bad laptop and delivery amazon service.", "reviewDate": "March 2, 2021", "reviewText": "  This laptop does not work, it gives, Boot Device Not Found., \"I try to return it but I find the return cost \u00a385. This is not my mistake why Amazon doesnt send to me free delivery.\"", "is_Helpful": ""}, {"reviewerName": "Martin Negron", "reviewerUrl": "https://www.amazon.com/gp/profile/amzn1.account.AH737PFCYK5WPZ5YQBAHSWB37QVA/ref=cm_cr_getr_d_gw_btm?ie=UTF8", "rating": "5.0 out of 5 stars", "reviewTitle": "Thanks", "reviewDate": "February 27, 2021", "reviewText": "  Great buy. Very happy with it.", "is_Helpful": ""}, {"reviewerName": "N. Boucher", "reviewerUrl": "https://www.amazon.com/gp/profile/amzn1.account.AGU7FH4CRYHIYOMUWSWNTQX7PRVQ/ref=cm_cr_arp_d_gw_btm?ie=UTF8", "rating": "3.0 out of 5 stars", "reviewTitle": "Does what I need it to do", "reviewDate": "February 24, 2021", "reviewText": "  This computer is pretty good. Considering we upgraded from a 10 year old computer anything would be better. However I am disappointed in the battery life. I was hoping to not have to plug it in so much. I\u2019m not doing a whole lot with it to drain the battery, regular internet searches and email. I didn\u2019t pay  attention to the lack of USB ports. There are only two so that was a problem. I needed to get a wireless mouse that had the C port adapter. I will say it\u2019s super light and thin. Took me a while to get used to the keyboard since I went from a black one to a silver. It is backlit so that helps. Overall, this computer works for our needs. A little on the pricey side for the lack of ports.", "is_Helpful": ""}, {"reviewerName": "JR", "reviewerUrl": "https://www.amazon.com/gp/profile/amzn1.account.AEOE7HUSJQMCEPKU6UNXT7XFYC5Q/ref=cm_cr_getr_d_gw_btm?ie=UTF8", "rating": "1.0 out of 5 stars", "reviewTitle": "\"Didnt work\"", "reviewDate": "February 22, 2021", "reviewText": "\"  The screen was not working and I couldnt set up a user because the screen was frozen.\", I lost time and money with this purchase and I had to return the laptop!!", "is_Helpful": ""}, {"reviewerName": "Mahala", "reviewerUrl": "https://www.amazon.com/gp/profile/amzn1.account.AGKMQB5CEVRDHJAVQSYBDFOUT4SA/ref=cm_cr_getr_d_gw_btm?ie=UTF8", "rating": "5.0 out of 5 stars", "reviewTitle": "A Gift", "reviewDate": "February 20, 2021", "reviewText": "  I bought this computer for my daughter for work. She loves it and would recommend this item to anyone who is looking for a great computer! A must have item to own!", "is_Helpful": ""}, {"reviewerName": "zola", "reviewerUrl": "https://www.amazon.com/gp/profile/amzn1.account.AFOBACQFNBK7GGSTE3SSOJITR6QA/ref=cm_cr_getr_d_gw_btm?ie=UTF8", "rating": "1.0 out of 5 stars", "reviewTitle": "Disappointed", "reviewDate": "February 20, 2021", "reviewText": "  The hard disk missing error.", "is_Helpful": "One person found this helpful"}, {"reviewerName": "RA", "reviewerUrl": "https://www.amazon.com/gp/profile/amzn1.account.AF7H7PQFVUTWFVT7S5NJHKXAJB6A/ref=cm_cr_getr_d_gw_btm?ie=UTF8", "rating": "4.0 out of 5 stars", "reviewTitle": "Speed is great!", "reviewDate": "February 12, 2021", "reviewText": "  Works  quickly and I like, just does not have a CD player.  Very disappointed as I use frequent  CDs.", "is_Helpful": ""}, {"reviewerName": "scott j", "reviewerUrl": "https://www.amazon.com/gp/profile/amzn1.account.AE6ZD3KMZXIRJP7R66CGMFFLNFJA/ref=cm_cr_getr_d_gw_btm?ie=UTF8", "rating": "5.0 out of 5 stars", "reviewTitle": "Great so far. Had over a month. Still fast for what I use it for.", "reviewDate": "February 10, 2021", "reviewText": "  Much faster than my Lenovo!", "is_Helpful": ""}, {"reviewerName": "Bud", "reviewerUrl": "https://www.amazon.com/gp/profile/amzn1.account.AEKN3ARHQUIGWEVCEGM7TUQ7A7FQ/ref=cm_cr_getr_d_gw_btm?ie=UTF8", "rating": "3.0 out of 5 stars", "reviewTitle": "SMALL COULD USE ANOTHER USB", "reviewDate": "February 9, 2021", "reviewText": "  IT RUNS PROGRAMS OK. A LITTLE LACKING ON PERFORMANCE", "is_Helpful": ""}, {"reviewerName": "Mitchell Park", "reviewerUrl": "https://www.amazon.com/gp/profile/amzn1.account.AHWNMXTRS7J3V4ZLBPPUO3GE4N2A/ref=cm_cr_getr_d_gw_btm?ie=UTF8", "rating": "5.0 out of 5 stars", "reviewTitle": "This thing boots in seconds!", "reviewDate": "February 3, 2021", "reviewText": "  Pros:, Boots from off to logged-in in 10-20 seconds, Track pad and touch screen are very responsive, \"Best feeling keyboard for a laptop that Ive ever used\", Backlighting on keyboard is great!, Cons:, Right clicking is tricky...not terrible, just not as simple as other \"2 touch right clicks\" I\\ve used.", "is_Helpful": ""}, {"reviewerName": "Todd S.", "reviewerUrl": "https://www.amazon.com/gp/profile/amzn1.account.AEP5P2MGGFWD2BBBLLRWMW7ZXCIA/ref=cm_cr_getr_d_gw_btm?ie=UTF8", "rating": "5.0 out of 5 stars", "reviewTitle": "Great computer for the price!", "reviewDate": "February 3, 2021", "reviewText": "  Does exactly what I needed. The screen is bright and clear. Fast processing and extremely easy computer to use.", "is_Helpful": ""}, {"reviewerName": "L Aeleyaei", "reviewerUrl": "https://www.amazon.com/gp/profile/amzn1.account.AGWIJEGJTL3T3TAM3NY62KPBAPVQ/ref=cm_cr_getr_d_gw_btm?ie=UTF8", "rating": "1.0 out of 5 stars", "reviewTitle": "The laptop is nothing like the pictures, return is a 3 weeks of Headache", "reviewDate": "January 30, 2021", "reviewText": "  It\u2019s to heavy and look like a peace off broken junk ! It took 3 weeks for them to pay me back !!worst experience , lots ok phone calls lots of I don\u2019t know answers !! Very disappointed", "is_Helpful": ""}, {"reviewerName": "Ayana", "reviewerUrl": "https://www.amazon.com/gp/profile/amzn1.account.AH63WRMKDFBKAEOHY2LUGBBOMF7A/ref=cm_cr_getr_d_gw_btm?ie=UTF8", "rating": "4.0 out of 5 stars", "reviewTitle": "Poor charged", "reviewDate": "January 28, 2021", "reviewText": "\"  I love my laptop, just doesnt keep charged, if I turned it off fully charged for 2 days, when Im ready to used it it cant even turned on without power cord\"", "is_Helpful": "One person found this helpful"}, {"reviewerName": "Amazon Customer", "reviewerUrl": "https://www.amazon.com/gp/profile/amzn1.account.AFV63ID2AINEKUZVEJFPIGR3A4GA/ref=cm_cr_getr_d_gw_btm?ie=UTF8", "rating": "5.0 out of 5 stars", "reviewTitle": "Nice machine", "reviewDate": "January 25, 2021", "reviewText": "  under certain lighting conditions, the back light obscures the keys character images.", "is_Helpful": ""}, {"reviewerName": "Kyle C", "reviewerUrl": "https://www.amazon.com/gp/profile/amzn1.account.AHL776Y3O2NH5GJZYJ7O6TQH4PBQ/ref=cm_cr_arp_d_gw_btm?ie=UTF8", "rating": "2.0 out of 5 stars", "reviewTitle": "Loudest Computer Ever", "reviewDate": "January 22, 2021", "reviewText": "\"  I bought this computer for school work and business. It is so loud it is hard to focus over the sound of the fan nonstop whistling/blowing. At first I thought it would just be a minute or two, but after 10 minutes of the constant loud noise, I thought maybe It was overheating, even though it didnt feel hot. I stopped using it for about 20 minutes came back turned it back on, and nope...started right back up. For a computer that is almost 700 dollars, I dont think the fan should be that loud, nor do I think that it should be so constant that I am unable to concentrate\"", "is_Helpful": "11 people found this helpful"}, {"reviewerName": "Joyce", "reviewerUrl": "https://www.amazon.com/gp/profile/amzn1.account.AGT6JFLKKVVGPZ4PXTVDPCIUQCKA/ref=cm_cr_getr_d_gw_btm?ie=UTF8", "rating": "1.0 out of 5 stars", "reviewTitle": "No backlit keyboard... in addition to other things missing", "reviewDate": "January 21, 2021", "reviewText": "\"  Theres NO backlit keyboard!\"", "is_Helpful": "One person found this helpful"}, {"reviewerName": "Debbie H", "reviewerUrl": "https://www.amazon.com/gp/profile/amzn1.account.AGVL2KRHVMS5UBCJITL7BHDQJJ6A/ref=cm_cr_getr_d_gw_btm?ie=UTF8", "rating": "4.0 out of 5 stars", "reviewTitle": "I am very happy. Finally got a laptop with no issues.", "reviewDate": "January 21, 2021", "reviewText": "  I love this laptop. It is pretty fast and I really like that it is light weight. The laptop was easy to setup.", "is_Helpful": ""}, {"reviewerName": "KrisL", "reviewerUrl": "https://www.amazon.com/gp/profile/amzn1.account.AGTUUYI3JWIEJ76R54FJG3NNHSNA/ref=cm_cr_getr_d_gw_btm?ie=UTF8", "rating": "1.0 out of 5 stars", "reviewTitle": "Be careful. This computer is junk", "reviewDate": "January 19, 2021", "reviewText": "  When I bought this computer, the keyboard was unusable. It randomly deleted text, opened random command boxes, etc. HP told me I got a \"lemon\" and sent me a replacement., The laptop worked great for 10 months. Then, it started doing the exact same thing. HP determined that the keyboard was bad and needed to be replaced. So, my 2nd laptop in under one year is once again unusable. This is obviously a poor product., \"My computer is still under warranty. After more than 3 hours on the phone with HP, the only option they gave me is to mail in my computer for repair. This takes at least 3 weeks. As an online teacher, I will be without income for 3 weeks. After the repair, my computer will no longer be under warranty. Since its already happened twice in under 1 year, the faulty keyboard is likely to happen again, but this time I wont be under warranty. Fixing the keyboard is a temporary bandaid for a faulty computer. HP was the WORST customer service I have ever received. I will never buy from HP again - it was that bad.\"", "is_Helpful": "One person found this helpful"}, {"reviewerName": "Gardener", "reviewerUrl": "https://www.amazon.com/gp/profile/amzn1.account.AGJERTITL7BTZY3XMWLLPLKAOUCA/ref=cm_cr_getr_d_gw_btm?ie=UTF8", "rating": "5.0 out of 5 stars", "reviewTitle": "Great Laptop", "reviewDate": "January 11, 2021", "reviewText": "  Easy to setup and navigate", "is_Helpful": ""}, {"reviewerName": "Mendoza", "reviewerUrl": "https://www.amazon.com/gp/profile/amzn1.account.AEXW3CN4RBNYERSPJEMOIVMFXP3A/ref=cm_cr_getr_d_gw_btm?ie=UTF8", "rating": "5.0 out of 5 stars", "reviewTitle": "Good buy for money!", "reviewDate": "January 10, 2021", "reviewText": "  Looks and responds great. Downfall is that battery doesn\u2019t last as long as it\u2019s advertised and the power button is located to close to USB port so I frequently accidentally push it. Overall though it\u2019s good but for the money.", "is_Helpful": ""}, {"reviewerName": "Mike McMillen", "reviewerUrl": "https://www.amazon.com/gp/profile/amzn1.account.AHIXBZTTPUKOP47SZKKE47TU3HGQ/ref=cm_cr_getr_d_gw_btm?ie=UTF8", "rating": "5.0 out of 5 stars", "reviewTitle": "HP was no help, but you guys did great", "reviewDate": "January 10, 2021", "reviewText": "  Home", "is_Helpful": ""}, {"reviewerName": "Nilton Varela Hitotuzi", "reviewerUrl": "https://www.amazon.com/gp/profile/amzn1.account.AHNEZ62QQ746N6BDNZ73S3ST2EAQ/ref=cm_cr_getr_d_gw_btm?ie=UTF8", "rating": "5.0 out of 5 stars", "reviewTitle": "\"Its convenient and elegant.\"", "reviewDate": "January 8, 2021", "reviewText": "  Touchscreen makes my life way easier when reading on the screen.", "is_Helpful": ""}, {"reviewerName": "WILLIAM", "reviewerUrl": "https://www.amazon.com/gp/profile/amzn1.account.AHQSU4URJUTVSATBZF7N7ISQ62XQ/ref=cm_cr_getr_d_gw_btm?ie=UTF8", "rating": "5.0 out of 5 stars", "reviewTitle": "TRANSACTION WAS SIMPLE AND SHIPPING WAS FAST.", "reviewDate": "January 8, 2021", "reviewText": "  KEYBOARD COVER FIT PERFECTLY ON MY HP PRAVILION RECENTLT PURCHASED LAPTOP.  THE DARK BLUE COVER MAKES THE KEYS STANDOUT.  SHIPMENT WAS QUICK.  VERY PLEASED ALL THE WAY AROUND., BILL", "is_Helpful": ""}, {"reviewerName": "Richard Griffin", "reviewerUrl": "https://www.amazon.com/gp/profile/amzn1.account.AEYYG355M6CJQMIONYGW3WUXA3EA/ref=cm_cr_getr_d_gw_btm?ie=UTF8", "rating": "5.0 out of 5 stars", "reviewTitle": "Great features and light weight!", "reviewDate": "December 30, 2020", "reviewText": "  Great laptop!!", "is_Helpful": ""}, {"reviewerName": "G A", "reviewerUrl": "https://www.amazon.com/gp/profile/amzn1.account.AFGLXKESX4VK36N62XN2AISGTBDQ/ref=cm_cr_arp_d_gw_btm?ie=UTF8", "rating": "5.0 out of 5 stars", "reviewTitle": "Great laptop, like all new laptops... it requires a little setting up", "reviewDate": "December 29, 2020", "reviewText": "  Amazing laptop, awesome graphics, solid keyboard.  Buy the way, I love the backlit keyboard (use F5 to turn this on).  I\\ve seen lots of complaints about this laptop about slow WiFi, bad touchscreen, keyboard does not light up, etc.  Any new computer or laptop will require some \"setup\". You don\\t really have to be a computer expert.  Uninstall bloatware. This is preinstalled programs (mostly games) that you\\ll never use. Also, download and install the required updates.  This may require one or two restarts to get the updates installed. This can  all be done in settings (Windows key, gear icon).", "is_Helpful": "9 people found this helpful"}, {"reviewerName": "stacy carter", "reviewerUrl": "https://www.amazon.com/gp/profile/amzn1.account.AFYPJABVJ5OOOMYHXPNJZZY23B4Q/ref=cm_cr_getr_d_gw_btm?ie=UTF8", "rating": "4.0 out of 5 stars", "reviewTitle": "I had to track my own refund and call Amazon", "reviewDate": "December 29, 2020", "reviewText": "\"  Laptop was great just not compatible with my work. It was return Dece 3 and I had to call about my refund being processed because I was paying on a bill and the package was already at Amazon warehouse.\"", "is_Helpful": ""}, {"reviewerName": "Paul Cosentino", "reviewerUrl": "https://www.amazon.com/gp/profile/amzn1.account.AHP66SVHWHIN34ALWL7FZ2GJXK4A/ref=cm_cr_getr_d_gw_btm?ie=UTF8", "rating": "3.0 out of 5 stars", "reviewTitle": "Storage not upgradeable", "reviewDate": "December 25, 2020", "reviewText": "\"  Nice looking laptop bought for the wife to store photos. Bought an additional M.2 to upgrade storage. Opening the unit was not easy, only to find out that the option to add storage is not a thing. Laptops from 10 years ago had the space and connections inside to add storage but manufacturers now purposely dont put in it in. Only way to give better capacity is with a whole new M.2 and reinstalling windows. Might be able to reuse windows key if not thats another 100 bucks for new key.\"", "is_Helpful": ""}, {"reviewerName": "terry steinke", "reviewerUrl": "https://www.amazon.com/gp/profile/amzn1.account.AE4GGUU2J34ECS4D6HYQWVCT2HMA/ref=cm_cr_getr_d_gw_btm?ie=UTF8", "rating": "5.0 out of 5 stars", "reviewTitle": "Light weight and full power!  Love the touch screen.", "reviewDate": "December 23, 2020", "reviewText": "  Wish it had Microsoft office installed", "is_Helpful": ""}, {"reviewerName": "Carol W. Purcello", "reviewerUrl": "https://www.amazon.com/gp/profile/amzn1.account.AFR2IIRYKCQIIYM7MRJONUSX45HQ/ref=cm_cr_getr_d_gw_btm?ie=UTF8", "rating": "5.0 out of 5 stars", "reviewTitle": "Make sure you search before buying to make sure you get the one you want.", "reviewDate": "December 22, 2020", "reviewText": "  I love my Computer. It took me spending more time looking for the one I wanted because most of them didn\u2019t have the number board that\u2019s on the right side of the of the Computer board, and was more expensive.", "is_Helpful": ""}, {"reviewerName": "Shanna Sullivan", "reviewerUrl": "https://www.amazon.com/gp/profile/amzn1.account.AF6KR6CUDKHSA6KFXOVLQS3B4ECA/ref=cm_cr_getr_d_gw_btm?ie=UTF8", "rating": "4.0 out of 5 stars", "reviewTitle": "Nice computer", "reviewDate": "December 22, 2020", "reviewText": "  The computer is nice and works quickly", "is_Helpful": ""}, {"reviewerName": "Efrain Rivera", "reviewerUrl": "https://www.amazon.com/gp/profile/amzn1.account.AEU3GWDISU7Q4YYROBFWR3WR3UAA/ref=cm_cr_getr_d_gw_btm?ie=UTF8", "rating": "4.0 out of 5 stars", "reviewTitle": "Ease of use.", "reviewDate": "December 12, 2020", "reviewText": "  Extremely satisfied with touchscreen, battery life and light weight.", "is_Helpful": ""}, {"reviewerName": "Avid Reader", "reviewerUrl": "https://www.amazon.com/gp/profile/amzn1.account.AGL4SPICE6D5RW7L3SAABQF3U3VQ/ref=cm_cr_getr_d_gw_btm?ie=UTF8", "rating": "5.0 out of 5 stars", "reviewTitle": "So far, working great!", "reviewDate": "December 12, 2020", "reviewText": "  Great for looking at and using touch screen while relaxing in a recliner (recommending something other than a pillow which could lead to getting too warm.", "is_Helpful": "2 people found this helpful"}, {"reviewerName": "Geraldine", "reviewerUrl": "https://www.amazon.com/gp/profile/amzn1.account.AFL6EBWGREMH7SD4FCRI56UOAX5Q/ref=cm_cr_arp_d_gw_btm?ie=UTF8", "rating": "4.0 out of 5 stars", "reviewTitle": "Great big touch screen with good sound", "reviewDate": "December 6, 2020", "reviewText": "  I bought this for my senior parents so we could video conference w. live close caption for one of my parents.  My criteria was: inexpensive (check); big screen (check); touch screen (check); good camera (check); good speakers (check); big keyboard (check); good performance (check)., \"So this seemed to check all the boxes and overall I am very happy with this computer for its purpose.  However, I didnt consider the keyboard visibility.  I got the silver so the keys are silver with no actual printed/contrasting letters - it relies 100% on the backlight and clear cutouts to let the light through.  So even I can barely see them and the backlight (silver next to light, yes think about it) actually makes it worse.  This is a major major design flaw.  This is why no 5 stars.\", \"Im keeping the machine but purchasing some big letter stickers to put on the keyboard...hope that works!\"", "is_Helpful": "12 people found this helpful"}, {"reviewerName": "katenbit", "reviewerUrl": "https://www.amazon.com/gp/profile/amzn1.account.AEV4744YWAA5YPIN3H4R34TQS4BQ/ref=cm_cr_arp_d_gw_btm?ie=UTF8", "rating": "5.0 out of 5 stars", "reviewTitle": "Nice laptop", "reviewDate": "December 5, 2020", "reviewText": "  Bought it as a gift, but I set it up before delivering it.  Really sharp display.  Lightweight for a 15.6\".  Good sound. I like the backlit keyboard.  IMO, touch screen on a traditional laptop is of little use (but giftee wanted it)., \"Touchpad confused me greatly.  I couldnt figure out how to access right button functions.  Eventually discovered it does have left and right button functionality at the bottom of the pad, but I didnt see any visual indication of that.  (I have been using mice since 1978 and generally plug one in for anything more than a brief session).\", All around a very nice laptop.", "is_Helpful": "3 people found this helpful"}, {"reviewerName": "Peter MJ Boever", "reviewerUrl": "https://www.amazon.com/gp/profile/amzn1.account.AGPIQJOJAKCDBG4B7U7G3DY5C3EA/ref=cm_cr_getr_d_gw_btm?ie=UTF8", "rating": "4.0 out of 5 stars", "reviewTitle": "Great value laptop.....if you shop around", "reviewDate": "December 4, 2020", "reviewText": "\"  Ive had this laptop for less than a week, but so far its a been a great value for the money. That said, I would not have paid $688.00 for it, $549.00 from C***co. The battery life is not great, 5 or 6 hours as opposed to the 10 that HP claims. Quick boot up, brilliant display, great resolution. Build feels good, nice case, hinge is smooth.\"", "is_Helpful": ""}, {"reviewerName": "MNgrrrl", "reviewerUrl": "https://www.amazon.com/gp/profile/amzn1.account.AGAGCELTGCU3RURVI7EMGOKFGCQQ/ref=cm_cr_arp_d_gw_btm?ie=UTF8", "rating": "3.0 out of 5 stars", "reviewTitle": "Nice, but NOISY fan", "reviewDate": "November 24, 2020", "reviewText": "\"  This machine is 2 weeks old and has an annoyingly noisy fan. Looked up fixes online, and they require actions like upgrade the BIOS, that Im not comfortable doing. Grrrrrr.\"", "is_Helpful": "4 people found this helpful"}, {"reviewerName": "vtrealty", "reviewerUrl": "https://www.amazon.com/gp/profile/amzn1.account.AFJSU5CQLZ2VADIIIRL47AXRZXVQ/ref=cm_cr_arp_d_gw_btm?ie=UTF8", "rating": "4.0 out of 5 stars", "reviewTitle": "Great For Everyday Use!", "reviewDate": "November 16, 2020", "reviewText": "  This computer is lite, super quick and offers everything needed for anyone in school or working from home. My only complaint, battery life is not the greatest.  Would like to see at least 8 to 10 hours of use before needing a charge.", "is_Helpful": "5 people found this helpful"}, {"reviewerName": "Michael Davis", "reviewerUrl": "https://www.amazon.com/gp/profile/amzn1.account.AE7CGVP4BWVSIB74NEYXTGKT6FZQ/ref=cm_cr_getr_d_gw_btm?ie=UTF8", "rating": "1.0 out of 5 stars", "reviewTitle": "Battery life sucks.", "reviewDate": "November 13, 2020", "reviewText": "  Battery dies extremely fast. Not sure if it\u2019s brand new or if it is brand new I don\u2019t why it\u2019s dying so fast. Even in battery saver mode it dies pretty quickly.", "is_Helpful": "One person found this helpful"}, {"reviewerName": "T. Ching", "reviewerUrl": "https://www.amazon.com/gp/profile/amzn1.account.AG6MZEWGE5KXKE7LWIHV2UAXTGHQ/ref=cm_cr_arp_d_gw_btm?ie=UTF8", "rating": "5.0 out of 5 stars", "reviewTitle": "Fast business class machine", "reviewDate": "October 28, 2020", "reviewText": "\"  This computer with the SSD operating system drive is fast to start, fast to launch programs, and quick to respond. I dont know about gaming but it does Outlook, Excel, browsers, and Zoom conferences with ease. It\u2019s nice to finally have a computer I dont have to wait on to be productive.\"", "is_Helpful": "7 people found this helpful"}, {"reviewerName": "Ed B", "reviewerUrl": "https://www.amazon.com/gp/profile/amzn1.account.AHUIZFDB3POI4ATVAKHBICM2EXYA/ref=cm_cr_getr_d_gw_btm?ie=UTF8", "rating": "5.0 out of 5 stars", "reviewTitle": "Exceed my expectations", "reviewDate": "October 22, 2020", "reviewText": "  I am very please with my new HP laptop.  This is a huge upgrade from my 4G RAM and 30 G hard drive storage laptop.", "is_Helpful": "One person found this helpful"}, {"reviewerName": "Bruce", "reviewerUrl": "https://www.amazon.com/gp/profile/amzn1.account.AFC6JY6Q6565CSFNAJRVCILCNKCQ/ref=cm_cr_getr_d_gw_btm?ie=UTF8", "rating": "5.0 out of 5 stars", "reviewTitle": "Love this laptop", "reviewDate": "October 19, 2020", "reviewText": "  This has everything I was looking for in a new laptop. So far very happy with it.", "is_Helpful": "One person found this helpful"}, {"reviewerName": "Kyle Nixon", "reviewerUrl": "https://www.amazon.com/gp/profile/amzn1.account.AESS2XWGOUJTGH5WSXQECJ4JP3RQ/ref=cm_cr_getr_d_gw_btm?ie=UTF8", "rating": "1.0 out of 5 stars", "reviewTitle": "Item was not the one in the description.", "reviewDate": "August 9, 2020", "reviewText": "  Item was not the one described in the listing. No backlit keyboard and was not 1080 screen.", "is_Helpful": "2 people found this helpful"}, {"reviewerName": "Timothy Hinton", "reviewerUrl": "https://www.amazon.com/gp/profile/amzn1.account.AGJNKTAKZEVMYW44CCYSCBIN4KNA/ref=cm_cr_getr_d_gw_btm?ie=UTF8", "rating": "5.0 out of 5 stars", "reviewTitle": "Dj CoffeeMouth!!", "reviewDate": "June 28, 2020", "reviewText": "  Using it to learn how to DJ. Soon as it arrived, I called both of my jobs cussed out my boss, his boss, and their dogs. Put my two weeks in and told them \"if you noticed me missing for two weeks, that\\s your notice.\"  -DJ CoffeeMouth", "is_Helpful": "One person found this helpful"}], "qAndA": [{"question": "Does this computer include Word processing? Can Word be included?", "answer": "The MS Word isn\u2019t included in this laptop.\nIt is included in MS Office suite and you have to buy it."}, {"question": "Multiply times in the description it says it has a backlit keyboard. two customers say it does not have it. isn't this false advertising??", "answer": "Dear Bonnie,\nSome sellers sell a model that does not have a backlit keyboard. We sell the one with the backlit keyboard. You may want to contact individual marketplace sellers to inquire about this feature.\nHope this helps"}, {"question": "What size of charging adapter does this have?", "answer": "Dear Bill,\nWhat do you mean by the \"size\" of the adapter? If you are referring to the power/wattage, than it is 45W.\nHope this helps"}, {"question": "What's the model number? There are two different numbers given in Answers and none in specs.", "answer": "Dear Daddit2099,\nVarious marketplace sellers sell different models (the laptops have the same specs but come under different models). The one we are selling is 15-cs3153cl\nYou may need to contact each and every individual marketplace seller to find out who sells what. \u2026 see more"}, {"question": "Can i combine the hdmi and usb-c to power 2 external 4k monitors?", "answer": "Yes"}, {"question": "Can you turn the touch pad off?", "answer": "haven't tried that."}, {"question": "Hi. Does it come with a touchpen for the touch screen? Thanks.", "answer": "Dear AngelReyes,\nUnfortunately, the pen is not included and should be purchased separately.\nHope this helps"}, {"question": "Hi, what warranty for this laptop? how many years? who gives warranty? hp?", "answer": "Dear Eugene,\nThe laptop comes with 1-year standard warranty from HP.\nHope this helps"}, {"question": "Does this computer have a solid state drive, or do I need to install one and get rid of the hard drive?", "answer": "It has a solid stat drive"}, {"question": "Will this support an external blu-ray DVD player?", "answer": "Dear G. KLEVEN,\nYes, you may connect an external DVD player using either a USB or USB-C port.\nHope this helps"}, {"question": "Cuanta ram soporta?", "answer": "Dear Josnner,\nThe laptop supports up to 64Gb of RAM (normally used with no more than 48Gb).\nHope this helps"}, {"question": "Is this laptop slow?", "answer": "It is medium."}, {"question": "Admite ssd y hdd ?", "answer": "Es muy buena la computadora dura mucho la bateria"}, {"question": "Teclado puede ponerse en espa\u00f1ol", "answer": "Si se puede configurar el teclado en espa\u00f1ol, en preferencias de idiomas y descargas teclado en espa\u00f1ol."}, {"question": "que tiempo de garantia tiene?", "answer": "Dear Israel-Yuly,\nThe laptop comes with 1-year standard warranty from HP.\nHope this helps"}, {"question": "Can i install ms office home and business 2019 on this laptop?", "answer": "Dear Elle,\nYou may certainly install Microsoft Office on this machine. It will need to be purchased separately, however.\nHope this helps"}, {"question": "Can you run Photoshop on it?", "answer": "Dear Amazon customer,\nYou may certainly run Photoshop on this laptop. It won't be as fast as on a more powerful computer but it will run without any issues.\nHope this helps"}, {"question": "I've seen a few reviews complaining about the fan noise. How loud is it?", "answer": "People will find anything to complain about. In my opinion, it is not loud, you can hear it but it does not bother me at all. If anything, I find it comforting knowing that it does a good job cooling down my laptop, which is far more important to me."}, {"question": "Is the keyboard backlit or no? Im seeing mixed reviews", "answer": "Dear Jason,\nHere is what is going on:\n\u2026 see more"}, {"question": "Does usb 3.1 type-c gen 1 support display port and charge ?", "answer": "Dear Anoop,\nUnfortunately, USB-C ports on this machine support data transfer only.\nHope this helps"}, {"question": "Tiene 8gb o12 gb ddr4 ram?", "answer": "12gb"}, {"question": "Is it a problem that the cpu speed is only 1 ghz? will it be slow to react? i read that 3.5 to 4.2 is a good speed for a processor..", "answer": "Dear Mac,\nIt is not a problem for a processor to run at 1Ghz clock PER CORE. In fact, it is perfectly normal. This CPU has a turbo-boost of up to 3.6Ghz. You may review benchmarks of this CPU online. Simply, search for \"i5-1035G1 benchmarks\"\nHope this helps"}, {"question": "does the battery charge while using the computer?", "answer": "Dear Shari,\nOf course you can charge the battery, while working on the computer. Every time you plug in the power adapter, the battery starts charging regardless of what is being done.\nHope this helps"}, {"question": "Will the warranty be voided if I uninstall McAfee?", "answer": "Warranties are related to defects in materials and workmanship. Neither are affected by any particular piece of software.\n\nRemoving McAfee is fine."}, {"question": "Does this support hp elite usb-c docking station g2 ?", "answer": "Dear Anoop,\nNo, Elite USB-C docking station is not fully supported. However, this dock should:\n\u2026 see more"}, {"question": "How long is the battery life? I will charge it fully, and it is dead after a week of sitting idle", "answer": "Answer not available"}, {"question": "Are the silver on silver to see despite being backlit?", "answer": "If you're asking if they are hard to see despite backlit, yes! In fact backlit makes a bit worse in my opinion unless it's actually dark in the room. I put stickers on the keys."}, {"question": "Is this a 32 or a 64 bit system?", "answer": "Dear Richard,\nThe laptop comes with the 64-bit Windows Home.\nHope this helps"}, {"question": "Does this have a web cam", "answer": "Yes, and it\u2019s decent. Doubles as face recognition to insure me is me when I sign on."}, {"question": "If i buy a like-new laptop on amazon, will i get the one year warranty?", "answer": "Answer not available"}, {"question": "Is this a windows 10 home? description says it is but technical details says windows 10? thanks \ud83d\ude0a", "answer": "Dear Amazon customer,\n2 versions of Windows 10 operating system usually equip laptops: Home and Pro. This laptop comes with Windows 10 Home.\nHope this helps"}, {"question": "anyone review the 1035-12gb-512 ssd model? I can only find one review.", "answer": "Answer not available"}, {"question": "Does the usb-c on this transmit video as well as data?", "answer": "Dear Amazon customer,\nNo, you need a thunderbolt-class USB-C port for that. Those are available on more expensive models, such as Envy and Spectre.\nHope this helps"}, {"question": "Does this laptop have a Backlit Keyboard?", "answer": "No, and the tabs are a silver, so hard to see. The one thing i dont like. You have to b in good light to type\ud83e\udd28\ud83e\udd28"}, {"question": "Se puede adaptar o incorporar adicionalmente un HDD", "answer": "Dear Anthony,\nYes, there is a 2.5\" slot for an HDD.\nHope this helps"}, {"question": "What type of lock allows this model? The one I use from work doesn't fit the small hole of this laptop", "answer": "Answer not available"}, {"question": "Que modelo es la laptop?", "answer": "Dear Josnner,\nDifferent sellers sell different models (part/model numbers) with identical specs. The one we are selling is 15-cs3153cl (sealed in box never opened).\nHope this helsp"}, {"question": "Fingerprint reader?", "answer": "Dear Todd,\nThis laptop comes without a fingerprint reader.\nHope this helps"}, {"question": "Can anyone let me know hp model no for core i5-1035g1 12gb 512gb", "answer": "Dear Amazon customer,\nThere are various models of this same laptop, depending on the retail store.\nThe one we are selling is 15-cs3153cl \u2026 see more"}, {"question": "\u00bfHay con teclado latinoamericano (incluya la \u00f1)?", "answer": "Dear Edwin,\nThe laptop comes with the US-English keyboard. You may purchase stickers or a keyboard silicone cover with other languages.\nHope this helps"}, {"question": "can the touch pad be turned off?", "answer": "In the search box next to start up type in device manger and click on device manager control panel. From there click on human interface devices and then touch screen. This will bring you to touch screen properties and click on driver then disable device."}, {"question": "Does this computer work with a usb-c dock?", "answer": "Dear Voracious Reader,\nYes, you may use a USB-C dock with this laptop.\nHope this helps"}, {"question": "Does it have international warranty from HP?", "answer": "Dear Eugene,\nUnfortunately, HP does not offer international warranty. The same goes for Dell. You may get international warranty with the purchase of Lenovo, Asus, and MSI laptops.\nHope this helps"}, {"question": "Cual es la capacidad maxima de hdd dd que podr\u00eda incorporarle", "answer": "Se puede agregar una dad de hasta 2 tb sin ning\u00fan problema!"}, {"question": "If I buy a like-new laptope, can I still have the one year guarranty?", "answer": "Dear Happy Life,\nYou will get whatever is left of the 1-year warranty.\nHope this helps"}, {"question": "Do you make a model like this with 16g ram with 512storage and backlit keys in a 15.6?", "answer": "Dear Cathy,\nYou may purchase the mentioned configuration here:\n\u2026 see more"}, {"question": "wifi has multiple descriptions which is correct?", "answer": "Dear jrklinger,\n\nIntel Wireless-AC 9560 802.11 b/g/n/ac (2x2) Wi-Fi and Bluetooth 5 Combo \u2026 see more"}, {"question": "What is this one' model No?", "answer": "Dear Chandrasekharan,\nSeveral models come with this configuration, depending on the original retailer. The one we are selling is 15-cs3153cl\nHope this helps"}, {"question": "How much year warranty on this device?", "answer": "Dear Eran,\nConsumer class HP laptops come with 1-year standard warranty from HP. Extended warranty is available for purchase at an additional cost from HP.\nHope this helps"}, {"question": "The date first available is April 28th, but the reviews are all dated over a year ago in 2019, then what laptop are the reviews referring to?", "answer": "I notice they switched laptops it is a different model"}, {"question": "What is the model number of the 512gb i5 backlit/touchscreen model? ?", "answer": "Dear Easymark,\nDifferent sellers sell identical laptops but under different models. The one we sell is 15-cs3153cl\nHope this helps"}, {"question": "Is the fan very loud and running often? Thanks", "answer": "Dear Easymark,\nUnder normal day-to-day use, you should not experience any overheating issues, causing your fan to kick in. Running power-hungry applications may, however, force the fan to work harder.\nHope this helps"}, {"question": "How is the webcam on hp pavilion laptop, 15.6\" full hd ips touchscreen, 10th gen intel core i5-1035g1 processor up to 3.60ghz, 12gb ram, 512gb pcie ?", "answer": "The Webcam is okay. Not the best but quality is good enough for zoom."}, {"question": "Does this laptop have a camera?", "answer": "yes, I can do my video zoom meetings with it"}, {"question": "We just bought this hp pavilion 15-cs intel i5-1035g1 12gb laptop. different answers to which docking station to use. what's the correct docking? thx", "answer": "Dear Valerie,\nThat depends on your needs. The laptop supports all HP docks. Various docks offer various inputs/outputs. Some offer extra USB and HDMI ports, while others may offer Ethernet and VGA ones. Identifying your needs will help you choose the correct dock.\nHope this helps"}, {"question": "Could you recommend a pen model to use on laptop's screen?", "answer": "Dear Marco,\nYou may use the following pen with your HP Pavilion:\n\u2026 see more"}, {"question": "Does this laptop support miracast?", "answer": "Dear Nancy,\nAccording to HP, all laptops that come with Windows 10 pre-installed support Miracast. This laptop does in fact come with Windows 10 out of the box. So it must support Miracast\nHope this helsp"}, {"question": "Whats the difference between Windows 10. Home and regular windows 10?", "answer": "If you mean windows home and or windows 10 pro is the price . Windows home is $119 while pro is $199.Windows home is for personal use while pro is for professionals who need more ram and more features ."}, {"question": "Is the 12gb ram/512gb version upgradable to more ram and/or storage?", "answer": "Dear MPMom,\nThis laptop comes with a single DIMM slot, which is occupied by an 8Gb module (4Gb are soldered to the motherboard). If you are to upgrade the RAM, you will need to remove the 8Gb module.\nAs for the SSD, yes, 2.5\" bay is available for upgrades. \u2026 see more"}, {"question": "What is the hp model no for core i5-1035g1 12gb 512gb ?", "answer": "Dear Anoop,\nIt is 15-cs3153cl\nHope this helps"}, {"question": "Can you change the color of the backlit keyboard?", "answer": "If you mean the color of the back lighting, no."}, {"question": "Setting up an hp 2709 monitor it via hdmi. i can see the laptop screen on the 2709 but it cuts off most off taskbar and edges. suggestions? thx", "answer": "Dear Valerie,\nBy the symptoms of your problem, it appears that the screen resolution is set to one not supported by the external display. Try changing the resolution. Right mouse click, Screen Resolution, and follow the prompts.\nHope this helps"}, {"question": "Does it support Autocad?", "answer": "Dear Amalia,\nYes, you may run AutoCAD on this laptop.\nHope this helps"}], "time": ["09/04/2021 19:22:55"], "reviewsCountInfo": {"expRevCount": 60, "actRevCount": 60, "nonEnglishRevCount": 11}, "scrapperInfo": {"Version": "1.3.2", "Released Date": "08/04/2021"}, "productURL": "https://www.amazon.com/gp/product/B087SD98F4", "ASIN": "B087SD98F4", "title": "HP Pavilion 15-CS Intel i5-1035G1 12GB 512GB SSD 15.6-Inch Full HD WLED Touch Screen Laptop", "manufacturer": " HP Store", "currentPrice": "$694.80", "rating": "4.6", "totalRatings": "351 "}