{"features": ["15.6\" HD LED Display (1366 x 768), SVA, BrightView, micro-dge, WLED-backlit.", "Intel Quad Core Pentium Silver Processor N5000 (1.1GHz, up to 2.7GHz)", "4GB DDR4-2400 Memory; 128GB SSD.", "Intel UHD Gaphics 605, HDMI, HD Webcam, DTS Studio Sound, Intel HD Graphics 620", "1 USB 2.0, 2 USB 3.1, 1 802.11a/b/g/n/ac, Win 10 Home 64-bits, weighs 3.95 lbs."], "reviewsAspects": ["battery life", "easy to set", "screen quality", "waste of money", "highly recommend", "anything like", "good price", "works great", "new laptop", "far so good", "good screen", "great laptop", "mode"], "productInformation": [{"\nASIN\n": "\nB0894DBTRV\n", "Customer Reviews": "\n\n\n\n\n\n\n4.5 out of 5 stars\n\n\n\n\n\n\n\n\n1,058 ratings\n\n\n\n\n\n\n4.5 out of 5 stars\n", "\nBest Sellers Rank\n": "\n\n#258 in Computers & Accessories (See Top 100 in Computers & Accessories)\n\n#26 in Traditional Laptop Computers\n\n\n", "\nDate First Available\n": "\nMay 25, 2020\n"}], "productDescription": "Product description\nDesigned to keep you productive and entertained from anywhere, the HP Laptop 15-dw0083wm combines a sleek and portable design and up to 10 hours and 45 minutes of battery life\u2014plus, when you run low, you can go from 0 to 50% charge in approximately 45 minutes with HP Fast Charge. Featuring a 15.6-inch diagonal micro-bezel HD Brightview display (with screen-to-body ratio of 81%), Intel Pentium Silver processor and UHD graphics, 4 GB SDRAM and 128 GB solid state drive, this notebook PC is powerful enough for your busiest days. The HP TrueVision HD Camera with integrated dual-array digital microphones, plus tuned stereo speakers, enable video chatting with vibrant clarity, even in low light. Weighing under four pounds, this thin, light, scarlet red laptop is easy to take from your family room to your home office or on the road.", "reviews": [{"reviewerName": "Kathleen Higgins", "reviewerUrl": "https://www.amazon.com/gp/profile/amzn1.account.AHXGI7AJ4D2P75XIYD5NXCHCDRCQ/ref=cm_cr_getr_d_gw_btm?ie=UTF8", "rating": "5.0 out of 5 stars", "reviewTitle": "Good machine for the price", "reviewDate": "April 4, 2021", "reviewText": "\"  Like everything except battery life..doesnt hold a full charge for very long.\"", "is_Helpful": ""}, {"reviewerName": "James", "reviewerUrl": "https://www.amazon.com/gp/profile/amzn1.account.AGBLSWPD7NVKJI2BS4O4OQJGVKUQ/ref=cm_cr_getr_d_gw_btm?ie=UTF8", "rating": "1.0 out of 5 stars", "reviewTitle": "Disappointed", "reviewDate": "April 2, 2021", "reviewText": "  I purchased the computer 20 Dec 2020 as a Christmas present for my daughter. Well it crashed today. Hopefully the factory warranty will cover it. I purchased a Toshiba computer in 2012 and it still works. Probably want buy a HP again.", "is_Helpful": ""}, {"reviewerName": "dmh", "reviewerUrl": "https://www.amazon.com/gp/profile/amzn1.account.AFXBPO7GBWHSBN5W4CFQUYMXRHMA/ref=cm_cr_getr_d_gw_btm?ie=UTF8", "rating": "5.0 out of 5 stars", "reviewTitle": "\"Its Red and made a wonderful Valentines Day gift !!\"", "reviewDate": "April 1, 2021", "reviewText": "  My sweetie was using my old laptop and it was dying fast.  He needed a new laptop and this one has worked out really well.  He likes it and uses it multiple times a day.  Ease of use, easily to read and navigate, just what he needed !!!", "is_Helpful": ""}, {"reviewerName": "michael kipling", "reviewerUrl": "N/A", "rating": "5.0 out of 5 stars", "reviewTitle": "        , Great value,", "reviewDate": "April 1, 2021", "reviewText": "  Just what the wife wanted", "is_Helpful": ""}, {"reviewerName": "Stacy Santos", "reviewerUrl": "https://www.amazon.com/gp/profile/amzn1.account.AEK2YHCGU5TOGN3T736F7AUHEOXA/ref=cm_cr_getr_d_gw_btm?ie=UTF8", "rating": "5.0 out of 5 stars", "reviewTitle": "Great computer and pretty color", "reviewDate": "March 28, 2021", "reviewText": "  Daughter loves it. It was delivered quickly and just as described. East set up. She uses it for high school and no complaints yet.", "is_Helpful": ""}, {"reviewerName": "Sam", "reviewerUrl": "https://www.amazon.com/gp/profile/amzn1.account.AEDTSNCP5O7RWE7FPQ4ZTJJNN72A/ref=cm_cr_getr_d_gw_btm?ie=UTF8", "rating": "5.0 out of 5 stars", "reviewTitle": "Good for the price", "reviewDate": "March 27, 2021", "reviewText": "  Love the machine. Great for doing what I do with it which is just surfing the Internet ordering parts things like that. The keys on the keyboard are very close in color that is too close to the silver on the key. So it\u2019s a little harder to see their numbers. Not a good typer.", "is_Helpful": ""}, {"reviewerName": "Carlos Mancilla", "reviewerUrl": "https://www.amazon.com/gp/profile/amzn1.account.AEWVAOXANH7VY5HWSJC4QVALPCBA/ref=cm_cr_getr_d_gw_btm?ie=UTF8", "rating": "5.0 out of 5 stars", "reviewTitle": "Good Quality Great Brand and Save Money", "reviewDate": "March 25, 2021", "reviewText": "  Thanks totally satisfied", "is_Helpful": ""}, {"reviewerName": "LINDA HALL", "reviewerUrl": "https://www.amazon.com/gp/profile/amzn1.account.AGFR67WCC6KXBFYREQF4V7JFVZJQ/ref=cm_cr_getr_d_gw_btm?ie=UTF8", "rating": "5.0 out of 5 stars", "reviewTitle": "Linda Hall", "reviewDate": "March 25, 2021", "reviewText": "  I love the large screen the length of battery life and the colors it performs very well.", "is_Helpful": ""}, {"reviewerName": "Annie", "reviewerUrl": "https://www.amazon.com/gp/profile/amzn1.account.AGJNHACLKT5VDBDRBGU2WECIDRUQ/ref=cm_cr_getr_d_gw_btm?ie=UTF8", "rating": "5.0 out of 5 stars", "reviewTitle": "Pretty Decent", "reviewDate": "March 25, 2021", "reviewText": "  Though this laptop came in s mode you can easily take it out of s mode. The battery lasts a decent length and you can game on it without too many problems. I do not knoe the extent of games that can be played on here and I doubt it can handle hardcore high requirement games but that isnt what this laptop is meant for. You get a decently fast computer that can handle a number of things for a pretty good price. C:", "is_Helpful": ""}, {"reviewerName": "Jacob", "reviewerUrl": "https://www.amazon.com/gp/profile/amzn1.account.AESVN7APYCWAY6FXL7BGBHESYDNQ/ref=cm_cr_getr_d_gw_btm?ie=UTF8", "rating": "5.0 out of 5 stars", "reviewTitle": "Everything they say about the product is right.", "reviewDate": "March 25, 2021", "reviewText": "  All the one stars suck. I was reading them and they are honestly a waste to read because they are simple known facts or malfunctions when you can send the package back \ud83e\udd21. I can say everything they described this laptop to be it is. Works great controls are easy it\u2019s simple everything works right keys are decent and visible. Theirs many extra perks with it. Gotta say this truly is an amazing product. To you \ud83e\udd21 stop being dumb.", "is_Helpful": ""}, {"reviewerName": "Kenneth Hernandez", "reviewerUrl": "https://www.amazon.com/gp/profile/amzn1.account.AGFP4JHR7XNNGJYZ7IR2EYKUZFJA/ref=cm_cr_getr_d_gw_btm?ie=UTF8", "rating": "5.0 out of 5 stars", "reviewTitle": "Computer", "reviewDate": "March 25, 2021", "reviewText": "  The screen quality is awesome. I use it for college.", "is_Helpful": ""}, {"reviewerName": "HONG ", "reviewerUrl": "N/A", "rating": "5.0 out of 5 stars", "reviewTitle": "        , My wife likes it very much,", "reviewDate": "March 24, 2021", "reviewText": "  Satisfactory purchase.", "is_Helpful": ""}, {"reviewerName": "Kerene C.", "reviewerUrl": "https://www.amazon.com/gp/profile/amzn1.account.AHMTMVFPDQBJTR2QIMPQ2LWOZRTA/ref=cm_cr_getr_d_gw_btm?ie=UTF8", "rating": "5.0 out of 5 stars", "reviewTitle": "A must buy", "reviewDate": "March 20, 2021", "reviewText": "  Better than I thought", "is_Helpful": ""}, {"reviewerName": "Natalie Marin", "reviewerUrl": "https://www.amazon.com/gp/profile/amzn1.account.AHUXSBKEUU5A65S7MAAQFLCZX5ZA/ref=cm_cr_getr_d_gw_btm?ie=UTF8", "rating": "1.0 out of 5 stars", "reviewTitle": "Bad microphone", "reviewDate": "March 19, 2021", "reviewText": "  Microphone is horrible. Teachers can\u2019t hear my daughter during virtual classes which is what she needed it for", "is_Helpful": ""}, {"reviewerName": "Leslie and Mark ", "reviewerUrl": "https://www.amazon.com/gp/profile/amzn1.account.AH4GMBKDLINTFFXCJ2EBZMCPXPRA/ref=cm_cr_getr_d_gw_btm?ie=UTF8", "rating": "5.0 out of 5 stars", "reviewTitle": "Surprisingly Happy", "reviewDate": "March 18, 2021", "reviewText": "  I haven\u2019t purchased a non apple computer in over a decade, but I needed a Windows laptop for a work project. For $350 I got a computer that boots as fast as my MacBook and does everything I needed. The only flaw so far is the lack of backlit keyboard.", "is_Helpful": ""}, {"reviewerName": "S. SAVER", "reviewerUrl": "https://www.amazon.com/gp/profile/amzn1.account.AE2RSWKW5EBJ3YMDFN2642CTVCPA/ref=cm_cr_getr_d_gw_btm?ie=UTF8", "rating": "5.0 out of 5 stars", "reviewTitle": "This Laptop is beautiful!", "reviewDate": "March 16, 2021", "reviewText": "\"  The only thing I wish it had was more internal memory. When I loaded ACDSee 2021 It took up half of my drive. Cant complain though. The program has everything imaginable. Its the only program I will ever need.\", I guess thats why HP made room for USB ports, etc...., \"I sure hope its touch pad works out okay. HP doesnt have a good history. This HP fits in with all of my other HP products!\"", "is_Helpful": ""}, {"reviewerName": "Timothy Dwyer", "reviewerUrl": "https://www.amazon.com/gp/profile/amzn1.account.AHL3XM5LJLDQ74PR5ZY35PG64WWA/ref=cm_cr_getr_d_gw_btm?ie=UTF8", "rating": "5.0 out of 5 stars", "reviewTitle": "Great Laptop", "reviewDate": "March 13, 2021", "reviewText": "  Hi This is a Great Laptop, However it lists it as a HP Pavilion with Silver N5000 4Gb  and its not! This is a HP/Regular College/Home Laptop", "is_Helpful": ""}, {"reviewerName": "JUSTINEBK", "reviewerUrl": "N/A", "rating": "3.0 out of 5 stars", "reviewTitle": "        , \"Dont buy from Canadian Deals seller\",", "reviewDate": "March 12, 2021", "reviewText": "\"  I was satisfied with the pc itself (so far) but disappointed that the seller Canadian deals would not match the other sellers prices. I asked to get a refund of the difference and they flat out said no....like I would have even appreciated if they met in the middle and returned some money but no. I dont like dealing with companies like that. Go with another seller not Canadian deals seller.\"", "is_Helpful": "3 people found this helpful"}, {"reviewerName": "rene fernandez", "reviewerUrl": "https://www.amazon.com/gp/profile/amzn1.account.AERBXVNA4A3VWE24TD2OQ44TVGVA/ref=cm_cr_getr_d_gw_btm?ie=UTF8", "rating": "5.0 out of 5 stars", "reviewTitle": "Happy with purchase", "reviewDate": "March 9, 2021", "reviewText": "  Arrived quickly and seems like a great computer", "is_Helpful": ""}, {"reviewerName": "Shachar", "reviewerUrl": "https://www.amazon.com/gp/profile/amzn1.account.AHMMWHZUNTB2FIK5GHI5SX5K73YQ/ref=cm_cr_getr_d_gw_btm?ie=UTF8", "rating": "4.0 out of 5 stars", "reviewTitle": "Good laptop - S mode is annoying", "reviewDate": "March 8, 2021", "reviewText": "  In setting it says you could go to windows store and download something to cancel the \"s mode\". Yet, searching for it in the store I couldn\\t find any such application., Otherwise the laptop looks good, has a fast start and shut down, battery is good., Screen resolution is not the best but acceptable.", "is_Helpful": ""}, {"reviewerName": "Wilbur H. Daley, jr", "reviewerUrl": "https://www.amazon.com/gp/profile/amzn1.account.AFEKZYT4ACGFGT3OUS2I6DBHBAPA/ref=cm_cr_getr_d_gw_btm?ie=UTF8", "rating": "1.0 out of 5 stars", "reviewTitle": "Not for visually impaired. Charged $61.94 restocking fee by seller! Absurd!!", "reviewDate": "March 7, 2021", "reviewText": "\"  Letters/numbers blend in with keys. There is no contrast. Extremely difficult to see. Wife and I are in our 70s with below average eyesight. Probably a good computer. Main reason for low rating we were charged a $61.94 restocking fee!!! Seller should have included in description this was not a high contrast white on black keyboard.\"", "is_Helpful": ""}, {"reviewerName": "David Piersee", "reviewerUrl": "https://www.amazon.com/gp/profile/amzn1.account.AFEYGEIZ2FZ6MKKITWKT3VN2ZDTA/ref=cm_cr_getr_d_gw_btm?ie=UTF8", "rating": "5.0 out of 5 stars", "reviewTitle": "Good laptop for your student.", "reviewDate": "March 7, 2021", "reviewText": "  Lightweight, great screen quality, and very Lightweight.", "is_Helpful": ""}, {"reviewerName": "Amazon Customer", "reviewerUrl": "https://www.amazon.com/gp/profile/amzn1.account.AGK77UC4AIGJAPNDXGT5IPVAO6PQ/ref=cm_cr_getr_d_gw_btm?ie=UTF8", "rating": "1.0 out of 5 stars", "reviewTitle": "Only windows 10S, no product key", "reviewDate": "March 7, 2021", "reviewText": "\"  Unable to move to windows 10 home, no product key in the packaging.  Replacement had same problem.  Unless you only need windows safe mode, dont buy\"", "is_Helpful": ""}, {"reviewerName": "Mark S", "reviewerUrl": "https://www.amazon.com/gp/profile/amzn1.account.AEQTGDS6F53UJ32Y6URSNI4ZPGXA/ref=cm_cr_getr_d_gw_btm?ie=UTF8", "rating": "4.0 out of 5 stars", "reviewTitle": "fine", "reviewDate": "March 5, 2021", "reviewText": "  exactly as described", "is_Helpful": ""}, {"reviewerName": "Howard  Estill", "reviewerUrl": "https://www.amazon.com/gp/profile/amzn1.account.AHLQYLGDGUIICW7UV7TSNDTKFVFQ/ref=cm_cr_getr_d_gw_btm?ie=UTF8", "rating": "2.0 out of 5 stars", "reviewTitle": "This is  a  piece of Crap", "reviewDate": "March 3, 2021", "reviewText": "  Brought  this item 12 days ago, Shipping  great and  thats it.  Warning  this is not  Windows 10.  Would not accept a Chrome install.  died second day and  Then  was  charged a 69.00 return fee.  What  does this  say about  the  returns.  Dont  waste  you money  and  then lose some  on  the  return.", "is_Helpful": "One person found this helpful"}, {"reviewerName": "Robert Tyler", "reviewerUrl": "https://www.amazon.com/gp/profile/amzn1.account.AFQU22AXLSMLCEU5BNJ4NKJL5OLA/ref=cm_cr_getr_d_gw_btm?ie=UTF8", "rating": "1.0 out of 5 stars", "reviewTitle": "1st return ever", "reviewDate": "March 1, 2021", "reviewText": "  Absolutely a PIECE OF GARBAGE!! It is awful, slow, returning it right now!!! Terrible purchase, first time ever had to return anything from Amazon...G A R B A G E", "is_Helpful": ""}, {"reviewerName": "G. Richardson", "reviewerUrl": "https://www.amazon.com/gp/profile/amzn1.account.AF5SBT3RXU72XV2PCDXGYMAKANTA/ref=cm_cr_getr_d_gw_btm?ie=UTF8", "rating": "5.0 out of 5 stars", "reviewTitle": "Great laptop buy.", "reviewDate": "February 28, 2021", "reviewText": "  Absolutely great laptop, fast and reliable.", "is_Helpful": ""}, {"reviewerName": "Christopher S Hayden ", "reviewerUrl": "https://www.amazon.com/gp/profile/amzn1.account.AFZZZRIMNGSQRQZ4Q4SJZ4EDDUOA/ref=cm_cr_getr_d_gw_btm?ie=UTF8", "rating": "5.0 out of 5 stars", "reviewTitle": "Wow", "reviewDate": "February 28, 2021", "reviewText": "  Great straight out of the box performance. Set up is quick and switching out of S mode was extremely simple. I highly recommend this laptop", "is_Helpful": ""}, {"reviewerName": "Gregory", "reviewerUrl": "https://www.amazon.com/gp/profile/amzn1.account.AEIGB6JAFFVTCRJNUI4T6KGF6JXQ/ref=cm_cr_getr_d_gw_btm?ie=UTF8", "rating": "5.0 out of 5 stars", "reviewTitle": "Worth Every Penny", "reviewDate": "February 27, 2021", "reviewText": "  (This is the review from my wife and this was a gift for her), While researching, I saw a laptop similar to this one for double the cost. My best friend who is a tech expert told me exactly what I should get for what I needed to do. I visited the major computer retailer and they were asking in excess of $$$$... My tech bestie recommended this product and I love it! Syncs with my HP desktop with ease. Would definitely recommend.", "is_Helpful": ""}, {"reviewerName": "Michele", "reviewerUrl": "https://www.amazon.com/gp/profile/amzn1.account.AEK7WB7HLDFWXFBD2UO3YFEU5LWQ/ref=cm_cr_getr_d_gw_btm?ie=UTF8", "rating": "5.0 out of 5 stars", "reviewTitle": "Awesome laptop", "reviewDate": "February 23, 2021", "reviewText": "  So far this has been running great. Screen quality is great, fast and user friendly", "is_Helpful": ""}, {"reviewerName": "Thuy c.", "reviewerUrl": "https://www.amazon.com/gp/profile/amzn1.account.AFLDC4XGCZXPSJY5OHMSFPFMK44Q/ref=cm_cr_getr_d_gw_btm?ie=UTF8", "rating": "5.0 out of 5 stars", "reviewTitle": "Very good", "reviewDate": "February 22, 2021", "reviewText": "  Good!!", "is_Helpful": ""}, {"reviewerName": "quanisha", "reviewerUrl": "https://www.amazon.com/gp/profile/amzn1.account.AGRO52TT56CJOUF4GZ5IR6FTVE2Q/ref=cm_cr_getr_d_gw_btm?ie=UTF8", "rating": "1.0 out of 5 stars", "reviewTitle": "Purchase insurance", "reviewDate": "February 22, 2021", "reviewText": "  First day of use was 12/25/2020 and the motherboard already went on it. Very disappointed \ud83d\ude1e  this was a new laptop for my daughter who needed it for school", "is_Helpful": ""}, {"reviewerName": "Veronica", "reviewerUrl": "https://www.amazon.com/gp/profile/amzn1.account.AEYBLFI2YLEIFZDMLOVUQHJFJYPQ/ref=cm_cr_getr_d_gw_btm?ie=UTF8", "rating": "4.0 out of 5 stars", "reviewTitle": "I love the color", "reviewDate": "February 21, 2021", "reviewText": "  The only thing is the review on information on the HP laptop mentioned 128gb of space but when received laptop it not as mentioned in the description", "is_Helpful": ""}, {"reviewerName": "gary  p", "reviewerUrl": "https://www.amazon.com/gp/profile/amzn1.account.AHXLFL2IITSBY4JLFGWVWSLCOSBA/ref=cm_cr_getr_d_gw_btm?ie=UTF8", "rating": "5.0 out of 5 stars", "reviewTitle": "Good Price", "reviewDate": "February 20, 2021", "reviewText": "  Replaced 4-year-old HP with this one, seems to be as good as the last one. I am completely satisfied with the delivery, price, performance, etc...", "is_Helpful": ""}, {"reviewerName": "Bianca Gaskins", "reviewerUrl": "https://www.amazon.com/gp/profile/amzn1.account.AFDUZ7TCQSD25OZYYIXJUH4YUCNQ/ref=cm_cr_getr_d_gw_btm?ie=UTF8", "rating": "5.0 out of 5 stars", "reviewTitle": "Love this computer", "reviewDate": "February 20, 2021", "reviewText": "  I like about this computer because it very clear and high definition. I love it. I don\u2019t have any problems with it.", "is_Helpful": ""}, {"reviewerName": "Amazon Customer", "reviewerUrl": "N/A", "rating": "5.0 out of 5 stars", "reviewTitle": "        , very happy,", "reviewDate": "February 19, 2021", "reviewText": "  very happy", "is_Helpful": ""}, {"reviewerName": "Peter Tomaino", "reviewerUrl": "https://www.amazon.com/gp/profile/amzn1.account.AHARQNHFO2QVCROB53UXPL4GLR5A/ref=cm_cr_getr_d_gw_btm?ie=UTF8", "rating": "5.0 out of 5 stars", "reviewTitle": "great computer", "reviewDate": "February 19, 2021", "reviewText": "  I loved and great price", "is_Helpful": ""}, {"reviewerName": "Tremayne moore", "reviewerUrl": "https://www.amazon.com/gp/profile/amzn1.account.AEUCJLXYV27FHMAX7YWE7SAWRNVQ/ref=cm_cr_getr_d_gw_btm?ie=UTF8", "rating": "5.0 out of 5 stars", "reviewTitle": "My greatest purchase", "reviewDate": "February 19, 2021", "reviewText": "  This laptop is actually really amazing with battery life and personal information protection. if you\u2019re a movie lover who loves to watch movies online this is perfect the screen quality is gorgeous. it\u2019s very light weight so it\u2019s easy to travel and move around with despite it being a regular size laptop", "is_Helpful": "3 people found this helpful"}, {"reviewerName": "Amazon Customer", "reviewerUrl": "https://www.amazon.com/gp/profile/amzn1.account.AEKVMS4LI7BCDRZO2IFIWBOU3KSA/ref=cm_cr_getr_d_gw_btm?ie=UTF8", "rating": "1.0 out of 5 stars", "reviewTitle": "NO BACKLIT KEYBOARD", "reviewDate": "February 19, 2021", "reviewText": "  The computer does not come with a backlit keyboard as pictured in the item sale. Thank you for falsely advertising. Most of my work is done at night so I appreciate you making me look for another computer after spending a week to find a get this.", "is_Helpful": ""}, {"reviewerName": "FONT D. WALTER", "reviewerUrl": "https://www.amazon.com/gp/profile/amzn1.account.AEWFKCWQNV54H663DMXGF63AOKGA/ref=cm_cr_getr_d_gw_btm?ie=UTF8", "rating": "5.0 out of 5 stars", "reviewTitle": "Get it", "reviewDate": "February 18, 2021", "reviewText": "  Way bigger and faster then the last laptop i got worth the money", "is_Helpful": ""}, {"reviewerName": "Mrs. Kimmel", "reviewerUrl": "https://www.amazon.com/gp/profile/amzn1.account.AHE5WMPMVAYDZULM2CZOP3V6D3EA/ref=cm_cr_getr_d_gw_btm?ie=UTF8", "rating": "1.0 out of 5 stars", "reviewTitle": "Don\u2019t waste your money", "reviewDate": "February 16, 2021", "reviewText": "  I purchased this laptop for days I need to work from home. I\u2019ve used it less than a dozen times since I purchased it now the thing won\u2019t work. It went black on me, I can hear it trying to load/run but nothing, just a black screen. This is definitely a you get what you pay for laptop.", "is_Helpful": "One person found this helpful"}, {"reviewerName": "Debbie Hill", "reviewerUrl": "https://www.amazon.com/gp/profile/amzn1.account.AGAGM2ZVPK6P244MAG2Y2FMVJMMA/ref=cm_cr_getr_d_gw_btm?ie=UTF8", "rating": "5.0 out of 5 stars", "reviewTitle": "Great Laptop", "reviewDate": "February 16, 2021", "reviewText": "  I had to replace a 10 year old laptop and did not want to spend much.  This is a great working one and does not cost a lot money.  It was so easy to set up I would buy it again.", "is_Helpful": ""}, {"reviewerName": "John Kennedy", "reviewerUrl": "https://www.amazon.com/gp/profile/amzn1.account.AFXTDR45K3V2ZDFACOIAUFIHZ5JA/ref=cm_cr_getr_d_gw_btm?ie=UTF8", "rating": "4.0 out of 5 stars", "reviewTitle": "laptop ok", "reviewDate": "February 15, 2021", "reviewText": "  keys are hard to read", "is_Helpful": ""}, {"reviewerName": "michael duga", "reviewerUrl": "https://www.amazon.com/gp/profile/amzn1.account.AEW623QWD2FEPCOKAGHWA36DPIQQ/ref=cm_cr_getr_d_gw_btm?ie=UTF8", "rating": "5.0 out of 5 stars", "reviewTitle": "Great product.", "reviewDate": "February 15, 2021", "reviewText": "  Great product.", "is_Helpful": ""}, {"reviewerName": "domonique barlow", "reviewerUrl": "https://www.amazon.com/gp/profile/amzn1.account.AF3QZ6HK36Y3QMMUPYTNCDEW7WDQ/ref=cm_cr_getr_d_gw_btm?ie=UTF8", "rating": "1.0 out of 5 stars", "reviewTitle": "Very pretty color", "reviewDate": "February 14, 2021", "reviewText": "  Crashed after setting it up. Wouldn\u2019t recommend, got a refund.", "is_Helpful": "2 people found this helpful"}, {"reviewerName": "Sydney", "reviewerUrl": "https://www.amazon.com/gp/profile/amzn1.account.AFSRDQXTZGRQDWR7NW5ZRU6ZDCAA/ref=cm_cr_getr_d_gw_btm?ie=UTF8", "rating": "1.0 out of 5 stars", "reviewTitle": "Huge regret. Waste of time & waste of money.", "reviewDate": "February 14, 2021", "reviewText": "  I bought this HP to replace my old HP that I received in 2015. This laptop was strictly going to be for school work only, no games or anything like that. I\u2019ve only had it for a week and it is INSANE how slow it is! It takes about 5 minutes for it to do ANYTHING!! It should NOT take 5 minutes for Google Chrome or Microsoft Edge to load!!!!!! I literally just wanted to use it to write Word documents and it\u2019s hardly capable of doing that!!! I\u2019ve never had a laptop this slow before, I regret buying it. Big waste of time, big waste of money.", "is_Helpful": "3 people found this helpful"}, {"reviewerName": "Luis", "reviewerUrl": "https://www.amazon.com/gp/profile/amzn1.account.AG5MCVELAVG75IW3JA2HAQF2GHAA/ref=cm_cr_getr_d_gw_btm?ie=UTF8", "rating": "1.0 out of 5 stars", "reviewTitle": "Laptop only worked for 2 months", "reviewDate": "February 13, 2021", "reviewText": "  Computer out of nowhere turned off and does not want to turn on. Please stay away from buying this product.", "is_Helpful": "One person found this helpful"}, {"reviewerName": "Chelbie Whittle", "reviewerUrl": "https://www.amazon.com/gp/profile/amzn1.account.AE7JNBF4XMTODLQ6HW2DA5IUCAIQ/ref=cm_cr_getr_d_gw_btm?ie=UTF8", "rating": "1.0 out of 5 stars", "reviewTitle": "DO NOT BUY THIS!", "reviewDate": "February 12, 2021", "reviewText": "  DO NOT BUY THIS! I bought this for laptop for school. The reviews seemed good but, it is completely broken and won\u2019t turn on after using it for only a little over a month. I also can\u2019t return because it\u2019s over 30 days. Now I have three papers due this weekend and no way to finish them unless I drive 45 minutes to school. I should have used my Christmas money on something better. There are better laptops out there from more reputable sources.", "is_Helpful": "4 people found this helpful"}, {"reviewerName": "Ann", "reviewerUrl": "https://www.amazon.com/gp/profile/amzn1.account.AFDY7DH5DAZ2Y4CMOMPWXLOWAGGQ/ref=cm_cr_getr_d_gw_btm?ie=UTF8", "rating": "1.0 out of 5 stars", "reviewTitle": "Junk laptop", "reviewDate": "February 11, 2021", "reviewText": "  DO NOT PURCHASE!!! We have had so many issues and it\u2019s been only two months!!!! It was a Christmas gift for my daughter to do her online school now we have nothing. I would never recommend this laptop it will stop working the moment you need it most.", "is_Helpful": "4 people found this helpful"}, {"reviewerName": "RUDY HABIB", "reviewerUrl": "https://www.amazon.com/gp/profile/amzn1.account.AFALCQ2AEUWIGS2O62XYN7XGYNUQ/ref=cm_cr_getr_d_gw_btm?ie=UTF8", "rating": "1.0 out of 5 stars", "reviewTitle": "lasted 2 months.", "reviewDate": "February 10, 2021", "reviewText": "  lasted 2 months. after a windows update it wouldn\u2019t turn on. nothing worked to power back on this laptop. what a waste.", "is_Helpful": "3 people found this helpful"}, {"reviewerName": "Sam Wallace", "reviewerUrl": "https://www.amazon.com/gp/profile/amzn1.account.AGZONWBDU4Z3XSDQ5LO7JNRZZMWA/ref=cm_cr_arp_d_gw_btm?ie=UTF8", "rating": "1.0 out of 5 stars", "reviewTitle": "Disappointed and Annoyed", "reviewDate": "February 9, 2021", "reviewText": "  (Received 2/5/2021) I am currently typing this review from my phone...why?  Because after completing an HP update that I did not schedule the laptop now will not turn on at all. The laptop is getting power because the light near the power cord is lit. After contacting HP for some tech support I was advised to contact Amazon for an exchange or refund. I am very annoyed at the fact that in less than a week the laptop stopped working and equally annoyed at the process I have to go through to return the item. I will now spend the extra money and get a MacBook Pro.", "is_Helpful": "9 people found this helpful"}, {"reviewerName": "Pankaj k Sinha", "reviewerUrl": "https://www.amazon.com/gp/profile/amzn1.account.AGIDZJM6TZDCDA2SWBOCTGCZPPTA/ref=cm_cr_getr_d_gw_btm?ie=UTF8", "rating": "5.0 out of 5 stars", "reviewTitle": "worth for the price", "reviewDate": "February 9, 2021", "reviewText": "  bought for my son who is in grade 3. he is enjoying it. joining zoom class, working on school project  and playing videogames.", "is_Helpful": "One person found this helpful"}, {"reviewerName": "Morrell Eric Richard Jones", "reviewerUrl": "https://www.amazon.com/gp/profile/amzn1.account.AEICJLNEFZE6W3RMC5RNOTKKPRXA/ref=cm_cr_getr_d_gw_btm?ie=UTF8", "rating": "5.0 out of 5 stars", "reviewTitle": "Good affordable and upgradable laptop for travel", "reviewDate": "February 8, 2021", "reviewText": "  So far, great laptop, easy for future upgrading", "is_Helpful": ""}, {"reviewerName": "kathleen m altier", "reviewerUrl": "https://www.amazon.com/gp/profile/amzn1.account.AHTJKNXGGKONXEEXKAJL6RN4TWZA/ref=cm_cr_getr_d_gw_btm?ie=UTF8", "rating": "1.0 out of 5 stars", "reviewTitle": "do not buy", "reviewDate": "February 8, 2021", "reviewText": "  I had this computer for 3 months and it died. the company will not stand behind it product and neither will Amazon, I am out over 400.00 with no computer  Beware", "is_Helpful": "One person found this helpful"}, {"reviewerName": "Connie Spafford", "reviewerUrl": "https://www.amazon.com/gp/profile/amzn1.account.AETK7RAVM4P37GMA2D7WZA2MWNYA/ref=cm_cr_getr_d_gw_btm?ie=UTF8", "rating": "3.0 out of 5 stars", "reviewTitle": "newness", "reviewDate": "February 7, 2021", "reviewText": "\"  If you are not used to the bells and whistles that come with these new machines it is very confusing. Dont like one note at all.\"", "is_Helpful": ""}, {"reviewerName": "Naomi", "reviewerUrl": "https://www.amazon.com/gp/profile/amzn1.account.AHSQOICM2MNFA4377EY6G6JT6GBA/ref=cm_cr_getr_d_gw_btm?ie=UTF8", "rating": "4.0 out of 5 stars", "reviewTitle": "So far so good", "reviewDate": "February 7, 2021", "reviewText": "  Good screen quality and battery life. This lightweight laptop is perfect for research and online appointments. The only issue so far is the microphone does not pickup very well so during appointments it\u2019s hard for the person on the other side to hear what\u2019s being said.", "is_Helpful": ""}, {"reviewerName": "Kedar", "reviewerUrl": "https://www.amazon.com/gp/profile/amzn1.account.AH66BL2O4TMSUBTNUZTYTTZGTWUQ/ref=cm_cr_getr_d_gw_btm?ie=UTF8", "rating": "1.0 out of 5 stars", "reviewTitle": "\"Terrible computer, scam dont buy\"", "reviewDate": "February 6, 2021", "reviewText": "\"  I havent had this computer for 5 months and now the screen is black after it told me to update the computer,  completely dissatisfied.\"", "is_Helpful": ""}, {"reviewerName": "SmuuvGruuvMusic", "reviewerUrl": "https://www.amazon.com/gp/profile/amzn1.account.AE4N4BOQBROVFPKZB5OM3SWRO2OA/ref=cm_cr_getr_d_gw_btm?ie=UTF8", "rating": "5.0 out of 5 stars", "reviewTitle": "This computer is TRUTH!!!!", "reviewDate": "February 3, 2021", "reviewText": "\"  All specs are true to date, and its fast operating and easy, to turn off S mode to download unofficial apps is very easy and setup was Hassel free! Great price greater product, Highly recommend!!!\"", "is_Helpful": "3 people found this helpful"}, {"reviewerName": "Charity Shaia", "reviewerUrl": "https://www.amazon.com/gp/profile/amzn1.account.AH2JP7BH6XJ3DGELDIQ4AOU5G6CQ/ref=cm_cr_getr_d_gw_btm?ie=UTF8", "rating": "1.0 out of 5 stars", "reviewTitle": "Do not buy", "reviewDate": "February 2, 2021", "reviewText": "  Pos already broken", "is_Helpful": ""}, {"reviewerName": "Jude", "reviewerUrl": "https://www.amazon.com/gp/profile/amzn1.account.AFXBRMW5DRKWYLWF6ZZPXBLWJ43Q/ref=cm_cr_getr_d_gw_btm?ie=UTF8", "rating": "5.0 out of 5 stars", "reviewTitle": "Another great HP product!", "reviewDate": "January 30, 2021", "reviewText": "\"  Ive used HP computers for years! First a desktop, which I used for 5-6 yrs. And when I wanted to update in 2017 I decided on a laptop. I bought an HP and happily used it until 3 months ago, when I accidently spilled a glass of water on the keyboard! But at the time money was an issue, so I stupidly bought a cheap brand, and in the end I paid for it! It was so slow it took forever to do anything, like play games or just checking my email! So I returned that piece of crap, happily for a full refund from Amazon, and went back to HP. And I love it...its much faster and I love the 15.6 screen! Thank you MEI Products and Amazon!\"", "is_Helpful": ""}, {"reviewerName": "Geneva L.", "reviewerUrl": "https://www.amazon.com/gp/profile/amzn1.account.AHRDTWIDJUEKUSEIEJSVQ35LP6KQ/ref=cm_cr_getr_d_gw_btm?ie=UTF8", "rating": "5.0 out of 5 stars", "reviewTitle": "Perfect for us", "reviewDate": "January 28, 2021", "reviewText": "  We like everything about our new computer. Very sleek and lightweight", "is_Helpful": ""}, {"reviewerName": "The Void", "reviewerUrl": "https://www.amazon.com/gp/profile/amzn1.account.AGONDEP7CRAV6FIU4SZ3NQT43CNA/ref=cm_cr_getr_d_gw_btm?ie=UTF8", "rating": "4.0 out of 5 stars", "reviewTitle": "Good but issue with OS backup", "reviewDate": "January 27, 2021", "reviewText": "\"  I like this laptop but i wanted to help anyone who buys this. This doesnt come with any backup OS software. And since there is no DVD drive you cant make a backup disk of the OS. The OS does have a option to make a backup to a USB drive. That however doesnt work. You have to order the OS backup USB from HP for $70.  There is however an option on boot up to do a clean install that seems to work but then why would HP make you buy the backup USB.\"", "is_Helpful": "4 people found this helpful"}, {"reviewerName": "NAA", "reviewerUrl": "https://www.amazon.com/gp/profile/amzn1.account.AEOE3V62W3H2I2RCDFXF3H7L3XFQ/ref=cm_cr_getr_d_gw_btm?ie=UTF8", "rating": "3.0 out of 5 stars", "reviewTitle": "I cannot say it durable for sure", "reviewDate": "January 26, 2021", "reviewText": "  Sometimes we experienced a little little problems here and there", "is_Helpful": ""}, {"reviewerName": "cheryl james", "reviewerUrl": "https://www.amazon.com/gp/profile/amzn1.account.AGIA2H2GZZ76UF7HLP4EUOUZWIFQ/ref=cm_cr_getr_d_gw_btm?ie=UTF8", "rating": "5.0 out of 5 stars", "reviewTitle": "Summary", "reviewDate": "January 25, 2021", "reviewText": "  I love this laptop. Very easy to use. The large keys on the keyboard is a major plus. Its very slim and easy to handle. I love the color red!!", "is_Helpful": ""}, {"reviewerName": "Reginald Lawson", "reviewerUrl": "https://www.amazon.com/gp/profile/amzn1.account.AEECH6JJP3U4D7LK4YSIMD3277CA/ref=cm_cr_getr_d_gw_btm?ie=UTF8", "rating": "1.0 out of 5 stars", "reviewTitle": "Defective computer", "reviewDate": "January 25, 2021", "reviewText": "  This computer is defective, it turned on once then after that it never turned on again, im very disappointed", "is_Helpful": ""}, {"reviewerName": "Karen Rowe", "reviewerUrl": "https://www.amazon.com/gp/profile/amzn1.account.AHANLEN7SAAUBEEDFP7536DLKH4A/ref=cm_cr_getr_d_gw_btm?ie=UTF8", "rating": "2.0 out of 5 stars", "reviewTitle": "Shop before you buy.", "reviewDate": "January 21, 2021", "reviewText": "\"  Difficult to get my favorite Solitare.  Also, cant get Google on front menu.  And. Walmart has this item for $270.\"", "is_Helpful": "3 people found this helpful"}, {"reviewerName": "Vanessa liu", "reviewerUrl": "https://www.amazon.com/gp/profile/amzn1.account.AEZZTHXZL35RQXJHC5LR2FEXXMCQ/ref=cm_cr_getr_d_gw_btm?ie=UTF8", "rating": "5.0 out of 5 stars", "reviewTitle": "Good", "reviewDate": "January 18, 2021", "reviewText": "  So far so good, I bought it from my son to have zoom class, so not much requirement for this laptop.", "is_Helpful": "One person found this helpful"}, {"reviewerName": "noneckfroggy", "reviewerUrl": "https://www.amazon.com/gp/profile/amzn1.account.AF7S2TSRK3AE53IWGLWF7CKLV7YA/ref=cm_cr_getr_d_gw_btm?ie=UTF8", "rating": "5.0 out of 5 stars", "reviewTitle": "Great quality!", "reviewDate": "January 11, 2021", "reviewText": "\"  I love this laptop. Its lightweight and battery life is good. It loads up pronto when turned on. It works great for all my needs. And it was a breeze to set up.\"", "is_Helpful": "One person found this helpful"}, {"reviewerName": "Bonnie  L Rutherford", "reviewerUrl": "https://www.amazon.com/gp/profile/amzn1.account.AE4LP3NWK7MRL2LVPP5UB6ZFAAAA/ref=cm_cr_getr_d_gw_btm?ie=UTF8", "rating": "1.0 out of 5 stars", "reviewTitle": "COMPUTER RED", "reviewDate": "January 10, 2021", "reviewText": "\"  I gave it a one.  I havent been able to set it up.  I have been busy\"", "is_Helpful": ""}, {"reviewerName": "Kim crisp", "reviewerUrl": "https://www.amazon.com/gp/profile/amzn1.account.AFQEMFZIKAT4Q25LBKJRC3MYOJLA/ref=cm_cr_getr_d_gw_btm?ie=UTF8", "rating": "4.0 out of 5 stars", "reviewTitle": "Value", "reviewDate": "January 7, 2021", "reviewText": "  I got this for my husband. Easy to connect. Lightweight and excellent picture quality. I would buy this again.", "is_Helpful": ""}, {"reviewerName": "Harold Taylor", "reviewerUrl": "https://www.amazon.com/gp/profile/amzn1.account.AGDJ3EQFVOLJHRVRECYIEDRH3LZQ/ref=cm_cr_getr_d_gw_btm?ie=UTF8", "rating": "4.0 out of 5 stars", "reviewTitle": "My granddaughter is happy", "reviewDate": "January 6, 2021", "reviewText": "\"  I bought this for my granddaughter. No complaints from her, so none from me. Ill keep you posted.\"", "is_Helpful": ""}, {"reviewerName": "Eric Conrad", "reviewerUrl": "https://www.amazon.com/gp/profile/amzn1.account.AFN5KHQGTFQSHAQBTSXT5T436NPA/ref=cm_cr_getr_d_gw_btm?ie=UTF8", "rating": "5.0 out of 5 stars", "reviewTitle": "Great value", "reviewDate": "January 6, 2021", "reviewText": "  This is a good lower-cost laptop with good drive and ram size. My Best Buy for my college kid.", "is_Helpful": "One person found this helpful"}, {"reviewerName": "Amazon Customer", "reviewerUrl": "https://www.amazon.com/gp/profile/amzn1.account.AFLGUFHD2VQC2Y4K4A4IWFCFBINQ/ref=cm_cr_getr_d_gw_btm?ie=UTF8", "rating": "3.0 out of 5 stars", "reviewTitle": "BEWARE - This laptop came with Windows10 in S Mode installed. Not Windows 10 Home as advertised.", "reviewDate": "January 6, 2021", "reviewText": "\"  A main selling point for purchasing this laptop was that it was advertised as having Windows 10 Home. I deliberately avoided considering other laptops having Widows 10 in S Mode installed. Im not looking forward to now having to resolve this issue. Would have ranked higher if not for this issue.\"", "is_Helpful": "7 people found this helpful"}, {"reviewerName": "CONNIE LEONARD", "reviewerUrl": "https://www.amazon.com/gp/profile/amzn1.account.AFVMAYVLD3GYLZOGDN5E6H7IOGHA/ref=cm_cr_getr_d_gw_btm?ie=UTF8", "rating": "5.0 out of 5 stars", "reviewTitle": "Happy Buyer", "reviewDate": "January 5, 2021", "reviewText": "  Just right. I could not be more pleased. Good value", "is_Helpful": ""}, {"reviewerName": "linda l ameika", "reviewerUrl": "https://www.amazon.com/gp/profile/amzn1.account.AGKIRCX6XEYUQ33MOUJ3EKSNZAYA/ref=cm_cr_getr_d_gw_btm?ie=UTF8", "rating": "5.0 out of 5 stars", "reviewTitle": "Quality and pricing", "reviewDate": "January 2, 2021", "reviewText": "  Just the right size with excellent screen quality.  Easy to set up and a value for the money.", "is_Helpful": ""}, {"reviewerName": "thetentman", "reviewerUrl": "https://www.amazon.com/gp/profile/amzn1.account.AF6LCFDBY4TNEZBJARK6B2G3JSHQ/ref=cm_cr_arp_d_gw_btm?ie=UTF8", "rating": "4.0 out of 5 stars", "reviewTitle": "Love it", "reviewDate": "December 30, 2020", "reviewText": "\"  It has been just over a month since I got it. For what I do, email, read articles, shop, play poker, this is a great machine. It came within a reasonable time. My only complaint is that it comes with Windows 10 S. It says it comes with Windows 10 (check the chart), but it was in the S mode. It seemed simple to remove or shut off but it would not and after repeated attempts and some foul language at the Microsoft site, I appealed to their Community and went to bed. The second response the next day solved the issue and after following the prompts I was able to get it out of S mode. Props to the Microsoft Community. Now I can add any App (hello Chrome, bye Edge) I want regardless of Microsofts feelings. If the chart had been correct or this had come without the S Mode this would be a 5-star review.\", It is thin and has a large screen. It has a louder volume from the speakers than my older HP Pavillion. That is a good thing as the last one was not loud enough. It is also lighter than my last one and the battery lasts about 4x as long. If there is a fan I can not hear it, but there seems to be very little heat.  So far so good.", "is_Helpful": "32 people found this helpful"}, {"reviewerName": "Tom Duggan", "reviewerUrl": "https://www.amazon.com/gp/profile/amzn1.account.AEWKY4SSE5RMLKASLB7BJFBWOVAQ/ref=cm_cr_getr_d_gw_btm?ie=UTF8", "rating": "1.0 out of 5 stars", "reviewTitle": "This is not an HP pavillion", "reviewDate": "December 29, 2020", "reviewText": "  This laptop is not a pavillion- according to hp.,  Mine died within a month. This seller only offered me 10% back for This non-working, non-pavillion they sold me. Thanks for nothing.\"", "is_Helpful": "9 people found this helpful"}, {"reviewerName": "Alexis Darnell", "reviewerUrl": "https://www.amazon.com/gp/profile/amzn1.account.AHSFNSLMWX3GBNXEHDC6DJFXALJQ/ref=cm_cr_getr_d_gw_btm?ie=UTF8", "rating": "5.0 out of 5 stars", "reviewTitle": "it works well", "reviewDate": "December 29, 2020", "reviewText": "  i am already loving it and i will always love this thing", "is_Helpful": ""}, {"reviewerName": "Amazon Customer", "reviewerUrl": "https://www.amazon.com/gp/profile/amzn1.account.AHQNBZ44WECSLO6U37EOI4BX3B7Q/ref=cm_cr_getr_d_gw_btm?ie=UTF8", "rating": "5.0 out of 5 stars", "reviewTitle": "lightweight and easy set up", "reviewDate": "December 29, 2020", "reviewText": "\"  Right out of the box, so very easy to set up and get going.  Im a novice on the computer and I was able to get it going myself with the tutorial that came with it.  Love it!\"", "is_Helpful": ""}, {"reviewerName": "Rachael De Coteau", "reviewerUrl": "https://www.amazon.com/gp/profile/amzn1.account.AFRONN6H4SVXKJCTCFP2H7WH33SA/ref=cm_cr_getr_d_gw_btm?ie=UTF8", "rating": "5.0 out of 5 stars", "reviewTitle": "am satisfy with the computer", "reviewDate": "December 28, 2020", "reviewText": "  I love the color and it is not heavy but, cute", "is_Helpful": ""}, {"reviewerName": "Harry ", "reviewerUrl": "https://www.amazon.com/gp/profile/amzn1.account.AGY55N6253TWSFR4IMANKKRU6GEQ/ref=cm_cr_getr_d_gw_btm?ie=UTF8", "rating": "5.0 out of 5 stars", "reviewTitle": "Great value!", "reviewDate": "December 27, 2020", "reviewText": "  Excellent product!", "is_Helpful": ""}, {"reviewerName": "Ross Conkle", "reviewerUrl": "https://www.amazon.com/gp/profile/amzn1.account.AEB6SP74TLPFPZJMIBMZQUOK4GCQ/ref=cm_cr_getr_d_gw_btm?ie=UTF8", "rating": "5.0 out of 5 stars", "reviewTitle": "Great laptop", "reviewDate": "December 17, 2020", "reviewText": "  Great buy!!", "is_Helpful": "One person found this helpful"}, {"reviewerName": "Tela Rogers", "reviewerUrl": "https://www.amazon.com/gp/profile/amzn1.account.AFRU3PXOQXT6WXT3WUCDAZNHAPUQ/ref=cm_cr_getr_d_gw_btm?ie=UTF8", "rating": "5.0 out of 5 stars", "reviewTitle": "Came In Perfect Shape", "reviewDate": "December 16, 2020", "reviewText": "  Very good product, came in great condition with good packaging. Had instructions for a good setup as well. I recommend this a good laptop for school studies.", "is_Helpful": ""}, {"reviewerName": "Chris", "reviewerUrl": "https://www.amazon.com/gp/profile/amzn1.account.AEDMGKDG6BPDU6SP6QVDJEAYI7KA/ref=cm_cr_getr_d_gw_btm?ie=UTF8", "rating": "5.0 out of 5 stars", "reviewTitle": "Nice", "reviewDate": "December 14, 2020", "reviewText": "  Home", "is_Helpful": ""}, {"reviewerName": "Joseph M.", "reviewerUrl": "https://www.amazon.com/gp/profile/amzn1.account.AHLNVQNE3WWOQPJ62BC6I3VMJ56A/ref=cm_cr_arp_d_gw_btm?ie=UTF8", "rating": "5.0 out of 5 stars", "reviewTitle": "Love the red color, my daughter asked can I get pink?", "reviewDate": "December 7, 2020", "reviewText": "  I\u2019ve updated this their team  to do business with! I needed a new laptop to run a arcade style dance game. This laptop is loaded with everything and more than I need. When I had a couple questions they got back to me pretty quick with the needed answers. The price was fair. It seems seldom you get any kind of personal service on amazon, dehumanized most of time. These guys do a good job injecting some humanization back into the game. Lot of things are done through not releasing email addresses. I got direct response via my cellphone, I\u2019m not going to mention his or her name. They made very clear asking if I was happy with purchase, made my day, seldom do you get a response like that, and expressing concern if anything else I needed. Thanks!", "is_Helpful": "5 people found this helpful"}, {"reviewerName": "Amie", "reviewerUrl": "https://www.amazon.com/gp/profile/amzn1.account.AHZE6CEU4T5W4EOBV66NLENN4TOA/ref=cm_cr_getr_d_gw_btm?ie=UTF8", "rating": "4.0 out of 5 stars", "reviewTitle": "Great little computer", "reviewDate": "December 7, 2020", "reviewText": "\"  Super easy to set up and carried over all my stuff from my other computer when I killed the S mode and went with Chrome! Super fast and right now my only complaint is the key board isnt white as displayed in the picture. The keyboard is difficult to see when Im on it at night. Otherwise, its perfect!!\"", "is_Helpful": "2 people found this helpful"}, {"reviewerName": "Sylvia", "reviewerUrl": "https://www.amazon.com/gp/profile/amzn1.account.AEJXMGIFD4YS5YAN25IKCMDD54EQ/ref=cm_cr_getr_d_gw_btm?ie=UTF8", "rating": "5.0 out of 5 stars", "reviewTitle": "was a gift", "reviewDate": "December 5, 2020", "reviewText": "  The person loves it. Has all the bells and whistles needed.", "is_Helpful": ""}, {"reviewerName": "DeeDeeW", "reviewerUrl": "https://www.amazon.com/gp/profile/amzn1.account.AHR5K7S5PFN7AA73OGV7FX7FVJAQ/ref=cm_cr_getr_d_gw_btm?ie=UTF8", "rating": "3.0 out of 5 stars", "reviewTitle": "Good computer.", "reviewDate": "December 3, 2020", "reviewText": "  I ordered for a work from home job. It starts up fast and has good resolution. Sound quality is good. Same computer is at Walmart cheaper.", "is_Helpful": ""}, {"reviewerName": "Nina Sutton", "reviewerUrl": "https://www.amazon.com/gp/profile/amzn1.account.AHAGDPX5T5I4J3ZHHHTQ2452WYEA/ref=cm_cr_getr_d_gw_btm?ie=UTF8", "rating": "5.0 out of 5 stars", "reviewTitle": "Awesome Deal", "reviewDate": "December 2, 2020", "reviewText": "  Very happy with purchase", "is_Helpful": ""}, {"reviewerName": "Beautiful Savage \ud83d\udc95", "reviewerUrl": "https://www.amazon.com/gp/profile/amzn1.account.AE7ETHLWXNR37UO5PXN3UVXWXYJA/ref=cm_cr_getr_d_gw_btm?ie=UTF8", "rating": "5.0 out of 5 stars", "reviewTitle": "Perfect thank you sooo much", "reviewDate": "December 1, 2020", "reviewText": "  I needed a laptop and fast! So glad I got this. Love the color as well.", "is_Helpful": ""}, {"reviewerName": "REDO", "reviewerUrl": "https://www.amazon.com/gp/profile/amzn1.account.AEJG3QLDDHMIRW2AQOGV5EPCQNEQ/ref=cm_cr_getr_d_gw_btm?ie=UTF8", "rating": "5.0 out of 5 stars", "reviewTitle": "Red colour is nice.", "reviewDate": "November 17, 2020", "reviewText": "  Nice laptop and value for money..", "is_Helpful": ""}, {"reviewerName": "Michael", "reviewerUrl": "https://www.amazon.com/gp/profile/amzn1.account.AGAU7RX75FJIJUBQZ6MD74TD6C4Q/ref=cm_cr_getr_d_gw_btm?ie=UTF8", "rating": "4.0 out of 5 stars", "reviewTitle": "Hp Laptop", "reviewDate": "November 14, 2020", "reviewText": "\"  Must say its a very nice and powerful laptop worth the price it comes with S mode which is easy to take off just request from the Microsoft play store. Would highly recommend.\"", "is_Helpful": "2 people found this helpful"}, {"reviewerName": "Reero", "reviewerUrl": "https://www.amazon.com/gp/profile/amzn1.account.AGMPOWB4NI7U24LIWEUA5RBXULDA/ref=cm_cr_getr_d_gw_btm?ie=UTF8", "rating": "5.0 out of 5 stars", "reviewTitle": "Great value", "reviewDate": "November 13, 2020", "reviewText": "  Great computer, my son loves it.", "is_Helpful": ""}, {"reviewerName": "MP", "reviewerUrl": "https://www.amazon.com/gp/profile/amzn1.account.AFKGEWVPB3IL6JNAXD4FDM74ZK2A/ref=cm_cr_arp_d_gw_btm?ie=UTF8", "rating": "5.0 out of 5 stars", "reviewTitle": "Exactly what I NEEDED", "reviewDate": "November 6, 2020", "reviewText": "\"  I needed a notebook type laptop with built-in camera and audio to conduct meetings on Zoom, stream Netflix, surf/ browse the internet, compose Microsoft documents (I purchased and installed my own Microsoft office 2019)..... In other words nothing heavy duty/schmancy. Have had it a few weeks, is performing very well, good battery life lightweight and thin. Good screen quality/ resolution. It would be nice if the keyboard was backlit, but its not.....\"", "is_Helpful": "46 people found this helpful"}, {"reviewerName": "Andy Boisvert", "reviewerUrl": "https://www.amazon.com/gp/profile/amzn1.account.AGFHN7GDMFVJ5DKBINIIYL3WPJTA/ref=cm_cr_getr_d_gw_btm?ie=UTF8", "rating": "5.0 out of 5 stars", "reviewTitle": "\ud83d\udc4d\ud83c\udffb", "reviewDate": "November 5, 2020", "reviewText": "  Works great", "is_Helpful": ""}, {"reviewerName": "Antonio Benitez", "reviewerUrl": "https://www.amazon.com/gp/profile/amzn1.account.AHQVIU6CYWIGGQK7GENU6X2FIQSQ/ref=cm_cr_getr_d_gw_btm?ie=UTF8", "rating": "5.0 out of 5 stars", "reviewTitle": "Versatile model", "reviewDate": "November 4, 2020", "reviewText": "  home and business computing", "is_Helpful": "One person found this helpful"}, {"reviewerName": "sassybutcute", "reviewerUrl": "https://www.amazon.com/gp/profile/amzn1.account.AHYKBZRNCCRWEFKIYCA5LEPV3JXA/ref=cm_cr_getr_d_gw_btm?ie=UTF8", "rating": "1.0 out of 5 stars", "reviewTitle": "Damage", "reviewDate": "November 1, 2020", "reviewText": "\"  Received damaged and couldnt get another one\"", "is_Helpful": "6 people found this helpful"}, {"reviewerName": "Maria Eugenia Perez", "reviewerUrl": "https://www.amazon.com/gp/profile/amzn1.account.AHP6L4QQG4QRAT4LZY6DN5VTBO3Q/ref=cm_cr_getr_d_gw_btm?ie=UTF8", "rating": "5.0 out of 5 stars", "reviewTitle": "Will order again", "reviewDate": "October 24, 2020", "reviewText": "  Beautiful", "is_Helpful": ""}, {"reviewerName": "Derick Marrero", "reviewerUrl": "https://www.amazon.com/gp/profile/amzn1.account.AGNSOD2DJDB2PQC5LKH5K354QEHA/ref=cm_cr_getr_d_gw_btm?ie=UTF8", "rating": "5.0 out of 5 stars", "reviewTitle": "Perfect!!", "reviewDate": "October 23, 2020", "reviewText": "  Perfect!!", "is_Helpful": ""}, {"reviewerName": "Mike", "reviewerUrl": "https://www.amazon.com/gp/profile/amzn1.account.AGOXJIFMBUA3ZZFGQ6RWZWUWWK6A/ref=cm_cr_getr_d_gw_btm?ie=UTF8", "rating": "5.0 out of 5 stars", "reviewTitle": "Easy set up", "reviewDate": "October 21, 2020", "reviewText": "  Not a computer expert so I bought one like we are issued at work.  It was plug-and-play through the set up with all the voice prompts.", "is_Helpful": ""}, {"reviewerName": "leon paquin", "reviewerUrl": "https://www.amazon.com/gp/profile/amzn1.account.AEGFJDEU3A66YQ57UNGTR4OZAV2Q/ref=cm_cr_getr_d_gw_btm?ie=UTF8", "rating": "5.0 out of 5 stars", "reviewTitle": "with windows 10 s you are a little limited", "reviewDate": "October 21, 2020", "reviewText": "  overall great product", "is_Helpful": ""}, {"reviewerName": "Shamoree", "reviewerUrl": "https://www.amazon.com/gp/profile/amzn1.account.AEZHALEXKWHK5Z2CLOUKAWU5QFTQ/ref=cm_cr_getr_d_gw_btm?ie=UTF8", "rating": "5.0 out of 5 stars", "reviewTitle": "awsome", "reviewDate": "October 7, 2020", "reviewText": "  How do I screenshot?", "is_Helpful": ""}, {"reviewerName": "Andre Holligan", "reviewerUrl": "https://www.amazon.com/gp/profile/amzn1.account.AGQF564QQKL4YVWHDBWVNCN74APA/ref=cm_cr_getr_d_gw_btm?ie=UTF8", "rating": "5.0 out of 5 stars", "reviewTitle": "Voice setup helps me all the way until completion.", "reviewDate": "October 7, 2020", "reviewText": "  Luv this laptop all around great computer!!", "is_Helpful": "7 people found this helpful"}, {"reviewerName": "BraggAboutCreationz", "reviewerUrl": "https://www.amazon.com/gp/profile/amzn1.account.AGTVGG6K64CLPAOADVK7I56ME44Q/ref=cm_cr_getr_d_gw_btm?ie=UTF8", "rating": "5.0 out of 5 stars", "reviewTitle": "\"Cant beat it!\"", "reviewDate": "October 5, 2020", "reviewText": "  Fast shipping Great price!", "is_Helpful": ""}, {"reviewerName": "jan marino", "reviewerUrl": "https://www.amazon.com/gp/profile/amzn1.account.AHKQQ6Y2KDWWRLQVVT4CN4L7WH6Q/ref=cm_cr_getr_d_gw_btm?ie=UTF8", "rating": "1.0 out of 5 stars", "reviewTitle": "Not easy to travel with", "reviewDate": "October 4, 2020", "reviewText": "  Much heavier and thicker than product description . Screen resolution fair", "is_Helpful": "3 people found this helpful"}, {"reviewerName": "Diana Stonom", "reviewerUrl": "https://www.amazon.com/gp/profile/amzn1.account.AEMPVAC2KW3GW6MPJWXTXAUGOAAQ/ref=cm_cr_getr_d_gw_btm?ie=UTF8", "rating": "5.0 out of 5 stars", "reviewTitle": "Good purchase", "reviewDate": "September 24, 2020", "reviewText": "\"  Its not a touch screen but it is a good computer it does what I need It to do\"", "is_Helpful": "3 people found this helpful"}, {"reviewerName": "Satisfied", "reviewerUrl": "https://www.amazon.com/gp/profile/amzn1.account.AEOABGNHT23KR5G7RDMF2LMVPBHQ/ref=cm_cr_getr_d_gw_btm?ie=UTF8", "rating": "5.0 out of 5 stars", "reviewTitle": "Thin, light weight, easy use", "reviewDate": "September 23, 2020", "reviewText": "  I love it, Good price, Removing the s was easy to add software", "is_Helpful": "5 people found this helpful"}, {"reviewerName": "Tonya", "reviewerUrl": "https://www.amazon.com/gp/profile/amzn1.account.AECAPWVLRYRFQDIKAUPZSYTWBIGA/ref=cm_cr_getr_d_gw_btm?ie=UTF8", "rating": "5.0 out of 5 stars", "reviewTitle": "Great Purchase", "reviewDate": "September 20, 2020", "reviewText": "  Purchased this for my son to take to college. He says it\u2019s great.", "is_Helpful": ""}, {"reviewerName": "Sharmin", "reviewerUrl": "https://www.amazon.com/gp/profile/amzn1.account.AHLMUDE7BVCEBEENGCOA44ELQXWA/ref=cm_cr_getr_d_gw_btm?ie=UTF8", "rating": "5.0 out of 5 stars", "reviewTitle": "cooloste laptop ever", "reviewDate": "September 19, 2020", "reviewText": "  when i  got his laptop it was like brand new and after opening and setuping it. it looked really awsome  my son was really happy that he got this laptop thank u amazon for giving me this laptop to my son", "is_Helpful": ""}, {"reviewerName": "Amazon Customer", "reviewerUrl": "https://www.amazon.com/gp/profile/amzn1.account.AFO3BFDMTHIDZ6LSQGG6BJLBYL4Q/ref=cm_cr_arp_d_gw_btm?ie=UTF8", "rating": "4.0 out of 5 stars", "reviewTitle": "Pointer keeps freezing", "reviewDate": "September 15, 2020", "reviewText": "  Pointer keeps freezing.  Tried different things to get it to stop, but not working.", "is_Helpful": "28 people found this helpful"}, {"reviewerName": "Gilberth Arias", "reviewerUrl": "https://www.amazon.com/gp/profile/amzn1.account.AEJPMNQE3DN6ZGHHDUS7QZIJEFRQ/ref=cm_cr_getr_d_gw_btm?ie=UTF8", "rating": "5.0 out of 5 stars", "reviewTitle": "Good", "reviewDate": "August 28, 2020", "reviewText": "  Looks like new. And run in a excellent way.", "is_Helpful": "One person found this helpful"}, {"reviewerName": "J. Midgett", "reviewerUrl": "https://www.amazon.com/gp/profile/amzn1.account.AHCOJYVMF2YO2BFTSTN5JHW3S6GQ/ref=cm_cr_arp_d_gw_btm?ie=UTF8", "rating": "5.0 out of 5 stars", "reviewTitle": "Nice bright color. Great laptop. Good for school", "reviewDate": "August 24, 2020", "reviewText": "  Arrived a day early and my son is in love.", "is_Helpful": "24 people found this helpful"}, {"reviewerName": "Awesome713", "reviewerUrl": "https://www.amazon.com/gp/profile/amzn1.account.AEA6K24MK44JR4R2RIBT5AWQLQEA/ref=cm_cr_arp_d_gw_btm?ie=UTF8", "rating": "5.0 out of 5 stars", "reviewTitle": "Nice Laptop", "reviewDate": "August 22, 2020", "reviewText": "\"  Ive only had this laptop for a few days so I am writing a review accordingly. So to start off, Im not a huge tech person at all. I have a smart  Phone and have done everything from that period the last time that I had a laptop was probably  about 7 years ago.\", I recently started a business where I will be shipping products and printing invoices and  things of that nature. I knew I would either need a laptop or a desktop to do so. I figured a laptop would be perfect for now since its portable and I can take it anywhere., I initially ordered a chromebook off of Walmart.com and was so disappointed.  The screen and picture was so dim that it hurted my eyes. There was no way to adjust brightness.  There was no cap lock button and several other disturbing things...lol it went back the next day., \"Came to Amazon and saw this beautiful red hp laptop.  Took a chance and so far Im loving it. Again,  Im not a super tech gal or anything like that so I cant tell you how storage and all the specs will work. I like this laptop because its semi huge. Im a female with big hands and the keyboard is perfect for me.\", \"The Chromebook I sent back would load web pages super slow even when sitting right next to my modem.  As for this hp laptop, Im out on my back porch and modem is upstairs and its still loading with n0 problem at all.\", \"I wasnt quite sure what S mode was when I ordered it but it took 2 minutes to get it out of S mode. I went to gmail.com to check my emails and a message from gmail popped up in the right hand corner that said you are not using a Google browser and click her to get Google browser.  Thats it thats all and my laptop is out of S mode.\", I have used it to create several word documents for my website so far.  Hooked up perfectly to my printer. Beautiful Color!! Keyboard is not backlight but its really nice so who cares. So far so good. Also shipping was really fast.  It was due on Wednesday but got her on Monday.", "is_Helpful": "155 people found this helpful"}, {"reviewerName": "Vize", "reviewerUrl": "https://www.amazon.com/gp/profile/amzn1.account.AHZMYI6SUZ37F3JWGLDI5RG5QDOA/ref=cm_cr_arp_d_gw_btm?ie=UTF8", "rating": "1.0 out of 5 stars", "reviewTitle": "Internet connection", "reviewDate": "August 20, 2020", "reviewText": "  The internet connection is terrible I would not recommend to a friend", "is_Helpful": "40 people found this helpful"}, {"reviewerName": "theresa matz", "reviewerUrl": "https://www.amazon.com/gp/profile/amzn1.account.AEJ6HCNMR363GPMVIR4OACQOV72A/ref=cm_cr_arp_d_gw_btm?ie=UTF8", "rating": "1.0 out of 5 stars", "reviewTitle": "Frustrating experience", "reviewDate": "August 4, 2020", "reviewText": "  Worse experience ever for two reasons..I was willing to pay for 2 day shipping and handling to get a laptop as quickly as possible..what I didnt realize is two day doesnt mean two days in seller and Amazon equation..mailed on 7/30 didnt receive until Aug 4th..open it up..doesnt work..hp support thinks it is adaptor or board itself..Never again..", "is_Helpful": "40 people found this helpful"}, {"reviewerName": "Mama Clay", "reviewerUrl": "https://www.amazon.com/gp/profile/amzn1.account.AH6CHJBBKDSWULVXZ64ULZ7326JA/ref=cm_cr_arp_d_gw_btm?ie=UTF8", "rating": "5.0 out of 5 stars", "reviewTitle": "Great for dad stuff.", "reviewDate": "June 25, 2020", "reviewText": "  My husband only likes HP computers. He had been wanting a laptop that he could use to pay bills, watch some youtube videos and surf the internet and not have to use his phone., \"I order this for him for Fathers Day. It came in S mode but that was super easy to remove. The color is nice and its a nice size for viewing videos.\"", "is_Helpful": "61 people found this helpful"}], "qAndA": [{"question": "What software is included?", "answer": "Lot of stuff I don\u2019t know how to use, it\u2019s loaded"}, {"question": "Can i use this with my cricut machine and silhouette??", "answer": "I have used it with Design space without issue."}, {"question": "Does this laptop have distinct left and right click buttons?", "answer": "Never gave much thought, maybe so. If you need any warranty work. So keep your serial number,\nOver all nice laptop for price"}, {"question": "Does laptop has windows 10 or windows 10 s stream", "answer": "Window 10"}, {"question": "Is this laptop compatible with an hp laserjet2055d printer?", "answer": "I use a Brother Laser and it works fine. My daughter has the same computer and uses an inkjet with no problems. Hope this helps."}, {"question": "Is this a laptop or notebook? What is the difference.", "answer": "This is a laptop. A notebook is only a browser for surfing the web,. A laptop can run software and do other tasks in addition to surfing the web."}, {"question": "Can you remove window S Mode to have Windows 10 only.", "answer": "Yes you can. It simple. When I went to download Chrome, I was asked if I wanted to remove S mode and I said yes. After a couple more prompts it was done."}, {"question": "how do you work the talk activation ?", "answer": "contana can help u"}, {"question": "Se puede descargar el idioma espa\u00f1ol", "answer": "Answer not available"}, {"question": "Does this have wifi? All I see is bluetooth.", "answer": "Yes it does have wi-fi"}, {"question": "Is the laptop compatible with the cricut machine", "answer": "It does have bluetooth and that's how you would connect to the Cricut. I sure hope it works because a Cricut is on my Christmas list!"}, {"question": "Is RAM upgradeable?", "answer": "Yes"}, {"question": "can I use sd card (not mini) with it?", "answer": "Hi Susan, good question\nIt\u2019s pretty well loaded i\nI\u2019d be surprised if it doesn\u2019t you can always plug."}, {"question": "Will this laptop run Sims4?", "answer": "Answer not available"}, {"question": "Is it mic wireless?", "answer": "Yes"}, {"question": "How much Warranty is given? What are the terms of warranty?", "answer": "Damn, I need to do My warranty! Salute"}, {"question": "How is the audio please?", "answer": "Standard for PCs these days. It is totally fine for almost everything you are going to do, but if you are doing serious gaming or trying to use it as a speaker for movies or something, you'll want an external one. Otherwise, it is just fine."}, {"question": "How much warranty this product has?", "answer": "Answer not available"}, {"question": "My old laptops e drive stopped working and i could not connect my new printer because i have a disc for yhe software. How will i install my printer?", "answer": "I'm sorry, I don't know. I recently bought this laptop new, and it took me a while to figure out how to install my printer. But the printer was old, (I had an install disc too!) and my laptop didn't recognize it! So I had to buy a new printer! And it still took a while to install it! I had to download drivers and a lot\u2026 see more"}, {"question": "Does it allow easy transfer of files from another computer?", "answer": "No computer does this on their own. Easiest way is to get a USB thumb drive to copy from\nOne and then insert into the other computer."}, {"question": "Does this have an Ethernet connection?", "answer": "It does have an Ethernet port for a CAT 5 cable which is Ethernet."}, {"question": "Is the 15-dw0081wm have a touch screen?", "answer": "No"}, {"question": "Can this laptop support an external:G disk?", "answer": "Not sure. Salute"}, {"question": "The battery life please?", "answer": "not very good"}, {"question": "How does this work with quick books?", "answer": "PC's these days come in what is called \"S Mode\". Microsoft sells them this way to insure you can only add MS products to their equipment. BUT! It is possible to disarm \"S Mode\" and have the ability to install any program. You may do it yourself or take your laptop to a PC expert and they can correct it for you. Once, r\u2026 see more"}, {"question": "Can I use this to edit GoPro videos?", "answer": "I am sure it will as it should handle any video that you would be able to crate. I assume the go pro attaches via USB so if you can transfer the video and have the correct\nVideo manipulation. It will work!"}, {"question": "Where do you find the product key number of this computer?", "answer": "Answer not available"}, {"question": "Is the battery replacable?", "answer": "Yes"}, {"question": "Can be change the language to spanish ?", "answer": "Yeah"}, {"question": "I need a computer for work Social Security can you recommend any", "answer": "I'm not sure what you need in a computer for your work, but I have this HP pavillion Intel Pentium Silver N5000 computer, and I love it. It has 4GB, 128 SSD, Windows 10, and it does everything I need. But then I am retired, and only use it for every day things like checking email, ordering things online and keeping in \u2026 see more"}, {"question": "Can you upgrade from 4gb to 8", "answer": "Sorry, that I don\u2019t know. Is there a way to find out from the laptop?7 if so, I\u2019ll check."}, {"question": "Se puede agregar un ssd extra y aumentar la RAM??", "answer": "Answer not available"}, {"question": "How much RAM can you add", "answer": "I don't remember, but read the ad, it tells in the description of the laptop!"}, {"question": "how much storage does this have", "answer": "Answer not available"}, {"question": "Can I run Adobe illustrator or Gravit designer or design space for cricket on here ?", "answer": "I don't know, but this computer does just about everything!"}, {"question": "I am a full time student working on my master\u2019s degree, is this a good laptop for students?", "answer": "yes"}, {"question": "Hi, is this a brand new computer? Does it com in its original box? Thank you", "answer": "It did come in an original box. It's the best computer for the value I have ever bought. I highly recommend it & purchasing through Amazon gives you the assurance it's a quality product. Can't do that w other web sites often such as Ebay in my experience. Hope this helps. Best wishes to you & yours -- MD"}, {"question": "what adapter do I need for cd'?", "answer": "That\u2019s a good question, the new one that came with, got extremely hot"}, {"question": "Does this work well with google meet?", "answer": "Answer not available"}, {"question": "is the ssd upgradeable?", "answer": "Yes, you can upgrade from 4GB to 128 GB."}, {"question": "Is touch ?", "answer": "No it is not touch screen"}, {"question": "Can it play world of warcraft?", "answer": "I'm not sure, but I would imagine you can download the software to play it."}, {"question": "whats the difference between 4gb and 128gb ssd?", "answer": "Answer not available"}, {"question": "does it have Internet Explorer?", "answer": "No, it doesn't. It has Bing, which is not a browser but a search engine."}, {"question": "If you turn off S-Mode, do you take a performance hit/penalty?", "answer": "Answer not available"}, {"question": "how do you get out of s mode? I tried downloading chrome and clicking on the switching out of s mode and it didn't work.", "answer": "I don't remember exactly, but I think it prompted me if I wanted to keep S Mode when I downloaded Chrome. It will remove it after a warning."}, {"question": "What is the webcan resolution?", "answer": "Answer not available"}, {"question": "Does this laptop function with 220v, not just 110v?", "answer": "Not sure. Salute"}, {"question": "Can I still use Optimum online e-mail?", "answer": "I don\u2019t know the optimum but if it runs on windows 10 which comes with this pc, it should work."}, {"question": "how many usb ports does this have?", "answer": "Answer not available"}, {"question": "Is the battery encluded?", "answer": "Yes, it comes with battery installed."}, {"question": "is this computer 64 bit?", "answer": "Yes. It specifies WIndows 10 OS and 64 bit under \"about this item\" heading. It's really Win 10-S, however."}, {"question": "Is it compatible with a Canon MX532 printer?", "answer": "It should be it\u2019s pretty well equipped, probably do with blue tooth which canon probably has."}, {"question": "trae traducci\u00f3n al espa\u00f1ol", "answer": "If have a traducci\u00f3n to spanish"}, {"question": "Does this laptop work well with a 220 electricity voltage system ?", "answer": "Answer not available"}, {"question": "Is this a touch screen?", "answer": "No. It is not a touch screen."}, {"question": "Can it play cds/dvds?", "answer": "No"}, {"question": "does it run with adobe", "answer": "Yep"}, {"question": "Connect to tv?", "answer": "Yep. You will need and HDMI cable and then your tv becomes a monitor for whatever is on your laptop screen."}, {"question": "does this have the windows solitaire package installed ?", "answer": "Yes"}, {"question": "Does this laptop have two RAM slots?", "answer": "Answer not available"}, {"question": "Is this loaded with \"crapware\"? I believe there are programs that can be purchased to de-crapware it, but I'm a cheap & lazy 74! Thanks!", "answer": "Every pc has the software. Go to your startup programs section is setup and look for programs that you do not want and the.n remove them from starting up. You won\u2019t see the. Again. If you get alsoftware asking you to do something f and you don\u2019t want to do it, look for the little \u201cx\u201d somewhere in the splash screen and stop it."}, {"question": "Is that battery able to be easily removed?", "answer": "Answer not available"}, {"question": "What is a usb 3.1 port? i need three usb 2.0 ports, not one. can the usb 3.1 port be used for 2.0 things (mouse, printer, other things?)", "answer": "I think it has four, i don\u2019t know sizes but it has what I need, you can probably buy converter"}, {"question": "Is this like a chrom note book ?", "answer": "Much more than a chrome book"}, {"question": "Is the processor i5?", "answer": "Yes"}, {"question": "El disco. Duro cual es la capacidad", "answer": "Answer not available"}, {"question": "Se ilumina el teclado ???? Es touch screen ???", "answer": "Excelente"}, {"question": "Does this laptop come with webcam", "answer": "Yes it comes with a built-in webcam"}, {"question": "Can you play Sims 4 on this?", "answer": "Yes"}, {"question": "What is the Warranty", "answer": "I think it\u2019s a year, but I bought that extra warranty, and they will not assist you until your regulator warranty expires. Although they helped me a bit, when ever I called HP calls got routed to filipino or Indian staff. If you call them you better have serial number. I just called my son-in-law because he\u2019s IT guy. T\u2026 see more"}, {"question": "Does it have Bluetooth?", "answer": "Yes"}, {"question": "Is the os windows 10 or windows 10s?", "answer": "Great question, it is Windows 10 in S Mode"}, {"question": "does the keyboard light up?", "answer": "No"}, {"question": "Can it play dvd, cds.", "answer": "No. It does not have a cd/dvd drive."}, {"question": "Is the hard drive upgradeable?", "answer": "I\u2019m not sure as I have to return it due to hard drive defective."}, {"question": "What mouse is compatible? my current wireless mouse doesn't fit in the usb ports", "answer": "What type of mouse you have for it not to fit cause from what I know all wireless mouse could fit the USB port"}, {"question": "can I add a wireless printer to this?", "answer": "No u can\u2019t I tried it with my laptop and it didn\u2019t work"}, {"question": "Is this window 10 home or 10 s", "answer": "The laptop comes with 10s but you can turn that off to be able to download software outside of the Microsoft Play Store. Once you turn it off you cannot turn it back on."}, {"question": "will Microsoft flight simulator 2020 run on this laptop?", "answer": "Answer not available"}, {"question": "Does it come with Microsoft Word?", "answer": "It has Office 365 which has Word Excel PP. It\u2019s free for 30 days then I believe $63 or $65 a year. The free version is not the full Word. Also, needs to be noted that it comes with Windows 10S (Google for details). You have to decide weather to switch to Windows 10. I believe this is why Word doesn\u2019t have all the usual\u2026 see more"}, {"question": "is this windows 10 or is it windows 10s ?", "answer": "It comes with 10s but easily converts to 10."}, {"question": "Does it have USB ports?", "answer": "Yes it does."}, {"question": "86 bit to 64 bit - my current laptop has X86 will it convert my files to 64?", "answer": "It should handle go pro videos"}, {"question": "Does this come with tech support?", "answer": "Yeah, I also purchased extra warranty. I did have a question and after just looking for a phone number. I just called my son in-laws, he\u2019s IT guy, the converter/transformer on charging cable we getting extremely hot, he made few recommendations and if didn\u2019t help, he said call them. Fortunately it got resolved."}, {"question": "Does it have Dolby; how good is the audio quality?", "answer": "I don't know if it has Dolby, but the audio is great!"}, {"question": "What Litiurm battery size or type needed", "answer": "It\u2019s pretty well loaded."}, {"question": "Does come with a battery & charger?", "answer": "Yes"}, {"question": "Can it run the sims 4?", "answer": "Answer not available"}, {"question": "Does this have amicrophone & acamera?", "answer": "Yes."}, {"question": "can it use a printer?", "answer": "Sure, it can"}, {"question": "Does this have a plug for internet, to be hard wiredn?", "answer": "yes"}, {"question": "Can you upgrade the SSD?", "answer": "Yes, from 4GB to 128GB."}, {"question": "I just ordered this laptop! A few people are saying that once it updated the screen would not come back on, what\u2019s the return policy on that?", "answer": "Don't worry about the return! I've never had any problems with this new laptop, I works fine! But if your laptop doesn't work, Amazon is very good about returns! I have returned a number of items, and never had a problem. Prompt return = prompt refund!"}, {"question": "Computer won\u2019t turn on anymore. I have had it for 6 weeks. What do I do?.", "answer": "If you did not buy the extended warranty for the laptop, you can reach out directly to HP as their warranty should still be in effect after your 6 weeks."}, {"question": "Is windows in spanish too?", "answer": "Answer not available"}, {"question": "Can this computer be connected to a dock?", "answer": "Answer not available"}, {"question": "What is the battery life please", "answer": "It\u2019s much better than that of any laptops I\u2019ve used before. My new hp laptop has been sitting in sleep mode for the last week & it\u2019s still on!"}, {"question": "can it use a printer?", "answer": "Yes it can."}, {"question": "What is \"S\" mode mean?", "answer": "It is a Windows feature. It is supposed to be the \"SAFE\" mode, so you can only install Windows authorized and monitored software. You can turn it off very easily."}, {"question": "What power adapter does it use?", "answer": "HP provides a 45W 65w 19.5v 3.33a AC Power Adapter Charger this laptop."}, {"question": "What cable to hook an LG monitor to this lap top", "answer": "HDMI cable. You can buy one on Amazon!"}, {"question": "What is taking so long to ship my order", "answer": "Answer not available"}, {"question": "Do you have a phone number so I can talk to someone in electronicd", "answer": "They provide numbers usually routed to fillapines, have your serial number or forget it."}, {"question": "Is this a good laptop for gaming? does it run fast? and how many gb?", "answer": "The only games I play are internet based (solitaire, jigsaw, etc.) so speed is not a factor. This machine is much faster than any of my tablets."}, {"question": "Can u expand intenal memory to 1tb?", "answer": "Possibly. I'm gon look into this. Salute"}, {"question": "can it print wirelessly?", "answer": "Answer not available"}, {"question": "Se puede descargar musica ??", "answer": "si"}, {"question": "El uevo hp pavilion intel pentium silver n5000 4gb 128gb ssd windows 10 port\u00e1til rojo viene con teclado en espa\u00f1ol? con la letra \u00f1", "answer": "No"}, {"question": "Do you know how much internal storage is used up?", "answer": "Answer not available"}, {"question": "Is this laptop light weight?", "answer": "Yes it light but not that heavy.... it is a really good computer I love it allot"}, {"question": "What year was this computer made?", "answer": "2019"}, {"question": "Is it good for drawing?", "answer": "I can draw on anything, so yes. Salute"}, {"question": "Is this like a chronic note book ?", "answer": "No"}, {"question": "Does this labtop have enough space for going to school online?", "answer": "More than enough. Most students are using chrome books which have much less drive space. This will easily handle remote learning."}, {"question": "Is this for streaming ? Zooming ? Etc.?", "answer": "I've only zoomed once on but. But have done daily family workouts through google meet and the streaming quality and screen share are always great."}, {"question": "does the keyboard light up?", "answer": "No and it is hard to see in certain lighting."}, {"question": "What is the price without monthly payments?", "answer": "A little less than 400"}, {"question": "Which intel pentium", "answer": "I recommend the HP Pavillion Intel Pentium Silver N5000. It has 4 GB, 128GB SSD, and Windows 10! I have one and I love it!"}, {"question": "Is this GPS ready?", "answer": "As far as I can tell - yes"}, {"question": "Is the memory upgradable?", "answer": "Answer not available"}, {"question": "Does this laptop come with A battery?", "answer": "Yes it comes with a battery and charger. But no spare battery."}, {"question": "Is their a skin for the keyboard?", "answer": "No"}, {"question": "I orderd a HP computer with the 2 year yesterday and it doesn't show up as being bought. Please respond", "answer": "Answer not available"}, {"question": "with wifi, camera, microphone, windows?", "answer": "Answer not available"}, {"question": "who to call if I have any setup issues", "answer": "It's not a Pavillion- he shouldn't be calling it that. . Call HP"}, {"question": "What intel is it equipped with?", "answer": "Dangerous Sentient Robot brains. Salute"}, {"question": "Does it come with Microsoft Word?", "answer": "I month free then you ha e to pay. Spendy"}, {"question": "how well does this run Sims 4?", "answer": "No idea. It has been fast enough for virtual teaching"}, {"question": "How long it takes to charge?", "answer": "It is very quick to recharge to full. I haven't timed it, but better than my Dell or other HP"}], "time": ["09/04/2021 19:09:28"], "reviewsCountInfo": {"expRevCount": 116, "actRevCount": 116, "nonEnglishRevCount": 12}, "scrapperInfo": {"Version": "1.3.2", "Released Date": "08/04/2021"}, "productURL": "https://www.amazon.com/gp/product/B0894DBTRV", "ASIN": "B0894DBTRV", "title": "Newest HP Pavilion Intel Pentium Silver N5000 4GB 128GB SSD Windows 10 Laptop Red", "manufacturer": " HP Store", "currentPrice": "$379.00", "rating": "4.5", "totalRatings": "1,058 "}