{"features": ["13.3 inch Full HD (1920X1080) Anti-Glare NanoEdge bezel display", "Latest 10th generation Intel Core i5-1035G1 Processor (6M Cache, up to 3.6 GHz)", "Fast storage and memory featuring 512GB PCIe NVMe M.2 SSD and 8GB LPDDR4 RAM", "Extensive connectivity with HDMI, Thunderbolt 3 via USB-C, USB Type A, Wi-Fi 6 (802.11ax), and Bluetooth 5.0", "Sleek and lightweight 2.87lbs and 0.55\u201d aluminum body for comfortable portability with backlit keyboard", "Windows 10 Home", "ASUS NumberPad"], "reviewsAspects": ["laptop", "computer", "keyboard", "pen", "updates", "speed", "business", "performance", "seconds", "touch"], "productInformation": [{"\nASIN\n": "\nB08D92TNHS\n", "Customer Reviews": "\n\n\n\n\n\n\n4.4 out of 5 stars\n\n\n\n\n\n\n\n\n35 ratings\n\n\n\n\n\n\n4.4 out of 5 stars\n", "\nBest Sellers Rank\n": "\n\n#52,063 in Computers & Accessories (See Top 100 in Computers & Accessories)\n\n#8,652 in Traditional Laptop Computers\n\n\n", "\nDate First Available\n": "\nAugust 7, 2020\n"}], "productDescription": "\nFlex with style\nThe 360\u00b0 ErgoLift hinge on ZenBook Flip 13 has a silky-smooth, stepless action that holds the display securely at any angle.\nThin and light\nZenBook Flip 13 is designed for effortless portability. It\u2019s surprisingly light and a mere 13.9 mm thin, so it\u2019s perfect for on-the-go productivity.\nExtreme battery life\nZenBook Flip 13 uses a high-capacity battery. It features fast-charge technology and ASUS USB-C Easy Charge for convenient charging on the go.\nMaximum display precision\nZenBook Flip 13\u2019s NanoEdge display combined with ASUS Pen provides an upgraded experience for casual creativity, note taking and intuitive editing.\nSilky-smooth power\nThe versatile ZenBook Flip 13 offers uncompromising performance. Every component has been selected to deliver the best possible performance.\nConnect fast anywhere\nZenBook Flip 13 is an ultrathin laptop that features a full complement of I/O ports, with two Thunderbolt 3 USB-C ports that support fast charging\nComfort and convenience\nZenBook Flip 13 features a new edge-to-edge ergonomic keyboard design, ASUS NumberPad 2.0 and function keys\nIntroduce new MyASUS\nLink to MyASUS is a handy tool that\u02b9s part of the MyASUS app. It seamlessly integrates ASUS PC with mobile devices, allowing easier multitasking", "reviews": [{"reviewerName": "nrod78", "reviewerUrl": "https://www.amazon.com/gp/profile/amzn1.account.AHOOCGWAW67XBFPZI375LEJUUU2A/ref=cm_cr_arp_d_gw_btm?ie=UTF8", "rating": "5.0 out of 5 stars", "reviewTitle": "2-in-1 Yay! But no compatible case to toggle between both modes", "reviewDate": "March 25, 2021", "reviewText": "  This review is for the ASUS Zenbook Flip 13 UX363EA-XH71T., Pros:, Great packaging, start up/set up was easy. Very thin and sleek! Processor speed and applications are fast. Quiet fan. Screen quality is excellent. Barely hear it when it\u2019s doing major updates. The fan is not operational when it\u2019s in \u201ctablet mode\u201d. (The screen will actually prompt that to you when you FLIP the keyboard half BACK). The screen can be \u201ctouch screen \u201d while in laptop mode as well., Versatility-best of both worlds. Laptop and can become tablet. 2 birds 1 stone., It does come with a stylus that clips on magnetically. There IS also included a sleek  simple \u201cenvelope-like\u201d laptop sleeve to store or travel in,  ASUS USB 3.0 to RJ45 Dongle to connect an Ethernet cable and a HDMI Hi-Res Audio cable adapter (female end) as well as the power adapter., Con: so far my only one.... there is not a SINGLE CASE PROTECTOR out there for this device that I can find!!! (If you know one please let me know) When you flip back to tablet mode...the keyboard is just out there. You hold it like a tablet and you mash buttons. Granted, while in \u201ctablet mode\u201d, the keyboard seems to be deactivated, but still, the issue remains.  Can\u2019t put some sort of a sleeve over that bottom half unless it has cut-out for vents on bottom that\u2019s for the fan?  (In case a person accidentally had it in laptop mode and now it\u2019s burn it out because fan/vents were blocked not getting due to sleeve) So there\u2019s a market for this dilemma (anyone interested in giving a go)", "is_Helpful": "3 people found this helpful"}, {"reviewerName": "crystal kusuma", "reviewerUrl": "https://www.amazon.com/gp/profile/amzn1.account.AFH3JFUVHUVRFITSWJTYCZ4OD6JQ/ref=cm_cr_getr_d_gw_btm?ie=UTF8", "rating": "4.0 out of 5 stars", "reviewTitle": "love it but could have been a bit better", "reviewDate": "March 23, 2021", "reviewText": "  I\u2019m a high school student and this comp is great for doing school work. It\u2019s very portable, the thinness and the size are just perfect for me. The main problem is the pen, it took a while for me to get used to it and sometimes it could be really uncomfy to write with it. I LOVE THE FACE ID !!! it took just seconds to unlock the screen (My old macbook took way longer than that). The tablet mode or touch screen is pretty sensitive and the price for this is just way too expensive, but overall it\u2019s great to use and worth it !!!!", "is_Helpful": ""}, {"reviewerName": "Farid Mammadov", "reviewerUrl": "https://www.amazon.com/gp/profile/amzn1.account.AERFIQDFEEEAZFTRFUME3FRPF4AA/ref=cm_cr_arp_d_gw_btm?ie=UTF8", "rating": "5.0 out of 5 stars", "reviewTitle": "Nice and compact business laptop", "reviewDate": "March 16, 2021", "reviewText": "\"  Im using it for about a week now and the overall impression is quite positive. The OLED screen is outstanding. Noise level and performance are good.\"", "is_Helpful": ""}, {"reviewerName": "Atticus", "reviewerUrl": "https://www.amazon.com/gp/profile/amzn1.account.AHBLAM7QDGS4YOI5ABMG6G23YIIA/ref=cm_cr_arp_d_gw_btm?ie=UTF8", "rating": "5.0 out of 5 stars", "reviewTitle": "Amazing computer - OLED model review", "reviewDate": "March 3, 2021", "reviewText": "  This listing needs a review for the OLED model. I NEVER write reviews. But I wish I had a review like this before I purchased. So here we go...., This laptop is amazing. Build quality is fantastic. This is my first ASUS and its incredible., Here are things I like and do not like, Likes, 1) OLED Screen is AMAZING (no comparison to LCD screens), 2) Build quality is FANTASTIC., 3) Track pad is best I have ever used. It can be used as hard clicks or soft touches like an apple one., 4) I LOVE the keyboard. Some people might not like it, but I love it that its squishy. Not hard like apple or other keyboards lately., 5) Mega thin, \"6) charging cable is not massive brick and its one piece instead of two pieces that connect to each other\", \"7) case it comes with is nice and professional (although seems a touch too big, provably shared with 14s)\", 8) sound is surprisingly great even though I never use the speakers. Really impressed ., Dislikes, 1) I hate windows, I wish there was an alternative. I would have purchased a macbook if they had OLED. Windows system is just trash. Constant multi gigabyte updates. Why?, \"2) 13.3 inches is the new size, but I prefer 14. Its a perfect medium between 13 and 15.\", 3) ***** The keyboard backlight in the dark is WAYYYYYYY too bright for me. This was almost a deal killer for me. Yes it can be turned down but even lowest setting is bright AF., There were so many bad reviews about this laptop, but I think they might be all scams from other companies trying to lure business away. This laptop is premium. Way better than a macbook imo., Here is the deal tho.... I only bought this because I wanted an OLED for work. I think they are just easier on my eyes for everyday use. The model I got was the Intel i5. If I was going to get this for my personal computer I probably would have gotten the Flip S, which is the same computer but with a 4k screen and i7 chip (and cool black and gold accents). But the price is $500 more., I do not run editing programs or anything requiring alot of computational power, so I do not have any speed problems. If you are going to do that or gaming, go with the i7., \"But since this is just for work, this computer was perfect, and I might go as far to say its my favorite computer Ive ever owned.\", \"The fan gets loud but only when its doing something like a windows update and it only lasts for a few seconds. The computer is WHISPER quiet for 99.9% of the time I do work. If you hear the fan thats just downloading something in background bc windows sucks.\", I really like this computer and it fit my needs perfectly. So portable to travel., If you are doing simple tasks then i5 OLED is a steal. If you need video editing or gaming go with the flip S., Hope this helps. ASUS was ranked the most durable of all computers and after I saw how Amazon packaged my box (HORRIBLE), I was happy that ASUS had that military grade drop test sticker on it., Buy this in peace knowing you will get an amazing laptop., Also batter runs me all work day no problem., ****UPDATE*****, Almost 30 days in and it is the best computer that I have ever owned. I just absolutely love it., \"Also the keyboard backlighting is not as bad as I had originally perceived. I think its just the function keys where lights bleeds out so much. That is my only gripe with computer (which is nothing really to gripe about). Just an amazing machine.\"", "is_Helpful": "14 people found this helpful"}, {"reviewerName": "Sanie", "reviewerUrl": "https://www.amazon.com/gp/profile/amzn1.account.AHUMF63JHFDZEL3O4RUWKTQGBNVA/ref=cm_cr_arp_d_gw_btm?ie=UTF8", "rating": "3.0 out of 5 stars", "reviewTitle": "Really wanted to like it...", "reviewDate": "February 28, 2021", "reviewText": "  I really wanted to like this computer. It had all the ports I needed. The screen was not that great to me. Seems grainy. I sent the first one back thinking something was wrong with it. The second one same thing, I tried to download drivers to update it and it keep crashing on me. I was able to restore it back to a original point. Now it won\u2019t install turbo tax so back to Amazon the second one goes again.", "is_Helpful": "One person found this helpful"}, {"reviewerName": "John Jeng", "reviewerUrl": "https://www.amazon.com/gp/profile/amzn1.account.AHKN4RTQHAJHLJ2KO26EQYZ44A7Q/ref=cm_cr_arp_d_gw_btm?ie=UTF8", "rating": "1.0 out of 5 stars", "reviewTitle": "New Asus laptop crashed in less than one month", "reviewDate": "February 14, 2021", "reviewText": "  I purchased this new Asus laptop last month (Jan 2021). After using it less than 3 weeks, it has crashed and is no longer powering up. Not sure whether seller or the manufacturer holds the warranty for this product.", "is_Helpful": "2 people found this helpful"}, {"reviewerName": "David", "reviewerUrl": "https://www.amazon.com/gp/profile/amzn1.account.AHW7WKAQRSDVF525VGGJEDRDRCDA/ref=cm_cr_arp_d_gw_btm?ie=UTF8", "rating": "1.0 out of 5 stars", "reviewTitle": "AVOID ASUS!!!", "reviewDate": "January 24, 2021", "reviewText": "  Less than a year ago I bought an ASUS gaming laptop $3000. Quickly its fan made a grinding noise sound so I sent the laptop to ASUS to get fixed. Over 2 months later it came back formatted with the OS installed improperly, oh, and the fan still made the grinding sound. I sent the laptop to a local business that found the problem in 30 minutes. But the laptop no longer functions due to (probably) motherboard problems. So the laptop is back at the ASUS RMA center and has been there for over a month and I am spending $3000+ on a non ASUS desktop after spending that amount less than a year ago. And yes, I asked for a refund or at least a replacement laptop many times. The only thing they repeat is to send it back to the ASUS service center that did not fix the first problem and broke it further.", "is_Helpful": "3 people found this helpful"}, {"reviewerName": "T. Wilson", "reviewerUrl": "https://www.amazon.com/gp/profile/amzn1.account.AGUC6YVGVB5XFWV26MXCDEQTJ6VQ/ref=cm_cr_getr_d_gw_btm?ie=UTF8", "rating": "1.0 out of 5 stars", "reviewTitle": "Laptop Hung 4 Times in a Day!", "reviewDate": "November 30, 2020", "reviewText": "\"  I bought the laptop on October 19, 2020 and less than 6 weeks later, on November 30, it hung 4 times today. The problem started surfacing a few days after I bought it and I didnt think much about it. A few days later, I resetted the laptop, thinking that would solve the problem. But todays problem (of hanging 4 times) was the last straw!\"", "is_Helpful": "One person found this helpful"}, {"reviewerName": "Austin", "reviewerUrl": "https://www.amazon.com/gp/profile/amzn1.account.AHYQN3PZIB2GNHUHCS3TEVVJ5AVQ/ref=cm_cr_arp_d_gw_btm?ie=UTF8", "rating": "4.0 out of 5 stars", "reviewTitle": "Overall a great laptop, but...", "reviewDate": "November 15, 2020", "reviewText": "  The Good:, Speed, The Okay:, The pen/stylus, The Bad-ish:, Updates, Maybe it has just been a while since I have bought a Windows laptop (Chromebook user since 2014), but I figured that everything would be perfect and ready to go right out of the box.  Sure there were the typical updates the first day; I checked the Windows updates and got everything the first day, restarted, everything was great.  On the second day, I had Chrome and Zoom open and the screen started to go in and out of focus, blurring and sharpening, off and on, non-stop.  I restarted the laptop and had no issues like that afterwards.  Amazon support said that it might have been a screen driver being updated or something.  I have never come across this issue with any previous laptops, but hopefully that is all that it was.  I will update this review if any other weird issues come up., The only thing that I could suggest for an improvement is the pen.  If there was a way to insert the pen into the laptop for safe-keeping, that would be ideal.  I do like that it sticks to the keyboard or lid when I do not need it... the next best thing I guess.  The performance of the pen is okay.  I am unable to just place the tip on the screen and slide it; I have to put a bit of pressure in order for the screen to recognize that I want to draw or click something., One thing that the laptop does well is speed.  The SSD and Windows Hello allows it to start up and log in about 5 seconds.  Overall a great laptop.  Thanks for reading", "is_Helpful": "18 people found this helpful"}, {"reviewerName": "Gaspar Alarc\u00f3n", "reviewerUrl": "https://www.amazon.com/gp/profile/amzn1.account.AGZILXIVSL44CKWVLRWOIPE7VI5Q/ref=cm_cr_arp_d_gw_btm?ie=UTF8", "rating": "5.0 out of 5 stars", "reviewTitle": "Great computer", "reviewDate": "October 28, 2020", "reviewText": "  Good overall performance! The touchscreen can improve, specially when using the pen.", "is_Helpful": ""}, {"reviewerName": "Tom Zumbo", "reviewerUrl": "https://www.amazon.com/gp/profile/amzn1.account.AH5XLMRWFAKBOQFJXRB6MPWZFRHQ/ref=cm_cr_arp_d_gw_btm?ie=UTF8", "rating": "5.0 out of 5 stars", "reviewTitle": "Wow", "reviewDate": "October 20, 2020", "reviewText": "  Goodbye Macbook!  I will never buy an apple product again.", "is_Helpful": "13 people found this helpful"}], "qAndA": [{"question": "Is this i5 or i7 Processor ?", "answer": "i7"}, {"question": "Where can I get a case for this model.", "answer": "It comes with an envelope case."}, {"question": "What's the speed of the processor (i7)?", "answer": "This model comes with an Intel Core i7-1165G7 2.8GHz (Turbo up to 4.7 GHz)."}, {"question": "Is this laptop have 1Gpbs lan card? Or doesn't have any?", "answer": "No, this model only comes with Wi-Fi 6(Gig+)(802.11ax)."}, {"question": "Can I connect this laptop to 2 different monitors at once and have them runing as a continuous (not mirroring)?", "answer": "Yes, you can connect two monitors to this model and run them at the same time."}, {"question": "Assuming I have a dongle could this laptop connect to ethernet?", "answer": "Correction: you can connect an Ethernet. The laptop comes with a dongle. Haven\u2019t used it yet because I have been connecting wirelessly"}, {"question": "Doe this come with pen?", "answer": "Yes, this model comes with a stylus."}, {"question": "Does this comes with a international warranty?", "answer": "Yes, this model comes with international warranty. You can review the coverage list here: https://www.asus.com/support/images/upload/file/20200821153401527_STR1943_NB_International%20warranty%20country%20cover%20list_0811_English.pdf"}, {"question": "Why the description of about this item say that this is i5 gen 11 item?", "answer": "Saw that too. It is an i7 11th gen"}, {"question": "Stylus included?", "answer": "Stylus is included, as is ethernet to USB-c dongle aand 3.5mm audio to USB-C dongle. The stylus attaches magnetically to the lid."}, {"question": "Core i7-1165g7 processor or core i5-1135g7? both are stated", "answer": "Answer not available"}, {"question": "does it have an SD card reader?", "answer": "No, this model does not have an SD card reader."}, {"question": "is it i5 or i7?", "answer": "This model comes with an Intel Core i7-1165G7 2.8GHz (Turbo up to 4.7 GHz)."}, {"question": "What exact nvme drive it has? i.e. manufacturer, model, write/read speeds?", "answer": "Answer not available"}, {"question": "What is the wattage on the laptop? 15 w or 28 w?", "answer": "This model supports 65W."}, {"question": "What is the nits for this display?", "answer": "This model display screen comes with 300nits."}, {"question": "Can you add an extra HDD?", "answer": "No, it does not support an extra HDD. You can upgrade the SSD to 1TB."}, {"question": "Title mentions different specs than what is in abou this item section. so is it with intel i7 or i5 11th gen?", "answer": "i7"}, {"question": "Is the screen an IPS panel?", "answer": "Yes, this model does have an IPS display panel."}, {"question": "Is this i5 or i7? I want to order but there are conflicting specs between title and main description of the spec. Also is the Oled display 400nits?", "answer": "Answer not available"}, {"question": "Is Keyboard exposed to damage in the tablet mode?", "answer": "No, the keyboard is not exposed to damage in tablet mode."}, {"question": "How noisy is fan? How often does it turn on?", "answer": "I\u2019ve never heard the fan, even when playing games."}, {"question": "Zenbook 13 oled (ux325, 11th gen intel core i 7. can i get it in 32gb ram?", "answer": "Answer not available"}, {"question": "Please confirm if the fhd model is ips or oled? or just 4k is oled?", "answer": "This model comes with an IPS display."}, {"question": "Is the ram upgradable?", "answer": "No."}, {"question": "Does the core i5 have a fan?", "answer": "No, this model Intel Core i5-1035G1 does not have a fan."}], "time": ["09/04/2021 17:37:14"], "reviewsCountInfo": {"expRevCount": 11, "actRevCount": 11, "nonEnglishRevCount": 1}, "scrapperInfo": {"Version": "1.3.2", "Released Date": "08/04/2021"}, "productURL": "https://www.amazon.com/gp/product/B08D92TNHS", "ASIN": "B08D92TNHS", "title": "ASUS ZenBook Flip 13 Ultra Slim 2-in-1 Laptop, 13.3\u201d FHD Touchscreen Display, Intel Core i5-1035G1 Processor, 8GB RAM, 512GB PCIe SSD, Thunderbolt 3, Windows 10 Home, Pine Grey, UX363JA-DB51T", "manufacturer": " ASUS Store", "currentPrice": "", "rating": "4.4", "totalRatings": "35 "}