{"features": ["AMD Quad-Core Ryzen 5-3550H 2.10 GHz, up to 3.70 GHz, 6 MB Intel Smart Cache, 8 Threads.", "**[Upgraded by CUE]** 8GB DDR4 SDRAM Memory, 256 GB PCIe Solid State Drive.", "15.6 inch Full HD (1920 x 1080) Widescreen LED Energy-efficient Display, Dedicated Nvidia GeForce GTX 1650 4GB graphics (base: 1395MHz, Boost: 1560MHz, TDP: 50W)", "RGB Backlit keyboard rated for 20 million keystroke durability. 2 x USB 3.1 Type-A Gen 1, 1 x USB 2.0 Type A, 1 x RJ-45, 1 x HDMI, 1 x headphone/microphone combo jack", "Windows 10 Home, 802.11AC, Bluetooth 4.2. Comes with CUE Accessories Bundle for easy connection: 6ft USB cable, HDMI Cable and mouse pad"], "reviewsAspects": [], "productInformation": [{"\nASIN\n": "\nB08F49V14K\n", "Customer Reviews": "\n\n\n\n\n\n\n4.5 out of 5 stars\n\n\n\n\n\n\n\n\n110 ratings\n\n\n\n\n\n\n4.5 out of 5 stars\n", "\nBest Sellers Rank\n": "\n\n#20,422 in Computers & Accessories (See Top 100 in Computers & Accessories)\n\n#3,117 in Traditional Laptop Computers\n\n\n", "\nDate First Available\n": "\nApril 22, 2020\n"}], "productDescription": "Product description\nCapacity:8GB DDR4, 256GB SSD  |  Color:Ryzen 5 R5-3550H\nComputer Upgrade Expert (CUE) sells computers with upgraded configurations. If the computer has modifications (listed above), then the manufacturer box is opened for it to be tested and inspected and to install the upgrades to achieve the specifications as advertised. If no modification are listed, the item is unopened and untested. Defects & blemishes are significantly reduced by our in depth inspection & testing\n\nKEY SPECIFICATIONS:\n\nPC Type:\nThin and Light Gaming & Entertainment Laptop Computer\nPC Series:\nAsus FX505 TUF\nBody Design:\nPortable design with 1.02\u201d thin profile and weight of only 4.85 lbs; Durable MIL STD 810 military standard construction gaming laptop\nDisplay:\n15.6 inch 60Hz Full HD ( 1920 x 1080 ) Anti-Glare Display\n\nProcessor:\nAMD Quad-Core Ryzen 5 3550H, 2.1GHz up to 3.7GHz, 6 MB Intel Smart Cache, 8 Threads\n\nMemory:\n8GB DDR4\n\nStorage:\n256 GB PCIe SSD\n\nGraphics:\nDedicated 4GB GDDR5 Nvidia GeForce GTX 1650 4GB graphics (base: 1395MHz, Boost: 1560MHz, TDP: 50W)\n\nCommunications:\n802.11ac Wireless LAN and Bluetooth 4.2 Combo\n\nKeyboard:\nRed Backlit Keyboard\n\nCamera:\n720p HD Webcam\n\nOperating system:\nWindows 10 Home 64 bit\n\nPorts & Slots:\n2 x USB 3.1 Type-A Gen 1, 1 x USB 2.0 Type A, 1 x RJ-45, 1 x HDMI, 1 x headphone/microphone combo jack\n\nAdditional Information:\nDimensions: 14.2\" x 10.3\" x 1\"\nApproximate Weight: 4.9lbs\n\nAccessory:\nCUE Mouse Pad, 6ft USB Cable, HDMI Cable included", "reviews": [{"reviewerName": "John Myers", "reviewerUrl": "https://www.amazon.com/gp/profile/amzn1.account.AH3BZC2DGR2TCL2DYHEKYYQQ3EFA/ref=cm_cr_getr_d_gw_btm?ie=UTF8", "rating": "1.0 out of 5 stars", "reviewTitle": "Broke", "reviewDate": "April 5, 2021", "reviewText": "  Not sure how well this laptop worked. The screen was broken when I opened the box with no damage to the shipping box or the sealed inner box.", "is_Helpful": ""}, {"reviewerName": "Quin J", "reviewerUrl": "https://www.amazon.com/gp/profile/amzn1.account.AGJGGXVV3ERPPXTYIOH2DPH35DIQ/ref=cm_cr_arp_d_gw_btm?ie=UTF8", "rating": "3.0 out of 5 stars", "reviewTitle": "Ok", "reviewDate": "March 22, 2021", "reviewText": "  I like everything about it except how fast the batter dies.", "is_Helpful": ""}, {"reviewerName": "TSatts", "reviewerUrl": "https://www.amazon.com/gp/profile/amzn1.account.AGQGGR7ALZWOYMOLW3LK4AVWTHLA/ref=cm_cr_arp_d_gw_btm?ie=UTF8", "rating": "5.0 out of 5 stars", "reviewTitle": "Solid Laptop in all Respects", "reviewDate": "February 6, 2021", "reviewText": "  Wanted a \"gaming\" computer for the beefed up processing capabilities.  This guy fit the bill.  I have been using it solidly for 3 months - no issues at all.  Works great on the moderate video & graphics production I do for personal use, plus all of my work from home computing use.", "is_Helpful": ""}, {"reviewerName": "Nanii J.", "reviewerUrl": "https://www.amazon.com/gp/profile/amzn1.account.AFDS2TLWXRTZ6UYZNU6PMEMTXWZA/ref=cm_cr_arp_d_gw_btm?ie=UTF8", "rating": "5.0 out of 5 stars", "reviewTitle": "Really good", "reviewDate": "February 4, 2021", "reviewText": "  Got this for my little brother for Christmas and he loves it. It runs just as good as a pc", "is_Helpful": ""}, {"reviewerName": "Raul Rivera", "reviewerUrl": "https://www.amazon.com/gp/profile/amzn1.account.AEKT5FKUF26MUO4VUJRENN2PQVFQ/ref=cm_cr_arp_d_gw_btm?ie=UTF8", "rating": "5.0 out of 5 stars", "reviewTitle": "it is the best laptop I ever had", "reviewDate": "January 15, 2021", "reviewText": "  I bought the 8GB DDR4, 256GB SSD  Ryzen 5 R5-3550H I got this one and bought 32 gigs of memory and a 1 tb drive it is cheaper to replace those parts on your own then to have them do it I also had a 2 tb drive laptop sata drive that I added as well. this thing runs all my games as well as cyber punk 2077 with the settings set to ultra i am really happy with this purchase", "is_Helpful": "One person found this helpful"}, {"reviewerName": "Dorothy Kinney", "reviewerUrl": "https://www.amazon.com/gp/profile/amzn1.account.AE4YCYM3B7YGRQC5XUWUBYCICJ5Q/ref=cm_cr_arp_d_gw_btm?ie=UTF8", "rating": "5.0 out of 5 stars", "reviewTitle": "I killed two birds with one stone.", "reviewDate": "December 29, 2020", "reviewText": "\"  This was a Christmas gift for my 16 year old grandson who as like all kids are going to school via Zoom. The school laptops didnt have all the necessary buttons and whistles needed to get through school efficiently. This laptop has everything he needs for zoom school and the bonus is, he can also play his games on this laptop.\"", "is_Helpful": "One person found this helpful"}, {"reviewerName": "jayjwol", "reviewerUrl": "https://www.amazon.com/gp/profile/amzn1.account.AHSS35CWQN7VWTRWKNBZESHIWQQQ/ref=cm_cr_arp_d_gw_btm?ie=UTF8", "rating": "4.0 out of 5 stars", "reviewTitle": "Great Laptop With One Annoying Flaw", "reviewDate": "December 6, 2020", "reviewText": "\"  This laptop is the best Ive ever owned and is hard to beat at this price point. However, it has a single annoying flaw... The touchpad sucks.\", \"TL;DR - 4 stars out of 5 because of the touchpads design\", ------------------, \"I bought a nice wireless mouse to get around the touchpads problems, but ASUS really should take note of the fact that a slight shift in position to the left would keep peoples hands from grazing it accidentally (very annoying for writers such as myself).\", The touchpad could also stand to be a bit smaller and less janky sounding (it sounds outright flimsy when you touch it as the whole thing move around a bit). The touchpad also has little fits here and there where it malfunctions for a few seconds, doing random things you never gave it any reason to do (highlighting text when you were scrolling and then going unresponsive for a moment, etc.)., \"As I mentioned above, a wireless mouse eliminates this laptops single issue for most people, making it a great choice overall. I installed an additional 8GB RAM chip and a 500GB HDD and could scarcely be happier with my purchase. The keyboard lights make me feel like a real fancy lad indeed.\"", "is_Helpful": "5 people found this helpful"}, {"reviewerName": "Brokenheart", "reviewerUrl": "https://www.amazon.com/gp/profile/amzn1.account.AEF3CD7IHRJEXEAVWH5SPGDIE2KQ/ref=cm_cr_arp_d_gw_btm?ie=UTF8", "rating": "3.0 out of 5 stars", "reviewTitle": "Curved screen", "reviewDate": "November 27, 2020", "reviewText": "  I want to contact the manufacturer because my screen is very curved. I think these are defective products.", "is_Helpful": "2 people found this helpful"}, {"reviewerName": "Victoria H", "reviewerUrl": "https://www.amazon.com/gp/profile/amzn1.account.AH3NGCWUMDDRLHDZEMZGIQWVJS3A/ref=cm_cr_arp_d_gw_btm?ie=UTF8", "rating": "4.0 out of 5 stars", "reviewTitle": "\"Its ok\"", "reviewDate": "October 15, 2020", "reviewText": "  My son says the hard drive is too small for one of his games.", "is_Helpful": "3 people found this helpful"}, {"reviewerName": "Jamie Dorris", "reviewerUrl": "https://www.amazon.com/gp/profile/amzn1.account.AH4HU26TOPHDVQXDC76ABHDARCLQ/ref=cm_cr_arp_d_gw_btm?ie=UTF8", "rating": "5.0 out of 5 stars", "reviewTitle": "100% worth the money!", "reviewDate": "October 15, 2020", "reviewText": "  Amazing laptop for the price! No issues here to complain about. The light up keyboard is awesome, I just overall love the look of it!", "is_Helpful": "One person found this helpful"}, {"reviewerName": "Woobin Kim", "reviewerUrl": "https://www.amazon.com/gp/profile/amzn1.account.AGP2BQNW6JOXHTVNIH27NHIONZ3Q/ref=cm_cr_getr_d_gw_btm?ie=UTF8", "rating": "1.0 out of 5 stars", "reviewTitle": "Worst durability/ stability", "reviewDate": "October 6, 2020", "reviewText": "  Generally bad., \"I assembled 5 desktops in my life, and bought this laptop for taking online class and play video games that doesnt require high-spec computer.\", \"Overall, its stability of hardware is so awful, you will see a lot of bluescreen while using this laptop. Bluescreen popped up 4 times while using roughly less then 15 uses of this laptop.\", \"Im turning back because its screen is dead now in a month. I didnt even use the laptop daily(should be once in 3days)\", \"Heres what I did\", 1. Turning on/off, 2. Disconnect battery and turn back on, 3. Pressing power button for 40 or 60 secs to reset hardware, 4. Window + Ctrl + Shift + B to reset software display, 5. Fn + F6, F7, F8 to make sure if the screen is dead, None of them worked., \"I dont think this laptop is military grade durability product...\", Never buy this laptop or ASUS laptop it has a lot of this kind of problems \ud83d\ude12", "is_Helpful": "One person found this helpful"}, {"reviewerName": "Kieran Allbright", "reviewerUrl": "https://www.amazon.com/gp/profile/amzn1.account.AHQFYW775YSQ7TYU2ZD536SVZXVA/ref=cm_cr_arp_d_gw_btm?ie=UTF8", "rating": "1.0 out of 5 stars", "reviewTitle": "\"Isnt worth it.\"", "reviewDate": "August 30, 2020", "reviewText": "\"  \\xa0Ive had this laptop for four days. It was great until it stopped working! Out of nowhere, the monitor stopped working, while the rest of the laptop was still running. I reseated the ram, hoping this would fix it, and it did not. Moments later, the laptop stopped working in its entirety. When I attempt to boot it up, the keyboard briefly lights up, and then turns back off. This isnt worth the headache\u2014 or the money.\", \"Edit: I took it to a computer shop, and they believe the motherboard is bad. I will be looking into returning or replacing this laptop if Im able.\"", "is_Helpful": "9 people found this helpful"}, {"reviewerName": "Daniel V.", "reviewerUrl": "https://www.amazon.com/gp/profile/amzn1.account.AEYXZIAK3WMYBPQ6WZP3JFGTO2DA/ref=cm_cr_getr_d_gw_btm?ie=UTF8", "rating": "1.0 out of 5 stars", "reviewTitle": "Not sure if I just got a faulty one", "reviewDate": "August 23, 2020", "reviewText": "\"  I can see that everyone else is having great luck with this laptop. However, as a gaming laptop, all Ive experienced is constant lagging in any online game Im playing, usually Blizz or Steam games. I know its not their servers, because the laptop I had before this one did beautifully with any game (also the reason I know its not my ISP). My only conclusion is that either this model or this SPECIFIC laptop has some bad issues in terms of its networking. Would not recommend, spend a bit more and get a decent gaming laptop\"", "is_Helpful": "2 people found this helpful"}], "qAndA": [{"question": "Can I plug an Ethernet cable into it?", "answer": "yes, its got an ethernet jack"}, {"question": "How many watts of power does it pull in total?", "answer": "Answer not available"}, {"question": "can it run fortnite", "answer": "Answer not available"}, {"question": "Would the first cheapest option be able to run next gen games with atleast acceprable graphics?", "answer": "I can play Gears Tactics with medium graphics looks nice no lag if that helps but not sure about cyberpunk or games like that it has an RX 560 i think."}, {"question": "New to a gaming laptop. Can i use Microsoft office with this laptop? I am getting conflicting answers", "answer": "Yes. You can absolutely use Microsoft office on the laptop without any issues. Just know that you must purchase Office to do so."}, {"question": "How long does the battery last?", "answer": "Answer not available"}, {"question": "Is it VR ready? For oculus?", "answer": "Answer not available"}, {"question": "Does it have dual channel memory?", "answer": "Answer not available"}, {"question": "What memory speed is the upgraded ddr4 8gb on this listing? Also is the bios set to run at the advertised speed or the default amd speed?", "answer": "Answer not available"}, {"question": "What framerate is the screen like 120hz?", "answer": "Answer not available"}, {"question": "Do the hindges open easily or hard?", "answer": "It's pretty easy to open, the hinges will keep it closed nicely but won't let it just fly open"}, {"question": "Can I play world of warcraft on this", "answer": "Yes. It just a matter of setting, there is an in built app called armory on which you put your computer on Modes, Normal, Silent, High Performance and Turbo.\n\nI myself even play Atellier Ryza without issues."}, {"question": "Can i get this without the highlighted wasd group?", "answer": "Answer not available"}, {"question": "How does it handle apax legends, gta, and conan exiles?", "answer": "It runs Apex Legends just fine."}, {"question": "Does this have a disk drive for disk games? Also, is this windows 7 compatible for my older games like the Sims 2?", "answer": "No disk drive, I have tried older games on it yet."}, {"question": "Can i play grand theft auto V in this laptop?", "answer": "Most likely but not with high or graphics possibly medium in some options but lower or turn of shaders and you should be good."}, {"question": "Is it I phone compatible?", "answer": "Answer not available"}, {"question": "Can it be sold with Windows 10 Pro upgrade?", "answer": "Answer not available"}, {"question": "Can this run streamlab and elegato", "answer": "Yes"}, {"question": "could it ran warcraft 3 reforged well?", "answer": "Answer not available"}, {"question": "Does this come with a warrenty?", "answer": "I bought the warranty, but it's definitely worth it."}, {"question": "Does it come with duel channel or Single channel memory if I order the 16gb+?", "answer": "Answer not available"}, {"question": "What gaming software comes with it", "answer": "Answer not available"}, {"question": "Upgradable ram?", "answer": "Answer not available"}, {"question": "Can this slice 3D models/stl files?", "answer": "Answer not available"}, {"question": "Does this have a thunderbolt 3 port?", "answer": "Answer not available"}, {"question": "can this run danganronpa v3?", "answer": "Answer not available"}, {"question": "Excluding the ssd, does it come with another storage drive ? Whats the total memory?", "answer": "512 Gb SSD Comes with 8Gb Ram, but can be upgraded to 32Gb, I think."}, {"question": "Can i connect my lg thinq & use the screen as a monitor?", "answer": "Answer not available"}, {"question": "Can I run call of duty ?", "answer": "Absolutely, a non gaming desktop will run Call of Duty with AMD integrated graphics with no problem."}, {"question": "Can I play second life smoothly on this laptop?", "answer": "I would say yes, but I don't exactly know how harsh second life is on computers. Ark does run very smoothly on this for a comparison."}, {"question": "Does it come with a charger ?", "answer": "yes, outlet charger came with it"}, {"question": "Is there a webcam?", "answer": "Yes there is a 720p webcam built into the top of the screen."}, {"question": "how well does it run Minecraft?", "answer": "Runs Minecraft at high settings with no issues."}, {"question": "Can the 32gb with 1 tb sdd run cod warzone on high resolution?!", "answer": "Answer not available"}, {"question": "Can the memory be upgraded?", "answer": "Yes it can"}, {"question": "How would War of Rights play on this? Thanks!", "answer": "Answer not available"}, {"question": "Can I run oculus app to play rift games on it?", "answer": "Answer not available"}], "time": ["09/04/2021 17:07:58"], "reviewsCountInfo": {"expRevCount": "13", "actRevCount": 13, "nonEnglishRevCount": 0}, "scrapperInfo": {"Version": "1.3.2", "Released Date": "08/04/2021"}, "productURL": "https://www.amazon.com/gp/product/B08F49V14K", "ASIN": "B08F49V14K", "title": "Asus TUF Gaming Laptop, 15.6\u201d IPS Full HD, AMD Quad-Core Ryzen 5 3550H, 8GB DDR4 Memory, 256GB SSD, Nvidia GeForce GTX 1650, RGB Backlit Keyboard, Webcam, BT, Windows 10 + CUE Accessories", "manufacturer": " ASUS Store", "currentPrice": "$748.99", "rating": "4.5", "totalRatings": "110 "}