{"features": ["NVIDIA GeForce RTX 2070 SUPER 8GB GDDR6 with ROG Boost (Base: 1140MHz, Boost: 1380MHz, TDP: 115W)", "Latest 10th Gen Intel Core i7-10750H Processor", "144Hz 3ms 17.3\u201d Full HD 1920x1080 IPS-Type Display", "16GB DDR4 2933MHz RAM | 512GB PCIe SSD | Windows 10 Home", "ROG Intelligent Cooling thermal system with Thermal Grizzly Liquid Metal Thermal Compound", "ROG Aura Sync System with RGB Keyboard and Light Bar", "Gig+ Wi-Fi 6 & Bluetooth 5.0 | Easy Upgrade System", "Bundle: Get 30 days of Xbox Game Pass for PC with purchase*"], "reviewsAspects": [], "productInformation": [{"\nASIN\n": "\nB08MKY1G17\n", "Customer Reviews": "\n\n\n\n\n\n\n4.4 out of 5 stars\n\n\n\n\n\n\n\n\n53 ratings\n\n\n\n\n\n\n4.4 out of 5 stars\n", "\nBest Sellers Rank\n": "\n\n#27,318 in Computers & Accessories (See Top 100 in Computers & Accessories)\n\n#4,289 in Traditional Laptop Computers\n\n\n", "\nDate First Available\n": "\nNovember 3, 2020\n"}], "productDescription": "\nROG STRIX G17\nThe ROG Strix G17 embodies streamlined design, offering a formidable core experience for serious gaming and multitasking on Windows 10 Home. Featuring up to the latest 10th Gen Intel Core CPU and a NVIDIA GeForce GPU, it offers high-FPS power that takes full advantage of up to a blazing fast display\nPower Up with the Next Generation\nThe powerful 10th gen Intel Core CPU paired with NVIDIA GeForce GPU powers through intensive work and play. Space for three total SSDs means you can easily expand your storage and take your complete program library with you anywhere.\nGame at Professional Speed\nAn ultrafast 144Hz refresh rate makes the flow of fast-paced action look impeccably smooth, while the 3ms grey-to-grey response time minimizes motion blur for precision target tracking.\n30-days of Xbox Game Pass for PC on Us\nUnlimited access to over 100 high-quality PC games*\u2014with new games added all the time\u2014included with this device.\n*Limit: 1 per person/account; details at: asus.com/us/site/ROGGamePass-2020/\nROG Intelligent Cooling\nROG's Intelligent Cooling philosophy mixes the right features and system settings to ensure the best experience. Performance is boosted with cutting-edge enhancements like liquid metal compound on the CPU and a well-ventilated exterior that keeps noise levels lower than the last generation.\nComprehensive Connectivity\nGet blazing fast transfers at Gen 2 speeds via the USB 3.2 Type-C with DisplayPort 1.4, or connect an ROG G-SYNC monitor for silky smooth gaming. Three Type-A USB 3.2 Gen 1 ports are ready for your favorite gaming gear, while HDMI 2.0b allows you to enjoy content on a 4K monitor or TV at up to 60Hz.\nReliable Wi-Fi\nUltrafast Intel Wi-Fi 6 with Gig+ (802.11ax) lets you game reliably at LAN speeds wherever compatible connections are available. Wi-Fi 6 (Gig+) enables a peak interface bandwidth up to 2.4Gbps.*\n*Unless otherwise stated, Wi-Fi speeds are based on theoretical performance. Actual performance may vary.", "reviews": [{"reviewerName": "James A. Dean", "reviewerUrl": "https://www.amazon.com/gp/profile/amzn1.account.AGHNSBTKRJZKINNUOV7ADC2GE4JA/ref=cm_cr_arp_d_gw_btm?ie=UTF8", "rating": "4.0 out of 5 stars", "reviewTitle": "Worth the money, powerful enough, expect very loud fans.", "reviewDate": "April 3, 2021", "reviewText": "  Overall very happy. Fantastic laptop as robust and powerful as my desktop once I upgraded. I maxed out the ram and added two additional Samsung 980 SSDs.  \"Yes but can it run Cyberpunk\". Ha. I have not attempted to use ray tracing but yes, fully maxed out setting on Cyberpunk without a hitch. My ONLY complaints about the laptop are 1.  it is LOUD (fans). When it is gaming the fans ramp up to max speed and wow are they loud. My desktop and previous laptop were whisper quiet even under full load but this... Wow. Jet engine loud. And 2. The speakers are actually pretty crappy. Even at 100% it is difficult to hear. My last laptop was superb speaker wise so I had high expectations there.  Oh, and not a complaint but if you are gaming make sure you do have it plugged in. It doesn\\t perform very well not plugged in when gaming.... But I expected that, my last laptop was the same.  Not an issue.", "is_Helpful": ""}, {"reviewerName": "Chris Stith", "reviewerUrl": "https://www.amazon.com/gp/profile/amzn1.account.AHFZ2BGXQWQRYJGMJ7CWYF4SHFMA/ref=cm_cr_getr_d_gw_btm?ie=UTF8", "rating": "5.0 out of 5 stars", "reviewTitle": "Great gaming computer", "reviewDate": "March 22, 2021", "reviewText": "  For the price this is the best gaming computer I found. Easily modifiable for upgrades. Love it!", "is_Helpful": ""}, {"reviewerName": "Malkhaz Oniashvili", "reviewerUrl": "https://www.amazon.com/gp/profile/amzn1.account.AEAGEQZTA7MQE7ADYBURZ2C4XJXQ/ref=cm_cr_arp_d_gw_btm?ie=UTF8", "rating": "5.0 out of 5 stars", "reviewTitle": "Great laptop !!!", "reviewDate": "March 13, 2021", "reviewText": "  Great laptop, thanks Asus !, Quick delivery, great quality!, Thanks team, appreciate it !", "is_Helpful": ""}, {"reviewerName": "Amazon Customer", "reviewerUrl": "https://www.amazon.com/gp/profile/amzn1.account.AEJW7HD35VLPC7MNTUTFWDWUDACA/ref=cm_cr_arp_d_gw_btm?ie=UTF8", "rating": "1.0 out of 5 stars", "reviewTitle": "Badly packaged, arrived broken", "reviewDate": "March 2, 2021", "reviewText": "  It arrived in a completely mangled packaged and, unsurprisingly, broken.", "is_Helpful": ""}, {"reviewerName": "00UKNOW", "reviewerUrl": "https://www.amazon.com/gp/profile/amzn1.account.AGJWWC4542ZA3LB2VYKCQ5IPXY5Q/ref=cm_cr_arp_d_gw_btm?ie=UTF8", "rating": "4.0 out of 5 stars", "reviewTitle": "Built to handle the load.", "reviewDate": "February 27, 2021", "reviewText": "\"  Im using this machine as the main engine for my flight sim classes. So far it performs like a champ.\"", "is_Helpful": ""}, {"reviewerName": "mikeheral", "reviewerUrl": "https://www.amazon.com/gp/profile/amzn1.account.AFCVWARSBXCNUEAKYQ5SSER4PNVA/ref=cm_cr_arp_d_gw_btm?ie=UTF8", "rating": "4.0 out of 5 stars", "reviewTitle": "A good option but keep shopping", "reviewDate": "February 24, 2021", "reviewText": "  Runs a little hot, and needs some minor performance tweaks but a pretty good pc. I upgraded the ram and memory myself. Ok value for the money but look at an mail or save up and get a better pc from xotic", "is_Helpful": ""}, {"reviewerName": "melbi", "reviewerUrl": "https://www.amazon.com/gp/profile/amzn1.account.AHJO5CGQ4NLD3L4LN5P7HBEHXMQA/ref=cm_cr_getr_d_gw_btm?ie=UTF8", "rating": "1.0 out of 5 stars", "reviewTitle": "This pc came with black screen from new screen never I saw o", "reviewDate": "February 22, 2021", "reviewText": "  \\xa0This pc came new with black screen I just opened and there you got new pc with black screen  I never saw this screen ( ON ) THIS IS SO BAD situation $2000 USD for this bull shitttt", "is_Helpful": "One person found this helpful"}, {"reviewerName": "Liam Devlaeminck", "reviewerUrl": "https://www.amazon.com/gp/profile/amzn1.account.AFFKNUSFBSN6WIC3OBHITSFEEE2A/ref=cm_cr_getr_d_gw_btm?ie=UTF8", "rating": "5.0 out of 5 stars", "reviewTitle": "Top tier laptop", "reviewDate": "February 20, 2021", "reviewText": "  It\u2019s works really well. If you can find it on sale, definitely go for it. Yes, it\u2019s an older model but it\u2019s going to be a long time before this hardware turns obsolete.", "is_Helpful": "One person found this helpful"}, {"reviewerName": "Joey Bland", "reviewerUrl": "https://www.amazon.com/gp/profile/amzn1.account.AEVSLGME3P3KGWMJILIY5ETA7JFQ/ref=cm_cr_getr_d_gw_btm?ie=UTF8", "rating": "5.0 out of 5 stars", "reviewTitle": "Love this laptop", "reviewDate": "January 17, 2021", "reviewText": "  it is very fast i use for gaming and can use on settings all the way up on most games.  it dose get hot when playing for a long time.", "is_Helpful": "One person found this helpful"}, {"reviewerName": "Dustin Smith", "reviewerUrl": "https://www.amazon.com/gp/profile/amzn1.account.AE7ZB6RAY2FPLCEMSPEIPQDTOF6A/ref=cm_cr_getr_d_gw_btm?ie=UTF8", "rating": "5.0 out of 5 stars", "reviewTitle": "Love the laptop! Good seller", "reviewDate": "January 16, 2021", "reviewText": "  Fast shipping! Item came as described! Thank you", "is_Helpful": "2 people found this helpful"}, {"reviewerName": "Jericho", "reviewerUrl": "https://www.amazon.com/gp/profile/amzn1.account.AG4COQGUXZUJK2CI2J6BKEVTOUCA/ref=cm_cr_arp_d_gw_btm?ie=UTF8", "rating": "5.0 out of 5 stars", "reviewTitle": "Only one slight problem....", "reviewDate": "January 13, 2021", "reviewText": "\"  The computer is excellent!! However the USB sockets on the left side are a bit too close to the bottom plate so that its hard to get a USB cable to plug in with th PC on a flat (non-elevated ) surface.\", Addendum: The writing for the instruction book is incredibly tiny, I needed glasses AND a magni fying glass to read the writing. I have 20/20 vision with glassses. ASUS needs to make the writing more legible as not everyone is blessed with better than 20/20 vision.", "is_Helpful": "One person found this helpful"}, {"reviewerName": "ArrowerHans", "reviewerUrl": "https://www.amazon.com/gp/profile/amzn1.account.AGUUDY6ILAM43EBGNLPU4VPG6NMA/ref=cm_cr_arp_d_gw_btm?ie=UTF8", "rating": "1.0 out of 5 stars", "reviewTitle": "Defective", "reviewDate": "January 13, 2021", "reviewText": "  Today I got the replaced laptop for the 2nd time, however, it turned out as defective as the other 2., The problem with the first one is that one side of the RGB lightbar stopped working after a week of use, accompanying noisy electric buzzing sound when I move the mouse (NO MATTER USE EXTERNAL MOUSE OR TRACKPAD). A week after that, I got the replaced one. However, it came in with an open box  (Seal was broken), then I became really suspicious about it and ran several tests, only to find that the screen was defective. Except for the IPS glow that is common for the IPS panel, there were BACKLIGHT BLEEDS. Then, I requested the replacement with a fluke mind. In the end, I got the 3rd one, which was nothing but a copy of the 2nd one (Pre-opened Box and Light bleed screen)., When I contact ASUS customer service, they always told me to dive into some software settings (DEVICE MANAGEMENT,  even BIOS) as if I can fix the defective screen through system settings., \"With that being said, Im reluctant to draw a conclusion, hope you dont encounter this kind of issue when you consider this laptop.\"", "is_Helpful": "2 people found this helpful"}, {"reviewerName": "Amazon Customer", "reviewerUrl": "https://www.amazon.com/gp/profile/amzn1.account.AEJONDGG22AQLXEEXVKDRVHOFPYA/ref=cm_cr_arp_d_gw_btm?ie=UTF8", "rating": "5.0 out of 5 stars", "reviewTitle": "Great Gaming Laptop", "reviewDate": "January 6, 2021", "reviewText": "  This is a great gaming Laptop and value.  The look, feel and hardware are all impressive. There is not much bloatware installed upon arrival.  The fan is a bit loud as with any gaming laptop and I suggest you also get a good cooling pad/stand.", "is_Helpful": "One person found this helpful"}, {"reviewerName": "Amazon Customer", "reviewerUrl": "https://www.amazon.com/gp/profile/amzn1.account.AG7Z37RS55VVKL3EUWGM5VGNSAIQ/ref=cm_cr_getr_d_gw_btm?ie=UTF8", "rating": "5.0 out of 5 stars", "reviewTitle": "Asus Rog Strix G17", "reviewDate": "January 5, 2021", "reviewText": "  Came as expressed, one day early actually. The one thing I was confused about was what GPU it actually comes with. As the description says it\u2019s a 2070 Super. Running great so far.", "is_Helpful": "One person found this helpful"}, {"reviewerName": "Dean Winchester", "reviewerUrl": "https://www.amazon.com/gp/profile/amzn1.account.AGW34NOT32ME3Y77RSCHYE4KPJ7A/ref=cm_cr_getr_d_gw_btm?ie=UTF8", "rating": "1.0 out of 5 stars", "reviewTitle": "Dont buy it", "reviewDate": "December 22, 2020", "reviewText": "  Nice hardware bad software", "is_Helpful": ""}, {"reviewerName": "zizichen", "reviewerUrl": "https://www.amazon.com/gp/profile/amzn1.account.AFRBR7JNQTSA5GFRL4PYATBU5QYQ/ref=cm_cr_getr_d_gw_btm?ie=UTF8", "rating": "2.0 out of 5 stars", "reviewTitle": "kkkk", "reviewDate": "December 5, 2020", "reviewText": "  It runs a little bit slow, not so good\uff01", "is_Helpful": ""}, {"reviewerName": "Yookyung Park", "reviewerUrl": "https://www.amazon.com/gp/profile/amzn1.account.AEBK2UODBZ4OVIJ6ZJGZ7GYVJP4Q/ref=cm_cr_getr_d_gw_btm?ie=UTF8", "rating": "3.0 out of 5 stars", "reviewTitle": "Why 512GB change 457GB?", "reviewDate": "December 3, 2020", "reviewText": "\"  Im really confused...\"", "is_Helpful": ""}], "qAndA": [{"question": "Do this have 2070 or 2070 super, max q? and can i add another storage?", "answer": "This model comes with the NVIDIA GeForce RTX 2070 SUPER."}, {"question": "is the memory 2933 and if so can i add faster or slower memory to the other slot?", "answer": "Yes, the memory is 2933MHz and you can add faster memory to the other slot."}, {"question": "Hola, el computador tiene garant\u00eda internacional?", "answer": "Hola Carolina si tiene garant\u00eda internacional 100%"}, {"question": "Is it possible to add ram on this model?", "answer": "No, the RAM on this model cannot be extended."}, {"question": "how long will the battery last from a single charge?", "answer": "This model battery life is based on the usage and the settings, this model battery life can last from eight to twelve hours."}, {"question": "what are the regular temps for games on max settings? Please include game too?", "answer": "Answer not available"}, {"question": "Memory 1x16 or 2x8 default?", "answer": "I did not open the back part yet as I am waiting for the arrival of SSD that I ordered before opening. But based from the Task Manager, it goes 2x8 3200MHz DDR4."}, {"question": "Is the screen anti glare?", "answer": "This model comes with a anti-glare display screen."}, {"question": "Buenas. que tipo de memoria ram trae, y a que velocidad?", "answer": "Answer not available"}, {"question": "Buenas en el titulo del anuncio dice que es una rtx 2070 super, en el detalle dice que es rtx 2070 max-q, favor aclarar cual es?", "answer": "Answer not available"}, {"question": "Does it have webcam?", "answer": "No webcam and no card reader"}, {"question": "Can i get it without Microsoft windows?", "answer": "Doubtful, but you can always reformat / repartition the boot drive"}, {"question": "Is this a 2070 super max-p or max-q? Also is the ram expandable or soldered to the board?", "answer": "Hello, this laptop has a NVIDIA GeForce RTX 2070 Super Mobile . Upgradability-wise, there are two RAM SODIMM slots, which work in dual-channel and should support up to 64GB of DDR4 memory. There is also three M.2 NVMe drive slots."}, {"question": "I see one buying choice is \"144hz | 512gb ssd | 2070 super\". is this truly 2070 super? not 2070 super max-q?", "answer": "It is the Super, and NOT the Max-Q. It is also noisy as all get out (fans)"}, {"question": "I have a seagate firecuda 2tb solid state hybrid drive performance sshd \u2013 2.5 inch sata. can i fit this sshd in the laptop or no?", "answer": "No, only m.2280 NVme drives or m.2280 SATA fit"}, {"question": "In the product information block above, it clearly says this is max-q, but everyone here says it isn't and it is \"max-p\". so which is it?", "answer": "We're sorry for the misinformation but this model comes with the MAX-P version."}, {"question": "How many nits brightness is this screen?", "answer": "From Laptopmedia.com: \"The measured maximum brightness of 328 nits in the middle of the screen and 306 nits as an average for the whole area, with a maximum deviation of 9%\""}, {"question": "Can i upgrade the ram to 3200mhz?", "answer": "I read somewhere that you can install it, but it will only perform at 2933mhz"}, {"question": "\u00bfCu\u00e1nto debo pagar en la duana para que me llegue a M\u00e9xico?", "answer": "Answer not available"}, {"question": "Is the GPU an rtx 2070 or 2070 super? the title and information sections are conflicting.", "answer": "RTX 2070"}, {"question": "Does this laptop have a web cam?", "answer": "No, this model does not have a webcam."}, {"question": "How many nits brightness is the screen?", "answer": "Answer not available"}, {"question": "Can it play Cyberpunk 2077?", "answer": "Yes, based on the system requirements this model can play Cyberpunk 2077."}], "time": ["09/04/2021 18:31:22"], "reviewsCountInfo": {"expRevCount": 17, "actRevCount": 17, "nonEnglishRevCount": 2}, "scrapperInfo": {"Version": "1.3.2", "Released Date": "08/04/2021"}, "productURL": "https://www.amazon.com/gp/product/B08MKY1G17", "ASIN": "B08MKY1G17", "title": "ASUS ROG Strix G17 (2020) Gaming Laptop, 17.3\u201d 144Hz IPS Type FHD Display, NVIDIA GeForce RTX 2070 SUPER, Intel Core i7-10750H, 16GB DDR4, 512GB PCIe NVMe SSD, RGB Keyboard, Windows 10, G712LWS-WB74", "manufacturer": " ASUS Store", "currentPrice": "", "rating": "4.4", "totalRatings": "53 "}