{"features": ["\u30109th Generation Intel Core i5-9300H Processor\u30119th Generation Intel Core i5-9300H Processor 2. 4GHz with Turbo Boost Technology up to 4. 1GHz. With a killer combination of smart features, the Intel Core i5 processor is devastatingly powerful.", "\u301015. 6\" FHD widescreen LED-backlit IPS display, GM Accessories\u301115. 6\" Full HD (1920 x 1080) widescreen LED-backlit IPS display. Ghost Manta Accessories including HDMI Cable, USB extension cord and Mouse Pad.", "\u3010NVIDIA GeForce GTX 1650\u3011The GeForce GTX 1650 is built with the breakthrough graphics performance of the award-winning NVIDIA Turing architecture. It\u2019s a supercharger for today\u2019s most popular games, and even faster with modern titles. Step up to better gaming with GeForce GTX.", "\u3010Upgraded to 16GB RAM 512GB PCIe SSD\u3011Original Seal is opened for upgrade ONLY. Reams of high-bandwidth DDR4 RAM to smoothly run your graphics-heavy PC games and video-editing applications, as well as numerous programs and browser tabs all at once.", "\u3010Ports\u30111 - USB 3. 1 Type C Gen 1 port (up to 5 Gbps), 2 - USB 3. 1 Gen 1 Ports (One with Power-off Charging), 1 - USB 2. 0 Port, 1 - HDMI 2. 0 Port with HDCP Support. 0/100/1000 Gigabit Ethernet LAN (RJ-45 port). Backlit Keyboard, Lithium Ion Battery, Up to 8-hours Battery Life."], "reviewsAspects": ["battery life", "gaming laptop", "great gaming", "games", "computer", "keyboard", "video", "memory", "laptops", "plugged", "runs", "specs", "ram", "space", "steam"], "productInformation": [{"\nASIN\n": "\nB08NJYX93B\n", "Customer Reviews": "\n\n\n\n\n\n\n4.6 out of 5 stars\n\n\n\n\n\n\n\n\n137 ratings\n\n\n\n\n\n\n4.6 out of 5 stars\n", "\nBest Sellers Rank\n": "\n\n#15,243 in Computers & Accessories (See Top 100 in Computers & Accessories)\n\n#2,187 in Traditional Laptop Computers\n\n\n", "\nDate First Available\n": "\nNovember 16, 2020\n"}], "productDescription": "Product description\nCapacity:16GB RAM | 512GB PCIe SSD\nTake The Game To Them\nSoar to new gaming heights\u2014anytime, anywhere\u2014with the Nitro 5. This ultra-cool machine is sure to catch your eye with its sleek, mobile design, 15.6\u201d Full HD IPS Display, and a wide range of gaming-rich features to put you in total command of the action. Leveraging the power and speed of its 9th Gen Intel Core processor and high-performance NVIDIA GeForce GTX 1650 graphics\u2014that\u2019s driven by NVIDIA Turing architecture.\n\nBreaking the Sound Barrier\nBetter audio delivers a competitive edge as well as a more immersive experience. Invigorate your gaming and enjoy crushing audio as Waves MaxxAudio meets Acer TrueHarmony. Get intelligent bass, dialog and volume enhancement with Waves MaxxAudio, and deeper, richer sounds with Acer TrueHarmony.\n\nWe sell computers with upgraded configurations. If the computer has modifications (listed above), then the manufacturer box is opened for it to be tested and inspected and to install the upgrades to achieve the specifications as advertised. If no modifications are listed, the item is unopened and untested. Defects & blemishes are significantly reduced by our in-depth inspection & testing.\n\nProcessor: \n9th Generation Intel Core i5-9300H Processor 2. 4GHz with Turbo Boost Technology up to 4. 1GHz\n\nGraphics: \nNVIDIA GeForce GTX 1650\n\nHard Drive: \nUpgraded to 512GB PCIe SSD\n\nMemory: \nUpgraded to 16GB DDR4 SDRAM\n\nDisplay: \n15. 6\" Full HD (1920 x 1080) widescreen LED-backlit IPS display\n\nScreen Resolution: \n1920 x 1080\n\nOperating system: \nWindows 10\n\nEthernet: \n10/100/1000 Gigabit Ethernet\n\nKeyboard: \nBacklit Keyboard\n\nPorts: \n1 x USB 3. 1 Type C Gen 1 port,\n2 x USB 3. 1 Gen 1 Ports ,\n1 x USB 2. 0 Port,\n1 x HDMI\n1 x RJ-45", "reviews": [{"reviewerName": "Andrey", "reviewerUrl": "https://www.amazon.com/gp/profile/amzn1.account.AH3BZMSJLFZ5DNDFSQOUBBWZC2HQ/ref=cm_cr_getr_d_gw_btm?ie=UTF8", "rating": "5.0 out of 5 stars", "reviewTitle": "Good overall gaming rig", "reviewDate": "February 25, 2021", "reviewText": "  Good for gaming", "is_Helpful": ""}, {"reviewerName": "Amazon Customer", "reviewerUrl": "https://www.amazon.com/gp/profile/amzn1.account.AEWLBKNFMPO4LP3QWDSWIYEJJZYQ/ref=cm_cr_getr_d_gw_btm?ie=UTF8", "rating": "1.0 out of 5 stars", "reviewTitle": "Faulty keyboard", "reviewDate": "January 23, 2021", "reviewText": "  Several keys didn\u2019t work.  I had to return the laptop.", "is_Helpful": ""}, {"reviewerName": "Reginald M Cunningham", "reviewerUrl": "https://www.amazon.com/gp/profile/amzn1.account.AH53IWAIPNL3WGZYJC2BB5F256UQ/ref=cm_cr_getr_d_gw_btm?ie=UTF8", "rating": "5.0 out of 5 stars", "reviewTitle": "All that I need", "reviewDate": "January 16, 2021", "reviewText": "  This computer is beyond gaming needs. For editing too. I\u2019m in love!", "is_Helpful": ""}, {"reviewerName": "Amazon Customer", "reviewerUrl": "https://www.amazon.com/gp/profile/amzn1.account.AGBF3EZPORS6FFY3WYAXTJNRIZRQ/ref=cm_cr_getr_d_gw_btm?ie=UTF8", "rating": "1.0 out of 5 stars", "reviewTitle": "The Security Seal Had Been Opened - Tips For Using This Laptop", "reviewDate": "January 9, 2021", "reviewText": "\"  The outside of the laptop package has a security seal that is not supposed to be broken prior to opening it. The security seal tape had been pulled back, and someone had cut open the seal before I even opened the package. As it stands I have no idea what has been done to the system, and if Im paying this kind of money for a new laptop I have no intentions of using a product that someone else may have tampered with during shipping.\", Worse still, because the product was bought as part of a special sale, I can no longer get a replacement. Instead all I can ask for is a refund of the item. This is absurd, and I have little to no intention of using this seller in the future., ~, I ultimately decided to keep this laptop despite the pierced security seal. I can agree that the keyboard has much to be desired. After just 3 months of light usage some of the keys are misbehaving and not always registering keystrokes. This is an intermittent issue though - sometimes keys work just fine, other times when your press a key three times it registers once or twice., I also had my first BSOD just this month, not even three months after purchase., If you do decide to go with this model, let me warn you - you will need to underclock it. The CPU can run at above 90 degrees celsius when doing mundane things like watching youtube videos. Most folk would advise going into BIOS to underclock the system, but there is a much easier way., Go into Control Panel -> Hardware and Sound -> Power Options -> Edit Plan Settings -> Change Advanced Power Settings. A dialogue window should open with a dropdown menu including the name of the current power plan. Change this dropdown option to the power plan you want to change. A box below displays all of the settings for the selected power plan, with options that can be expanded by clicking the plus symbol to the left of the text. Their are four numbers you are going to want to change to the values below:, Processor Power Management:, ----Minimum Processor State:, -------On Battery: 0%, -------Plugged in: 0%, ----Maximum Processor State:, -------On Battery: 50%, -------Plugged in: 50%, \"You might be afraid youll suffer massive performance dings with that, but I havent. Videos run crisp, games like Tabletop simulator run smooth because most of the heavy lifting is done by the Video Card anyway, and the temperatures are much much more reasonable. Surfing YouTube only causes temps on the CPU to get into the 40-60s\"", "is_Helpful": ""}, {"reviewerName": "Dr. Mar\u00eda J. Estrada", "reviewerUrl": "https://www.amazon.com/gp/profile/amzn1.account.AHRTXHKXAR67STMC55CMNYWSKK5A/ref=cm_cr_getr_d_gw_btm?ie=UTF8", "rating": "5.0 out of 5 stars", "reviewTitle": "Kid friendly laptop with xfi 647 internet speed!", "reviewDate": "January 9, 2021", "reviewText": "  I was nervous on a great deal.  This laptop works for gaming, battery life is fine, and a kids laptop is great for school and xfinity speed was 647! (That is lightning fast). Laptop arrived via UPS and in good condition.  I would strongly recommend to buy a back up power cord.  Will review 6 months.  Thank you company who upgraded his laptop to the specs we ordered.  5 stars.", "is_Helpful": ""}, {"reviewerName": "Julie Erlei", "reviewerUrl": "https://www.amazon.com/gp/profile/amzn1.account.AGDOKJWJ77IQR44UHUKCTYUAWFVA/ref=cm_cr_getr_d_gw_btm?ie=UTF8", "rating": "5.0 out of 5 stars", "reviewTitle": "Arrived quickly", "reviewDate": "December 28, 2020", "reviewText": "  It came in much faster than expected. So far so good. It was for my son, and he seems happy.", "is_Helpful": ""}, {"reviewerName": "Shelly Newman", "reviewerUrl": "https://www.amazon.com/gp/profile/amzn1.account.AF36MTM7JJ7JUBVKHVJ7OANWT2SA/ref=cm_cr_getr_d_gw_btm?ie=UTF8", "rating": "5.0 out of 5 stars", "reviewTitle": "Loved it", "reviewDate": "December 1, 2020", "reviewText": "  Like every thing", "is_Helpful": ""}, {"reviewerName": "Doug S.", "reviewerUrl": "https://www.amazon.com/gp/profile/amzn1.account.AHONKXE7DZH45GLBIBG2NZU6YPMQ/ref=cm_cr_arp_d_gw_btm?ie=UTF8", "rating": "5.0 out of 5 stars", "reviewTitle": "So far, so good.", "reviewDate": "November 25, 2020", "reviewText": "  I have had it for a couple months, love the hi def for net flix and games. Fairly high quality for gaming, I bought High end head phones and the sound is amazing. So far, glad I bought it.", "is_Helpful": "14 people found this helpful"}, {"reviewerName": "Mommyweb3", "reviewerUrl": "https://www.amazon.com/gp/profile/amzn1.account.AFLO6BYIPPTMCYN54ZLYH2KGH7FA/ref=cm_cr_getr_d_gw_btm?ie=UTF8", "rating": "5.0 out of 5 stars", "reviewTitle": "Love", "reviewDate": "November 22, 2020", "reviewText": "  My daughter loves this computer", "is_Helpful": "10 people found this helpful"}, {"reviewerName": "Haskins Family", "reviewerUrl": "https://www.amazon.com/gp/profile/amzn1.account.AHZYWVNOEUZOPZBENIIK2HUEX63Q/ref=cm_cr_getr_d_gw_btm?ie=UTF8", "rating": "5.0 out of 5 stars", "reviewTitle": "All around great.", "reviewDate": "November 19, 2020", "reviewText": "\"  Honestly its one of the best laptops I have owned so far, not to mention the cooling system is fantastic, can be on it for hours and it doesnt feel like a hot plate.\"", "is_Helpful": ""}, {"reviewerName": "James A Schecter", "reviewerUrl": "https://www.amazon.com/gp/profile/amzn1.account.AGUGGH4FLFGR2NNZUQXSZ32O5YJA/ref=cm_cr_getr_d_gw_btm?ie=UTF8", "rating": "4.0 out of 5 stars", "reviewTitle": "Great system for the price.", "reviewDate": "November 16, 2020", "reviewText": "  This should be loaded with Windows 10 Pro.", "is_Helpful": ""}, {"reviewerName": "ruy", "reviewerUrl": "https://www.amazon.com/gp/profile/amzn1.account.AGLLSJFDYNX6RGIEIPFZ7D6F72JQ/ref=cm_cr_getr_d_gw_btm?ie=UTF8", "rating": "4.0 out of 5 stars", "reviewTitle": "great gaming laptop for price", "reviewDate": "November 9, 2020", "reviewText": "\"  I bought the Nitro 5 to play some older games in high res, Battlefield4 being one of them...  The laptop has helped me clearly see, in high resolution, that Im not a very good player. I can see my own high res deaths displayed on the wonderful laptop display. Im looking forward to future matches where I continue to disappoint my team.\"", "is_Helpful": ""}, {"reviewerName": "David Holloway", "reviewerUrl": "https://www.amazon.com/gp/profile/amzn1.account.AHSNY3OKEXALELYNXFUS7EWXBBTA/ref=cm_cr_getr_d_gw_btm?ie=UTF8", "rating": "1.0 out of 5 stars", "reviewTitle": "2019,  60hz Monitor/ SPL Sata III ssd /", "reviewDate": "November 4, 2020", "reviewText": "  The computer itself I will give 4/5 stars!, For Amazon marking up the price, poor customer service.... and couldn\u2019t explain to me how they mixed up everything! I don\u2019t want anything free, I just wanted to know how they mixed up everything, didn\u2019t advertise correctly and need better customer service !!!!, #1 Computer was delivered and outside \u201cluckily weather was decent \u201c, #2 Amazon customer service arguments to a customer just asking questions is not professional !, #3 Dont select their upgrades for ram or Ssd, they use the cheapest parts !!! Quote \u201cNot made in China, made in Taiwan, Manufactured in China\u201d, What we the customers would like to see,, *Include Model Number, * Screen resolution, *Upgraded components \u201cparts manufacturer \u201c, *Claify It\u2019s SSD sata III, I have spoken with several people this has been a issue for a while now !", "is_Helpful": "One person found this helpful"}, {"reviewerName": "Heidi Rhine", "reviewerUrl": "https://www.amazon.com/gp/profile/amzn1.account.AGSEM5ZV52DPQQTG3HDUP5KAQUQA/ref=cm_cr_getr_d_gw_btm?ie=UTF8", "rating": "1.0 out of 5 stars", "reviewTitle": "This is a joke", "reviewDate": "November 2, 2020", "reviewText": "  Tarible the other reviews don\u2019t know what they are talking about And I am a professional Laptop builder and this is so over price for what it supples it has terrible specs and the fan doesn\u2019t work", "is_Helpful": ""}, {"reviewerName": "stephen bilbrey", "reviewerUrl": "https://www.amazon.com/gp/profile/amzn1.account.AGAT2BWVHRTOQDITA4AGQKWN3OQA/ref=cm_cr_getr_d_gw_btm?ie=UTF8", "rating": "3.0 out of 5 stars", "reviewTitle": "Do not buy if for vr", "reviewDate": "November 2, 2020", "reviewText": "  It was definently not VR ready like it said. It was missing all possible ways to hook up display port. Vr will not work with adapters that they lie to you about about thinking about the sellingpoint title of vr ready laptop witch is a joke", "is_Helpful": ""}, {"reviewerName": "Amazon Customer", "reviewerUrl": "https://www.amazon.com/gp/profile/amzn1.account.AEBRGEVXGFAOKJ6NGVNDHRXJCJ3A/ref=cm_cr_arp_d_gw_btm?ie=UTF8", "rating": "5.0 out of 5 stars", "reviewTitle": "Can\u2019t go wrong", "reviewDate": "November 1, 2020", "reviewText": "  Bought this for our 18 year old for his last year of homeschooling. The battery life is great. It handles curriculum software easily as well as all games he runs through Steam. I think he loves it.", "is_Helpful": "15 people found this helpful"}, {"reviewerName": "Debra Carr", "reviewerUrl": "https://www.amazon.com/gp/profile/amzn1.account.AFOEKE3ZMYKBXAMXLDVRTVFDKGGQ/ref=cm_cr_getr_d_gw_btm?ie=UTF8", "rating": "4.0 out of 5 stars", "reviewTitle": "Too new to be sure?", "reviewDate": "October 30, 2020", "reviewText": "\"  Its heavier than I expected,  but so far its great\"", "is_Helpful": ""}, {"reviewerName": "Joseph Stenger", "reviewerUrl": "https://www.amazon.com/gp/profile/amzn1.account.AHLRMJXLDUMCOHZMYT7R3ABQO4XA/ref=cm_cr_getr_d_gw_btm?ie=UTF8", "rating": "5.0 out of 5 stars", "reviewTitle": "Great laptop", "reviewDate": "October 24, 2020", "reviewText": "  Amazing for the price was able to run two virtual machines and risk of rain 2 with no lag and I have yet to see lag", "is_Helpful": ""}, {"reviewerName": "Addiel Jimenez", "reviewerUrl": "https://www.amazon.com/gp/profile/amzn1.account.AFFOLIAWAUUF5G6NJY3FP6DPGCPQ/ref=cm_cr_getr_d_gw_btm?ie=UTF8", "rating": "5.0 out of 5 stars", "reviewTitle": "\"Good laptop, but the battery doesnt last long\"", "reviewDate": "October 22, 2020", "reviewText": "\"  the battery doesnt last long\"", "is_Helpful": ""}, {"reviewerName": "Jennifer Gibson", "reviewerUrl": "https://www.amazon.com/gp/profile/amzn1.account.AEIWBVOLGRJIZTHBCKEDQT5F2P3A/ref=cm_cr_arp_d_gw_btm?ie=UTF8", "rating": "5.0 out of 5 stars", "reviewTitle": "AMAZING LAPTOP", "reviewDate": "October 22, 2020", "reviewText": "  I cannot day enough good things about this computer . I bought this for my husband who was traveling over seas and we both game . We built our own desktop - this laptop is smooth and runs perfect . We game large disk space games - Ark , 7 days runs easy with no lag . Battery life isn\u2019t as specified - it will die sooner than said .", "is_Helpful": "15 people found this helpful"}, {"reviewerName": "Joshua Payne", "reviewerUrl": "https://www.amazon.com/gp/profile/amzn1.account.AGNWBYXEJD3HOBYJJ7TLHTFZRPUA/ref=cm_cr_arp_d_gw_btm?ie=UTF8", "rating": "5.0 out of 5 stars", "reviewTitle": "Great Gaming Laptop", "reviewDate": "October 21, 2020", "reviewText": "  After having to sell my Xbox One and games from splitting up with my wife a while back, I developed an interest in PC gaming. This laptop was recommended by a sibling who is very knowledgeable about computer specs and I absolutely love it. It\u2019s fast, I had money to go all in for 32 GB of memory for future-proofing and 2 terabytes of hard drive space. I keep it plugged in, so while battery life is adequate unplugged (around 2 hours), it\u2019s just not a concern. I installed just about all the games I purchased on Steam (around 700 GB at this point) and I still have over a terabyte leftover for music and video editing. The sound of the fan is noticeable, but that was no problem when I added quality speakers containing a subwoofer., I have ordered an Acer screen along with a mouse and keyboard to go along with this laptop. I am happy with this purchase.", "is_Helpful": "20 people found this helpful"}, {"reviewerName": "Derek McMaster", "reviewerUrl": "https://www.amazon.com/gp/profile/amzn1.account.AFU2OKBGXVGJEXIZKRR7YOQTXZLA/ref=cm_cr_getr_d_gw_btm?ie=UTF8", "rating": "5.0 out of 5 stars", "reviewTitle": "FAST", "reviewDate": "October 21, 2020", "reviewText": "  Got if for general use....but my laptops get USED........cannot get the backlit keyboard to stay on however.......THAT is a little frustrating", "is_Helpful": "9 people found this helpful"}, {"reviewerName": "Lisset ", "reviewerUrl": "https://www.amazon.com/gp/profile/amzn1.account.AFJ4T3ONPL7SJ2752L7I4JSKQLBA/ref=cm_cr_getr_d_gw_btm?ie=UTF8", "rating": "5.0 out of 5 stars", "reviewTitle": "Great gaming computer", "reviewDate": "October 20, 2020", "reviewText": "  I had never owned a faster computer in my life. It has amazing quality and it\u2019s perfect for gaming, the graphics look very neat and bright. Considering my old computer was a notebook, this is a pretty good upgrade! It was worth every single penny.", "is_Helpful": "10 people found this helpful"}, {"reviewerName": "Roger Jones", "reviewerUrl": "https://www.amazon.com/gp/profile/amzn1.account.AGMGOB64HMBU3KC5RDM7GH4SWY5Q/ref=cm_cr_arp_d_gw_btm?ie=UTF8", "rating": "5.0 out of 5 stars", "reviewTitle": "Good PC for Video", "reviewDate": "October 19, 2020", "reviewText": "  We bought this for video for our church.  It seems to do the trick as far as handling HD Video.  The pre-installed Norton AV is a little annoying, so I uninstalled it, but the machine is performing very well", "is_Helpful": "13 people found this helpful"}, {"reviewerName": "Johnny Chien", "reviewerUrl": "https://www.amazon.com/gp/profile/amzn1.account.AHHMEXW2JHFIKWWXCBZVSRZJDGFA/ref=cm_cr_arp_d_gw_btm?ie=UTF8", "rating": "5.0 out of 5 stars", "reviewTitle": "Great Fast Computer", "reviewDate": "October 17, 2020", "reviewText": "  Computer is very fast and opens up apps instantly with 16 Ram version which is what I bought. Displays clear images and has good sound. Screen is also a good size at 15.6 inches. It actually does have 1 terabytes of memory which I checked by looking at the memory for my drives. It has 3 USB ports and one htmi port .Great computer.", "is_Helpful": "14 people found this helpful"}, {"reviewerName": "Matt K LaBonte", "reviewerUrl": "https://www.amazon.com/gp/profile/amzn1.account.AGGG632VKKQOJ4PKWUMCTL5PKJ7Q/ref=cm_cr_arp_d_gw_btm?ie=UTF8", "rating": "4.0 out of 5 stars", "reviewTitle": "Powerful little device, with a few drawbacks.", "reviewDate": "October 16, 2020", "reviewText": "\"  Let me first start off by saying that Ive not been in the PC gaming market seriously, for nearly a decade. This laptop is my first step back into PC/MNK gaming.\", \"Starting with the most important aspect of this laptop, the AMD Ryzen 4600H specs are LEGIT. Plenty of power to run Windows smoothly, short load times, easy multitasking. Granted, my baseline, and what Ive been using for nearly the last decade, has been a Chromebook. Not really in the same league, but Im stunned by the ease that it runs multiple programs without much issue.\", \"Ive not dove much into the new AAA+ games on the market, but I doubt this has that kind of prowess to keep pace. What I can say is that my Steam account is filled with games from the early to mid-2010s, and this laptop can power through them easily. Again, Im not sure how well it could handle a game like COD or Cyberpunk 2077, but for what Im playing, it works quite well.\", Now for some of the negatives;, \"Battery life is abysmal if youre gaming. While just using as an everyday laptop, its adequate. Ive been filling out forms and spreadsheets for the last few hours, and am still north of 75%. However, the first few nights I dropped into a few games of PUBG without plugging it in, and got only an hour or so of battery life. Not sure how normal that is for a gaming laptop (again, been out of the game for a while), but something to take note of. If youre going to do any sort of extensive gaming session, this WILL need to be plugged in the entire time.\", Secondly, the fan cooling the entire rig is LOUD. It sounds like a jet is about to take off. There are adjustable settings where you can customize the speed of the fan, and keep the RPMs down, but then the laptop starts running pretty hot. Again, not to sound like a broken record, not sure how normal that is, but it is a thing., \"Lastly, Im not the biggest fan of the built in keyboard for gaming. The keys are a bit flat and do not extend very high above the case. Im finding a bit a difficulty get used to it while playing FPS titles, lots of mishitting keys, fingers slipping, that sort of thing. As I type, it feels fine, but not a super responsive keyboard for those quick movements.\", \"All in all, Im very satisfied with the purchase. Good quality, feels solid, performs very, very well. It just has a few drawbacks that people may want to consider before purchasing.\"", "is_Helpful": "14 people found this helpful"}, {"reviewerName": "Timothy McConnell ", "reviewerUrl": "https://www.amazon.com/gp/profile/amzn1.account.AG7KXPYEKWE5X7PV5NVMNFMMZIQA/ref=cm_cr_arp_d_gw_btm?ie=UTF8", "rating": "4.0 out of 5 stars", "reviewTitle": "Budget Gaming Laptop, Great Shipping.", "reviewDate": "October 16, 2020", "reviewText": "  Screen is great for bright colors has amazing detail., Screen is not so great to play on with Dark colors like resident evil. There is bright spots around the edges, and I know its not a defect, just the quality that comes with this laptop., The memory is low for game\u2019s today that take up a lot of GIGs but this Laptop has space to add memory which is nice, if your Tech savvy which I\u2019m not, and can open the laptop up to add more., I got the laptop only to play games and this laptop so far has made that happen for me and I am A happy Customer., I would buy again, shipping was fast, product was shipped safely.", "is_Helpful": "3 people found this helpful"}, {"reviewerName": "Jacob Carpenter", "reviewerUrl": "https://www.amazon.com/gp/profile/amzn1.account.AELRR3WQDTONHLCZVOJFVB2L5LNQ/ref=cm_cr_getr_d_gw_btm?ie=UTF8", "rating": "4.0 out of 5 stars", "reviewTitle": "Great for the price.", "reviewDate": "October 16, 2020", "reviewText": "\"  Great gaming laptop, I havent noticed any issues with the fans being to loud or it getting too hot, its nice and thin. The screen can seem a bit dull when playing darker games but a great laptop overall.\"", "is_Helpful": ""}, {"reviewerName": "Esoterica", "reviewerUrl": "https://www.amazon.com/gp/profile/amzn1.account.AEJQEHLDB2ZMKEN2HPLBG2PK3G6A/ref=cm_cr_arp_d_gw_btm?ie=UTF8", "rating": "5.0 out of 5 stars", "reviewTitle": "Excellent value", "reviewDate": "October 15, 2020", "reviewText": "  I was researching gaming laptops as our current ones get very glitchy with some online games. The research concluded that we would prefer at least 16gb RAM and i7 processor like my friend has. Well, all laptops with i7 processors are running on high price right now, so I decided to try this i5 that advertises will beat i7. Well, I am not sure if it beats it, but it surely delivers what it needs. The performance is really good. I am not very tech savvy and I rely on reviews and research, and for this Acer I think I hit a good product at a very affordable price (got it while it was on sale for $799), \"I also like the lighted keyboard. Its not fancy rainbow, just red, but it does look nice.\", The packaging itself was sturdy and protected the product. Since the laptop was sold through a Amazon seller, they also included some extras. Thumbs up!", "is_Helpful": "20 people found this helpful"}, {"reviewerName": "GCA", "reviewerUrl": "https://www.amazon.com/gp/profile/amzn1.account.AF56DPT7N53VTIWH3HMO6XGL2EFQ/ref=cm_cr_arp_d_gw_btm?ie=UTF8", "rating": "5.0 out of 5 stars", "reviewTitle": "Fast delivery", "reviewDate": "October 9, 2020", "reviewText": "\"  I usually dont review on items, but Im surprised by the speedy delivery and quality of the product\"", "is_Helpful": "13 people found this helpful"}, {"reviewerName": "Jeffery dunaisky", "reviewerUrl": "https://www.amazon.com/gp/profile/amzn1.account.AEDGZCKQVG5V55FXLLEB6YBTDCNQ/ref=cm_cr_getr_d_gw_btm?ie=UTF8", "rating": "5.0 out of 5 stars", "reviewTitle": "\"Its a game changer!\"", "reviewDate": "October 1, 2020", "reviewText": "  amazing product!!!", "is_Helpful": "10 people found this helpful"}], "qAndA": [{"question": "touch screen?", "answer": "No"}, {"question": "how much fps on fortnite", "answer": "Answer not available"}, {"question": "webcam does it have", "answer": "yes, but, never used it have I"}, {"question": "Can I add more storage? Like is there an m.2 or extra hdd or ssd spot inside?", "answer": "Answer not available"}, {"question": "Warranty information?", "answer": "Answer not available"}, {"question": "Can this laptop run a second monitor via hdmi without overloading?", "answer": "Yes without any problems!"}, {"question": "What is a compatible hard drive with this laptop", "answer": "Answer not available"}, {"question": "What is the weight of this laptop?", "answer": "Answer not available"}, {"question": "Can you turn the lights for the keyboard off?", "answer": "Answer not available"}, {"question": "Is the gpu and cpu upgradable", "answer": "Answer not available"}, {"question": "Is this compatible with oculus rift", "answer": "It says it is but whos got money for that?"}, {"question": "is this VR capable?", "answer": "Answer not available"}, {"question": "Does it come with a charge chord?", "answer": "Answer not available"}, {"question": "Rgb keyboard?", "answer": "Red only per default software. No acer software that can change it."}, {"question": "Is this the 2019 or 2020 version?", "answer": "Answer not available"}, {"question": "Is it compatible with the Oculus VR?", "answer": "Answer not available"}, {"question": "how is the camera / microphone quality on this for online meetings?", "answer": "Answer not available"}, {"question": "Is Windows 10 already installed on this?", "answer": "yes"}, {"question": "Does it support two hard drives?", "answer": "Yes"}, {"question": "Does this laptop have m.2 slots", "answer": "Yes"}, {"question": "Can u up grade this", "answer": "Yes. It is a pain. You need to open the bottom. It supports up to 32 GB ram."}, {"question": "Can you play WoW on this?", "answer": "Answer not available"}, {"question": "Is this good for schooling ??", "answer": "It\u2019s a laptop bro and yes anything that could handle games can handle school."}, {"question": "How much Ram is on the Video Card itself ?", "answer": "Answer not available"}, {"question": "Is wifi 6 built in meaning no card to buy and install just log on your wifi network?", "answer": "Yes and it is a good wifi, picks up the signal where some of my other devices wont."}, {"question": "Whats the upgraded RAM speed?", "answer": "Answer not available"}, {"question": "Is this touchscreen?", "answer": "no"}, {"question": "Is this VR ready?", "answer": "Answer not available"}, {"question": "Is this i5 or i7 I cannot find on description. Thank you", "answer": "I5"}, {"question": "Is this computer good for photography? Looking to upgrade.", "answer": "I am using it for DAZ3D. It s a 3D render software. I also use it for gaming and astrophotography. It really depends on what you need in specifications. This system has a amd raedon and nvidia video. Raedon is the cpu video. I would contact the software company you are using for software specs."}, {"question": "Why is the download speed so terrible?", "answer": "Try updating the device drivers from Acer, and change the wireless channel. You will need to try them all to find your best possible connection."}, {"question": "Can you verify the m.2 slots? what size of nvme ssd does this support ?", "answer": "Answer not available"}, {"question": "Can this run overwatch?", "answer": "With 16 GB ram no. It should be able to get more in the system."}, {"question": "Does it have a secondary ssd slot?", "answer": "Answer not available"}, {"question": "Does this have a hdmi out?", "answer": "yes"}, {"question": "Me interesa para poder poner el flight simulador 2020, es buena o recomiendan una mejor", "answer": "Answer not available"}, {"question": "Does this come with a charger?", "answer": "Answer not available"}, {"question": "Can ram and ssd be updgraded after purchase?", "answer": "Answer not available"}, {"question": "How many hz is the monitor?", "answer": "Answer not available"}, {"question": "Does the usb-c port support display port alt mode? what about usb power delivery as an alternate charging method?", "answer": "Answer not available"}, {"question": "Is this laptop good for video editing?", "answer": "The video could support it. I use it for DAZ3D."}, {"question": "Is the display refresh rate at 144hz?", "answer": "dont know, but the resolution is great for watching movies."}, {"question": "is this a 64bit ???", "answer": "Answer not available"}, {"question": "I see the max cpu speed is 4.1 GHz but what is the base clock speed??", "answer": "2.4Ghz"}, {"question": "Can you sell it with windows professional instead of windows home?", "answer": "It is windows home. You would need a upgrade."}, {"question": "Anyone using this laptop for solid works or mastercam?", "answer": "just regular laptop stuff and gaming."}, {"question": "Is the ssd sata or m2?", "answer": "Both"}, {"question": "It says wireless ??? Wifi but ya ???", "answer": "Yes"}, {"question": "Does it have a built-in webcam?0", "answer": "Yes it does"}, {"question": "can it run rust?", "answer": "Answer not available"}, {"question": "Does it come with the charger?", "answer": "Yes"}, {"question": "Is this laptop good for playing World of Warcraft?", "answer": "It looks to be okay for it, per specs."}, {"question": "Is this unit capable of having a dual monitor set up? (not including the screen on the laptop)", "answer": "Answer not available"}, {"question": "does it have a dvd/cd drive?", "answer": "Answer not available"}, {"question": "Does this have a webcam?", "answer": "Yes"}, {"question": "Is this 8gb ram or 16gb ram? My order says 16, but then I click on the item and it says it is only 8.", "answer": "The 8 gb is cheaper than the 16 gb. I ordered the 16 and got the 16. Make sure you switch them to the 16 on the page before putting it into your cart"}, {"question": "Does the hard drive to upgraded to 512 gigas?", "answer": "Answer not available"}], "time": ["09/04/2021 18:19:55"], "reviewsCountInfo": {"expRevCount": 31, "actRevCount": 31, "nonEnglishRevCount": 2}, "scrapperInfo": {"Version": "1.3.2", "Released Date": "08/04/2021"}, "productURL": "https://www.amazon.com/gp/product/B08NJYX93B", "ASIN": "B08NJYX93B", "title": "Acer Nitro 5 Gaming Laptop 15.6\u201d FHD IPS, 9th Gen Intel Core i5-9300H(Beat i7-7700T), GeForce GTX 1650, 16GB RAM, 512GB NVMe SSD, WiFi6, Backlit Keyboard, HDMI w/GM Accessories", "manufacturer": " Acer Store", "currentPrice": "$899.99", "rating": "4.6", "totalRatings": "137 "}