1,can i use microsoft office on chromebook?,"['Can i use microsoft office on this chromebook?', 'Does this chromebook have a word processing program?', 'Can I use microsoft office on this computer?', 'Does acer chromebook 14 now allow use of ms office apps for android? i had heard it was coming but trying to confirm before buying. thanks', 'I am going to be starting online courses for my ba. will this chromebook allow me to do everything i will need to do with office applications, etc?', 'does this chromebook support internet explorer?', 'Can Adobe Reader or microsoft powerpoint be downloaded on this chromebook', 'can I set up the window Microsoft office in this laptop', 'Can i use the deskpro quickbooks on the chromebook?']"
2,Can i use a Chromebook like this one to stream video to tv?,"['Can i use a Chromebook like this one to stream video to tv?', 'Can the chromebook sync with the chromecast 2 in order to watch you tube videos from the internet?', 'Is this chromebook compatible with Hulu?', 'does this chromebook play prime videos?', 'I want something i can stream movies/tv shows on. i have heard mixed reviews on this. i use netflix/amazon. will chromebooks work?', 'How well does this chromebook stream videos?', 'can a monitor be plugged into this chromebook..?', 'Is a special cable needed to transfer files, etc. from older Chromebook to this?', 'I only see reference to youtube videos. Can you watch Amazon Prime movies on this chromebook?', 'Will the acer chromebook 14 support streaming internet tv like hulu?']"
3,Does this Acer Chromebook run hot?,"['Does this Acer Chromebook run hot?', 'Does the Acer run hot?', 'how does this compare to the acer chromebook 15?', 'Will this Chromebook be better then the Acer C720-2103 Chromebook?', ""Does it have a fan? I'm comparing this to the Toshiba Chromebook 2."", 'Does this Acer Chromebook 14 have a cooling fan?', 'Does the Acer Chromebook cb3-431-c5fm have a touch screen capability?']"
4,does this use ssd or emmc?,"['Does this model use emmc or an m.2 ssd?', ""With this cbk14 model, is it possible to remove the emmc/ssd, to replace w/ a ssd of higher capacity? i want the storage for ubuntu (+i'm anti-cloud)."", 'Does this use ssd or emmc?', 'can it update a SSD instead of emmc?', 'Is the 32 gb hard drive a ssd or emmc ?']"
5,how does the new celeron cpu compare to the other cpus?,"['The product title says celeron n3160 (released june 2016) but the technical details list the cpu as celeron n3150 (older model). which is it?', 'How does the celeron n3060 compare to the celeron 3215u in the toshiba chromebook 2?', 'I was going to buy a asus zenbook ux305ca in june but may reconsider, how does the celeron n3060 compare to intel core m3-6y30?', 'How does the new Celeron cpu compare to others?', 'What is the difference between this one and the quad-core N3160 model rumored to be released in April, other than dual-core vs quad-core?', 'This pre-order is definitely for the intel celeron quad-core n3160, right?']"
6,is ram upgradeable?,"['can you upgrade memory', 'Will the user be able to upgrade/add more RAM?', 'Is the RAM user upgradeable?', 'Can you upgrade the ram to 6 or 8gb?', 'Is memory upgradeable?']"
7,which printer is compatible with this?,"['What printers work with this computer...any one that uses a usb connection?', 'how can i connect it to a printer?', 'what kind of printer is compatible for my computer', 'Is this compatible with a WiFi printer?', 'What printers work with this Acer Chromebook?', 'what printers are compatible with this chromebook?', 'does it come with USB cable for printer', 'Will it print usb wired or wireless from an older hp printer? thank you!', 'can you install printer on this', 'What printers are compatible with this chromebook?', 'Will any wireless printer work with this Chromebook, or is there a recommended printer?', 'what type of printer is compatible with this?', 'which printer is compatible?', 'which printers are compatible?', 'can i print from this computer via a wireless printer?']"
8,what is the release date?,"['When is it being released?', 'When will it be released?', 'What is the release date?', 'Has a release date been announced?', 'Release date?', 'When will be released in Europe?', 'When will it be released/delivered?', 'Is there any estimated release date?', 'Has this been released and just sold out? Or is it not yet released?', 'When is this actually due to be released? i.e., when can I expect to see it shipping?', 'when will it be available?', 'Does anyone know when this releases?', 'Any idea when this thing will be released and ship?', 'When is the exact release date?', 'When does it get released???', 'When will this be released?', 'When will this be available?', 'When is the actual release/shipping date for this?', 'When will it be available?', 'What is the estimated release date?', 'When is this going to be available to buy? ie. release date', 'When does it come out?', 'Whens it coming out?', 'When will it be available for sale?', ""Does anyone have an idea on when it'll be released? It's was on preorder then out of stock then back to preorder!? Lil confused here."", 'What is the current estimated release date?', 'When will this product be released?', 'When will the product be released?', 'When is the release date?', 'What is the expected Release date?', 'The info here says it was released in March, how long till this is shipped to me?', 'when will it be released?', 'Is there any idea of a date for when this comes out?']"
9,Dose it have a headphone jack?,"['There appears to be no jack to plug in wired headphones. Is this correct? Can this only be used with bluetooth headphones?', 'Can i plug my usb bluetooth dongle in order to listen my bluetooth ear phones?', 'Dose it have a headphone jack?', 'There appears to be no headphone jack. Is this correct?', 'Will the slot for a headset work the same for normal earphones?', 'What type and quality of speakers & where located? Also is there a headphone jack or just bluetooth capability?', 'Can I connect bluetooth headphones to this?']"
10,Do you know the release date for this laptop ?,"['Do you know the release date for this laptop ?', 'What is the release date for this product?', 'When is this laptop going to available in the EU?', 'When will the laptop be released to Amazon. It has been almost two weeks?', 'Is there a release date on this device yet?']"
11,Does this have google playstore,"['Does this have google playstore', 'is the google play store enabled? can i download apps like excel?', 'support google play store', 'Can you get apps from the Google play store for this device?', 'google play', 'Is this able to run google playstore?', 'Is google play compatible with this computer?', 'can it run apps from google store', 'Does this laptop have Google Play Store app?', 'Can you install apps from googleplay', 'Does it have google play store ? i bought the product and i’m having trouble with the playstore? any help?', 'does this support play store apps?']"
12,is this on the touchscreen too?,"['Is there a similar model with a touch screen, which I find very useful?', 'Does it a touch screen?', 'I received this as a gift and assumed it was a touch screen. I logged on before i realized it. Can i return this to get a touch screen model?', 'is this a touchscreen also?', 'Does it have a touchscreen option? I have heard touchscreen will be important when using Android apps.', 'Does this have a touch screen?', 'Does this model have a touch screen', 'is it touchscreen']"
13,can i connect my chromebook to bluetooth via a usb cable?,"['Is Bluetooth build into the Chromebook?', 'Does it have Bluetooth connectivity?', 'Question was:IS THERE BLUETOOTH BUILD IN ? Some answer YES-Some answer NO. Which is it? Never Mind.I found out on my own. IT DOES.', ""I have a jbl bluetooth speaker but my chromebook won't pick it up. what bluetooth speakers are compatible with this chromebook?"", 'Does this Chromebook have a built-in microphone?', 'Does this have bluetooth?', 'Can i connect puro sound labs bt2200 bluetooth headphones with this chromebook?']"
14,when will this be available in the uk?,"['When will this be available in Canada?', 'When will this be available in the UK?', 'When will this be available for purchase?', 'When will it be available in Europe?', 'Will this be available in the UK?']"
15,"so if it is not a touch screen, do you need a mouse?","['Is the Amazon mouse the only option for a mouse?...are there other options?', 'so if it is not a touch screen, do you need a mouse?', 'Can i buy a buy a logitech wireless mouse different than the amazon mouse? this one uses a usb dongle that needs software installed to work.', 'Can you use a Mouse?', 'We purchased this item for our son three months ago via amazon. the touchpad stopped working. is there a wireless mouse i could purchase?']"
16,can you use a printer with this,"['can you use a printer with this', 'How can I Print', 'can i print from this computer?', 'Can this be hooked up to a printer?', 'Can it print with a classic printer or does it have to be a cloud printer', 'can you use a printer off of this unit', 'what printer do you use for this', 'Can I connect to a wireless printer?', 'which printer works with this?']"
17,Lighted keyboard?,"['Illuminated keyboard?', 'Lighted keyboard?', 'backlit keyboard?', 'does it have back lit keyboard?', 'Will the keyboard be backlit?', 'Does the keyboard light up ?']"
18,can this chromebook use android apps,"['Will this chromebook be able to run the Google Play store like some others?', 'As of 2./19/17 does this acer chromebook 14 (model cb3-431-c5fm) run android apps?', 'Can you install itunes on the chromebook?', 'can this chromebook have chrome os replaced by a linux distro like the c720 could?', 'Can apps from the Google Play app store be downloaded and used on this Chromebook?', 'Does the Acer 14 Chromebook made of aluminum run Android apps?', 'Can you install android apps as of march 10? i thought google announced that all chromebooks are getting the play store in 2017', 'Can i run android apps from google play store on acer chromebook 14', 'When will this Chromebook be available?', 'Does this acer chromebook 14 have ""play store ready"" and is have high definition?', 'is this chromebook good for playing games?', 'can this chromebook use android apps']"
19,does it come with a charger,"['Does this use the same charger as the C720?', 'does this come with a charger', 'does it come with a charger', 'Does this purchase include a charger?', 'does it come with a charger?', 'Does this come with charger?', 'Does it come with charger', 'Does it have a usb c port for charging?']"
20,Does it has SD card slot?,"['does this model have an SD card slot?', 'Does this model have a mirco SD slot?', 'Does this model have an SD card slot?', 'can a SD card adapter be used with this', 'does it have an SD or miniSD slot?', 'Disappointed to see no sd slot. is it possible to get a usb card reader and use sd card that way? i use an sd card quite often on my toshiba cb 2', 'does it have a dvd/cd slot', 'Does this device feature and SD card?', 'Does it have a memory card port?', 'This chromebook has all the features i want except one, it has no sd card slot. that’s a deal breaker. does anyone know of a model that has s d card', 'Why is there no sd card slot?? why does the 11"" version which is $100 cheaper have an sd card slot and this one doesn\'t??', 'Does it has SD card slot?', 'Any plans for future model with SD card slot?', 'Will there be a version of the Chromebook 14 that has an SD card slot?', 'SD card slot is a must anyone recommend much like this one in price and specs with sd card', 'Is there an SD card slot?']"
21,does it have a webcam?,"['is there a webcam', 'does it have a video web cam?', ""In your experience how's the webcam?"", 'does it have a webcam?', 'Does it have a built in web cam?', 'Does it have a webcam?']"
22,what printer does chromebook support?,"['Can this chromebook hook up to any printer', 'can i scan using this chromebook? If so which all in one laser printer would work?', 'I have an acer chromebook 14 cb3-431 and need a compatible printer. Which do you recommend?', 'can you print from this chromebook?', 'what printer does this chromebook support?', 'Can you connect a printer to a chromebook?', 'can i print to my brother -HL2270DW using this chromebook?', 'I have an Epson workforce 545 wireless printer. Will this acer chromebook 14 print from this printer?', ""Don't have a printer - does Chromebook have their own brand of printers?"", 'Can I wireless print from this chromebook?', 'printers which budget printer easy set up to buy in the UK for acer 14 google chromebook ? Regards', 'Why am I not able to print anything from my Chromebook? It is not compatible with any printer.', 'What is the best printer for this chrome book?', 'What printer will work for both chrome book and iPad?', 'Can this chromebook hook up with any printer']"
23,is there a touch screen?,"['Does it have glass touchpad ?', ""Doesn't appear to be touch screen. That's a deal breaker for me. Is it touch screen?"", 'does this have touch screen?', 'is it touch screen', 'Does this model have a touch pad? Or do I have to use a mouse with it?', 'Is it touchscreen?', ""I couldn't find any mention of a touchscreen on this model, so I assume it doesn't have one. Can anyone confirm this? Thanks in advance."", 'Two people say it has a touchpad, one says no.....which is correct?']"
24,what charger will fit with a summer 2016 version of chromebook?,"['What replacement charger works with the summer 2016 version of this chromebook?', 'Does this Acer Chromebook 14 have a removable battery?', 'does this come with its charger? and how used is this laptop?', 'I assume buying a compatible mouse is necessary? Is it necessary to buy a charger for this Chromebook?', 'I am ordering Acer Chromebook 14 - is the charger included or do I buy it separately?', ""I bought this laptop a couple months ago & the charger already stopped working, I can't find a good replacement that ACTUALLY works anywhere, help?"", 'Does Chromebook charger will work in india?', 'What charging device that goes with Acer 14 do i purchase if need a replacement', 'Is there an alternate way to charge this chromebook? My husband has had his less than 90 days and the port that the charging cord plugs into is bent?']"
25,how long does it take for the battery to charge?,"['How long it takes to charge the battery?', 'Is the battery removable? Thanks.', 'what is the battery life', 'Hi. How long it takes to fully charge the battery?', 'What is the battery life on this?']"
26,How to print to samsung wireless printer?,"['How to print to samsung wireless printer?', 'How can i set up to print to samsung m2020 wireless printer? i am really having a hard time with this.', 'Will it work with my wireless hp officejet pro 8610 printer?', 'can you print from this device?', 'Can I Print using usb']"
27,is it possible to upgrade ram to 8gb?,"['Is it possible to upgrade the ram to 8GB?', 'Is the 4gb ram upgradable?', 'Is this computer available with 8GB of ram?', 'Exist some configuration with core i5 and 8gb ram?', 'Is it possible to upgrade the ram to 8gb (or more)?', 'Can you upgrade the ram on this computer to 8gb or higher?']"
28,does it have a backlit keyboard?,"['does it have a backlit keyboard?', 'what is a backlit keyboard?', 'Does it have a billingual keyboard?', 'Is there a acer chromebook with sd port and backlit keyboard??', 'Does this computer have a backlit keyboard', 'I cant find the info online anywhere. Does this have a back-lit keyboard?', ""A back lit keyboard is so important I can't imagine why you didn't include it!"", ""Why doesnt this item have backlit keyboard? It's advertised all over the web as having one""]"
