1,Can you use a wireless mouse with this?,"['I assume i can attach a mouse to this via usb? i hate using a touch pad!', 'Can you use a wireless mouse with this?', 'can you use it with a conventional usb mouse?', 'Comes with a mouse?', ""I got this took out of the box, charged it then couldn't get the touch pad (no cursor viewable) to work. Anyone else have that problem?"", 'Can you use a wireless mouse with this chromebook?', 'does it have onboard screen to wireless mouse', 'what specific type of external mouse will this work with? wireless or not, pls can you add a link to the mouse that will work w/ this?', 'can i hook up a mouse to this', 'can i hook any kind of mouse to it', 'Can you use an external mouse with it?', 'can you use it with a mouse?']"
2,does it have a backlit keyboard?,"['Does this model have a backlit keyboard?', 'Does this laptop have a backlit keyboard?', 'does this have a 10-key keyboard?', 'Is the keyboard removable?', 'Does it have a backlit keyboard?', 'Does this laptop have a backlight keyboard?', 'Does this Chromebook feature a backlit keyboard? Rugged and ready for the outdoors would mean so much more if you could easily type in low light.', 'is the keyboard backlit? i need to see the keys in low light and a lit keyboard is a must', 'Does it have a backlit keyboard', 'backlit keyboard?', 'Is there a backlight for the keyboard? if yes, how do I turn it on.', 'Does this model have a touch screen?', 'what year is this model? is there an updated model for 2017? will it accept 128gb sd card? how is the keyboard functions?', 'Does this have a full, regular-sized keyboard, equivalent in size to that of a regular laptop? Thanks!', 'Does this model have touchscreen?', 'does it have a backlit keyboard?', 'Backlit keyboard?']"
3,does this has a usb port?,"['does it have a usb port?', 'Does it have an hdmi port?', 'Does it have a thunderbolt port?', 'does it have a usb port', 'Since it only comes with two usb ports. is it possible to add a usb hub to expand the number of usable ports?', 'Does this device have an hdmi port', 'Does it come with charging cables?', 'does it have a usb port to add an external drive for playing dvds/cds', 'how many usb ports does it have?', 'Does it have a flash drive?']"
4,does it come with a charger?,"['does it have a removal battery on back of device?', 'Does this computer have a battery charger included?', 'Does a charger come with it?', 'Does this product come with a charger?', 'Does it come with charger', 'Does this come with a charger?']"
5,does it have a mic?,"['How good is the microphone? One use for me would be using it to dictate notes.', 'Does it have a built in mic?', 'Does it have a mic', 'Does it have a microphone?for recording music', 'How good is the microphone? One use for me is dictation. I like the Acer R11, but there are several complaints about the mic. (and speakers)']"
6,is it a touch screen?,"['is it a touch screen', 'Is it touchscreen?', 'does this have a touch screen', 'does it have a touchscreen?', 'Is the screen touch screen?', 'Is there a touch screen model¿', 'is it touch screen?', 'Is it a touchscreen', 'does it have a touch screen', 'is this touchscreen?', 'Does this have a touchscreen?', 'Does it has a touch screen?', 'is this touch screen', 'does it have a touch screen?', 'Is it a touch screen', 'Is this touchscreen?', 'is this touch screen?', 'is this a touch screen', 'Is this touch screen ?', 'Does it have touch screen?', 'Does it have a touch screen', 'Is it a touch screen?', 'Is this a touchscreen chromebook?']"
7,does it support android?,"['does it support android', 'is it android compatible', 'can you use android apps', 'Does it run Android apps from Google Play?', 'can this run android apps?', 'Can one install Android apps on this computer?', 'Can it play android apps', 'does it have android', 'Does this product work with android apps?', 'Does it support google play android apps?']"
8,can this be connected to a wireless printer with wi-fi?,"['Can this be hooked up to Wi-Fi and a wireless printer?', 'Can you pluck a printer into this laptop?', 'can i connect to a usb printer? ...or a wireless printer?', 'Is there a way to add a basic non wifi printer? I can only see options to add wifi devices.', 'Will it print to an HP printer via Wifi?', 'Is there a way to hook up to a printer??', 'Will this print to a wireless printer?']"
9,Can I charge this Chromebook using my cell phone cord?,"['Can I charge this Chromebook using my cell phone cord?', 'Do I need a power converter if I travel to Peru and need to charge my chromebook?', 'Will this Chromebook connect to a Smartboard?', 'Does this Chromebook come with adaptor/charger ???', 'Does this chromebook have Bluetooth capability?', 'How do u charger the chrome book,only come with one adapter', 'Does this Chromebook have an ethernet port?']"
10,Does this model asus c202-sa-ys02 come with an ac adapter?,"['Does this model asus c202-sa-ys02 come with an ac adapter?', ""I understand the c202sa-ys02 has a 1 year manufacturer's warranty from asus. what does that cover?"", 'This will be used in England. I have the correct plug adapter for use over there. Will the ASUS adapter accept 240V?', 'Has anyone purchased a spare power adapter for the asus c202sa? what did you buy and how well does it fit?', 'We need a spare charger for this asus, has anyone bought a new one?']"
11,is there a way to download microsoft office on your pc?,"['Can I download Microsoft office ?', 'Can i install office?', 'Should I purchase Microsoft Office with this product?', 'Why can it not install standard Microsoft Office software?', 'Can you use Microsoft Office on this?', 'Microsoft office free', 'Can you download Microsoft word on this model now ?', 'Can WPS office be downloaded to this laptop?', 'How to download Microsoft office online', 'Can i download office 365 on this?', 'How to get Microsoft office?', 'Can you get microsoft office, like word or powerpoint.']"
12,can you list the price and options for the additional power adapter separately?,"['Is there an option to purchase an additional power adapter separately?', 'Does the charger come with it', ""If I buy this product (i'm EU based), will I be able to plug it in without a transformer from 240 to 110 volts?"", 'is a power cord included?', 'I lost my power adapter. Which adapter does along with this laptop?']"
13,Can you transfer files from chromebook to external hard drive?,"['Can you transfer files from chromebook to external hard drive?', 'I have files from my win 10 notebook stored on an external hd; will i be able to access those files on the chromebook?', 'Can I access Google Drive with this chromebook?', 'Can I transfer pictures and videos from my IPhone to the chrome book?', 'Can I connect an external hard drive to transfer files to google drive/ other online storage?']"
14,can we use a portable cd player?,"['Does it have built in dvd/cd playback', 'does this have a dvd drive built in?', 'Are you able to use a portable CD player with this?', 'Does it have a cd-rom?', 'Can you play cd/dvds on this?']"
15,does this have a webcam?,"['does this have a webcam?', 'does it have a camera ?', 'Hello i would like to know is there a webcam? Need to be able to Zoom.', 'does it have a camera?', 'Is the webcam have a clear image?', 'Since this device has a webcam, can you use Skype on it?', 'Does it have a web cam?', 'could i use a webcam on this i know it come with one but my Logitech c930e web cam is a way better webcam and so can you use other webcams on this?']"
16,can we use a dvd drive with a usb device?,"['can we use the external DVD drive?', 'Can you use an external disc drive with this?', 'Can you use a external dvd/cd drive to watch movies and download your own music?', 'Can you use external media like external hard drives, external cd/dvd burner, etc..?', 'Can I hook up an external hard drive to this to watch movies or play Simms?', 'I have an external cd dvd drive can I watch my movies', 'Can someone recommend a compatible external dvd drive? The one we bought doesn’t work.']"
17,can we play minecraft online?,"['Can you play games well on it?', 'can i play Minecraft on it?', 'can u play minecraft on it?', 'Can u play games on it?', 'Can i play sims 4 on this?']"
18,Can it hook up to WiFi?,"['Can it hook up to WiFi?', 'do it have wifi and Bluetooth ?', 'can i connect to wifi', 'Does this have wifi access?', 'Can you connect to a modem?', 'Can wireless earbuds connect to it?', 'Does this have an ethernet connection?', 'Can this computer be connected to 4g lte network independently without need for wifi?', 'Does it operates only with wifi or can I use a cable to connect to internet? Thanks']"
