1,What kind of charger comes with it?,"['Where can I buy an extra charger for this product?', 'is this unit chargeable through usb port?', 'Is there a charger included?', 'What kind of charger comes with it?', 'Where do you get the extra charger?', 'what sort of charger does this come with? Can I use in Australia', 'Does this come with a charger?', 'Lost charger where can i get one for acer?', ""Just to make sure - does this use a proprietary charger, or can you use a third-party charger (one that's rated for the same wattage)?"", 'Has anyone found a car charger for this model? the usb c charger.', 'Can i charge this with a usb cable?']"
2,will the cord be connected to the printer?,"['Will this hook up to a printer?', 'Which printer is compatible?', 'Can this computer operate wireless with a wireless printer', 'dose it have a printer port', 'Will this print to a Brother laser printer?']"
3,when will the chromebook come in?,"['which android OS does this chromebook have?', 'What is the official release date for this Chromebook?', 'Never used an android - will i be able to use the chromebrook easily? is this like a laptop?', 'Does the chromebook have os 65 or higher? 65', 'When will this chromebook ship?']"
4,"Will this chromebook have Google play store? If not ,can it be downloaded later or would I need to wait for the next release?","['Will this chromebook have Google play store? If not ,can it be downloaded later or would I need to wait for the next release?', 'Can kodi be installed (and run well) on this chromebook with play store access?', ""I purchased this chromebook, but i don't see where and how to enable google play store ? someone tell me ?"", 'Will I be able to download play store when google makes it available or do I need to wait for the next release of the r13 chromebook?', 'When is this Chromebooks launch day? When can I expect it to be shipped?']"
5,what works best with a stylus?,"['How responsive is the touch screen when using a capac. stylus for art?', 'Can you use a stylus?', 'can you use a stylus with it?', 'Does it work with a stylus?', 'Does the touchscreen work with a stylus?', 'Has anyone used a stylus pen and does it work well with the touch screen?']"
6,Does this have a SD Camera card slot?,"['does it have a card reader built in?', 'Does this have a SD Camera card slot?', 'Does it have a sd slot?', 'Does it have simcard pre installed?', 'Does this have a card reader so I can transfer pictures to google photo']"
7,is this bluetooth,"['does this unit have bluetooth', 'Does it have bluetooth capabilities?', 'is this bluetooth', 'bluetooth does it have', 'tiene bluetooth r13']"
8,when will it be released?,"['When is the official release date and when will it start shipping to customers?', 'What is the estimated date this product will be released? Would I have it in hand for a birthday on Nov 8, 2016?', 'When will this product be released?', 'When will it be shipped?', 'When will this be released and shipped?', 'When will this start shipping from Amazon.com?', 'I see it is available for pre-order. What is the release date?', 'When is this thing being released?', 'When will this item be available to ship ?', 'When will this begin shipping?', 'This item has been on pre-order for over 2 weeks. When should expect it to be released?', 'What is the release date?', 'When is it being released in Europe?', 'When will Amazon know when it is available to ship?', 'When will this be available?']"
9,does it have a backlit keyboard?,"['does it have backlit keyboard?', 'Does this have a backlit keyboard?', 'is the keyboard backlit', 'Is the keyboard backlit?', 'Does it have a backlit keyboard', 'back-lit keyboard?', 'is keyboard backlit?', 'Does this unit have a backlit keyboard?', 'does this have a full-size keyboard?']"
