1,what year is this macbook?,"['What year is the MacBook', 'What year is this MacBook Air currently?', 'What year was this MacBook created?', 'What year is this mac book?', 'What year is this mac? I see conflicting years.', 'which year is this mac', 'What model is this Mac?']"
2,what year is it?,"['What year is it?', 'What year is this? I see people saying 2013,2014,2015,2016,2017', 'From what year is it?', 'What year is this?', 'Which year is this one?', 'what year is it?', 'what year?']"
3,what year is the model?,"['What year was this model released?', 'Which year of this product?', 'What year is this model', 'What year is this model?', 'Is this product still a 2013 model?', 'What year is this model ?']"
4,Que año es,"['De qué año es el producto ?', 'Qué año es? Y de qué generación es su procesador?', 'Que año es?', 'Que año es ?? Gracias', 'De que año es el producto y cual es la condición física-estética que me puedo encontrar una vez lo compre?', 'Este producto dee que año es? (Los que estan llegando actualmente)', 'Que año es', 'que año es? hay diferentes años en las respuestas']"
5,does it come with a charger?,"['Does it include a charger', 'Does it come with power cord', 'Does this come with its charger?', 'Does it come with any dents or scratches?And thw original charger?', 'does it come with a charger ?', 'Do yo offer charger?', 'What type of charger does it need?', 'Do you have to buy a battery?', 'Does it come with the charger and stuff?']"
6,what is the year of this laptop ?,"['what year version is this laptop?', 'What year is it? & would you recommend this laptop, how is it holding up??', 'What year is this laptop?', 'what year is this laptop you have pictured ?', 'which year is the laptop ??', 'what is the year of this laptop ?', 'What year was this computer made?', 'What year is this device?', 'What year is the laptop', 'Which year was the laptop originally manufactured/purchased?', 'What is the year of this laptop some say 2013 some say 2015 or 2016?', 'What year is this laptop and does it have any USB ports?']"
