1,Can this ChromeBook do wireless printing?,"['Can this ChromeBook do wireless printing?', 'Can you use wireless printers?', 'can i print from this laptop on to my wireless printer', 'Can it be connected to a printer not wireless', 'can you set up wireless printing', 'Is this chromebook compatible with most wireless printers', 'Is it possible to print from this device?', 'Is this chromebook wireless capable?', 'Can it connect to my wireless printer?', 'does the Samsung Chromebook 3 wireless printer capability ?', 'Is this chromebook able to print wirelessly to a canon mx420 printer?', 'I have an older printer. Will it work if I plug it in to this chrome book?', 'will a wireless bluetooth controller work with this chromebook?', 'Can you print from Samsung Chromebook?', 'can you print from this chromebook?', 'Can you bluetooth this laptop to a printer?']"
2,does this come with a charger?,"['is the battery on this replaceable? can you use and externail Battery?', 'this device does not come with a removable battery does it?', 'does this come with a charger?', 'What replacement charging cord does this take?', 'Can i purchase another charger? the one this comes with broke already.', 'Does it have a removable battery?']"
3,does this chromebook run on a system that is currently os 71 or higher?,"['Does this Chromebook run with an OS 71 or higher?', 'Is the version of chrome os on this the full version so i can download the same apps from my phone on to this chromebook?', ""How does this chromebook's perfromance compare to PCs and Macbooks?"", 'What version of chrome os does samsung chromebook 3, 11.6"", 4gb ram, 16gb emmc, chromebook (xe500c13-k04us) use?', 'What version of chrome os does this come with? can it use the latest version?']"
4,Does it have Bluetooth and wifi capability,"['Does it have Bluetooth and wifi capability', 'Does it have bluetooth', 'Can I use bluetooth headphones with this laptop?', 'Can you use this via wireless wi-fi?', 'Does this laptop have bluetooth', 'Can I hook up my Bluetooth speakers to it', 'Does this computer have WiFi connecting capabilities?', 'Does it have bluetooth?', 'Does this model have wi-fi capabilities?', 'Does it need a bluetooth devise to connect to the internet, or will it connect wireless to my router?', 'What does bluetooth wireless compatibility mean?', 'how does bluetooth wireless work?', 'Does this product available wifi connection ? Can connect to WiFi ?', 'Does it have Bluetooth 4, and wifi 802.11A/C?', 'Does the WiFi card support bluetooth', 'Does this have bluetooth?', 'Does it have Bluetooth']"
5,does this have wi fi connectivity?,"['does this have wi fi connectivity?', 'Can i connect this to my samsug smart phone wifi', 'Can I use this without WiFi', 'is this wi fi capable?', 'Does this have a slot for an internet card when WiFi is unavailable?', 'Does it have wifi?', 'Does it have wifi']"
6,Can you play Roblox on it?,"['Can you download roblox', 'Can you play Roblox on it?', 'Can you play roblox', 'can i play roblox on this through the google play store?', 'Can it run roblox?', 'Can you play Roblox', 'Can Roblox be downloaded and played on this?', 'Can you play roblox on it?', 'Can you download Roblox?', 'can you download roblox?']"
7,does it have a cd drive?,"['Does it have a CD rom slot?', 'Does this item have a cd player/burner?', 'Dose it have a disk player', 'Does it have a cd dvd slot', 'dose this have cd slot', 'Does it have Dvd drive?', 'Does it have a flash drive port?', 'Does it have a place to insert cds', 'Does it have a cd rom and usb drive', 'Does this have a dvd drive?', 'does this item have a cd/dvd drive?', 'Does it have a USB port?', 'Does this computer have a cd drive and is able to burn songs to a disc from iTunes?', 'Does this laptop have a CD drive?', 'Does it have a cd dvd drive', 'Does it has cd drive?', 'Does it have a cd/dvd player built-in?', 'Does it have an SD slot?', 'Does this have usb type c?', 'Does it have an hdmi slot? (do i need one?)']"
8,do you have any external hdmi ports?,"['does this have a HD screen?', 'Does this have an hdmi port?', 'Is this HD screen', 'Does this computer have an hdmi out?', 'Does this item have an hdmi port?']"
9,"Does it have word processing, excel et","['Does it have word processing, excel et', 'Does it have Word, Excel?', 'Does it have word processing unit and power point', 'Is it use excel', 'Does it come with office word processing', 'Does it have office software for creating documents or can it be installed?']"
10,is this able to connect to a printer?,"['Will tis work with my hp printer?', 'Can I hook this up to my printer?', 'Can I connect to a printer?', 'Can you suggest a compatible printer?', 'Can I connect it to a printer for printing?', 'can you connect it to a printer?', 'will my epson l360 printer work with this?', 'Is this compatible with a printer?', 'Can I hook this up to my Canon printer?', 'Can it hook up to any printer?', 'Is it compatible with a canon ts5120 wireless all-in-one printer with scanner and copier']"
11,can you play games on it?,"['Can you play games on it', 'Can you install games on these like starcraft and such?', 'Can u play Fortnite on it', 'Can you play minecraft with it?', 'Can you play Fortnite on this and if so, how?', 'Can you play some games on this when not connected to WiFi like you can on a tablet?', 'Can you play games on this, like big fish downloads?', 'Can i play fortnite on this?', 'So if i wanted to i could play pc games using this?', 'Can I play Fortnite on this']"
12,how big is the memory card that you have?,"['Is there any max micro sd gb limit?', 'What type of micro sd card should I get?', 'Can you expand the storage space with a Micro SD card and if so how much can it support', 'What size sd card is best ?', 'What is the max sd card expansion we could upgrade this to? as in 1t or 2t', 'will this take micro SDXC', 'How big of micro sd card can it take?']"
13,does it have a camera?,"['what type of camera does this unit have', 'Does it have a built in camera?', 'does it have a camera?', 'is there a camera', 'Does it have a camera?']"
14,does the chromebook come with a charger?,"['Where can i get a charger for a chrome notebook', 'Is there a docking station that i can buy that will work with this chromebook? (Either 3rd party or Samsung Brand)', 'Does this chromebook come with a cord?', 'This chromebook come with a charger?', 'Does the chromebook come with the charger or do we have to buy it separately?']"
15,is netflix good?,"['Downloading capability is netflix good to watch on this?', 'Can you watch Netflix and YouTube device?', 'Is this good for streaming netflix?', 'Can u watch netflix on this model?', 'Can you stream movies from Amazon and Netflix on this? Thanks', 'Can netflix be installed?']"
16,Does this chromebook have access to google play store?,"['Does this chromebook have access to google play store?', 'Does this chromebook have a touchscreen?', 'Is this chromebook model compatible with the google play Kindle App for android?', 'does it have the google play store', 'Can I use this chromebook for uploading and selling stuff on my ebay store?', 'Does this model come with the google playstore installed? I got a acer chrome book 11 b mistake it doesnt even have apps or will not work with andriod', 'Does it have google play store', 'Does this laptop have google play?', 'does chromebook have a dvd player?', 'does this chromebook have access to google play and the android apps?', 'Is this chromebook support Google Play Store perfectly?', 'Will the samsung chromebook 3 run the same android apps from google play store as the samsung galaxy tab s?']"
17,is microsoft word compatible?,"['Doers this laptop come with Word or a similar program? If not can I install one?', 'Does this laptop contain Word?', 'Does this have microsoft word?', 'Is this Microsoft Word compatible?', 'I will use for writing. Which Windows compatible word processing will I use?', 'Can u install word on this product', 'My goal for this laptop is running Word with large documents and surfing the web, is this a good choice for these applications?', 'does this have microsoft word?', 'Does this have word on it? And can I download other programs?', 'Can you download Microsoft office word on it?']"
18,Does it have hdmi port?,"['Does it have hdmi port?', 'I see it has 2 usb ports but does it have a sd port?', 'Does it have an hdmi port ?', 'Does it has hdmi port to connect with the projector or lcd?', 'Does it have a usb 3.0 port/usb 3.0 compatible?', 'Does it have a hdmi', 'Is there an hdmi port?', 'Does this chromebook have an hdmi port?', 'Does it have an hdmi port?', ""Does this have a hdmi port? the picture appears to show one the older versions have one, the spec here don't mention one."", 'Does it have hdmi out and if it does what is the resolution of the output?', 'Dose it have a hdmi port???', 'hdmi port ?', 'does it have an ethernet port', 'Does this come with hdmi as well as usb ports?', 'Does it have an hdmi and vga inputs?']"
19,can i install apps in google play store?,"['Will it allow you to install apps from the Google Play Store?', 'Are you able to download apps from google play? Apps such as Square and are you able to plug in headphones?', 'Can you download games from the google play store?', 'Will it run Google Play apps on the beta channel?', 'Google says this one now has the play store, true?', 'Will I be able to download apps from the google play store for example Instagram']"
20,Dose it come with a charger,"['Does it charge over USB c?', 'Does it come with a charging cord and usb cord?', 'Does it come with a charger?', 'Can it charge with 5 volt USB?', 'Dose it come with a charger', 'Is the charge cable type c?', 'Is charger included?', 'Do you sell just the charger for this device?', 'Does it come with charging cord?', 'does the charger included?', 'Does it com with a charger', 'does it charge via usb c?', 'Does it come with the charger?', 'Does the charger come with it?']"
21,does it have flash player?,"['does it have flash player?', 'Will it run flash player', 'Does it support adobe flash player? my android tablet did not.', 'Does it have a media player?', 'Does this support Adobe flash?']"
22,is it touch screen,"['does this have touchscreen?', 'Is this a touchscreen?', 'is it touch screen', 'Is it touchscreen?', 'Does it have touch screen?', 'Is this a touch screen?', 'is this touch screen?', 'Is this a touchscreen also?', 'Is it touch screen?', 'does it have a touchscreen?', 'Is it touchscreen', 'Do these have touch screen??']"
23,is this computer good for gaming?,"['Dose this laptop plays pc games ?', 'Can i download pc games on this laptop?', 'Is this a decent gaming laptop? not for super crazy games, just some such as League of Legends and Minecraft and maybe a few other similar ones?', 'Is this computer good for gaming', 'Is this a good computer for playing games?', 'Is this a gaming laptop? If not would it be ok to be one?']"
24,is it allowed to play minecraft?,"['Can it play minecraft?', 'Can it run minecraft', 'Could it play RuneScape?', 'Can it handle games? Gta, Minecraft, etc.', 'can you play minecraft', 'Can you download minecraft on it?']"
25,does it have a webcam?,"['does this chromebook have a webcam?', 'Does the Chromebook have a front facing camera?', 'does it have a webcam', 'does it have a web cam', 'Does it have a web cam']"
26,does this need a 128 gb sd card?,"['Can this take a 128 gb sd card', 'What kind of SD card would I need to expand memory?', 'Can i use a 128gb microsdxc with xe500c13 in the SD card reader ?', 'Can the SD card be changed for a larger one?', 'Will it be able to take a 32 gb SD card?', 'Does it have a sd micro card slot to add memory if so how many gb will it accept?', 'Im sure you can extend memory with an sd card?']"
