1,What year is this mac book?,"['What year is the MacBook', 'What year is this MacBook Air currently?', 'What year was this MacBook created?', 'What year is this mac book?', 'What year is this mac? I see conflicting years.', 'which year is this mac', 'What model is this Mac?']"
2,What year is this laptop?,"['What year is it? & would you recommend this laptop, how is it holding up??', 'What year is this laptop?', 'what year is this laptop you have pictured ?', 'which year is the laptop ??', 'what is the year of this laptop ?', 'what year version is this laptop?', 'What year is this laptop and does it have any USB ports?']"
3,what year is it?,"['What year is it?', 'What year is this? I see people saying 2013,2014,2015,2016,2017', 'From what year is it?', 'What year is this?', 'Which year is this one?', 'what year is it?', 'what year?']"
4,Este producto dee que año es? (Los que estan llegando actualmente),"['De que año es el producto y cual es la condición física-estética que me puedo encontrar una vez lo compre?', 'Qué año es? Y de qué generación es su procesador?', 'Que año es?', 'Hola, de que año es la computadora que ofertan?', 'De qué año es el producto ?', 'El teclado del equipo esta disponible en español?', 'Cómo puedo saber que año me va a tocar??', 'Este producto dee que año es? (Los que estan llegando actualmente)', 'Tiene Teclado en Español?', 'Tienes disponible? Qué año es y tiene la tecla ñ?', 'Que año es', 'Buenas que año es la computadora, adicional funciona como una 2021', 'Hace envios a mexico? Se paga algo por la aduana? Y es seguro que llega a mi dirección en mexico?', 'Necesito un cargador , tienen en venta de repuesto ?', 'que año es? hay diferentes años en las respuestas']"
5,Does it come with the charger and stuff?,"['What type of charger does it need?', 'Does it come with power cord', 'Does this come with its charger?', 'Does it come with battery?', 'Does it come with any dents or scratches?And thw original charger?', 'Does this come with a battery?', 'Do you have to buy a battery?', 'Does it come with the charger and stuff?']"
