1,does it come with microsoft office installed?,"['Does it comes with Microsoft office Installed', 'does it come with microsoft office?', 'Can you download Microsoft office?', 'Can you use Microsoft office on this computer?', 'Which laptops come with Microsoft Office already installed?', 'Can Microsoft Office be used on this?']"
2,is it a touch screen?,"['Is this a touch screen?', 'Does it have touch screen?', 'Is this touchscreen?', 'Is it touchscreen', 'How is touch screen function?', 'is it touchscreen', 'Is this a touchscreen?', 'Is it a touchscreen?', 'Is it a touch screen', 'is it touch screen?']"
3,does the phone have a charger?,"['I’m noticing some are complaining about it not coming with charger ?? Does it come with charger. ?', 'Does it come with a charger?', 'is the battery charger included?', 'It says requires a battery, does it comes with one??', 'Does this laptop come with a charger', 'Does it come with battery???', 'Does a charger come with it??', ""Doesn't specify on the charging cord?"", 'Does this come with a charger??', 'Will it come with a charger?', 'Does it charge with usb-c?', 'Does it come with battery?', 'Does this laptop come with a battery and a charger?', 'Does it come with a power cord?', 'Does it come with a charger', 'I just purchased this computer but it didn’t come with a charger. Is this something that ships separately?', 'Do this comes with thecharger? I just got this for Christmas and no charger included :(', 'I just received mine and theres no power cord with it. Does it usually come in the same pa kage with the laptop or seperately? Im confused..', 'Does this come with the battery and charger?', 'does it come with a battery?', 'charger come with it', 'What kind of charger will work for this', 'What type of charger does it have?', 'Is a charger included?', 'does this laptop come with a charger?', 'does it come with its charger?', 'Does product come with a charger 2020', 'Does this come with the charging cord?', 'does this come with a charger', 'dose this come with a battery.?', 'Does it include the battery?', 'does it come with charger', 'Does it come with the battery ?', ""Does this not come with a power cord? I just ordered one but may need to order an adapter if it doesn't ship with one."", 'does it come with a charging cord?', 'Does it come with a battery?', 'Does this come with power cord? Does it come in a box in gifting condition?', 'does it come with a charger', 'Is this supposed to come with a power supply I bought it and no power supply incled?']"
4,Is it a good gaming laptop?,"['Is it a good laptop for a college student?', 'Is it a good gaming laptop?', 'Is this a good gaming laptop?', 'Is it a good editing laptop?', 'Is it like a regular laptop', 'Is this a good laptop to make music on', 'Do you think it is a good laptop for the Sims?']"
5,do they have a card slot?,"['does this model come with a slot for SD cards?', 'Does it accept sd card ?', 'Is there a SD card slot?', 'Is this expandable with an SD card?', 'Does it have a MicroSD slot?', 'Can this use an sd card', 'Does come with a disc slot', 'Does it have a cd slot?', 'Does it have an SD card slot?', 'Does it have a micro usb slot for expandable storage?', 'Does it have a sd micro card slot and will it print from a google cloud wireless printer?', 'Dose it have a SD slot ?', 'Does it have a SD card slot?', 'Does it have a sim card']"
6,is it possible to hook up a printer to this?,"['Can i print on an HP printer? Can i use a mouse?', 'Can a printer be hooked up to it through usb?', 'Can I hook up a printer to this?', 'Can I connect to a printer wirelessly with this?', 'is it easy to set up a wireless printer for this?', 'is a printer compatible?', 'Will I be able to use a printer on this?']"
7,"The header for this says 2 gb ram, yet the spec says 4. which is it?","['Contradictory info on this page: ram = 2gb or 4gb? ssd = 16gb or 32gb?', 'Is the memory 2gb or 4gb?......................even the answers to questions state two different answers!', 'The header for this says 2 gb ram, yet the spec says 4. which is it?', 'detailed description says 2gb memory but title says 4gb . which is it?', 'Why does this page continually contradict itself in regards to the amount of ram included with this item says 2 in some places and 4 in in others..fix', 'Does this have 2 gb ram or 4 gb ram. the listing is inconsistent. headline says 2, detail says 4. search results says 4.', 'does this have 4 gigs of ram or 2. its telling me both????', '2 gigs ram, 4 gigs ram, 16 gigs ram? which is it? so sloppy to have three different specs for this.', 'Is this 4gb ram and 32 gb storage? there is contradictory information']"
8,Trae cargador incluido en la compra,"['Trae cargador incluido en la compra', 'Trae el cargador?', 'Viene cargada con algun sistema operativo? cual?', 'No se mucho de computadoras, este , es acta para trabajos de escuela, para segundo y tercer grado?', 'Trae cargador incluido', 'como puedo hacer una compra y resivirlo en Cuba', 'se le puede añadir otro disco dura con mas capacidad?']"
9,is it possible that it can be connected to the wifi or to windows 10?,"['Does it have wifi and windows10?', 'does this laptop come wifi ready?', 'Does it have wifi?', 'Does it have built in Wi-Fi?', 'Does this have WiFi', 'is it wifi enabled?', 'It has wifi?', 'does it have windows 10?', 'Does it have windows 10?', 'does it come with wifi']"
10,does it have a backlit keyboard,"['does it have a backlit keyboard', 'Does it have a backlight keyboard?', 'Is the keyboard included?', 'is the keyboard backlit', 'does the keyboard light up', 'Does this come whith a keyboard', 'does it have a backlit keyboard?', 'does the keyboard light up ?']"
11,does chromebook run android apps?,"['Is there access to an app store on it in order to download different apps to this chromebook or is that not an option?', 'Does this Chromebook run Android apps?', 'Can this Chromebook PC download android apps?', 'Does this chromebook come with google playstore?', 'Is this one of the chromebooks that supports Linux/allows for installation of Linux apps?', 'Does this chromebook have access to android apps in the play store via the stable channel?', 'Will this Flagship Chromebook work with android apps?', 'can you get on amazon and buy online with a chromebook?']"
12,Does this have windows 10,"['Does this have windows 10', 'Dose it have windows 10', 'Can you download windows 10 on it?', ""This is a regular laptop? And what's its version of Windows 10?"", 'Does this have windows 7 ?', 'Is it a window 7?', 'Can this computer have windows software on it?', ""Which one's come with Windows 10"", 'Does this have Windows 10 on it?']"
13,Does it have dvd player,"['does it have dvd/cd', 'Does it still came with a cd player?', 'Is there a dvd Drive', ""Can it play dvd's?"", ""Can you play dvd's on it?"", 'Does it have a dvd player?', 'Does it have a DVD player', 'does this have a cd drive?', 'Does it have a DVD player?', 'Does this have a cd/dvd drive?', 'Does it has cd player?', 'Does it play dvds?', 'Does it have cd dvd built in?', 'does it have dvd', 'Does it have a cd player?', 'Does it have a dvd insert?', 'Does this have a cd drive', 'Does it have dvd player', 'Can it play cd and dvd']"
14,will this game work on sims 4?,"['Can i play sims 4', 'Can you download games? Like the sims 4?', 'Will the sims work properly on it?', 'Will this hold the sims 4?', 'Can i play sims 4 on this?', 'Will this work for sims 4?']"
15,Can i play fortnite on it,"['Can i play fortnite on it', 'But can I play league of legends on it?', 'Can my son play fortnite on this?', 'can it play fortnite', 'can this run fortnite', 'Can you download and play fortnite on this?', 'Will Fortnite work on this computer', 'Can you download games on it?', 'Can i play Fortnite on it?', 'Can it play fortnite', 'can you play fortnite', 'Can i play games on it? like league of legends or world of warcraft? would it be capable', 'can u play minecraft on it?', 'Can i play classic world of warcraft on this?', 'Can I play fortnite on it?', 'Can u play fortnite on this computer?', 'Can fortnite run on this']"
16,does it have a hdmi port?,"[""Two things: i'm looking for something to stream movies/videos/sports. will this work for that? also, does it have an hdmi port?"", 'Does this machine have an hdmi port?', 'does it have a hdmi port?', 'Does it have hdmi port connection for hd tv??', 'does it have hdmi port', 'Is there a video port to hook it up to a tv?', 'Does it have an hdmi port?', 'Is this laptop good for movies streaming, and streaming on general?', 'Does it have hdmi port?']"
17,Can you play computer games like sims 3 on this?,"['Can you play computer games like sims 3 on this?', 'can this computer be used for games like minecraft or toontown', 'Would this be good for playing sims?', 'can i run sims on this laptop?', 'Can you play Overwatch and minecraft on this?']"
18,is it possible to take off the battery?,"['can one change the battery?', 'How long does the battery last?', 'Is the battery removable?', 'does it have a replceable battery', 'Can you take the battery out easily?', 'It says battery needed would I need one or it’s included']"
19,is it wifi?,"['Is it wifi', 'wifi availability', 'Wifi capiable?', 'Is this built in WiFi?', 'Does this connect to wifi']"
20,can i update my ram?,"['can the ram be upgraded?', 'Can you upgrade the RAM?', 'Can I upgrade the ram? I see some comments say no and some say yes.', 'Can Additional ram be added? If so what type or model numbet', 'could ram be upgraded to 4GB', 'Can this chromebook be ram upgraded?', 'Is the ram & hard drive upgradable? Meaning can I purchase 4gb of ram and install myself?', 'Can you upgrade RAM']"
21,can you add more memory?,"['Am I able to add more memory?', 'can you add more memory?', 'memory expandable?', 'can i add memory', 'can you add more memory like a micro sd or anything? 16gb isnt much', 'Am I able to add more memory? (example: via memory sticks?)', 'Can the memory quantity be increased and if so, is that easy to do?', 'Can you add extra memory?']"
22,can you download some apps?,"['can you download apps?', 'Are you able to download games from the internet? (Not including the appstore)', 'Can you download games\\apps', 'Can you download game', 'Can I download apps like Snapchat?', 'can you use apps', 'Can you download most apps?', 'Can you download games?', 'Can you download programs']"
23,does it have google play,"['Is this gonna play google play store?', 'I believe I read that Acer products like this will eventually get access to the Google play store?', 'Does this come with google play store?', 'Does this come with play store?', 'does it have google play', 'Can I get google play store?', 'Can you use google play store with this model?', 'will this update to use the google play apps?', 'Does it have google play store app?']"
24,will it work on a usb external disc drive,"['Will it work on a usb external cd drive', 'Can you use an external CD/Dvd player with it ??', 'Can you run an external dvd player or hdd through the usb port?', 'can you plug a external dvd drive in the usb port and burn discs?', 'Will I be able to use a coops external cd/dvd drive with this?', 'Can i use any usb', 'Can use a usb cd drive with this laptop?', 'Does it have a USB ?']"
25,how many watts is the charger for this laptop ?,"['how many watts is the charger for this laptop ?', 'Does this laptop support 220 volts?', 'Charger size', 'Does this laptop come with a battery and wifi?', 'How do I order a new charger for my laptop?']"
26,does it have bluetooth?,"['Does it have Bluetooth?', 'Is this a bluetooth computer only or can you hook it up to the internet because there’s no etherport on it', 'Does this have Bluetooth and a power cord?', 'Is this bluetooth adaptable?', 'Does it have bluetooth']"
27,Is thiS For gaming,"['Is thiS For gaming', 'Would this be good for gaming?', 'Can it play games', 'Can play games', 'Is it good for games?']"
