1,Is this a 1050 or a 1050 ti?,"['there is some difference between the 1050 of 4gb and the 1050 ti', 'When i ordered i saw that i contains 1050 ti 4gb graphics. but now when i get into the link i see that it is 1050. someone make me clear with this.', 'So, when it says 4gb 1050... Is it a 1050ti??', 'The geforce 1050 with 4gb is the ti version, but you sad that geforce 1050 is not de ti version and have 4gb. there is something wrong?', 'A question asked if this was gtx 1050 or 1050ti and was answered the 1050 which is only 2 gb. this is advertised as a 4 gb graphics, whats the truth?', 'is it gtx 1050 ti or 1050 only?', 'has it a 1050 or a 1050 ti?', 'The title states this is a 1050 with 4gb, but a standard 1050 is only 2gb dedicated memory. The gtx 1050 TI is the 4gb. So which is it?', 'Does this laptop have a gtx 1050 ti or a 1050 4gb? What it says in the description does not match what it says in the title of the product', 'Is this a 1050 or a 1050 ti?', 'Is this a 1050 ti']"
2,How much ram,"['How do you install new ram on this I’m new to computers', 'how much ram can be installed to this laptop?', 'is there a 16gb ram version?', 'How many ram lots does this have and what is the max memory?', 'Is the ram in this pc upgradable?', 'How do you install new ram on this?', 'Able to post a few ram upgrades that are compatible with this?', 'Can i upgrade the ram', 'How much ram', 'Are you able to add ram?']"
3,how good can this laptop run overwatch? can it at least run it on medium or high graphics?,"['how good can this laptop run overwatch? can it at least run it on medium or high graphics?', 'Is this a great fast gaming laptop that I can play call of duty on', 'Can this laptop run grand strategy games like crusader kings 2, hearts of iron 4 etc.?', 'Can it run Overwatch?', 'How well does this laptop run Warframe at medium graphics settings?', 'Will i be able to play gta 5 and stream on twitch with this laptop?', 'With the i5-7300 processor, is this laptop good for streaming games?', 'will this laptop play grand theft auto v and other AAA games?', 'Will it run Overwatch?', 'Can you play Apex Legends on this laptop?', 'Is this laptop able to run heroes of the storm?']"
4,does this laptop have an m2 ssd slot for expansion?,"['Does this laptop come with a normal hard drive slot and M.2 slot?', 'Is this computer have 2 hard drive slots? can i add an ssd and still keep the hybrid hhd?', 'Does the motherboard have an ssd or m.2 interface?', 'Is this laptop dual drive?', 'What kind of m.2 ssd does it use? pcie or sata?', 'Does this laptop come with an unused M.2 slot, in which an extra SSD can be installed?', 'Does this laptop have a disc drive for dvds?', 'This computer works with ssd m.2 nvme drives? or just sata? i have read comments that placing an nvme unit the bios only recognizes it as sata, that i', 'Does this laptop have an m.2 ssd slot for expansion?', 'Does this laptop have an extra slot to install an ssd? Or we would have to swap it with the HHD?']"
5,how can i change the lighting color of the keyboard?,"['Is the backlight keyboard red or white?', 'Backlit keyboard', 'Can you change the colors of the keyboard light?', 'Does it have a backlit keyboard?', 'Can you change the colors on the keyboard lighting?']"
6,does this laptop come with a charging cable?,"[""What charger does this laptop come with if I'm shipping to eygpt?"", 'What charger works best for this computer?', 'does this come with a charger?', 'Does this laptop come with a charger', 'Does the laptop come with the AC Adapter?', 'Does this laptop include the battery? The details only state that it requires one.', ""What charger does this laptop come with if I'm shipping to the UK? The 3 pin or 2 pin?"", 'Does it come with a charging/power cable?', 'Can I adapt a docking station to this laptop? Thx', ""I need a new charger for this computer, but I'm unsure which one will be work. Any advice?""]"
7,is this tn panel or the ips model?,"['Am i getting a tn panel or ips?', 'What kind of display does this contain? tn panel or ips', 'i am confused, does it come with ips or tn panel?', 'Does this model come with ips panel?', 'Is this tn panel or ips model?', 'Is this ips or tn?', 'Does it come with a tn panel or ips display?', 'do u ship the ips panel or the tn panel?', 'Is the display an ips panel or a tn panel?', 'Is it a tn panel or ips? I want to make sure before buying']"
8,can you run fortnite,"['can you run fortnite', 'How good does this run Fortnite?', 'will this run fortnite?', 'How can this run fortnite', 'Can it run fortnite?', 'Does it run fortnite', 'Can I run fortnite on it with a smooth gameplay', 'Can I play fortnite', 'Can you play Fortnite. on the pc?']"
9,does gta 5 work with it?,"['Can it run GTA 5', 'How well will it play gta 5?', 'How well does it run gta v?', 'Will gta v run it', 'can it play gta 5', ""Can this run games such as no man's sky and gta5?"", 'Can I play gta 5 with mods online']"
10,does it have international warranty?,"['Does it have international warranty', 'Does it have international warranty ?', 'This laptop comes with international warranty or only from usa', 'Does this product come with a warranty?', 'Does it have global warranty', 'Does it have a warranty?', 'Is the warranty applicable in india?', 'Does this laptop have an International Warranty?', 'Does it have a manufacturer warranty', 'does international warrantee apply?', 'Does this product comes with a warranty we can avail in other countries and USA?', 'International Warranty', 'Does this laptop comes with global warranty? i will send it to south america. thanks.', 'Does it comes with international warranty?I live in India and my brother is going to bring it over', 'What is items model no and does it carries international warranty ,if yes then how to claim it ?']"
11,can i replace the hybrid hard drive with a normal one?,"['Is it possible to swap the 1tb hybrid drive with an ssd?', 'Can i replace the hybrid hard drive with a normal one?', 'Can I add more internal storage such an SSD or M.2 alongside the Hybrid drive?', 'can anyone please provide details on the hybrid 1tb drive, make, model, manufacturer? Thanks', 'Can the hybrid hdd be replaced with standard 2.5 inch ssd?', 'Can i replace the hybrid drive with a normal hardrive and m.2 ssd?']"
12,is that a quad core core?,"['is it quad core?', '1 processor? I thought was quad core? Or did I read incorrectly?', 'If this is a quad core why does it have a processor count of 1 and not 4?', 'is it a quad core ?', 'It really has 4 cores?']"
13,how well is this world of warcraft?,"['How well will this run world of warcraft. Looking to upgrade my current set up.', 'How well does this run world of warcraft?', 'Is this pc good for skyrim? And making mods?', 'Can this run world of Warcraft smoothly on ultra?', 'Can this play world of Warcraft right out of the box']"
14,Could this runs Sims 4 with mods?,"['Could this runs Sims 4 with mods?', 'Will this computer be able to run the sims 4 with all expansion and game packs smoothly?', 'Can this play sims 3/ sims 4 with ALL expansions at medium to high settings?', 'Will this be able to run the Sims 4 and let me do my digital drawing (drawing pad and such)', 'Can this labtop play the sims 3 and its expansions?', 'Can this run Fallout New Vegas or 4 with a load of mods?']"
