1,tienes con el teclado en español?,"['Quiero saber si el teclado puede ser en español? Y quiero saber si es Refurbished?', 'Tienen con teclado en español', 'Que reviso mi pedido me cambian de fecha de entrega al día mañana, alguien que me ayude con este inconveniente?', 'tienes con el teclado en español?', 'Trae el lenguaje del teclado en español?', 'el teclado está en español?', 'Es nuevo?', 'Viene en su caja original con todos sus accesorios ?', 'Espero que en el futuro puedan hacer envíos a México.']"
2,what year is this macbook?,"['Is the macbook brand new like I would buy from apple?', 'What year is this MacBook Air ?', 'what year is this macbook air?', 'Would you recommend buying this MacBook in 2019?', 'Does this macbook air come in a sealed box? also what kind of warranty do you guys offer? lastly, what year is this model? thanks in advance', 'Has anyone recieved a USB bracelet instead of the actual macbook?', 'It’s brand new tha lates model 2017 MacBook Air!?', 'what year MacBook is this', 'What year is the MacBook listed', 'MacBook Air 13inch 2020 version', 'What year is this MacBook', 'Can anyone verify that this macbook is the 2017 model?', 'What year Mac book air is this?', 'What year is this macbook?', 'i am thinking of buying one of these( macbook air) , is this model 2 years old? it is not a 2019 model?', 'What is the year of this MacBook?', 'is this full brand new with apple warranty ?', 'What year is this MacBook?', 'How do I know it’s a brand new MacBook if it says it’s sold by amazon ?', 'This will be a brand new MacBook right?', 'Is this 2018 brand new MacBook Air or refurbished version ?', 'Is this the latest version of the MacBook Air or is it an older discontinued version?', 'What year is this macbook', 'Is this a 2019 MacBook Air?', 'Is this the 2019 macbook air?', 'What year is the MacBook?', 'what year is this macbook?', 'What year is this MacBook Air?']"
3,does it come with a charger?,"['Does this come with a new power cord?', 'Does this bring the charger as well?', 'does this come with a charger?', 'does it come with a charger?', 'Does it come with a charger', 'Does this come with a battery and charger?', 'Does this come with a charger?', 'does it come with the charger?', 'It comes with the charger?', ""Some comments indicate that this comes with the charging cord, and some say it doesn't. Which is it? Am I going to need to purchase a separate cord?"", 'Does it have a charger?', 'Does it include the charger?', 'Does this laptop come with a charger?', 'Does the 2017 version come with wall plug/charger?', 'Does a charger come with?', 'Does it have a charger with it']"
4,which is the best laptop to use for photography?,"['Is this a good computer for someone to do artwork on? Or maybe some picture and film editing?', 'Is this a good laptop for photography?', 'Is this good for photo editing/video editing', 'Is this a good laptop to write a book on ?', 'Wpuld this be a good computer for video editing? I need it for an online business and Youtube videos.', 'Would this be a good computer for a photographer to edit photos?', 'Would this be a good laptop for a graduate college student?', 'Would this be a good laptop to watch pornography on?']"
5,which os is this?,"['what version of the operating system does this come with?', 'What operating system is installed?', 'Does this support the newest OS?', 'What OS version is this?', 'What version OS do the newest ones come with?']"
6,how old is this laptop?,"['What year is this laptop', 'What year laptop?', 'What year is this laptop and are there any problems updating any apps?', 'Is this the 2020 model or what year is this laptop?', 'Wharf year is this laptop?', 'Is this a new laptop?', 'What year is this laptop?', 'What year is this computer?', 'What year is this laptop? I read questions below and one says it’s 2015 and one says it’s 2017. Thanks!', 'What year laptop is this?', 'When was this laptop released?', 'what year is this laptop?', 'Is this laptop an original from Apple', 'What year is the manufacture date on this laptop?', 'what OS comes with this laptop', 'What is the model number of this laptop?', 'What year is this laptop? and does it have ms word installed?', 'What operating system does this laptop ship with when buying this laptop thru amazon?', 'The Date First listed on amazon is Nov. 1, 2018, so what year is this laptop?', 'What year is this laptop ?', 'What year is this computer', 'What year is the laptop?']"
7,what is the macbook warranty?,"['what is the macbook warranty?', 'what is the warranty on this apple macbook???? What does the one-year warranty offer or cover?', 'How long is the Mac Air laptop Warranty?', 'It has Apple warranty? How it works the warranty of this Macbook if it is a 2017 computer?', 'How do i buy a warranty for my apple macbook air 13-inch', 'Does this mac has original warranty?', 'When does 1 year warranty ends for this macbook', 'If I purchase this macbook air from amazon as the seller, not a third party, will it have a full 12 month warranty?', 'When 1 year warranty expires on this macbook']"
8,which year does the latest macbook start?,"['which year (2017 or 2018..)modal of this macbook air is ?', 'Is this a 2017 macbook air?', 'This is the macbook 2017? whats is the diference of macbook 2015 with 2017?', 'Hi! Which year is this macbook?', 'From what year is this macbook?', 'Below you answer the question about the version of this laptop two different ways. is this the a new, 2017, latest version, apple macbook air?', 'Which year is from the Macbook that will be in stock on September 19, 2019?']"
9,Is this factory sealed in original box?,"['Does this product come in a factory sealed, unopened box? (Looking for an answer from the seller)', 'Is this factory sealed in original box?', 'Does this come in original unopened box??', 'Is this brandnew in the box sealed?', 'Is this a sealed box? Meaning is it brand new? Also what year is this exact model?']"
10,is the keyboard lighted?,"['Does the keyboard light up?', 'Do the key light up', 'Are the keys raised in the keyboard?', 'Is the keyboard lighted?', 'does it have a backlit keyboard?', 'Does it have a back lit keyboard?']"
11,how long does the apple warranty last?,"[""Warranty? so if amazon bought apple's inventory of these mac laptops, why doesn't amazon provide the warranty?"", 'Hi, are the laptops news ? How does it work with the warranty of Apple ? Thank you', 'Is this stocked and sold by Amazon with a full 12 month apple warranty?', 'Since the laptop is from Amazon and not from Apple, when does the warranty starts?', 'Who is actually the seller? it says ""by apple"", but then it says amazon.com as the seller.. what warranty does it come with?', 'Many reviews reviews say Apple will not warranty these laptops. Is that true? If not what kind of great deal is that?', 'Is this right from Apple? How long is the Apple warranty?']"
12,is this a screen-touch device?,"['does this model have the touch bar and touch id?', 'Does it have touchscreen ?', 'Does it have screen touch ?', 'This version has the touch bar?', 'Does it have a touch screen', 'Does it have the the touch screen bar just above the keyboard to use for short cuts and finger print identification??', 'Does it haves Touch ID bar ?', 'What is Touch ID and is the 2018 8th gen out yet', 'Is it new? Does it have touch screen features?']"
13,Does it come with a warranty,"['Will I be able to get the 1 year warranty in writing?', 'What kind of warranty does this come with?', 'Does it come with warranty and if it does for how long?', 'Can I get an extended warranty?', 'Will it come with a Warranty', 'How long does it have warranty??', 'Is there a warranty with the 2017 Model?', 'How much warranty left ?', 'Does it come with a warranty', 'It’s 1 Year warranty Please let me know thx']"
14,what is the return policy for this?,"['What is the return policy on this product?', 'What is the return policy on this item?', 'what is the return policy for this item?', 'Return policy', 'What is the return policy?', 'What is the return policy for this?', 'what is the return policy?', 'What is the return policy on this if I don’t like it?', 'what Is the return policy?', 'What’s the return policy?', 'What is the return policy on this?', 'return policy?']"
15,Does this item have the one year Apple warranty?,"['Does it have the apple warranty? Can you send the receipt along with the computer?', 'Im gonna be living in latin america, when does the original warranty starts? where can i ask for it, can i claim it on a apple store from any store?', 'Does it have a warranty?', 'Is this product eligible for Apple Care?', 'Does this item have the one year Apple warranty?', 'Does it come with apple packaging', 'Is this unopened? full apple warranty?', 'what all does it come with? charger? warranty guid? apple stickers?', 'It’s under warranty from Apple 1 year', 'does it have warranty and what does it come with?', 'apple warranty on this?', 'Is this a genuine Apple product ? And does it come with Apple’s full warranty?', 'What is the Warranty on this device?', 'Does it come with full apple backed one year warranty?', 'Does this came with Apple warranty?', 'Does this come with Apple one year warranty']"
16,does the sony px100 laptop record music?,"['is this laptop good for music production? Can it work with a usb microphone? Is the editing software good?', 'Is it a good laptop for a college student? Also, is it a good laptop for someone who has a lot of photos?', 'Is this laptop good/comparable for music recording software like pro tools?', 'Is this laptop good for recording music?', 'Is this macbook air good to record music using the newest version of logic pro x?']"
17,is this the 2017 model?,"['Is this a 2020 model?', 'Is this a 2018 model?', 'Is this the 2017 model?', 'is this the 2017 model?', 'Is it 2019 model?']"
18,what kind of warranty is included in a car?,"['What kind of warranty does this unit come with?', 'Is this laptop new? New in the box and still with warranty? Thanks', 'What is the warranty?', 'Is this new and what is the warranty. How much storage does it have?', 'Two questions: 1) is this the model mqd32ll/a ? 2) is this a new computer with a full 12 month warranty on delivery ?', 'Is a new one? Has any warranty?', 'What is the warranty comes with it ?', 'What type of warranty I get with this computer?', 'What is the warranty ?', 'Is this laptop new? In original packaging and with warranty?', 'Does it have with international warranty?']"
19,does this laptop have a backlit keyboard?,"['Does this laptop have a backlit keyboard ?', 'does this laptop come with a keyboard', 'Does it have a backlight keyboard', 'Backlit keyboard', 'Does this have a back lite keyboard??', 'Does this have the butterfly keyboard that has all the issues? Someone said no here, but I found a site that says yes. Pls send link.']"
20,comes with the AirPods?,"['comes with the AirPods?', ""If this doesn't come with AirPods why do they have a photo of them?"", 'Does the 2017 model bring the AirPods?', 'I saw the last photo was of AirPod. Are airpods included with this purchase?', 'Does this laptop include airpod headphones? They are in the listing picture']"
21,What year model is this?,"['What year model is this?', 'What year is model is this?', 'what model is this. the year ?', 'What is the model year?', 'What model and year is this?', 'What year is this model manufactured?', 'What year model?', 'What model year is this?', 'What year/model is this?', 'What year is this model from?']"
22,What is the year of this mac?,"['How can this be a 2017 model when the description says mac os is "" cheetah"". that\'s 2008?', 'What is the year of this mac?', 'The title says 2017, but the description says mac os "" cheetah"" which is from 2008 ?how is that possible ?', 'Year of the mac please?', 'Which year this mac?']"
23,what year is this?,"['What year is this? Some say 2011 and some say 2017!', 'What year is this?', 'what year is this?', 'what year is it from? 2015 or 2018', 'What year is this', 'Which year is this?']"
24,Are all models that are being sold a 2017 model?,"['These photos and descriptions match the 2015 model why does say it was released in 2017?', 'Is it the 2017 model new or refurbished?', 'Is this the 2018 model? Because it says it’s from 2018 but shows the previous model', ""It's a 2017 model, but someone answered its a 2011. I don't understand."", 'Are all models that are being sold a 2017 model?', 'Whats the difference between the 2015 and 2017 versions?', 'this says it is a 2017 model. Has anyone purchased recently to know this is the case?']"
25,De qué año es?,"['De qué año es?', 'Que año es?', 'Disculpa , de que año es ?', 'De que año es?', 'Viene en qué tipo de empaque']"
26,what is a keyboard to use?,"['Does the keyboard come with it', 'Is this the old 2017 keyboard?', 'Which keyboard does this have?', 'What kind of keyboard foes it have?', 'Does this have the 4th generation keyboard w/""low travel"" distance? The 2016 version of these keyboards were notorious for stuck keys. Any issues?']"
27,is apple care available with this purchase?,"['Can I get apple care', 'Does this come with standard 1yr AppleCare?', 'Is Apple care available with this purchase?', 'does it come with AppleCare or can I at least buy it?', 'Does this product applies for Applecare?', 'Did anyone have any problems with their laptop and actually ended up using their apple care coverage? i am hesitating to buy apple care']"
