1,does microsoft have an extended warranty?,"['Can I purchase the additional warranty from microsoft', 'If i buy it through Amazon, will Microsoft still cover it for warranty if necessary?', 'What is the warranty offered? Can we purchase an extended one through Microsoft?', 'I am buying and shipping it to singapore. will the warranty be valid and fulfilled by microsoft singapore?', 'If we buy the Surface pro here and wants to extend warranty to complete care, how do we purchase the warranty?', 'Can you buy an extended warranty', 'what is the warranty and support period from Microsoft?', 'How are the included 1 year warranty needs handled? From the local microsoft office or from AMazon?', 'Can I buy Microsoft warranty extension for 3 years? Where can I buy it?']"
2,Will the i7 8gb run overwatch? or would the 16gb ram be better?,"['Will the i7 8gb run overwatch? or would the 16gb ram be better?', 'Why is this particular one cheaper than the (intel core i5, gb ram, 128gb?', 'Does the intel core i5, 8gb ram, 256gb version really have a 3.5ghz processor?', 'Would the i5, 8GB, 128 version of this be powerful enough for online college classes?', 'Why does the intel core i5, 4gb ram, 128gb model cost significantly more than the intel core i5, 8gb ram, 128gb model?', 'Is a i7 8gb ram good enough to play some games. like the crew 2, csgo, etc.?', 'Will there be a core i7, 16gb ram, and 256 gb option?']"
3,does it have hdmi,"['Is there an hdmi port that can be used to project images/movies, etc. to the tv?', 'Will you please send an amazon link for an hdmi adaptor that will work...thank you!', 'does it have hdmi', 'Does it have hdmi', 'How would i connect this to a monitor with an hdmi input port? thanks all! joe']"
4,is this surface pro 2017?,"['which Surface Pro model is this? 3,4,5?', 'there was surface pro 3, pro 4. Why this is not surface pro 5? How I will distinguish it from future models?', 'is this considered the surface pro 2017', 'What build number is the surface pro version (newest version)?', 'is this surface pro 2017?', 'what model of this Surface pro? is the 4?', 'Is this Surface Pro 5?']"
5,"In the description it states 8gb ram, but in the product information/technical it says 4gb ram. which is it?","['There is descrepancy for ram memory in the description - 8gb and in the summary - 4 gb. which one is correct?', 'In the description it states 8gb ram, but in the product information/technical it says 4gb ram. which is it?', 'In the title it says 8 gb of ram, but in the description it states it has 4 gb of ram. which one is accurate?', 'In the description stated 8gb ram and in the technical detail only 4gb in ram what is the ram memory of this device?', 'Why RAM is 4gb in description?']"
6,does it come with a pen?,"['Is this unit available with pen ?', 'does it come with the pen?', 'Can i use the old surface pen with it', 'Does this come with a pen?', 'Which pen would work with this model?', 'Does it come with a pen?', 'Can i use any pen on this device?']"
7,does it come with keyboard,"['Does it come with a keyboard ?', 'does the surf pro comes with the keyboarded ?', 'where is the keyboard?', 'Does this offer include the keypad and Stylus?', 'Can a wireless mouse be used with this? Also...do you buy the keyboard separate from the surface go?', 'Does it come with the wireless keyboard', 'Hi.Is the keyboard already included on the box??or do i need to purchase it separately???Thanks', 'Is there a keyboard that has a numeric keypad on it?', 'Doe the keyboard come with it?', 'is the keyboard included in the price listed for the newer version?', 'Does this product come with the included keyboard?', 'Does this come with a display onscreen keyboard? I don’t use a physical keyboard much but a pen or finger, like the iPad', 'Does the price include keyboard, pen and mouse?', 'Is it possible to use a different keyboard with this? i have an hp wireless bluetooth keyboard i would want to use with it.', ""I see you've answer Yes and No for the keyboard. Does it have a keyboard?"", 'Is this laptop include pen and keyboard?', 'Does this come with the key board?', 'Does this come with any accessories? Keyboard? Stylus?', ""So it doesn't include a keyboard?"", 'Does microsoft fjr-00001 surface pro (intel core m, 4gb ram, 128gb) include keyboard?', 'Does this include the keyboard?', 'Can I buy it with the portuguese keyboard?', 'Hi. My last question before buying it. Does it come with keyboard ?', ""I just bought this, however each keyboard I buy is too small and doesn't work, can you refer me to the correct keyboard?"", 'Is a keyboard and a case included?', 'Does this come with the keyboard?', 'Can any wireless keyboard be connected and used with this, or does it only work with the accessories listed?', 'does it come with keyboard', 'In this 669$ price.Does it come with a keyboard?????Thanks', 'Does it include keyboard', 'Does the keyboard have to be docked to the surface in order to use it? Or can you place it at a distance from the unit and connect via bluetooth?']"
8,is it compatible with the lte?,"['Does it have LTE?', 'Dose this has the LTE feature?', 'Does the core m version have an LTE connection?', 'When will the LTE become available ? Since on the website it says available now ???', 'Its LTE compartible ??', 'Any update on the LTE release date?', 'Are the new ones lte equipped now? can i order one and then sign it up for one of att or verizon?', 'so when is the lte version coming out? They keep saying ""soon."" Sorry, ""soon"" has long since past.', 'Is the lte on this model? is it even on whole amazon? where can i see it?', 'Dose it have wifi ?', 'is it lte compatible?', 'LTE was advertised everywhere even in the website it says available now yet no one has a straight ans to when will it be available? Zero respect to mi', 'Does it support verizon 4g lte.', 'does it support LTE4G?', 'Can you tether this to a cell phone and use the LTE on that?', 'is it LTE version available ?', 'Does this have 4g lte?', 'can you get LTE?', 'Does this have lte ?', 'Does it support lte', 'is this product LTE compatible with verizon?', 'Is lte available now?', 'Does this have lte now or is that a different version?']"
9,does it come with a power cord?,"['Does the power cord come with it', 'What power cord does it use?', 'Does it come with a charger?', 'Is the power cord 2-pronged or 3-pronged? Thank you.', 'Is the charger included with the computer?']"
10,when will the new surface pen 4096 be available in amazon?,"['When When is the pen becoming available, it says it is for preorder but when I try to preorder it will not let me do so on the microsoft site?', 'When does the newest surface pen with 4096 levels will be available in Amazon?', 'Will the surface pen be available on June 15th alongside the surface pro?', 'Why is the new surface pen not available in Amazon yet?', 'Can you tell me a date range that the pen will be available so I can stop impulsively refreshing the page every couple hours lol']"
11,Does the surface pro come with a pen,"['Does the newest Surface Pro have fingerprint scanner?', 'Is the surface pro Apple compatible ?', 'Does the surface pro come with a pen', 'will microsoft surface pro type cover with fingerprint id (black) be compatible with microsoft surface pro (intel core i7, 16gb ram, 512 gb)', 'Does the Microsoft Surface Pro include the surface pen?', 'is this the latest Surface Pro 6?', 'Can I use old type cover with finger print sensor with the new surface pro?']"
12,is it wired?,"['does it have bluetooth?', 'Does it have bluetooth?', 'Does this newest Surface Pro have bluetooth function for typing?', 'Is it compatible with wifi and bluetooth? cos its written wifi only!', 'Does this surface pro support both wireless and bluetooth?', 'Does this have bluetooth', 'Is this wifi capable or just bluetooth?', 'is this equipped with Bluetooth', 'will this item connect to any wireless hotspot or router? Im asking because the specs say bluetooth only', 'Does it have blutooth?']"
13,will the surface pro 4 type cover work with the surface pro 4?,"['Will the surface pro 4 type cover work with the new surface pro?', 'Is surface pen included with surface pro 4 ?', 'Can I use my Surface Pro 3 cover ?', 'is the new surface pro compatible with the older accessories such as the pen and keyboard or do I have to buy a new pen and keyboard?', 'Will the Surface Pro 3 keyboard, pen, dock work with this model?', 'Are these Surface pro new?', 'Will Surface Pro 3 pen work?', ""What's different about the surface pro compared to the sp4?"", ""Can I use Surface Pro 4's type cover?"", 'Does the old type cover from the sp4 work with the new surface pro?']"
14,is the microsoft surface pro intel core i7 16gb ram 512gb fanless?,"['Is the microsoft surface pro (intel core i7, 16gb ram, 512gb) fanless? even witht the i7?', 'Where does the Surface Pro with i7 processor and one fan exhaust? Rear, side, or bottom??', 'Does any of the i7 models comes with both LTE and fanless technology?', 'Is i7 model fanless ? If not which models are fanless ?', 'Which exact i7 model does the Surface Pro feature? Is it dual core or quad core?', 'Does the microsoft surface pro (5th gen) (intel core i7, 16gb ram, 1tb) have wifi?', 'Microsoft surface pro (5th gen) (intel core i5, 8gb ram, 256gb) comes with pen and keyboard?', 'Since the I5 version does not have a fan does it become hot when in use for extended periods of time?.']"
15,does the surface pro have a wireless connection?,"['surface pro specs show NO wireless compatability. Really?', 'Does the surface pro (5th gen) (intel core m3, 4gb, 128gb ssd) have a dual band wifi adapter in other words is it 2.4ghz and 5ghz compatible?', 'Does the lte in this model unlocked - microsoft surface pro with lte advanced (intel core i5, 8gb ram, 128gb)?', 'does the surface pro have an option for cellular connect', 'Can i connect to the internet with the surface pro via the hotspot on my phone?', 'Can you connect to wireless similar to sim card on surface pro? i do not want use company wifi but rather pay for my own service']"
16,can i use a pen with my hand on a screen?,"['Can I use the surface pen with my hand on the screen?', 'Can I rest my hand on the screen when drawing with the pen?', 'is there palm technology in using the pen with the Surfae pro so i can rest my hand while drawing?', 'is this a touchscreen', 'Can I use the surface pro 3 keyboard and pen?']"
17,does this feature a sim card slot,"['Do all models include a 4g lte sim card slot?', 'Does this model has a way to insert a sim card?', 'Does unit has a sim card slot, so i can plug in a sim card for lte connectivity outside my home wifi and office wifi?', 'Is there a SIM slot?', 'Does this come with a simm card slot']"
18,is there an international warranty?,"['Would I get the warranty if I purchase this in Australia?', 'Does it have International warranty?', ""Is the warranty global? Can we claim the warranty in Singapore if there's any issues?"", 'I am planning to buy this from us and then ship it toindia? if i am not worried about the warranty, can i go ahead?', 'I buyeing from Canada. Would warranty apply?', 'Does it has international warranty', 'Does the warranty of this device cover the whole world?', 'If i purchase this from amazon in australia, will i get a power supply meeting australian standards and will there be any local warranty? thanks', 'Does this have international warranty (planning to use in India)?']"
19,show the cpu models of intel i7 and i5?,"['Whats is the processor model of i5 and i7 versions?', 'which i7 and i5 processors does it come with? I am looking for the full name.', 'what is the performance difference between i5 and i7?', 'How many cores, threads (actual and virtual), and clock speed for i5 8gb and i7 8gb (actual processor model numbers would suffice)?', 'What is the processing speed for the i5 model?', 'when will the 8th generation Intel Core i5 Processor be available?', 'What intel core is the i7? and tell me all the specs about it', 'Which processor does this have? m3 7y30 or m 5y10? the description says m5y10 which is an inferior one from 2014. it should have the m3 7y30.', ""What's the processor speed on the I7 models?"", 'What is the processor model?', 'Why doesn’t the product specifications include the processors full description? What generation/model is it?']"
20,is 256 gb sd card safe?,"['can you put an micro sd card to add some storage?', 'Does it have a micro sd slot?', 'Is memory expandable? if not is there a micro sd card size limit?', 'What is largest storage size Micro SD card it is c ompatible with / will accept?', 'Can the micro sd slot read 400gb cards?', 'Can you use a 256 GB micro sd card? Is there a limit?']"
21,does the keyboard work with the surface pro,"['Is the surface pro 3 pen & keyboard compatible with the pro5?', 'will pro 3 keyboard fit this one?', 'will my SP3 keyboard work with this new Surface pro?', 'does the keyboard work with the surface pro', 'Will a third party bluetooth keyboard work with this Surface Pro?']"
22,"If I order today, will i get my surface pro before june 25?","['Amazon says it will ship within 1-2 months, when should i expect to receive the surface pro if i decide to purchase?', 'When is the lte surface pro expected to be available?', 'How will the surface pro be shipped to me? through the post or will it be directly delivered to my door? i am in south africa.', 'If I order today, will i get my surface pro before june 25?', 'Will the surface pro arrive on june 15? or is that just the ship date?']"
23,tell me the difference between surface pro 6 8gb and surface pro 8gb?,"['What is the difference between (surface pro 6 i7, 8gb ram, 256gbhd) and (surface pro i7, 8gb, 256gbhd)?', 'What is the difference between these two? microsoft surface pro (intel core i5, 8gb ram, 256gb) – newest version microsoft surface pro 4 same spec', 'Why when i choose the option with core i5, 8gb ram and 128gb in the cart appear 4gb ram and 128gb?', 'The lte 8gb ram model title says 128 gb but technical details syas ""surface pro with lte advanced (intel core i5, 8gb ram, 256gb)"" is it 128 or 256gb?', 'Does this surface pro have 8gb of ram or 4gb of ram. Title and everywhere else says 8gb of ram but the laptoo spec details says 4gb of ram', 'This question is for the configuration ""intel core i5, 8gb ram, 128gb"" and ""with platinum cover"". why does it say 4gb ram on the details? is it new?', 'As a college student which one would be better for me? 4gb of ram with 128gb or the 8gb 256gb model?', ""need manufacturer or seller to answer please. I see there is a surface pro 2017 with a 7300u i5 processor. This one is a 7200u. What's the difference?""]"
24,"Can i have this surface pro upgraded for lte later on? otherwise, i should wait for upcoming new version.","['Please answer this question: can i get this surface upgraded for lte later or should i buy upcoming version (or commercial version) to have lte?', '[please answer this] can i get this surface upgraded for lte later?', 'I read the LTE version will not be available for months, is this true? What are the primary reasons for LTE in the SP? What will the price point be?', ""What's the latest news on availabilty of lte on the surface pro 2017?"", 'Will the new pro ship with LTE capability or will that be added to later releases?', 'Can i have this surface pro upgraded for lte later on? otherwise, i should wait for upcoming new version.']"
25,does it have an sd card reader?,"['Does it have a full sized SD Card reader?', 'Does it have the USB and card reader slots?', 'Is the ""type cover"" the keyboard? And is the storage expandable with an SD card?', 'Do this model also have the micro sd card slot?', 'Is it have a tf or sd card solt?', 'Does it support any microSD?']"
26,is this a 1tb disk or 512gb ssd?,"['Is the drive is realy 1 tb ssd or 2 512 gb ssd ?', 'Is the 1tb drive a solid state drive (ssd)?', 'Is the hard drive realy 1 tb ssd or 2 512 gb ssd?', 'Is 1tb drive ssd?', 'In my experience the 1tb model is actually 2 512gb ssd configured to appear as 1tb. is this the case with this model?']"
27,is there a docking station that will work with new surface pro that will be released in june?,"['Does the new surface pro support the microsoft surface dock? (originally compatible with surfacebook, sp3 and 4)', 'Can i use the old docking station with this new surface pro?', 'Does the SP3 dock work with this device?', 'Does this surface dock work with this surface? https://www.amazon.com/microsoft-pd9-00003-surface-dock/dp/b0163hp38w/ref=pd_bxgy_147_img_3/143-320493', 'Is there a docking station that will work with new surface pro that will be released in June 15?', ""I hope there's a new surface dock created for the new (2017) surface pro instead of the old model, is there?""]"
