1,Is the HDD kit built in the laptop or does it come separately and needs to be added by myself?,"['i just purchased the refurbished version of this laptop and i was wondering if anyone from acer seeing this could send me the hdd kit to add a drive?', 'Does this model come with a hdd mounting kit already installed or do i have to purchase one separately?', 'Does this laptop come with the necessary parts to add a hdd? i have read some reviews which state that it does not and a parts kit has to be ordered.', 'Do I have to request for a hard drive kit? Or will it ship with it already', 'I plan on buying this laptop and adding a hard drive, but I’ve read that it doesn’t come with the kit to add it. Have they started puttin those in?', 'Does it come with a HDD kit?', 'I need to expand more storage on it, what kinda of type hdd slot in ? just nomal 2.5"" hdd? Open the bottom case and put inside of Laptop body?', 'I am from malaysia, does this purchase includes a warranty? can i add a 1tb hdd into it? what hdd that is compatible with this laptop?', 'Is there a link on amazon to an hdd that i can purchase to fit for this device?', 'This hdd is compatible with the laptop? https://www.amazon.com/gp/aw/d/b01lynqxcp/ref=psdcmw_1254762011_t1_b01dol05oc?th=1&psc=1', 'Is the HDD kit built in the laptop or does it come separately and needs to be added by myself?', 'can i add hdd in this laptop?']"
2,Does it come with gtx 1050ti or just 1050,"['Why there are ""nvidia geforce gtx 1050 ti"" and again ""nvidia gtx 1050 ti"" two different choices with different prices? what does it actually mean pls?', 'What is the difference between gtx 1050 and the ti model?', 'many buyers says that it came with geforce gtx 1050 and not geforce gtx 1050 ti , what is the true?', 'Why are people getting the GTX 1050 version instead of the 1050ti. This makes me feel like I should look somewhere else.', 'Is the graphics card gtx 1050 ti as stated or is it gtx 1050 as people mentioned in the reviews?', 'Does it come with gtx 1050ti or just 1050', 'Is the gtx 1050 ti or normal gtx', 'Is it gtx 1050 ti or 1050 i looking original acer site and there said yhis 1050 not 1050 ti']"
3,"Is this a 1050 Ti or not? I selected to purchase the 1050Ti, are people not getting what they select?","['I just ordered this yesterday, I saw in the comments people weren’t getting the gtx 1050TI, has this issue been resolved?', 'Does the an515-51-55wl come with the gtx 1050 ti gb or just the gtx 1050 4gb?', 'the worst ratings say that the graphics card is not 1050 Ti, but only 1050, is this true? Thank you', 'i bought this item but the graphic card is 1050 not 1050ti! what should i do?', 'Is this a 1050 Ti or not? I selected to purchase the 1050Ti, are people not getting what they select?', 'I just ordered this, is this 1050 TI or not?', ""What is the gpu in this laptop? People in the reviews say it's a gtx 1050 but advertised as a 1050ti?""]"
4,is there any possibility that an ssd in the same slot can be added or is this only for a standard hdd?,"['Can another ssd be added to the drive slot or is it only for a standard hdd?', 'Can the ssd be replaced with an hdd? and would this machine support windows 7?', 'Can additional ssd sata 3 internal drive be added to the nitro 5 laptop?', 'Can ssd be install where hd is located or only at m.2 place or both? and last question if i replace ssd would i have to buy a new copy of windows?', 'Is the extra storage slot 2.5"" with sata 3 connection, which could allow me to add 2.5"" ssd?', 'is There an extra ssd space', 'Is the any extra slot for inserting an extra 500 gb ssd?', 'Can I add a hdd without removing the sdd', 'Can i replace ssd hard for 1tb hdd ? or can i add hdd hard later ?', 'can i add an hdd drive or not ?', ""So from the comments section, you can add a hdd to this? also, how well would 256 ssd last you for memory? i'm not very knowledgeable about computers."", 'I can put it other hdd to this laptop? because, this laptop has a ssd, so i would like to expand its capacity thanks.']"
5,"Is the memory 8 gb ram , in as 2 x 4 gb ram or 1 x 8gb ram ?","['Is the memory 8 gb ram , in as 2 x 4 gb ram or 1 x 8gb ram ?', 'Does the 8 gb Ram version have an empty slot to expand to 16? or is it 2x4?', 'Does it comes with 2x4gb ram or 1 8g ram, can it be upgraded to 16g by adding another 8g?', 'This model comes with 2x4gb of ram or with 1x8gb?', 'With the an515-51-55wl 8gb ram model does that mean that only one slot is filled with the 8gb of ram and that you have the ability to add a second 8gb', 'How much RAM?', ""Can anyone recommend exactly what ram to buy to add on to the 8gb it already has? Don't they have to be identical or near identical?"", 'Can I upgrade the 8gb ram to 16 or 32gb?', 'The 8gb of memory the laptop comes with, does it come in the form of one 8gb stick or two 4gb sticks?']"
6,So does the laptop come wth an included 2.5 inch hard drive bay and cable or not?,"['So does the laptop come wth an included 2.5 inch hard drive bay and cable or not?', 'Does this laptop come with a DVD player?', 'Does this laptop come with an ssd or do you have to equip one?', 'What size hd does this laptop come with? Description says 3tb hd and also states that it has a 256gig ssd...? Does it have both?', 'Does it come with 2.5 hdd install kit?', 'can a 2tb hdd work in this laptop?']"
7,Does it have international warranty?,"['is there a global warranty for this product?', 'Does this have international warranty?', 'Does it have international warranty?', 'International warranty?', 'Does this have warranty and if theres a warranty how can i be covered? I am currently in Denmark but i am a Turkish citizen', 'Does it have global warranty??', ""Does this have an international warranty included? If not, how much would it cost? I'm from Philippines""]"
8,Is It 1050 or 1050ti,"['Is It 1050 or 1050ti', 'dose it have 1050ti or just 1050 ?', ""Is it really 1050ti because some reviews show it's just 1050"", ""Is it 1050 Ti or 1050.I have seen some youtuber video's they said its 1050."", 'Is it common to get the 1050 instead of the 1050ti?', 'is this a 1050 ti or a 1050?', 'I seen people are confused if this is 1050ti? I got mine in the mail today, how can I tell if it’s 1050 Ti?']"
9,Can you turn off the backlit keyboard?,"[""Does the keyboard backlight always stay on? I've read it's supposed to turn off after 30 seconds of inactivity when plugged in but it never shuts off."", 'Can you turn off the backlit keyboard?', 'Can the keyboard light be turned off?', 'backlight keyboard?', ""Does the keyboard backlight always stay on? I've read it's supposed to turn off after 30 seconds of inactivity but mine never shuts off.""]"
10,Mostly who purchased this laptop says that it’s GeForce 1050 not 1050ti ?,"['People say they recieve models with a 1050 graphics card instead of 1050ti is this true? Also is this really capable of VR?', 'I noticed a lot of reviews claiming its a normal 1050 and not a TI. Is this true?', 'Mostly who purchased this laptop says that it’s GeForce 1050 not 1050ti ?', 'According with the reviews; Why you say you are selling a laptop with 1050ti and when the laptop arrives is 1050 graphic card?', 'i bought this recently and gpu clock is stuck at 600mhz , its like the 1050ti not working. is it manufacturing problem ?']"
11,"I have heard a lot of talk about there being a 1050 and not a 1050 Ti, I am would like to know if this laptop will have a 1050 Ti or 1050?","['I have heard a lot of talk about there being a 1050 and not a 1050 Ti, I am would like to know if this laptop will have a 1050 Ti or 1050?', 'Why do many people say that the laptop really comes with a 1050 and not a 1050Ti?', ""Which is more worth it, this nitro 5 with 1050 ti or vx 15 with 1050 at the same price? i'm just curious."", 'Title and specs clearly says 1050ti. just want to make sure thats what im getting. already returned one laptop. (not this one)? is it 1050ti?', 'Is the option that said it was a 1050 ti for around $750 really a 1050 ti', 'There seems to be some confusion on whether or not this model has a 1050 Ti or just the 1050. Can anyone confirm if it does come with a 1050 Ti?']"
12,how many sticks of ram can this take? what kind of ram works okay with it if i want to upgrade to 16 gb?,"['How many sticks of ram can this take? what kind of ram works okay with it if i want to upgrade to 16 gb?', 'Can anyone recommend a Ram upgrade to make this 16gb? Your answers are appreciated.', 'I picked one of these up (i5-7300hq w/8gb ram and 1050ti) and want to get more ram in it. can this go up to 32gb? or is it only expandable to 16gb?', 'Does it have expandable RAM?', 'Can i upgrade the ram with a 16gb single ddr4 stick of ram?', 'What is the speed of thr ram included? and is it one 8gb stick? leaving a dimm free. how easy is it add another 8gb stick?', 'Can i add extra ram to this laptop? like improve it to 16 gb ram?', 'How much ram can it take?']"
13,"Can this run rainbow six siege at ultra, very high or high graphics with a solid fps of 60?","['Can this run rainbow six siege at ultra, very high or high graphics with a solid fps of 60?', 'Can I play rainbow six siege on ultra with a solid 60 fps', 'Can this play skyrim with lots of installed mods + enb @60 fps? skyrim: special edition on its highest graphical settings with 60 fps?', 'Can i run Rainbow six siege in this laptop at high settings?', 'Will it run battlegrounds on ultra or higher settings with 65fps?']"
