1,is there a good microsoft office compatible version on this laptop?,"['Does this come with the Office Suite or do I need to subscribe?', 'Does it come with Microsoft office ?', 'does it come with microsoft office', 'Does it still come with the Microsoft office?', 'Does it come with any of the basic MS Office software?', 'Does it come with microsoft office 2016 ? Or would i have to buy it separate', 'does this still come with Windows installed? what about Word, Excel, etc...?']"
2,does it come with a charger?,"['What kind of charger does this laptop use?', 'it cames with the charger?', 'does the Microsoft surface laptop come with a charger or is it also sold seperately?', 'Does it come with a charger?', 'Does the surface laptop come with power supply?', 'Can you use the USB port on the charger for connecting accessories or transferring data?', 'What this laptop comes with?', 'What comes in the box? I assume it comes with an adapter. If so, do I need the dock to charge it?', 'What are the contents of the box apart from the laptop and the charger?', 'Can i order just the charger? Mine wont charge anymore.', 'i need a new charger?']"
3,does it have touch screens?,"['is it a touch-screen?', 'Is this device touch screen?', 'Is the laptop touch screen', 'Is this machine touch screen?', 'is the screen touchpad', 'this model is touchscreen', 'Is this a touchscreen laptop?']"
4,Does it come with pen and mouse?,"['Is the Surface Mouse included?', 'Does this come with a surface pen?', 'Does this come with the Surface Arc Mouse?', 'Does it come with a mouse?', 'dose it come with a mouse?', 'Does it come with pen and mouse?', 'Does this laptop come with all the surface accessories such as the surface dock, the mouse and the pen?', 'does it come with the surface pen?', 'Does the surface laptop come with everything you in the description like the pen and mouse', 'Does the Surface Pen work with this model and is it included or sold seperately?']"
5,it's a dual core i5 processor,"['Which Intel Core i5 is it?', 'Hi! i would like to know if the computer wich price is us$700 (i5, 256gb) has 8gb of ram and if its intel i5 is 7th or 8th generation. thank you!', 'Whats the model number of processor in i7 16gb variant? How does it compare against 8th gen i5 (quad core) processor?', 'Which model comes with 8gb of ram, the i5 or the i7?', 'Is the i5 a dual core or quad core?', 'What is the CPU speed of the core i5?', 'which generation is the I5 processor', 'What version of the I7 processor is on this PC?', 'Is the processor i7 quad core or or dual core?', 'Is this model a i5 10th generation processor?', 'is it a dual core i5 processor']"
6,Why does the title say it is 8gb ram but the technical details say 4gb ram?,"['What is the ram memory? It’s showing 8gb on the product heading and 4gb in the product description.', 'It says 8 gb ram but it also says 4 gb! which one is it??', 'Is this a 8 gb ddr4 ram ?', 'Why does the product information say RAM is 4gb?', 'The ram is 8 gb in the $710 one?', 'What are the specs? is it 8g ram 256g or 4g ram 256g? compare item area shows 4 gb ram? please clarify.', 'Why does the title say it is 8gb ram but the technical details say 4gb ram?', 'What is the kind of ram memory? is it ddr3?', 'Is there a 128 gb hard drive and 8 gb ram memory version?', 'What is the ram size?']"
7,is this the first generation laptop?,"['As this is not a new design, will the laptop I recieve already be old (as in manufactured a number of years ago), or will this be newly manufactured?', 'the laptop has some details? or is it practically new?', 'Is this the First Generation laptop? What generation is the newest model?', 'Is the laptop refurbished?', 'Is this laptop upgradable?']"
8,Buenas tardes me podrías decir cuánto pesa?,"['Como son las condiciones de envío? Al recibir el paquete?', 'Buenas tardes me podrías decir cuánto pesa?', 'Hola, tiene teclado retroiluminado.? Gracias', 'Hola, pueden enviar a Argentina?', 'Si algo sucede, espero q no, se pueden hacer devoluciones?']"
9,how free is the upgrade to windows 10 pro?,"['Can I switch to windows 10 pro now (in 2019)?', 'Is windows upgrade to 10 Pro free in 11/2019?', 'Can you still upgrade to Windows 10 Pro as of June 2019?', 'Is the free upgrade to Windows 10 Pro still available?', 'If I were to buy the surface laptop today (July 8, 2019), would I still be able to upgrade to Windows 10 pro for free?', 'Can you still upgrade to windows 10 pro?', 'Upgrade from Windows s to Windows 10 pro, is it still free ?', 'Is the Windows 10 Pro update still free as of 8/1/2018?', 'I bought the used version of this laptop. Is it still possible for me to get the free upgrade to Windows 10 Pro?', 'Can i still upgrade to windows 10 pro for free if i buy this laptop now?', 'Hi! as of june 6, 2019, is the update to windows 10 pro still free of charge?', 'Is windows 10 pro still a free upgrade? Is it good for coding in 2019?', 'Whats the difference between windows 10 and 10 pro', 'How i can change windows 10s to pro ?', 'Is it still free to upgrade to Windows 10 Pro?', 'How much will the windows 10 pro upgrade be after march 31, 2018?', 'I already have a pc. can i get windows 10 s on it?']"
10,Does office come with the surface laptop or do i have to buy it separately?,"['Does office come with the surface laptop or do i have to buy it separately?', 'Does the laptop come with Word and Office installed?', 'If you purchase a used surface laptop available on amazon, are you eligible to switch to windows 10 pro and one year of office 365?', 'Does Ms Office come with it? Or do we have to buy seperate', 'can I transfer my Office 2013 license to the Surface Laptop.', 'Seller please answer: does this come with microsoft office, excel, etc? i’ve received mixed answers. also, does it come with a surface pen?']"
11,does this come with bluetooth?,"['is this Bluetooth 4.0 compatible?', 'Is it bluetooth capable?', 'comes with bluetooth?', 'Does this come with Bluetooth?', 'is the surface come with bluetooth?']"
12,International warranty,"['does it covers international warranty??', 'Does it have a global warranty? Valid in India', 'Does this device have international warranty', 'Is the warranty world wide ?', 'International warranty', 'How many years warranty? And is there international warranty? Allowed in india?', ""What's about the warranty?"", 'World wide warranty']"
13,will the i7 be available in cobalt blue and other colors?,"['Will the i7 version ever be available in the Cobalt blue and other colours?', 'Can I not get this laptop in a different color using the i7?', 'When will you release the i7, 16 gb ram, 512 gb storage version in burgundy? it seems to only be available in platinum currently.', 'Will other colors be available for the core i7 version of the surface laptop any time soon or never?', 'Is it possible to purchase the i7 processor in any color other than platinum?']"
14,does it come with a pen,"['is the pen included?', 'Does the surafce pen come with the device?', 'can anyone tell me is the pen included or not?thanks', 'does this come with keyboard and pen?', 'does it come with the pen', ""In some comparisons, it says this has pen input. In others it didn't say. Does this support pen input like surface pro?"", 'does it come with a pen', 'Is there a spot for the pen? Also is this good for CAD?']"
