1,does the cd slot work?,"['Does it have a CD slot?', 'does it have an sd card reader?', 'Does it have a cd slot', 'does this have an sd card slot? What ports and slots are there?', 'does it have a sd slot?', 'does it have a dvd port?', 'Does it have a flashdrive slot?', 'Which of your laptops have a cd slot?']"
2,does it have an hdmi port?,"['Does it have a hdmi out port?', 'does this have an hdmi port?', 'is there an hdmi port?', 'Does it have an hdmi port?', 'does it have an ethernet port?', 'Does is have an hdmi port?', 'Does it have a usb port?', 'does it have an hdmi hook up?', 'Is there an hdmi port?', 'Is there an hdmi output?', 'Does it have wifi and usb ports?', 'Does it have hdmi port?', 'Is there a hdmi port']"
3,does it have bluetooth?,"['Does it have bluetooth?', 'Does it have Bluetooth?', 'my bluetooth will not turn on. Has anyone else had this problem?', 'Doss it have Bluetooth?', 'Does it have bluetooth', 'Does this device have bluetooth?', 'Will it connect to my bluetooth head phones?', 'Does this have Bluetooth']"
4,does it have a built in webcam?,"['does this have a built in camera and microphone?', 'Does it have a webcam?', 'Does it have a built in microphone?', 'Does it have a camera?', 'Does is have a built in camera?', 'does it have a built in webcam?', 'Can I connect a microphone to this laptop? I read it doesn’t have a built-in microphone']"
5,Can you play minecraft on it?,"['Can you play minecraft on it?', 'can it run minecraft?', 'Can it play Minecraft', 'Can I play call of duty on it', 'Can you download and play Minecraft on this computer?', 'Can you play pc games on it', 'Can i play steam games on it?']"
6,Does it come with a charger,"['is this computer comes with the charger, or comes apart?', 'does it come with a charger?', 'Do it come with charger', 'Does this have a power adapter?', 'Does this laptop come with a charger?', 'does it come with a charger ?', 'Does it bring a charger', 'Does it have a charger', 'Does it come with a charger', 'What type of charger does it use, is it Type-C.']"
7,how does this laptop support gaming?,"['Is this laptop good with games?', 'is this a good laptop for video editing?', 'Does this laptop support gaming?', 'Can you play flash games on this laptop?', 'Can this laptop run games like Roblox and Minecraft?', 'Is this lap top fast enough for gaming', 'I bought this for my son, he wanted to play fort nite and get a gaming keyboard, is it possible to do these things on this laptop?']"
8,Is the RAM expandable with a memory card?,"['Is the RAM expandable with a memory card?', 'Can you add a 32 or any card to get more memory ?', 'Can you add more ram and a larger ssd?', 'Expandable memory option', 'can it support more memory?', 'Is this chromebook memory card expandable ?']"
9,does the keyboard have lights?,"['Does it have a backlight for the keys?', 'Is the key board backlit?', 'is the keyboard lighted?', 'Does it come with a charger? lol just kidding. is the keyboard backlit? thats my question. thanks!', 'Does this keyboard have lighted keys on the keyboard?']"
10,Is this touch screen,"['is this touch screen?', 'Is it a touch screen', 'Touch screen?', 'is it touch screen', 'tl is it touch screen', 'Is this touch screen', 'Is this touchscreen?', 'Does this have a touch screen?', 'Is it touch screen?', 'is this a touch screen?', 'is it touchscreen?', 'Is this touch screen?']"
