1,is the ssd sata or m.2?,"['Does this come with a m.2 ssd or a 2.5"" ssd drive?', 'Is the ssd sata m.2 or nvme m.2?', ""Is this computer have an ssd 2.5 or it's a ssd nvme m.2?"", 'Is the ssd nvme or sata m.2 ?', 'What type of ssd does this laptop has? is the 2.5 inch or m.2 type?', 'Can i add a 2.5 ssd to this?', 'The ssd 256gb version only, comes with m.2 or sata ssd?? do you have a photo?', 'is the installed ssd an m2?', 'is the ssd sata or m.2?', ""I'm buying this regardless, but: if i start with the 256gb ssd, can i install a second ssd in the open bay (2 ssd's total)? if so what type is needed?""]"
2,does this model has an ips screen?,"['How do we know the display on this model is IPS?', 'Does this have the new IPS screen?', 'How can we be certain that this model has an IPS display?', 'Hi there. Does this laptop ship with the ips display? Thanks', 'Does this model have an IPS screen?', 'Is the IPS screen currently a stock built-in spec?', 'Since this has an ips screen does the screen look like MacBooks and other ips screen laptops?', 'Is this the new ips panel model? the description doesn’t say anything about it.']"
3,How many gigs of ram on the gpu?,"['How much v ram is on the gpu 2gb? 4gb? 6gb?', 'How many gigs of ram on the gpu?', 'What is the size of gpu? is it 4gb or 2gb', 'How many gigabytes does the graphics card have?', 'What is the ram of graphic card?']"
4,does it come with international warranty?,"['Does it have Global warranty?', 'Does this laptop come with international warranty?', 'Does it come with international warranty', 'Does this come with a warranty', 'Is there International warranty?', 'Do this have warranty global', 'Is the warranty international?', 'Is the warranty for the laptop applicable for other countries?', 'Does the laptop has an international warranty?', 'Does this product come with warranty to other country, like Brazil?', 'Does it have international warranty ? If yes , how many years ?', 'Does this have a warranty?', 'Does this have international warranty? specifically in the Philippines. Thank you.']"
5,is this an ips panel or tn panel?,"['Does this come with ips panel or tn panel? i see people complaining that its not..', 'Is this the ips display or the tn?', 'is this an ips panel or TN panel', 'is this ips panel??', 'Hello does this compouter come with a ips panel or a tn panel']"
6,Suggest me 8gb of ram can run with current one,"['I am looking to buy the one with 8gb of ram. which ram stick should i buy to upgrade it to 16?', 'Suggest me 8gb of ram can run with current one', 'I want to buy 8 gb ram for this one. Suggest me 8gb ram works with current one?', 'which RAM stick is recommended for this unit?', 'does this have one 8gb ram stick or two 4gb ram sticks?']"
