1,is there a slot for an m2 drive?,"['For the free m.2 slot, can i use a 1tb ssd? or is it limited to 512gb? if so, why the limitation?', 'Is the m.2 slot separate from the hard drive slot, or is their only one slot for hdd/ssd?', 'Does this laptop have an m.2 ssd slot? Thanks', 'Can the m.2 ssd slot be used for the bootable drive?', 'Is there a slot for an M.2 drive?']"
2,how much ram,"['how much ram', 'RAM upgrade possible?', 'what can the six GB ram be expanded to?', 'How much ram can go in each slot?', 'what ram does this use?', 'What type of ram is this?', 'Can i install 16gb ram', 'Can i update ram and put more and faster ram, and what will be the maximum speed?', 'What type of ram can I install in this computer?', 'Hi! the memory says 6gb, are there 2 slots where i could make it say 2 x 8gb for 16gb ram? thanks!', 'what kind of ram', 'Can i just add 8 gigabytes of ram to the existing 6 gigabytes ram that it came with for a total of 14 gigabytes of ram? or do i have to buy 2 8gb ram', 'How many ram slots does this laptop have?']"
3,does it have a cd drive?,"['Does this have cd drive?', 'Does it have built in dvd/cd drive ?', 'Does this computer have a cdrw?', 'Does it have a cd / dvd burner ?', 'Dose this laptop have a CD player?', 'Does it have a CD drive?', 'Does it have a dvd/cd drive', 'Does it have a dvd drive', 'Where is the cd/dvd drive?', 'this laptop got cd burner ?', 'Does this computer have the ability to burn CDs?', 'Does this play dvds and or cds?', 'Does this unit have a dvd player?']"
4,does this laptop come with photoshop?,"['Does this laptop come with photoshop?', 'does this laptop have anti-glare screen ?', 'Is this laptop powerfull enough to run photoshop/lightroom/illustrator and possibly some light gaming? Im thinking of using it as a schoolwork pc', 'Is this laptop good for uploading and downloading pictures from a camera?', 'does this computer have a web camera?', 'does this computer easily run Adobe PS?', 'Does this computer have a camera?', 'How well does this computer run Photoshop', 'does this laptop have a glare free screen?', 'How well does Photoshop run on this computer.']"
5,is there an amd ddr4 ram in the specs?,"['can i put in Kingston (8gb 2rx8 Pc3l-12800s-11-12-f3) ddr3 1600mhz ram in it?', ""Is the kbl ironman_sk v1.32 ddr3l motherboard compatible with ddr3l 1600 mhz 204 pin ram? i can't find any 204 ddrl3 1600 mhz 204 ram anywhere."", 'Can you use crucial 4gb single ddr3/ddr3l 1600 mt/s (pc3-12800) unbuffered sodimm 204-pin memory for a replacement for 2gb ram card?', 'Will it surport kingston hyperx fury 8gb 1866mhz ddr3 cl10 dimm ?', 'Can i use 2133mhz ddr3 ram?', 'can i add ddr4 memory alone with the 6gb ddr3?', 'Can i install this 260 pin ddr4 4 gb ram card in this laptop? https://www.amazon.com/crucial-single-pc4-19200-unbuffered-260-pin/dp/b019frdkwi/', 'Is this ddr4 ram? the specs only say ""6 gb dual channel.""', 'Can the ram be upgraded to ddr4? and the hdd changed to a sdd?', 'The specs say ddr4 ram. Is this correct?']"
6,does it come with a charger?,"['Do you get a charger with laptop or do we need to purchase that separate?', 'Do I need to charge this before using it or can I just turn it on and set it up?', 'Does it come with a charger?', 'Where can I buy extra charger? Can you recommend the item in Amazon?', ""Doe's it come with a charger?"", 'Does this come with a charger?', 'Is there a charger included if i buy this laptop?', 'Does the charger cable come with this laptop?']"
7,does this model have a backlit keyboard?,"['How can I find a keyboard cover that fits this model', 'Does the keyboard light in this model?', 'Do you have a keyboard cover for this model?', 'does this model have a back light keyboard?', 'Does this model has a back-lit keyboard?']"
8,Does it have a Backlit keyboard,"['does this have a backlit keyboard?', 'Is the keyboard back lit.', 'does this laptop have a backlit keyboard?', 'Does this computer have backlight', 'Does this computer have a backlit key board?', 'keyboard have backlight?', 'Does the keyboard light up?', 'Does this computer have lighted keys?', 'Why does the newer model not have a light up keyboard?', 'Is the keyboard backlit?', 'does it have a backlit keyboard?', 'Why does the older cheaper model have a backlit keyboard and this one doesn’t? Can someone who owns one confirm if it does or doesn’t?', 'Doles this have a backlit keyboard?', 'Does it have an illuminated keyboard?', 'Does it have a Backlit keyboard', 'Does the keyboard have a backlight?', 'Is the keyboard backlit ???', 'Does it have a back lit keyboard?', 'Does this have a backlit keyboard?', 'Is there a backlit keyboard?', 'Does this have. A backlit keyboard?']"
9,will this laptop do gaming?,"['Would I be able to use a capture card to record gameplay with this laptop?', 'Is this Laptop able to handle gaming?', 'Could this laptop handle streaming of Xbox One play through the use of a capture card?', 'can this be used as a gaming computer?', 'Is this laptop good for gaming?', 'Would this laptop work alright with an Elgato game capture HD60 s?']"
10,does ssd storage exceed 512 gb?,"['Is the ssd hard disk size 256 gb or 512 gb?', 'Does the 512 ssd option include the dvd drive', 'Does this laptop have a 512gb ssd as the title and description state or 256gb ssd as listed in the summary specs?', 'Por que la version con 512gb ssd dice en su descripcion que solo trae 256gb ssd, cuantos trae en realidad?', 'What is the largest ssd drive you can install? 500 gb or 1 tb?', 'I did not understand 256 gb ssd or 512 ssd ?', 'I am getting this for the Sims 4 and expansion packs. Should i get 250gb ssd or 512gb?']"
11,can you give me an international warranty?,"['Is the warranty valid internationally(the model is not sold in my country)?', 'Hi, I want to know if this item has worldwide warranty. (Venezuela)', 'what about warranty? domestic or international?', 'International warranty available?', 'What about the warranty status? if i bought this laptop from india, the warranty is valid to my nearby service center or not?']"
12,does it have microsoft office?,"['Is microsoft office included?', 'Does it come with Office software? word etc?', 'Does it have Microsoft Office?', 'Does it have MS office?', 'Is microsoft office loaded on this machine?']"
13,is that a touchscreen?,"['Is it touchscreen?', 'is this a touch screen?', 'does it have a multi gesture touchpad?', 'Is the screen touch.?', 'Does this have touch screen?', 'Is this laptop touchscreen ?', 'Is it touch screen?', 'Does this come with touch screen?', 'Is this a touchscreen', 'Does it have touch screen?']"
14,is there any way to play dvd?,"['Can you play dvd ?', 'Does it play dvds ?', 'can i play video games on this via the DVD player?', 'Can you run blueray dvds?', 'can I watch dvd movies on it?', ""Could i play dvd's in the dvd-rw?""]"
15,Will this laptop be able to run fortnite ?,"['Can this computer run Rainbow Six Siege?', 'Can this laptop run Rome 2: Total War?', 'Will this laptop be able to run fortnite ?', 'can this computer run fortnite?', 'Can this laptop run super smash bros project m?']"
16,does the htcl mother board supports pcie and m2 nvme ssd?,"['Does the mother board support pcie and m.2 nvme ssd? or just sata 3.0?', 'Will the computers ssd handle a 500gb wd m.2 sata 3?', 'Which m.2 ssd goes in acer aspire e 15 575', 'Does this pc support sata iii hard drives?', 'Does this system have hdd or ssd? the spec says ssd, but reviews talk about the slow hdd.', 'From the answers, it seems m.2 nvme ssd will fit and work, but will it support nvme speeds?', 'does it support nvme m.2 or only sata III?', 'Question far acer america:will this laptop support samsung 860 evo 1tb m.2 sata internal ssd?', 'Will this fit a crucial mx500 (250gb) 2280ss m.2? description says sata3 but the ssd is just sata1', 'Is it compatible with silicon power 128gb a55 m.2 ssd?', 'Does acer or a third party provide detailed instructions on installing the m.2 ssd and upgrading ram?']"
17,hola. cuanto tiempo demora en llegar a Argentina?,"['hola. cuanto tiempo demora en llegar a Argentina?', 'Funciona con voltaje 220v? Es para argentina', 'Se puede enviar para Chile', 'Alguien ha tenido alguna experiencia comprando desde Venezuela?', 'Viene con teclado en español?']"
18,If this backpack with laptop compartment is suitable for?please help~https://www.amazon.com/dp/b07qb5p5f2/,"['I have bought 15.6inch laptop case, will this fit for this laptop? :https://www.amazon.com/organizer-protective-notebook-carring-computers/dp/b07cxjnh', 'Could this laptop fit my 15.6 inch Ytonet laptop case? https://www.amazon.com/dp/b07cxjnh2s', 'If this backpack with laptop compartment is suitable for?please help~https://www.amazon.com/dp/b07qb5p5f2/', 'Does it fit my vancropak 17 inch laptop travel backpack? https://www.amazon.com/s?k=vancropak+17+inch+laptop+backpack+for+women+men%2c+travel+busines', 'will the acer aspire E15 15.6in Laptop to large for the laptop compartment?', 'This laptop says 15-15.6” the one that was delivered to me is 17”? Just finding that out as I bought a laptop case / was this an error? Case to small']"
19,Is this good for gaming?,"['Is this good for gaming like Fortnite ?', 'is this good for playing pubg?', 'is it good for low end gaming like fortnite', 'good for gaming?', 'Is good for gaming?', 'good for gaming', 'Can i use it for gaming ?', 'Is this good for gaming?', 'Can this play fortnite', 'Does this work well on fortnite?', 'Is it for good or ok for gaming?']"
20,does the computer have wifi?,"['This is wifi capable, correct? It is built in?', 'Does this connect to 5g wifi?', 'Why does this say it is not wi-fi compatible?', 'Does this need a wifi adapter?', 'Does this computer have wifi?']"
21,how do you install a hdd and a ssd?,"['Can i install a 2.5 ssd alongside the hdd or i have to remove it?', 'Can the 1tb hdd and an additional 512gb ssd be installed at the same time to use both drives? thanks', 'I purchased this laptop and swapped out the hdd for a ssd. how do i use the hdd as a backup drive? do i have to delete everything on it first?', 'I see a lot of people saying to install a ssd. is this ssd an addition to the 1tb drive or must the 1tb drive be removed for the ssd?', 'Can i add an ssd drive and still keep de hdd drive?', 'Can you have both a ssd and hdd installed?', 'Can this laptop fit both the hdd and an ssd?', 'if i buy the combo is the ssd installed or should I do it myself？', 'What kind of ssd does it take', 'can you install ssd?', 'Is the ssd slot separate from the hdd slot?', 'Can i keep the hdd once i install the ssd?']"
22,is the graphics card upgradable?,"['How is gaming on this laptop & can I upgrade the graphics card?', 'Is the graphics card upgradable?', 'Hi, I would like to know if you can change or add the graphics card?', 'How can i buy a more higher graphics card for this laptop?', 'This laptop; it has 1080p resolution and a graphics card of nvidia geforce 940mx gpu that is good for gaming and simulators like openbve, correct?']"
23,Does it have a built in DVD player?,"['does it come with a DVD player, writer ?', 'Dose it have a Bluetooth and a CD player?', 'Does it have a dvd burner.', 'does it play a cd?', 'does this computer come with a dvd and does it have any warranty ? Thank you', 'Does it have a built in DVD player?', 'Does it have dvd drive to burn dvds...???']"
24,does it come with a power cord?,"['does it come with a power cord?', 'where can i buy a power cord for this computer', ""Could you link me to a compatible charging cable? I've lost mine and need a new one."", 'Does this include power cord?', 'Does it come with a power adapter?', 'Does it come with an AC adapter ?', 'does this laptop come with a power cord to plug in a socket for charging the battery and does it have a ethernet port?']"
25,Does it have an Ethernet port?,"['Does it have an Internet cable port or just Wi-Fi?', 'Does it have Ethernet connection.', 'is it has wifi?', 'Does it have an Ethernet port?', 'Does this have the Lan ethernet port?', 'Does it have an ethernet port?']"
26,How about the ram is ddr3 or ddr4,"['Does it support ddr4 ram even though it says ddr3?', 'Is the memory ddr3 or ddr4?', 'The ram is ddr3 or ddr4??', 'How about the ram is ddr3 or ddr4', 'la ram es ddr4?', 'I want to buy this product. i would like to ask: 1) can the seller change the 6g ram to dual channel 4g+4g=8g (ddr4 2400)? if so, what is the price of', 'I am not seeing 260 pin ddr3l Ram when I search Amazon?', 'How can i change the ram to ddr4', 'Why is this ddr3 when the old model is ddr4?', 'What is the ram used on this laptop, model e5-576-392h? the product description states ddr3 but acer america states that it is ddr3l in the q&a sectn', ""I've seen that the ram for this computer is ddr3l, however i believe there's false information here about how many pins 204 or 240""]"
27,Can this run Sims 4?,"['Can this run Sims 4?', ""I realize this isn't a gaming computer, however, could you run something like Sims 4 on it still?"", 'can i get a real answer on this can i play sims 2,4 on this?', 'Will this run sims 4 with all extra content?', 'Can it run sims 4', 'Can I play the sims 4 on this laptop?', 'Can you play the sims 4 on this?', 'Will it play the sims 4 on the medium setting?', 'can i play sims 2,4 on this?', 'Will this laptop play sims 4 and minecraft? do i need to purchase a ssd card?', 'Will this work for Sims 4?', 'Can this laptop run sims 4 smoothly?', 'Will it play The Sims 4?']"
28,is the sony ericsson e3100a a good computer to play on?,"['although its not a gaming laptop but how well does it hold up playing games?', 'Does this laptop work well for games such as Smite or Fortnite? I am thinking about using it just to play a couple of lightweight games.', 'Is this a good gaming computer?', 'Is this a gaming laptop?', 'Is this laptop suitable to play Minecraft?', 'Does this laptop work well with games such as Smite or Fortnite?']"
29,does it have a hdmi port?,"['Does the laptop have an hdmi port?', 'Does this computer have a hdmi port?', 'Does this laptop have a hdmi port?', 'Does it have an hdmi port?', 'Does it have a hdmi port?', 'Does this have an hdmi port?']"
30,can the battery be replaced?,"['can the battery be replaced?', 'Are there any official replaceable batteries on the market? Want to get one in case the one in my laptop starts dying. Great laptop by the way.', 'Battery replacement since mine has died? I cannot locate an exact reference to the laptop number (E5-576-392H).', 'Is the battery removable?', 'Is the Battery removeable?', 'What is the Battery life?']"
31,does it have bluetooth,"['does it have wireless bluetooth', 'does it have bluetooth', 'does it have bluetooth?', 'is this bluetooth capable?', 'Does it have bluetooth?', 'Does this have bluetooth?', 'Does this laptop have bluetooth conectivity?', 'Does it send bluetooth to the stereo?']"
32,Can you burn cd or dvd media with this laptop?,"['Can i burn cds and dvds with this laptop?', 'Can the dvd drive on this laptop run blu rays?', 'Would this laptop be able to burn disc like put music in empty disc?', 'Is this laptop able to play dvds', 'Can you burn cd or dvd media with this laptop?']"
