1,does this come with a charger?,"['Does the laptop comes with its own charger?', 'Does this item comes with a charger?', 'Does this item come with a charger?', 'does it come with a charger?', 'Does it come with charger?', 'Come with charger?', 'Does it come with a charging cord?', 'Do I need to buy a charger', 'Does it come with a charger?']"
2,Does this have backlit keyboard,"['does this have a backlit keyboard?', 'Is the Keyboard Backlighted', 'Backlit keyboard', 'Does this have backlit keyboard', 'Is keyboard backlighted ?', 'Does this have a backlit keyboard?']"
3,does this have a touchscreen?,"['Does it have touchscreen', 'Does this have touchscreen?', 'Does this Chromebook have touch screen?', 'Is it touchscreen?', 'is it touch screen?', 'Does it have a touchscreen?']"
4,does it come with a sd card in it?,"['Does it come with a SD card in it ?', 'Do i need an SD card for it to work?', 'Does it have a standard sd card slot', 'Does this have an SD card reader?', 'What sd card can it hold?', 'Does it have sd card insert to provide more storage and / or memory?', 'does it come with a cd drive?', 'Does this computer have a slot for sd card to put into']"
5,can we get a mouse?,"['Does it include a mouse?', 'what wireless mouse and headphones does it use?', 'does this item support nano mouse?', 'Does it have a mouse?', 'Can you use a wireless mouse?']"
6,can it connect to a monitor?,"['can I connect it to a larger monitor?', 'Can this computer be hooked to a monitor and an external keyboard ?', 'Can I hook it up to a pc monitor?', 'Can it connect to a monitor?', 'Can this computer be used like a tablet? does the monitor separate from the rest of the computer?', 'Can a monitor be connected to this laptop?']"
7,does the dvd player have to be built in?,"['Does it have a dvd drive built in do you are eligable to play a cd in?', 'Can it play a dvd?', 'Can it play cds,dvd', 'Can you import cds? does it have a cd player?', 'Can you use an external cd/dvd drive with this?', 'does it have dvd player built in?', 'Does this have a CD drive?']"
8,does my computer have a usb port?,"['Does this computer have a USB port?', 'Does this computer have a hdmi port?', 'Can you charge it via the USB 3 port?', 'Does this laptop have a Head phones jack or port. Or just', 'Does it have an ethernet port and USB port?']"
9,how can you play fortnite?,"['Can u play fortnite ?', 'Can you play fortnite on it?', 'can you play fortnite and how.', 'Can we play fortnite on this', 'Can we play fortnite', 'Can you play fortnite?']"
10,is it compatible with windows?,"['Does it run windows 10??', 'Does it come with Windows?', 'Do it have 360 microsoft windows already built in it??', 'Does it have windows 8', 'Does it have Windows 10 or 11']"
