1,does it have a dvd drive?,"['Does it have DVD drive?', 'Does this model have a dvd read write drive', 'does this have optical drive?', 'Does this have a CD player/drive?', 'Does this product have international warranty? I want it in korea? Does it have dvd writer?', 'does it have a cd/dvd drive and hdmi port ?']"
2,can this product be refurbished under an international warranty?,"['does it comes with international warranty? please help anyone..', ""Does it come with an International warranty? If not how can I opt for it and what's he price, process."", 'This model have international warranty?', 'It says can ship to Singapore. So does the warranty cover in Singapore too?', 'Does this product have international warranty ?', 'Is This laptop has international warranty ?', 'It says it can be shipped to Singapore. Does the warranty hold in Singapore too?']"
3,tell me the warranty?,"['What does the warranty cover for sales in the US?', 'What kind of warranty is offered? How long?', 'How can I get international warranty?', 'Is any warranty included?', 'how much warranty period does it provide ?']"
4,does it have the number keyboard on the side?,"['does it have the number keyboard on the side?', 'Could you please tell me if the laptop has an extended numeric keypad? Thanks.', 'Does it have a full keyboard', 'Does this have the additional number pad on keyboard?', 'Does it have number keypad next to keyboard?', 'Does the keyboard have the extended numeric keypad?', 'Does this have a full keyboard with number pad on right?', 'Does it has an extended number keyboard?']"
5,Is it touch screen?,"['Is this touch screen?', 'Does it have touch display?', 'Is it touch screen?', 'is it touch screen?', 'is this touchscreen?', ""Is this model touch screen? The picture idicates it is but it doesn't mention it in the description."", 'Is it touchscreen?']"
