1,is this a thunderbolt port?,"['Does this laptop have thunderbolt 3 port?', 'Does this have thunderbolt 3 and USB-C or just USB-C?', 'Does the thunderbolt port on this laptop feature 4x pcie connectivity?', 'Does it have thunderbolt 3?', 'Does this have a thunderbolt 3 port?', 'Does this have thunderbolt 3? And how many M.2 slots available?', 'Can you charge this laptop through a caldigit ts3 plus using the thunderbolt connection only.']"
2,Is the gtx 1080 max-q equal to the gtx 1070 regarding performance? are there any other differences?,"['Is the gtx 1080 max-q equal to the gtx 1070 regarding performance? are there any other differences?', 'Standard gtx 1080 or max q? Also does this model support Optimus like the 1070 version?', 'What is the max TDP of the gtx 2080 max-q?', 'Will the GTX 1070 model have better battery life than the 1080 model?', 'Is the usb 3.1 gen2 type c 2 lane or 4 lane for both the gtx1070 & gtx 1080 maxQ model?', 'Is this standard gtx 1070 or max-q and does it have 16 or 32gb of ram?', 'The gpu is a gtx 1070 mobile or max q design?']"
3,How is the battery life on the 1070 version?,"['How is the battery life on the 1070 version?', 'I see this item ships to India so will be getting Indian type plug ? What is the battery time will we get while gaming and web browsing on 1070max-q variant?', 'What is the battery life on this device?', 'Would the gtx 1070 and gtx 1080 have the same battery life on mixed use, or would i see a slightly better battery life on the gtx 1070 model?', ""How's the battery life of the GTX 1070 variant?""]"
4,you can charge it with the usb c port,"['Can we charge it by portable charger using type c slot ?', 'What type of port is used for charging?', 'Can the charger be used in the UK with a standard adapter?', ""Does this model's usb c support power delivery?"", 'can you charge it with the usb c port', 'Does this rtx 2070 version accepts usb c charging?', 'Can it charge through its usb c?', 'I read it can charge thought c port. Does it come with two different charging cables for each charge port?']"
5,if i purchase the laptop and ship it to australia is the warranty still applicable in the us?,"['Will warranty still be applicable if I buy this laptop and ship it to Lithuania, plus will i be able to take it to local Asus support center?', 'is this laptop warranty can run in Hong Kong?', 'If i buy the laptop and ship it to the uk, will the warranty still be applicable in the uk?', 'How long will it take to ship this laptop to Qatar or Australia and does warranty apply to either of these countries?', 'If i buy the laptop and ship it to AU, will the warranty still be applicable in Australia?', 'If i buy the laptop and ship it to the hk, will the warranty still be applicable in the hk?', 'If i buy the laptop and ship it to hong kong, will the warranty still be applicable in hong kong?', 'One year international warranty which asus is claiming is not there in product description. If it exists then pls update the description!', 'If i purchase this laptop and ship to dubai, united arab emirates, is the warranty covered there?', 'is this laptop warranty can run in Turkey?', 'Does this laptop has global warranty?']"
6,is warranty valid in japan?,"['If I buy it here and ship it in Italy my warranty is still good?', 'Hi,will the international warranty be valid in the hong kong and mainland china?thx', 'Is the warranty valid in Japan?', 'Is the international warranty valid in Finland If i order it to Finland from usein?', 'Is the international warranty valid in Croatia? Is this model going to have shiping for Croatia again?', 'If I carry this to india, will warranty be valid there? Or do I have to purchase any extra warranty?', 'Is an international warranty available for this product?', 'Is the international warranty valid in Switzerland and can I extend it in Switzerland?', 'Can i extend my international warranty if i buy it from here (on amazon)', 'does its international warranty be valid here in Saudi Arabia?', 'Will the international warranty be valid in the Philippines?']"
7,is warranty in thailand compatible?,"['is this model has international warranty in ireland or malaysia?', 'Is the warranty valid for the Philippines?', 'Does this product come with any type of producer warranty? And if so is it valid internationally? Or is extra 4 year protection plan international?', 'Does this item ship internationally? Is the international warranty valid in Qatar?', 'is the gm501gs include 1 year international warranty? Can the 1 year international warranty used in Hong Kong?', 'Is the International warranty supported in Hong Kong?', 'Does the warranty cover in singapore?', 'Is the warranty valid in Hong Kong?', 'Will the international warranty be valid in Hong Kong?', 'If i buy the gm501 and have it shipped to india, will the international warranty still be applicable in india?', 'Is the warranty supported in Thailand?', 'Is the warranty supported in Hong Kong or Macau?', 'Does this come with international warranty, valid in south america (Argentina)? If not, can it be added?', 'Does it come with international warranty? Will I be able to avail warranty on this product in india?', 'Where can i see that this product has international warranty including Turkey?', 'Is the international warranty available in Turkey and is it a full warranty?', ""which countries does this have warranty? (i'm in singapore)"", 'Is the warranty available in Thailand? Also, is it possible to buy additional years of international warranty for this machine?']"
8,Can Ram be increased or 16 GB is the max?,"['Can Ram be increased or 16 GB is the max?', 'How much is the max of ram that can be configured?', 'Does it support 32gb x 2 = 64gb max ddr4 ram ?', 'Is it 16 gb ram ?', 'Can i add 8gb more Ram is there an extra slot on it or do i have to buy the 24gb ram version?', 'Can I upgrade the ram if I want to?']"
9,does this model ship with 16gb of ram or 32gb?,"['Hi, is the 16GB ram in single channel, or dual channel for the 1070 model?', 'Title says 16gb ram while the technical details summary says 32gb ram. what is it?', 'Does this come with dual-channel RAM?', 'How much ram it has ? on the specs says ram 32 gb ddr4. is it 16 as the title or 32 as the specifications ? thanks !!', 'Does this model ship with 16gb of ram or 32gb of ram?', ""Why doesn't it support 32gb of ram, like 2x16gb? why only one stick can be 16gb?""]"
10,how long does the international warranty last? is it valid in romania?,"['Is the international warranty valid for Romania?', 'Is the warranty valid in Ireland?', 'Is the international warranty valid in India?', 'Does the international warranty apply for Egypt?', 'Does international warranty applies in Spain?', 'Is the warranty supported in Latvia?', 'Is the warranty valid in South Africa?', 'Will the international warranty be valid in the Tajikistan ?']"
