1,what about wifi?,"['does this laptop have wifi capability?', 'Does this laptop have bluetooth?', 'Does this laptop have a thunderbolt port?', 'Does this laptop have a network jack? i prefer hardwire than wireless', 'Lap is fine but has spotty wifi. How to fix it?']"
2,is there any limit to the space of this ssd?,"['Can i add a hdd/ssd along with 256 gb ssd? Does this invalid the warranty?', ""I'm looking to add an hdd. does this come with the caddy for the 2.5 inch hdd? will this work with the crucial 500gb ssd ct500mx500ssd1?"", 'It comes with a 256 gb ssd but how much storage can I add ? In both ssd and hdd?', 'What is the maximum ssd drive that you can change the 256gb ssd to? can it have one ssd or two ssd?', 'can i add another m2 ssd together with the original 256gb m2 ssd?', 'Can i add 1tb hdd along with 256 gb ssd? i mean is there a spare hdd slot inside the device?', 'What type of hdd i can use? i want to add it to it not removing the ssd . can i do that?']"
3,What is the battery life?,"['What is the battery life?', 'I just got this laptop last week and the battery lasts less than 4 hours regardless of setting. Is this normal?', 'How many watts is the battery', 'What battery life are you getting out of this with normal use (Browser, some software, etc.)?', ""How's the battery life?"", 'Battery life?']"
4,does this product come with 256gb ssd as the announcement indicates?,"['does this support nvme ssd? is yes, does it come with a nvme 256gb ssd?', 'is it support m2 nvme ssd?', 'Does this product come with 256gb ssd as the publication indicates?', ""Is there a 2.5' hdd/ssd slot inside? Is the default ssd in the unit an M.2 ssd?"", 'Does this laptop only have a 256 gb ssd and no hard drive?', 'Could this ssd could be replaced and upgraded? which models of other ssd are compatible?', 'Is the model with only 1tb hdd can support additional m2 ssd? (is there a m2 slot?)']"
5,does this model come with an open slot for additional sdhdd?,"['Does this model come with an open slot for an additional hdd or ssd?', 'specifications for the extra slot (ssd/hdd) please?', 'What models of hdd are compatible with this laptop? i want to add a second (hdd) drive to expand storage. thanks.', 'i can order this product with more ssd size?', 'Can a secondary hdd drive be installed?', 'this unit, does it come with a removable slot to increase ram and hdd? or do I have to unscrew all the laptop to increase ram and hdd?', 'Does this laptop has room for a second sata ssd?', ""what size of hdd can fit in the extra slot?a 2.5'' 7mm one ?"", 'Is the SSD replaceable or soldered in?', 'Is the kingston a400 ssd 480gb sata 3 2.5” solid state drive sa400s37/480g compatible with the extra slot in the laptop?', 'Can i upgrade the hdd on this model?']"
6,is the laptop with international warranty?,"['Does this laptop have a warranty in india', 'does this laptop has international warranty ?', 'If i purchase this in usa will there be any restrictions to get warranty in india or i just need to see the invoice and they will honour the warranty?', 'Does it come with International warranty?', 'Does the laptop have international warranty (for Malaysia)?', 'Does this laptop has international warranty ?', 'If my friend purchases this laptop in usa and i have to use this in india, will i get the warranty in india? do i need to transfer ownership ?', 'Does this have international warranty ?', 'is the warranty of this laptop also available in Hong Kong?']"
7,What is a compatible ram to purchase to upgrade the ram to 16 gb?,"['What is a compatible ram to purchase to upgrade the ram to 16 gb?', 'How easy would it be to upgrade the RAM on this thing?', 'Can RAM be upgraded before purchase?', 'Can i ask for the same model but 16gb ram?', 'This this laptop available with 16gb of RAM?', 'Can you upgrade to 16gb of ram, and what kind of memory does your pc use, what brand can you buy for asus?']"
8,does this laptop come with the mx150 1d10 or 1d12? there are conflicting answers,"[""Does this laptop come with the MX150 '1d10' or '1d12'? There are conflicting answers."", 'Does the laptop come with the n17s-g1-a1 or n17s-lg-a1 variant of the mx-150 graphics card?', 'Is the nvidia mx150 ""1d10"" or ""1d12""?', 'Which version of the mx150 does this feature, the 1d10 or 1d12?', 'Does this come with the mx150 10-watt or 25-watt? a way to check is to download gpuz and looking at device id. please someone do this for me!', ""Can someone confirm whether this laptop has the mx150 'n17s-lg-a1' or the ''1d12' (max-q) variant? there are conflicting answers regarding this.""]"
