1,can you use it with a mouse?,"['Can you use an external mouse with it?', 'I assume i can attach a mouse to this via usb? i hate using a touch pad!', 'what specific type of external mouse will this work with? wireless or not, pls can you add a link to the mouse that will work w/ this?', 'Can you use an External Monitor keyboard and mouse', 'Comes with a mouse?', 'Can you use a wireless mouse with this?', 'Can I use a mouse?', 'can you use it with a mouse?', 'can i hook any kind of mouse to it', 'can you use it with a conventional usb mouse?', 'can i hook up a mouse to this']"
2,it's a touch screen?,"['is this touch screen', 'Does it have a touch screen', 'Does this have a touchscreen?', 'does it have a touchscreen?', 'Is it a touchscreen', 'Does this model have a touch screen?', 'is this touchscreen?', 'Is the screen touch screen?', 'does it have a touch screen', 'Is this touchscreen?', 'Does it have touch screen?', 'Is it a touch screen', 'is it touch screen?', 'Is this touch screen ?', 'is this a touch screen', 'Does this model have touchscreen?', 'Does it has a touch screen?', 'is it a touch screen', 'does it have a touch screen?', 'Is it touchscreen?', 'Is it a touch screen?', 'Is there a touch screen model¿', 'Is this a touchscreen chromebook?', 'does this have a touch screen', 'is this touch screen?']"
3,"Since this device has a webcam, can you use Skype on it?","['Since this device has a webcam, can you use Skype on it?', 'Hello i would like to know is there a webcam? Need to be able to Zoom.', 'could i use a webcam on this i know it come with one but my Logitech c930e web cam is a way better webcam and so can you use other webcams on this?', 'does this have a webcam?', 'Does it run Skype with video calls?', 'Can it use skype']"
4,does it have an hdmi port,"['Does this have an hdmi port', 'Does this support quality 1080p output with the hdmi?', 'Does this have a vga port', 'Does this device have an hdmi port', 'Does it have an hdmi port?', 'does this have a way to connect to my HDTV?']"
5,is this a good laptop for writing a book?,"['Is this a good laptop for a 13 year old boy?', 'Is this a good laptop for gaming like the sims?', 'Is this a good laptop for writing books on?', 'Is this a good computer to use for homeschooled children?', 'How good is this laptop for college work?']"
6,can you play roblox?,"['Can i play roblox?', 'can you play roblox on this?', 'Is this laptop good for playing roblox', 'Can you play roblox', 'can you play/ install roblox on here because i have a cromebook and it will not let my install/play roblox']"
7,does it have a backlit keyboard?,"['Does this Chromebook feature a backlit keyboard? Rugged and ready for the outdoors would mean so much more if you could easily type in low light.', 'Backlit keyboard?', 'backlit keyboard?', 'Does this laptop have a backlight keyboard?', 'Does it have a backlit keyboard?', 'is the keyboard backlit? i need to see the keys in low light and a lit keyboard is a must', 'Does it have a backlit keyboard', 'Does this model have a backlit keyboard?', 'does it have a backlit keyboard?', 'Does the keyboard on this laptop lit?', 'Does this laptop have a backlit keyboard?', ""I love the keyboard on this Chromebook. Anyone know of a keyboard that's very similar to this for my desktop?"", 'Is there a backlight for the keyboard? if yes, how do I turn it on.']"
8,does this have a dvd drive built in?,"['does this have a dvd drive built in?', 'does it have a usb port to add an external drive for playing dvds/cds', ""What type of hard drive does this have? it's not listed in the specs. is it an ssd?"", 'Can you use an external disc drive with this?', 'does it have a dvd player?', 'Can you play cd/dvds on this?', 'Does it have a disk drive', 'Are you able to use a portable CD player with this?', 'Does it have a flash drive?', 'Does it have built in dvd/cd playback']"
9,Does it come with charger,"['does it have a removal battery on back of device?', 'Does a charger come with it?', 'Does it come with charger', 'Does it come with charging cables?', 'Does this product come with a charger?', 'Does this computer have a battery charger included?', 'Does this come with a charger?']"
10,tell me the best way to use microsoft office on a computer?,"['Can you use Microsoft Office on this?', 'Is this compatible with microsoft office? i won\'t be a ""power-user"" by any stretch, but i do need to use excel now and again.', 'Can you run Microsoft office on this', 'Can I download Microsoft office ?', 'Should I purchase Microsoft Office with this product?', 'Can i use microsoft office (word and powerpoint) on this?', 'Dose this work with any Microsoft applications like word?', 'How to get Microsoft office?', 'Can this use Office365 ?']"
11,printer that goes with laptop?,"['Is there a way to hook up to a printer??', 'can i connect to a usb printer? ...or a wireless printer?', 'Can this be hooked up to Wi-Fi and a wireless printer?', 'printer that goes with laptop?', 'how can I set up a printer with this?']"
12,does it support android?,"['does it have android', 'Does it run Android apps from Google Play?', 'does it support android', 'Does it support google play android apps?', 'Can it play android apps', 'can this run android apps?', 'is it android compatible']"
13,can you run android apps on this chromebook?,"['I am looking for a chromebook for my 3 year old to get some experience on abcmouse and some other apps. does this one support android apps now?', 'I am looking for a Chromebook with a touch screen, can anyone help me ?', 'Does this chromebook already support all googlestore applications?', 'Can you run android apps on this chromebook?', 'I saw someone mentioning Play Store apps coming, will Android apps be able to be added to this asus chrome book? getting for my 10 yr old grandson.', 'can this chromebook download apps from the playstore', 'Looking to get this for mother-in-law. i need a system where she can not download and install anything. will this chromebook work?', 'what software is on the chromebook?']"
14,can you use an external drive for your dvd?,"['Can I hook up an external hard drive to this to watch movies or play Simms?', 'Can you play videos from a thumb drive.', 'Can you use external media like external hard drives, external cd/dvd burner, etc..?', 'Could i watch movies off of a flash drive/sd card?', 'I have an external cd dvd drive can I watch my movies', 'can we use the external DVD drive?', 'Can i use an external optical drive with this laptop? and can i cast the screen onto a television using hdmi cord?', 'Can you use a external dvd/cd drive to watch movies and download your own music?']"
15,is this gaming device suitable for gaming?,"['Hello, is this a reasonable device for gaming?', 'Is this good for gaming', 'is this any good for a teenager to play games on? (The 4 gig version)', 'Can you play games well on it?', 'Is this a good laptop for gaming? Asking for sims']"
16,is there an instruction manual for chrome book?,"['Is there an instruction book for the chrome Book?', 'can this chrome book run mine craft nicely ?', 'What is the difference between a chrome book and a regular laptop? Pardon my ignorance', ""Can you watch DVDs or burn cd's on this chrome book?"", 'I have ordered this chromebook. I need help learning to use it. What is avaiable?', 'What year is this chrome book made?', 'Hi can anyone tell me what the operating system is for this chrome book? Thank you!', 'What operating system family is a chrome book in?']"
17,What type of games can you play on it?,"['What type of games can you play on it?', 'Can you play games on this like roblox or minecraft?', 'can i play Minecraft on it?', 'Do you know if you can play games on this like American Truck Simulator', 'can u play minecraft on it?', 'Can u play games on it?', 'could you have games on it like games you download on steam or disc games?']"
18,does it have bluetooth?,"['does it have bluetooth?', 'Does it have Bluetooth?', 'Does this have bluetooth?', 'Bluetooth capability', 'Does this chromebook come with bluetooth and hows the sound?', 'Does this chromebook have Bluetooth capability?', 'do it have wifi and Bluetooth ?']"
19,is windows 10 supported on this?,"['Does this have windows 10?', 'is it supports windows 10', 'Does it come with windows7', 'does it have windows', 'Is this windows 10 laptop?']"
20,does it work with wifi?,"['Can it hook up to WiFi?', 'Can wireless earbuds connect to it?', 'can i connect to wifi', 'Does this have an ethernet connection?', 'Can this computer be connected to 4g lte network independently without need for wifi?', 'Can you connect to a modem?', 'Does this have wifi access?', 'Does it operates only with wifi or can I use a cable to connect to internet? Thanks']"
21,Is a Chromebook printer compatible?,"['Is a Chromebook printer compatible?', ""I've never had a chromebook. does it have the usual usb ports? i will be able to print off my small hp printer, right?"", 'What wireless printer should I get for this chromebook?', 'Can this chromebook support a printer driver download? specifically the driver for the dymo 450?', 'which chrome books are compatables for easy connections to a printer']"
