1,can someone please send me a date when this will be on stock?,"['Is this item in stock? (2019) January', 'Is this product available on 2019?', 'Is this item in stock?', 'Do we have a date when this will be in stock?', 'Is it expected to be in stock any time soon? (asked on May 21st)', 'Will this item be back in stock?', 'When is this item expected to be back in stock?']"
2,can someone list the colors of mystic silver on the i7 now?,"['is the mystic silver color available on the i7 now?', 'is there an i7 model but with the silver color?', ""This i5 model avail in space gray ? It's stating silver"", 'Does this laptop come in mystic silver that is an i7 if not how soon?', '""at the moment this is the only color available for the us market."" does that mean a market out there outside of us has silver for the i7 one?', 'Can you get the Mystic Silver on the i7 model?']"
3,Does this come with the $300 store gift card?,"['Does this come with the $300 store gift card?', ""I ordered a one on may 24 but didn't realize i need to click the link for $300 gift card and add it to my card. can i add it now?"", 'So how do I get the $300 gift card?', 'When do I get my $300 gift card for purchasing it before June 10th?', 'Why am I being charged $300 for the gift card if it is a promotion? The laptop and promotion are in my cart but my total is $1,799. Anyone??', 'I read an article saying thr if you buy this computer before June 10, you would be given a $300.00 dollar gift card? Is that trie, and if so how?', 'How do you get the $300 gift card? I contacted amazon but they did not hear about this promotion', 'How do you receive the $300 gift card?', 'Is this item still available from amazon along with the $300 gift card? Or has the offer been removed?', 'Does this unit also come with a $300.00 gift card?', 'Is the 300$ gift card package only available in the us or internationally?', 'Does it still come with a amazon gift card?', 'was this item removed from amazon? along with the $300 gift card?', 'How can I contact the retailer to ask for the $300 gift card?', 'Where has the $300 gift card gone??', 'Will you make a 1tb option? where is the 300 gift card and if we order now will we get the card if it ships after june 10th?']"
4,Is the 2019 version available now?,"['Hi! If I buy it now can I have the 2019 version?', 'Is this the 2019 version?', 'when will the 2019 version be available?', 'When will the 2019 version be in stock?', 'Is the 2019 version available now?']"
5,when will the matebook x pro be in stock?,"['Is a new Matebook X Pro going to release soon?', 'Does the Matebook X Pro have a touchscreen?', ""I've been looking for the matebook x pro with the i7 processor, but have yet to find it in stock anywhere. will it be in stock soon?"", 'When will the matebook x pro be in stock new', 'When will the new i7 matebook x pro be in stock']"
6,when will the next i7 model be on stock?,"['Starting to lose hope in buying the i7 model, will it be back in stock on ANY site in time for the promo?', 'Has anyone who ordered the i7 on the 22nd or later received it yet? Please drop a comment with your status.', 'When will be the i7 version available again?', 'The i7 model seems to be out of stock again. When is it expected back?', 'Any new information regarding restock of the i7 version of this laptop?', ""When will the i7 ship? I ordered mine more than a month ago and I haven't been given the courtesy of an update. Huawei, when will these ship?"", 'When will the i7 model be back in stock?', 'When will the i7 version be back in stock?', 'When is the i7 model expected to be in stock again from Amazon seller?', 'Amazon please back order the i7 model?', 'when is the i7 model going to be back in stock?']"
7,when is this product going to be available on amazon?,"['Is this product going to be available through Amazon? If so, when?', 'Looks like this product has never been in stock. Amazon somehow managed to sell this but has no idea when it will ship. When will it finally ship?', 'Is the product in stock at the moment? Also, does it ship to the UK without taxes?', 'when is amazon going to provide this product again?', 'When will this be re stocked on amazon?', 'Why is the product no longer available from Amazon?']"
8,backlit keyboard,"['Is the keyboard backlit?', ""Is there a way to turn off the keyboard backlight timer? It's hard to work in a dark environment like a plane, where the backlight turns off."", 'how can i prevent the backlit keyboard from turning itself off after only a few seconds?', 'Is there a way to keep the backlit keyboard from turning off on ac power? bios update or setting?', 'backlit keyboard']"
