1,can i add a 2tb firecuda ssd to my laptop?,"['Can I add a 2 tb firecuda sshd to this laptop?', 'Can i add 1tb samsung evo 860 ssd?', 'Will a sshd work in this laptop as internal storage ?', 'Can I add a seagate firecuda 2tb sshd into this laptop?', 'Can this laptop support a 7200rpm 1tb or 2tb hard drive?', 'Does this laptop already have the cable and caddy needed to install 2.5” SSD?', 'Can someone recommend a 1 or 2tb ssd internal drive for this computer?', 'Can I use a 1tb or 2tb 7200rpm hard drive in this laptop?', 'Can i add seagate 2tb firecuda gaming sshd sata in this laptop and the battrey and charger work in 220v', ""can i add in extra hdd or ssd's like the previous model?""]"
2,can i add a 1tb hdd along with 256 sdd ?,"['can i add a 1tb hdd along with 256 sdd ?', 'Can i add any 2.5inch hdd?', 'Would it be possible to add a hard drive on this? 256 might not be enough.', 'How much ssd can i add ? And wich one thanks', 'can i change the 256gb nvme to 1t and add another 1 ssd ?']"
3,tell me the charger you have?,"['What charger does it have?', 'Does it have a good b does it have a good battery', 'Is there a better, longer lasting battery i can purchase for it?', 'What charger can I buy to replace the one it came with?', 'Didnt receive charger in the box', 'Does it come with a charging cable', ""I'm planning to buy this but im living in japan right now, is it okay to plug in the charger directly on 110v socket?"", ""Does it come with a laptop charger? One of the reviewers said it didn't..."", 'Does this Laptop come with a charger?', 'What is the charger size for this laptop? Just wondering.', 'what is the voltage and wattage of the charger?', 'Can i choose what charger cable it comes with? because i need european one']"
4,will the notebook come with a built-in hdd mounting kit?,"['Please does this come preinstalled with the connector for the 2.5"" Hard drive? Or does one need to get that seperatly', ""The previous version often shipped without the additional drive's caddy. Does this one come ready for another drive?"", 'Will this laptop ship with the caddy and cable to install a second hdd/ssd ? different qa here have different answers. please help !!!', 'does this come with 2.5 hdd/sshd installation kit?', 'Does it come with HDD mounting kit?', 'Does this model have a caddy and connector to install an hdd/ssd?', 'does this computer come with a SSD cord?', 'does this item comes with 2.5 hdd/sshd installation kit?', 'Will it come with the cable and caddy installed or no? Because some say that their laptops didnt have them', 'Does this come with the cable and bracket to install a 2.5 ssd or hdd?', 'I want to buy this laptop to be sent to saudi arabia. Will this come with the pre installed cable, caddy and extra screws for ssd/hdd upgrade?', 'Does this come with the 2.5 inch drive caddy and the sata cable for the drive?', ""This laptop include the hdd caddy and cable? That's important if i want to buy"", 'Is the hdd caddy and connector already installed on this laptop??']"
5,how soon will your new laptop be available?,"['How long should I wait for that laptop if I want to buy?', 'Will there be a new version of this laptop this year? And when is the best time to find a sale for this laptop?', 'Hello, I wanna know if it is normal for the laptop to get delayed. I ordered it yesterday and it is supposed to get here tomorrow. Thank you.', 'When would this laptop be available for buying?', 'When will this laptop be in stock?']"
6,does this monitor support 1440p144hz?,"['Can you use the usb c on this to out put 144hz to a monitor', 'Does this product support a 144hz external display via hdmi?', 'Does this monitor support 1440p 144hz output?', 'Can you do usb c to display port to get 144hz on a monitor if not is there any other way', 'Does this support 1440p 144hz output Via hdmi', 'Is there any way to get this to a 144hz monitor']"
7,is there any warranty in israel for this laptop?,"['Does this laptop have a global warranty? Can i sent it to the service in turkey if it had problem or do i have to send it to the us?', 'Iam shipping it to middle east , does the warranty work there ?', 'I live in uae if i buy this laptop does it have warranty in uae? am I eligible for the internationals travels warranty?', 'Am living in ksa and want to buy this laptop (US Amazon store) but worry about warranty and how i can fix it when i get issues with it ?', 'I am located at Philippines, it is covered with warranty locally?', 'Does this Laptop have Global Internasional warranty?', 'Does it have a world wide warranty? Just in case that I move to live in another country', 'what kind of warranty does this come with? Local or international', 'If i buy this laptop from turkey, will i get 1 year warranty from acer in turkey ? and is it possible to change keyboard layout from us to turkish ?', 'Is there any warranty in israel for this laptop?', 'Does this product comes with international warranty? meaning can i get it serviced out of the usa?', 'I am in america right now, but i will go to the turkey with this laptop. can i use protection in there?', 'Can I get an international warranty of some sort?', 'As there is no international warranty, what happens if the laptop is dead or malfunctioning on arrival?', 'Hello, If i order the laptop to israel i could use the warranty?', 'This laptop is marked a eligible for Shipping to Europe, so what about warranty in Europe?']"
8,Does it support mechanical storage hard disk ? 1 tb hdd and 256 gb ssd ?,"['Is the ssd upgradable to at least 1 tb or no ?', 'Can i install 1 tb ssd on the empty slot?', 'when is the 1tb+256 ssd coming out?', 'Is there a version of this laptop with 1gb of ssd?', 'Does it support mechanical storage hard disk ? 1 tb hdd and 256 gb ssd ?', 'Does empty 2.5 inch slot support 1tb ssd?', 'Does it come with an extra hard drive for more space or just the ssd']"
9,are you sure that the 256 gb ssd m2 is nvme?,"['What kind of nvme ssd is this? i know it is 256, but i will need a lot more space than that and i would like to stick with same brand if switch out', 'does it support m.2 nvme drive', 'Is the nvme a pci or m.2 based? and can we add extra 2tb sshd drive?', 'Are you certain the 256 gb ssd m.2 included in this laptop is nvme? there is a big difference in speed', ""Does this really have a 256gb nvme ssd drive? the manufacturer's website says the drive is sata."", 'I am looking to replace the main Nvme m.2 drive with 1tb and I was wondering if anyone has experience with installing a drive larger than the 512gb?', 'Can i put a nvme ssd in the second, empty, slot? can i replace the ssd that comes with this laptop with a higher capacity nvme ssd and put windows 10?', 'Will upgrading the 256gb pcie nvme ssd void the warranty?', 'Can i replace the 256gb nvme ssd with a 1tb m2 drive - https://www.amazon.com/gp/product/b07lgf54xr/ref=ox_sc_act_title_5?smid=a29y8op2gpr7pe&psc=1', 'The ssd 256 gb included in this laptop is pcie nvme or sata ssd?']"
10,is this compatible with the oculus rift?,"['Is this compatible with the oculus rift?', 'Does it work with oculus link?', 'Can this run the oculus rift S?', 'Is this work with Oculus Rift?', 'does it come with vr?']"
11,can i claim a warranty by shipping it back?,"['What about the warranty of this item if i will ship it to egypt? does this warranty a gloabal warranty or inside us only.', 'If i purchase this from saudi arabia do i get warranty for Saudi arabia?', ""do you offer an international warranty for this product, where i can get any issue fixed locally? (without sending it back to you) I'm from South Asia"", 'If i purchase this from Egypt do i get warranty for Egypt?', 'If i ship this to the uae and find that it has errors upon arrival, will you return this product and refund me?', 'does this have international warranty ? i live in hong kong.', 'If I ship this to Jordan will i have warranty', 'Does the warranty for this product work in India if bought in US?', 'I will ship this to Dubai is there manufacturer warranty of this', 'i if buy this in UAE, can i claim warranty by shipping it back?']"
12,is it possible to write both a ssd and hdd?,"['Is there both ssd and hdd ?', 'Does it comes with both ssd and hdd?', 'Is the operating system installed on the ssd or the hdd?', 'Does this support sshd drives or hdd only?', 'Can i add an additional hdd driver to the already installed ssd, is there a place for it?', 'what type of connection does the ssd/hard drive slot use?', 'Can i use extra hdd? Here i see just have ssd, hdd no have.', 'can the laptop hold multiple ssd cards?', 'Can i add another hdd or ssd, if so, what would be recommended and how complicated is the process to install', 'Can I added ssd instead of hhd?']"
13,does the laptop support vr?,"['Does This laptop support VR?', 'Which VR Headset is compatible or good for this laptop?', 'is the laptop good for VR games/expiriences?', 'Can this laptop use the new oculus rift s? the laptop does not have a displayport built into it.', 'Is this laptop VR ready ?']"
14,is there a warranty?,"['Does it have free warranty?', 'Where do I buy the warranty at. It isn’t showing up', 'is it brand new? with 1 year warranty?', 'What kind of warranty does it come with? Any idea of the turn around time when shipping it in for service?', 'Is there any warranty?']"
15,"Tienen el teclado en español, ¿o sea con la ñ?","['Hay alguna opción con el teclado en formato español latino?', 'Tienen el teclado en español, ¿o sea con la ñ?', 'Vivo en Colombia específicamente en el choco si hacen el envío hasta ac', 'Realice una compra pero todavía no veo impactado el pago en el resumen de mi tarjeta. Usted recibió el pedido?', 'Cual seria el precio final del producto para la ciudad de México?', 'Las dimensiones del paquete entero, o sea la caja, como son la altura, el ancho y el largor de la caja?', 'El teclado tiene ñ', '¿lo del calentamiento se puede solucionar en que modo?']"
16,is this laptop only used for gaming?,"['Would this be the laptop for a college student who loves to play skyrim, jurassic world, fallout 4? or would the 2017 model be better? thanks', 'Is this laptop only for gaming?', 'Is this a good laptop for playing world of Warcraft', 'This laptop hits everything I want plus some but I don’t intend on using it for gaming. Still a good purchase for everyday use?', 'Would this laptop be good for game design through unity? And if not, is there any that you would recommend?', 'Is this laptop good for the sims 4 with all the extensions packs cc and mods would really like to know before buying?']"
17,can this laptop output 240hz via HDMI?,"['can this laptop output 240hz via HDMI?', 'does this laptop support type-c to hdmi connection? if yes, what is the frame rate that can be achieved?', 'Does this support hdmi 2.1 so I can see 120 hz on monitor', 'Does the hdmi 2.0 of this laptop outputs 120 fps? assuming i have an external monitor that can receive 120hz over hdmi.', 'Does this laptop support 240hz output?', 'Can this laptop output video to a 1920 x 1080 60hz monitor over the hdmi port?']"
18,is there a way to obtain this in 32 gb ram?,"['Will you be able to sell this with 8gb ram and 128gb ssd with an hdd option instead? This is barely in budget but it want more storage.', 'Can we get this in 32 gb ram?', 'Is it possible to order one with a single 16gb ram chip, instead of two 8gb sticks?', 'Anyone know any sellers that sell compatible 2x 8 gb ram replacements for this? (please link)', 'Can i order this one with 32gb and 500gb ssd?', 'Is there a way i can order one with 512gb ssd?']"
19,Is this model includes hdd kit?,"['Is this model includes hdd kit?', 'Can i use an external hard drive with this model ?', 'Does this model include the HD Caddy?', 'does this computer come with a hard drive?', 'does the ssd installation kit come with the PH315-51-78NP laptop version?', 'does it has room to add 2.5 inch harddisk with tool kit?', 'Does this laptop have an empty drive bay for adding an HDD?', 'Does this laptop have an HDD?']"
20,How do i get the call of duty black ops 4 game code that is supposed to come with the product?,"['How do i get the call of duty black ops 4 game code that is supposed to come with the product?', 'When and im suppose to received my call of duty: black ops 4 code? i purchase my helios 300 over ten days ago?', 'How do i reedem the code for black ops 4, if i havent got any email? Help please', 'I purchased this laptop and I would like to know how I get call of duty black ops 4?', 'How do i get the promo code for call of duty?', 'Can I get call of duty black ops 4 code if I have ordered this laptop оn July 30th?', 'In order to get the black ops 4 game code, do i have to buy microsoft office too (it says we have to add both to cart) or is it not necessary?', 'does this still come with the black ops 4 code?', ""I bought this november 18th and still haven't recieved the redemtion code for black ops 4. any help in the matter?"", 'Is the Black Ops 4 game code still in stock?', 'Where do i go to download the black ops 4 game? I didnt see a code with the box.', 'How do I get the Call of Duty 4 that is supposed to come with this product?']"
21,how can i run two monitors with one laptop?,"['Is there any way at all to run dual monitors from this laptop?', 'Can this support two monitors? right now my pc has a vga output and an hdmi output, so i can connect two monitors. will this one support two?', 'Can i uses the hdmi port for my oc monitor so it shows up on both screens? And will i be able to use the laptop separately from the pc monitor', 'Can i use a usb-c triple monitor docking station to connect this laptop to three external displays? laptop would be kept closed.', 'Can I disconnect the monitor, and run my own monitor?', 'Does system natively support two side by side monitors (not using laptop screen)?']"
22,"Where is the ""extra empty accessible slot for 2.5 inch hard drive or ssd?""","[""'extra empty accessible slot for 2.5 inch hard drive or ssd'. does the extra slot comes with cable and pin for connecting a new hard disk?"", ""Does this laptop come with a 2nd slot for an additional ssd? 225gb is quite small, was hoping to grab a 2.5'' for a 2tb ssd just to slap into it"", 'Where is the ""extra empty accessible slot for 2.5 inch hard drive or ssd?""', 'What is this complete dimensions of the extra hard drive slot', 'Does this have a slot for inserting internal 3.5 inch sshd?', 'Does this come with a second M.2 slot that can have more ssd added?', 'Do you have to open the lower panel of the laptop to set up the cable for the SSD?']"
23,list some of the parts that can be upgraded in your laptop other than ram?,"['What parts can be upgraded on this laptop other than ssd or ram?', 'Inside things in laptop are new right? ex)ssd,ram,cpu....', 'is it possible to switch out the pcie ssd? also can i put in larger amounts of ram?', 'Can i upgrade the ram? can i add another storage?', 'To upgrade ram to the max supported amount (32gb), will i have to take out the ram that came with the laptop or will i be able to just add to it?']"
24,is the ram upgradable by additional slots or I have to change the current ones into 16s?,"['Is there an extra slot for ram? is it expandable to 32gb?', 'How many ram slots are available for upgrade?', 'Can i remove the ram card for a larger one?', 'Does it come with 1*16 or 2*8 for ram sticks?', 'is it one single 16gb memory stick inside with the other slot free or 2x8gb?', 'is the ram upgradable by additional slots or I have to change the current ones into 16s?', 'Does this have a 16gb ram stick or 2x 8 gb?', 'Is the ram upgradable?', 'Can i have option for 1 x16 gb ram instead of 2x8 gb ram to prepare for future 32 gb upgrade?']"
25,when will it be in stock?,"['Since this is temporarily out of stock be what would an estimated time until this could ship?', 'will this item be in stock before the 21 of august?', 'Could you give an estimate for when this will be in stock?', 'When will it be in stock? When can I get it?', 'When will this item be back in stock?', 'When it will be in stock', 'Is this product even released yet or is it currently only pre-orders? If it is and were a pre-order when is it going to be shipped/released to us?', 'When will this be back in stock?', 'How long til it’s back in stock?', 'when will this be back in stock?', 'When will this come back in stock?', 'If I order one, how long will it take until you send it to me?', 'Any idea when this will be back in stock? I really want this model but I do not want to wait forever.', 'Any date info when it will ship ?', 'when will it be in stock?']"
26,can you list the usb c ports that supports docking stations?,"['Can anyone recommend a usb-c docking station that will work with this computer,,, want to run 3 monitors with it', 'Can this be set up to support 3 monitors? i am looking to replace my desktop i built because i have a remote job. i would like to dock it at home.', 'Is this laptop compatible with a usb-c docking station?', 'Hello, can you use external monitors usb c with this laptop? for example the aoc i1601fwux?', 'does the usb c port support a docking station for if i want to hook up two monitors?']"
27,how hot does it take to run a laptop?,"['how hot does this laptop run?', 'Ive read a lot of reviews on this laptop, but people say there is a heat issue, has anyone had this for a while how has the laptop done over time?', 'Does this laptop throttle? Or any heat issues?', 'How hot does this laptop get, are there any heating issues when gaming? Also, does drivers / bios need to be installed upon purchase and how to do so', 'does this laptop have heat issues during the normal usage (i.e while not playing game) ?', 'What about thermals it is a laptop will it overheat under heavy load?']"
28,When it will be available again ?,"['When is it gonna be available again?', 'Is there an estimayed time when this will be available again?', 'When will it be available again? :(', 'When is gonna be available again?', 'when it going to be available to buy please??', 'When it will be available again ?', 'when will it be available again?', 'When will it be available to buy?', 'when it be available i needed before 20 july?', 'When will it be in stock again?', 'When will this be available again???', 'When is this going to be available?', 'When will this be back to buy?', 'When it will be available ??', 'When will this be available?', 'When it will be on stock?']"
29,i need a laptop for gaming and editing is this model really best for my needs?,"['Looking for gaming but also video editing. How will this laptop qork out?', 'Hi guys I do not have any experience with gaming laptops but I am a small youtuber and i upload gaming videos does this laptop help in all th ways?', 'Can this laptop good for gaming world of tanks and other wargaming games? If i set the graphics to max.', 'I need laptop for gaming and video editing. Is this model will cover my needs?', 'Anyone know how well this laptop handles video editing? i use adobe after effects.']"
