1,Is this touch screen,"['Is this touch screen', 'Is this a touchscreen?', 'Touch screen?', 'Is this a touch screen too?', 'Is this a touch screen', 'Is it touch screen?', 'Is it touchscreen?']"
2,Can you connect this to a printer?,"['Does it have a printer hookup', 'Can you connect this to a printer?', 'got this for my husband work pc.. how do you hook up a printer to this?', 'Does it connect with hp printer?', 'Can this be hooked up to a wireless printer?', 'Can you hook up a printer?']"
3,is this a new or current chromebook?,"['Does this chromebook now come with google play? I see that it wad a problem in the past. Im thinking of ordering this for my 15 year old for Christmas', 'Does this chromebook run chrome os 65 or later?', 'is this the current chromebook or is there a newer one?', 'Is the samsung chromebook compatible with amazon music app?', 'Is this Chromebook Google Play compatable?']"
4,does this come with a charger?,"['Does this come with a charger?', 'Does it include the cable for recharging?', 'does this come with a power cord?', 'It says pc only does it come with charger?', 'What port does this use to charge?', 'Does it have a usb port to plug in and charge?', 'Is the cable for recharging included?', 'How do I purchase a new charger?']"
5,does this have a webcam?,"['Does this have a webcam?', 'does this computer have a webcam ?', 'Does this device have a web cam', 'Does this product have a camera ?', 'does it have a camera?']"
