1,does this have ethernet?,"['Does this have ethernet?', 'Does this connect to internet only via wifi?', 'Does it has an ethernet port?', 'Does this have ethernet outlet?', 'Does this computer have built in wifi?']"
2,how can i use a wireless mouse on this?,"['Can you use a wireless mouse with this?', 'will work with mouse ?', 'Can I use a mouse?', 'Can I use a wireless keyboard and wireless mouse?', 'Can you use a cordless mouse with this computer?']"
3,which printer do i need?,"['what kind of printer do I need?', 'Is it easy to connect to a printer', 'what kind of printer do you use for this chromebook that will work for sure?', 'Can u print with this model, and also what printer do u recommend?', 'what kind of printer would i need to buy for this computer?', 'can you hook to a printer?', 'Can this connect to a wireless printer and if so, what brand/model do you recommend?']"
4,Is the keyboard back lit?,"['Does the keyboard light up?', 'Is the keyboard back lit?', 'Back lit keyboard?', 'Does this have a back lit keyboard?', 'Does the keyboard light up']"
5,can you list the best cd players for this laptop?,"['which Dvd/CD player is compatible with this laptop?', 'Can i attach a cd burner and player to this chromebook', 'Is this a good laptop to use just for music programs ?', 'Does this Acer chromebook have a cd player?', 'Will a portable DVD player work if attached to this computer?', 'Which cd/dvd player is compatible with this laptop? thank you']"
6,does it come with a charger?,"['how can i get another charger for this laptop', 'Is the charger and battery included with this unit?', 'does this come with a charger?', 'Does it come with a charger?', 'Does this include the charging wall adapter?', 'What is the charger called? I need to replace mine.']"
7,is it a touch screen?,"['Does this thing have touch screen ?', 'Is this a touchscreen?', 'Is it touchscreen?', 'Is this touch screen? Detachable keyboard?', 'Does this computer has touch screen?', 'Is this touchscreen?', 'Is it a touch screen?', 'is this laptop convertible and touchscreen?', 'Is this good for gaming and does it have a touchscreen?', 'is it touch screen?']"
8,Can this support a usb 3.0? Or is it just 2.0?,"['Can this support a usb 3.0? Or is it just 2.0?', 'Does it come with a usb cord?', 'Is this acer chrome anew or refurbished laptop and can a flash drive work in a usb 3.0 same as a 2.0?', 'Can you plug a usb 2.0 into a usb 3.0?', 'Does this have a usb port?']"
9,what is the maximum capacity sd card it accepts?,"['What is the largest capacity sd card it will accept? 128gb? 256gb? 512gb?', 'how many gb can I put in micro sd memory?', 'Can you expand storage with a sd card?', 'Does this unit have expandable sd card slot ?', 'What is the sd card gb capacity this laptop will allow?']"
10,what wifi printer can i use on the laptop?,"['I have a bluetooth enabled wifi printer. will i be able to print to it with this laptop?', 'Does this laptop connect to a printer?', 'Is the bluetooth built into this laptop?', 'Can i use epson xp-440 wireless printer scanner with this computer ?', 'will this print to an HP wireless printer?']"
