1,does model number 81hy0000us have wifi?,"['Does model number, 81hy0000us have 802.11ac wifi?', 'Does this model have 802.11 AC, and what version of bluetooth is installed?', 'What type of wifi does it support? specs say 802.11.n, but a youtube review says 802.11.ac', 'Does Lenovo Chromebook C330 2-in-1 Convertible model number, 81HY0000US have 802.11AC WiFi? It doesn’t say, that it does.', 'Does model number 81HY0000US, come with 802.11AC WiFi?', 'Does lenovo chromebook c330 2-in-1 convertible 64gb, model number, 81hy0000us have 802.11ac wifi? it doesn’t say, that it does.']"
2,Does it have touch screen keyboard?,"['Does it have a virtual keypad (like an iPad) if you use it as a Tablet with the attached keyboard folder over?', 'Does it have touch screen keyboard?', 'Does this have an on screen keyboard?', 'Is there a sliding touchscreen keyboard like on a tablet?', ""When it folds back to be used as a tablet, isn't the keyboard sitting on your lap or table?""]"
3,is it a touch screen?,"['Is this touch screen?', 'Is this a touchscreen?', 'Does this have a touch screen', 'Is this a touch screen?', 'is the screen on this device touch screen?']"
4,does it have a screen protector?,"['Does anyone know the best screen protector for this tablet?', 'what is the best screen protector for this chromebook? I can not find anything when i type this item plus screen protector.', 'Where can I find some sort of screen protector for this?', 'does it come with a screen protector?', 'Does it need a screen protector?']"
5,does it come with a charger?,"['What does the charging device look like? Please post a picture. Thanks everyone!', 'Does it come with the charging cord?', 'Does it come eith charger?', 'I want to by a charging cord for this which one do i get?', 'Does it come with the charger?', 'What types of charger does it need? Mine broke a few days after I bought it', 'what charger does this need?']"
6,is the keyboard lit?,"['Is the keyboard quiet?', 'is the keyboard lit?', 'Does the keyboard light up', 'Is the keyboard backlit?', 'Is the keyboard back lit?']"
7,can this be connected to a printer?,"['Can it output to a printer', 'Can i print?', 'will this print to an HP officejet pro 8610?', 'Can u hook a printer to it', 'Is it able to connect to an Epson printer?', 'what kind of home printer is working', 'can you hook up a printer,if so what do you reccommend', 'Can you use a printer cable ?', 'Can this be connected to a printer?', 'Am I able to use a standard usb cord to connect to my HP printer to print?']"
8,Can I use Adobe Photoshop with this chromebook?,"['Can I use Adobe Photoshop with this chromebook?', 'Can you edit picturs on the 64 gb Lenovo Chromebook C330?', 'Can I do photography green screen and editing on this chrome book?', 'does the chromebook come with windows?', 'Can i use adobe pdf reader on my lenovo chromebook c330?', 'Can i use microsoft word and powerpoint on this chromebooks?', 'Can this Chromebook take photos?']"
9,Does this have bluetooth?,"['Does this have bluetooth?', 'Is it bluetooth', 'Does this laptop have wifi and Bluetooth capabilities?', 'Does it have bluetooth?', 'will this connect to bluetooth 5 headphones?', 'Does this work bluetooth earbuds?', 'Does this chromebook have WiFi or Bluetooth with it?', 'is it bluetooth compatable?', 'Can you connect Bluetooth devices to this?', 'Will this support a Bluetooth mouse', 'How to set up Bluetooth?', 'Is it bluetooth? So it will connect wirelessly to my wireless printer?', 'Does this chrome book have bluetooth', 'Does this support Bluetooth?']"
10,Does this laptop have a camera?,"['Does this laptop have a camera?', 'Is windows on this laptop?', 'Does this laptop come with a drawing pen, or would I have to buy it separately?', 'Does this laptop come with windows?', 'Is this laptop compatible with the Logitech C922 webcam?']"
11,how can i get my additional 100gb of cloud storage available via google drive?,"['I recieved my c330 but no notice how to get the 100gb of cloud storage on google drive. how do i get this as advertised?', 'Are the additional 100 gb of space on google drive free?', ""How do i activate the 100gb cloud storage (for 2 years)? it's not updating in my google account"", 'How do i get my additional 100 gb of cloud storage via google drive offered', 'How do i claim my 100gb of google drive space?', ""The description says'additional 100 gb of cloud storage via google drive', is that free for 2 years?""]"
12,what size sd card does this use,"['Does it have a full size SD slot and a micro sod slot?', 'Does this us sd or micro sd card?', 'Does it include an SD card slot?', 'Does this have a sdhc card reader?', 'Is the SD card slot standard size or micro size?', 'what size sd card does this use', 'does this come with an SD card or is that a seperate purchase?', ""what size (in GB's) sd card will this take?""]"
13,What make/model external drive CD player works on this computer ?,"['What make/model external drive CD player works on this computer ?', 'Can an external cd/dvd burner be used with this device?', 'Which external DVD player works with this computer', 'Does this have a dvd/cd drive', 'Will external Dvd/cd player connected through flash drive work?', 'Does it have thumb drive']"
14,does this laptop have a cddvd option?,"['Does this laptop have a cd/dvd option?', 'Does lenovo c330 contain a built-in dvd/cd drive ?', 'Can I download movies to this laptop?', 'Is there a blu ray player compatible with this laptop?', 'Does this laptop burn cd?']"
15,does lenovo pen work?,"['Can a stylus be connected to this item?', 'Can I use a stylus pen with this model? I’m getting mixed answers', 'Can you use a lenovo stylus with it or a active pen stylus?', 'first, can this use a stylus or which specific pen would work for this. second, can this run autodesk inventor', 'Do you need to have a Lenovo pen or can any stylus work?', 'Can s stylus be used with this or is it just fingers?', 'What stylus pen work with this laptop', 'Does it come with a stylus pen ?']"
16,does it work with windows 10?,"['Is it windows 10', 'Does it come with Windows 10 already installed?', 'Does it come with windows 10?', 'does it have windows 10?', 'does it have the latest edition of window 10?']"
17,I need to use the google play store can I download from there with this Chromebook?,"['I need to use the google play store can I download from there with this Chromebook?', 'Can you download the Google Play store app on a Chromebook?', 'How do you get to the Play Store app on the Chromebook?', 'Does google play work on this Chromebook I see that some of them you cannot download google play my son would like to use for gaming?', 'I’ve read a couple reviews stating this device does not download google play. Does this laptop have access to the app and can it be downloaded?', 'Most but not all Playstore apps are supported. I’m interested in YouTube Tv specifically. Is anyone with this Chromebook using YouTube TV?']"
