1,what does the microsoft surface 6 pro come with,"['Is there any protective cases or screen protectors currently compatible with the Surface Pro 6?', 'is this a different model or the regular Surface pro 6 you can find at a retail?', 'what does the microsoft surface 6 pro come with', 'Specifically, which surface pen and type cover is compatible with the surface pro 6?', 'Will my surface pro type cover fit the surface pro six', 'what does this surface pro 6 include in the box']"
2,do you offer an international warranty for this product?,"['does this product has international warranty?', 'Can this product be shipped to saudi arabia? how long is the warranty period? if a problem develops during the warranty period what should i do?', 'What is the warranty on this product?', 'Is it a new set? Does it come with international warranty?', 'Does it cover warranty in SIngapore?', 'Does it have warranty valid in India?', 'Is the warranty international?', 'Does this warranty cover India?']"
3,Does it come with a keyboard?,"['Does it come with a keyboard?', 'Does it come with a keyboard and case?', 'does this unit come with a keyboard or is it sold seperately?', 'This one came with the keyboard?', 'Is this unit compatible with a surface 3 keyboard?', 'Why doesn’t it include a keyboard and pen attachment as part of the product? It’s stupid.', 'Does it come with the detachable keyboard?', 'Does this product come with a keyboard?', 'Hi good evening. Does it also come with keyboard right?', 'If i order it it will come with the keyboard and pen?']"
4,does this come with microsoft office?,"['Does it come with an Microsoft Office suite?', 'What software does it come with? Does it have the Mircosoft package word, excel etc?', 'does it have Microsoft Office Suite?', 'Does it come with Microsoft software?', 'Does this come with Microsoft office?', 'Is Office already loaded on the product?', 'Does it come with microsoft office?', 'is the microsoft office suite included like on my rt for this expensive price?', 'Does this come with Microsoft Office?', 'Does it have Microsoft word', 'Does this come with Microsoft Office already loaded on it?']"
5,Does a charger come with?,"['Does the charger comes with the European port?', 'Does a charger come with?', 'does the charger comes with European plug ?', 'Does it come with a charger and stand?', 'Does this come with a charger?']"
6,Does it have Bluetooth?,"['Does it have Bluetooth?', 'Dose it have bluetooth ? i saw only wifi in the list !', 'does this support bluetooth accessories?', 'Does it have blue tooth for headphones?', 'Does the Surface Pro 6 have Bluetooth?']"
7,is it gonna be a surface pro 5 as the reviews say instead of a surface pro 6?,"['How do i know that i’m getting a surface pro 6 not a surface pro 5?', 'what is difference between surface pro LTE and surface pro 6?', 'Will it come a surface pro 5 like the reviews say instead of a surface pro 6?', 'Majority of reviews stated they received a surface 5 not a surface 6. Is this possible? And how can I find out if it is a 6 without opening the box.', 'I’ve been reading reviews here at Amazon and it says that some people got the surface pro 5, how can I know if I’m gonna get the pro 6 model?']"
