1,is it new or refurbished?,"['Is this new or refurbished?', 'Is this a brand new version, not a returned unit or reconditioned one, with a full warranty?', 'Is this a completely new unit? What kind of warranty does this come with?', 'Is this a new one or a refurbished ?', 'Is it new or refurbished?', 'does it come new or refurbished?']"
2,can you list the new features of surface book 2?,"['Is the surface book 2 thinner than the 1st surface book?', 'What is new with the Surface Book 2?', 'What’s the difference between this model vs. older Surface Book models?', 'does the surface book 2 13.5"" or 15"" heated up like surface pro 3?', 'What is new with Surface Book 2?', 'Is the surface book 2 base compatible with the surface book 1st gen?', 'What is the difference between surface book 2 and surface laptop. which is newer??', 'Is the surface book 2 an upgradable device?', 'When you buy the surface book 2, which includes in the purchase?', 'Whats the difference between new surface pro and the cheapest base model for surface book 2 ?', 'Will the surface book 1 pen work well with the surface book 2? thanks', 'Does the 13.5"" have the same dimensions as the first gen surface book (screen and keyboard)? Regarding a case/skin/decal']"
3,is there warranty?,"['How long do you warranty for it?', 'i just ordered it now how long is the my warranty for?', 'is there a warranty?', 'Is this a new one ? Is this has Warranty and support ? How long?', 'When does Warranty start?', 'Does this product have a manufacturer warranty?']"
4,Does surface book 2 come with the performance base,"['Does surface book 2 come with the performance base', 'For 2019 purchases, have there been technical difficulties with the surface book 2 i7?', 'Does surface book 2 also has a performance base included?', 'Can you use this surface book 2 for gaming?', 'What kind of games have you run on the Surface Book 2 and at what quality?']"
5,Is this Processor Series 8032 or i7?,"['Is this Processor Series 8032 or i7?', ""What i7 processor does it actually come with? specs on microsoft's website say i7-8650u, 4.2ghz. specs here say 8032, 1.9ghz"", 'is thise the one with the 8th Gen Intel Core i7-8550U', 'Hi, on the 15 inch model, which 8th Gen processor is it?', 'Does this come with the new 8th Gen intel processor?', 'What is the full processor model (more than just i7) ?', ""this machine does NOT say it has the 8650 u processor. Isn't this an older, slower processor?"", 'which intel processor version is this?', 'Which i7 is? 8650u or 8550 and what mhz? i getting from ggtech 4.2mhz is that real?', 'Is the processor 8032 or I-5?']"
6,does it have a battery charger?,"['Does it comes with a battery charger?', 'Does the charger support 220v?', 'Does the charger and pen come with?', 'Can it be charged stand alone in tablet mode without the base?', 'does it come with original surface power supply?', 'what type of charger comes with Microsoft surface book 2']"
7,Can the Surface Book 2 run an extra monitors?,"['If i want to run my surface book 2 on multiple monitors, what cable should i get? would usb to hdmi/vga video graphics card adapter work?', ""Will the surface book 2 support an lg ultrawide monitor with 3440x1440 resolution? some reviews i'm reading say it won't handle resolution that high."", 'Can the Surface Book 2 run an extra monitors?', 'Will this support 2 ulta hd 4k monitors? if so, what hz? how do i connect them to the laptop, i only see 1x usb-c port?', 'The microsoft surface dock only has 2 mini-display ports. is there a dock for the surfacebook 2 that will support 3 video outputs (monitors)?']"
8,is surface book 2 compatible with i5 processors and 8gb of ram?,"['Will the surface book 2 i5/8gb/256gb handle music recording, drawing/photoshop, and movie editing? or would i7 be better?', 'Whe will the microsoft surface book 2 (intel core i7, 16gb ram, 1tb) - 15"" or the (intel core i7, 16gb ram, 512gb) - 15"" be available?', 'Hi, is the Surface Book 2 13.5 inch with i7 processor and 8gb of ram able to run programs such as solid works and autocad?', 'How well does photoshop run on the i5 setup?', 'Will the surface book 2 with the i5 processor and 8 gb ram work well for basic lightroom and photoshop editing?', 'Can the surface book 2 (15""/i7/16gb/256gb) fully support the samsung cf791 monitor?']"
9,Can I use it completely without keyboard like surface pro 4? and How much long will the battery last?,"['Can I use it completely without keyboard like surface pro 4? and How much long will the battery last?', 'Does the surface 2 have a backlit keyboard?', 'Does it include a keyboard? Or only tablet?', 'Does the surfacebook 2 have a backlit keyboard?', 'Can I charge the keyboard base alone? when I detach the screen from it.', 'How much time will the battery last without attach it to keyboard? and how much will last with the keyboard?']"
10,What's the generation of Intel Core i7 used in surface book 2?,"['What cpus does the i7 surface book 2 have ?', 'What generation is processor of this surface book 2?', 'Is there a Surface Book 2 model with an 8th gen Core i7 hexa core?', 'The surface book 2 sold by toll brothers advertises a 1.9 ghz 8032 processor. what does that mean?', 'Does the surface come with 8th gen intel® core™ i7-8650u quad-core processor, 4.2ghz max turbo or 1.9ghz i am kind of confused about it.', ""What's the generation of Intel Core i7 used in surface book 2?""]"
11,Can the screen detach from the keyboard?,"['Can the screen detach from the keyboard?', 'which button to push to detach the screen', 'Can the keyboard be used with the tablet while detached?', 'When you disconnect the screen from the keyboard, is there a stand where you can set up the screen at eye level?', 'If i detach the screen from keyboard base, can I charge the base without the screen attach to it?', 'Does the keyboard work when the screen is detached?', 'Can the keyboard be used when unattached?']"
12,does this product includes gtx 1060?,"['So what graphics card does this have 1050 or 1060? And how long can i game on it?', 'The top says gtx 1050, but the bottom says gtx 1060 - which one is it?', 'What graphics card does this laptop model have? GTX 1060 or 1050?', 'Does this product includes gtx 1060?, gtx 1050?', 'Does the 13.5 model have the nvidia gtx 1060 when maxes out?']"
13,What is the return policy?,"['What is the return policy?', 'What is the return/refund policy?', 'What is your return policy?', 'what is the return policy for this?', 'what is the return policy ?']"
