1,Does it come with a charger?,"['Does it come with a charger?', 'Does this computer come with a charger?', 'Does it include the battery, because it says Battery Required, but it doesn’t mention if it is included ?', 'does it include power cable?', 'How big is the charger?']"
2,Is this mid 2018 model ?,"['is this model 2019?', 'Is this a mid 2018 model？', 'Is this the mid 2018 model?', 'Is this model is the new 2019', 'Is this mid 2018 model ?', 'Is this 2018 latest model ?', 'Is this the 21st May, 2019 model?', 'Is this the 2018 or the 2017 model?', ""It's says latest model, but is this 2019 or 2018?"", 'Is it a 2018 model or a 2017 model?']"
3,What is this macbook pro model number? Is this the mid-2018 the newest version?,"['What is this macbook pro model number? Is this the mid-2018 the newest version?', 'Is this macbook protouchbar 2018 model?', 'Is this the new MacBook Pro released in mid 2018?', 'How to buy a new MacBook Pro 2018 with the new version', 'Is it the macbook same size for 2010-2018', 'What is the model number (e.g. mr9q2ll/a) or model identifier (e.g. macbookpro15,2) for this macbook pro?', 'Is this macbook pro touchbar 2017 or2018 model ?', ""I need to know if this macbook pro it's early 2019 or 2018?"", 'is it the latest macbook pro ?', 'What is the model number for this MacBook?', 'Does this have the touch bar? i ordered the macbook pro 13inch.', 'What is this model number? Anybody post back image of this macbook?? Why Amazon does not post model number, bestbuy do??']"
4,Is there a way to get this with 16 gigs of ram on amazon?,"['Is there a way to get this with 16 gigs of ram on amazon?', 'Can i buy 256 gb to add to this laptop from amazon?', 'Is it possible to buy 16gb ram and 512 gb hard drive macbook pro toouchbar 13’ on amazon?', 'Can I order a pro 13” with 16gb ram?', 'Hi, its possible with 16gb ram?', ""Is there any chance to get this machine with 16gb ram? i'm not able to buy this through apple store due to foreign card restrictions. thanks"", 'Will amazon please provide the option to upgrade the ram? i want the 256gb ssd with the best processor and ram.', 'I want this computer with 16gb of ram but i cannot configure it on here. why?']"
5,does it come with an international warranty?,"['Does this come with international warranty?', 'Does this have international warranty?', 'Does it come with international warranty', 'Does its warranty valid in India?', 'Is Warranty Included?', 'Does it be come with global warranty? If not can it be upgraded to it, if so ,for what price ?']"
6,como hago para pedir teclado en español?,"['Porque me cancelan dos veces mi pedido?', 'El Teclado es en Español ?', 'El precio del envio vuene incluido?', 'como hago para solicitarlo con teclado en español?', 'como hago para pedir teclado en español?']"
