1,Can you leave it plugged in or will that ruin the battery?,"['is the battery internal and does it require tools to replace it?', 'What if I loose the charger? Where can I get a replacement?', 'Does it some with a battery and charger ?', 'Can you leave it plugged in or will that ruin the battery?', 'How long does its battery life run?', 'How long is the battery life?', 'Which charger do i need to replace for this?']"
2,does it have a charger?,"['What additional charger can I purchase that will work with this laptop?', 'Do i need to buy charger and mouse?', 'does it come with a charger', 'Can this be used while plugged in like a traditional laptop: is the plug durable and in a convenient location for using it while plugged in?', 'What kind of docking station would work with this laptop?', 'I need a new charger. What one do I need?', 'Is the charger included?', 'Can you tell me the specific charger/cord I need to replace this one exactly. I’ve lost mine!']"
3,"Does this have a regular 1tb hard drive and a solid state memory, or?","['Does this have a regular 1tb hard drive and a solid state memory, or?', 'What does the ""1TB flash memory solid state"" mean? Does it have a terabyte of hard drive?', '“hello, is the hardrive 128 gb or 1 tb as indicated in the summary? thanks for the clarification', 'Could explain more detailed about 1 TB flash memory solid state , Is included ?', ""Incorrect info from amazon and several different answers. 128gb ssd or 1tb hard drive? don't waste your time and mine if your guessing!!!!!"", 'Does this come with both a ssd and hdd?', 'Can i install an internal 1 tb hd in this and have it setup as a dual drive with the existing 128gb ssd?', 'Hello, is the hardrive 128 gb or 1 tb as indicated in the summary? thanks for the clarification', 'Hard disk size? Is not clear if its 128gb ir 1TB.']"
4,Does it have an hdmi port?,"['Does it have an hdmi port?', 'Does this have a hdmi port?', 'Does this have hdmi?', 'Does it have a thunderbolt 3 port?', 'Does it have usb type c port?', 'Does it have hdmi ?']"
5,Is this a touch screen as well?,"['Hi is they a touch screen version to this same Laptop?', 'Does this have a touch screen?', 'Does this computer have a touch screen?', 'Is this laptop touch screen', 'Is there touch screen?', 'Does it come with touch screen', 'Is it a touchscreen laptop?', 'Does the laptop has touchscreen?', 'Is this a touch screen as well?']"
6,Tamaño de disco rigido? No me queda claro si es 128gb o 1tb,"['Tamaño de disco rigido? No me queda claro si es 128gb o 1tb', 'El disco duro fisico del portatil es de 128gb o de 1tb?', 'aparte del disco ssd de 128gb tambien se le puede agregar uno hdd de 1Tb?', '128 gb o 1T de memoria ? Alguien me explica por favor', 'Tiene disco duro de 1tb mas un ssd de 128?']"
7,What is the battery time?,"['What is the battery usage life when fully charged', 'What is the battery time?', 'How many hours of battery life on a full charge?', ""What is the battery life? I've read it's either 6, 8 or ten hours."", 'How long does it run on battery?', 'What is the battery life? Need for 8 hours of school']"
8,Does it come with ms office?,"['Are you guys sure that it comes with ms office? If yes, what kind of office', 'Does this come with office? And if yes what kind of office', 'Does it come with ms office?', 'Does this have microsoft office?', 'what is the version of Microsoft Offices?']"
9,tell me the actual weight of this laptop?,"['How much does this laptop weigh? The description says 10lbs, but the shipping weight is 4.5lbs..', 'Can anyone please comment on the battery life and weight of the laptop?', 'Does this weigh 4.35 lbs? Seems a bit high for a 14inch laptop', 'what is the weight of the computer itself? it says 10 lbs in the description. that must be the whole box when shipped?', ""HI, Is this laptop actually weight 2.65 pounds? my sister doesn't want laptop that too heavy."", 'What is the actual weight of this laptop?', 'Could this laptop fit my 15.6 inch Ytonet laptop case? https://www.amazon.com/dp/b07cxjnh2s', 'What is the actual weight and thickness of this laptop?']"
10,Does this have Bluetooth,"['is there bluetooth tech?', 'Does this have Bluetooth', 'Is this laptop Bluetooth enabled?', 'does it have bluetooth?', 'Can you bluetooth a speaker to this laptop']"
