1,"What type of processor is in this machine, because it the description it says core i5-8300 but in product info it says 2.3 ghz celeron 3865u?","['On name & brief details of the product, the processor is core i5 8750h but the technical details say 2.3 ghz celeron 3865u. which one comes with it?', 'Does this laptop come with i5 8300h or 2.3 ghz celeron 3865u, i saw i5 in the info but the description says 2.3 ghz celeron 3865u?', 'the amazon write up says the processor is an I5 8300h but the product specs page further down says 2.3ghz intel celeron 3865U???', 'What processor does this laptop have because it says Intel but it also says celeron?', 'It says Core i5-8300h but the product summary says Core i5-760. A bit miss leading can someone fix that or is that what comes in it instead?', 'What is the processor type?? i5 8300H OR i5-760?', 'It states that this laptop has an i5 cpu but then states that it has a Celeron cpu. Which is true? They are not the same thing, at all.', 'What type of processor is in this machine, because it the description it says core i5-8300 but in product info it says 2.3 ghz celeron 3865u?', 'It says that the proccesser is an intel core i5 8300-H, however in the technical details section, It says the computer has an i5-760, which one is it?', 'In the heading it says intel i5 processor, but in description it says celerion 2.3 ghz processor? please help.', 'What cpu does this have? the title says its an intel i5-8300h but the info lower down says 2.3 ghz core i5-760.', 'is the processor the i5-8300H like in the description, or i5-760 like in the technical details?', 'Hi, i have a little doubt, in the title say intel i5-8300h, but in the detail say 2.3 ghz celeron 3865u ... is the same thing?', 'The description states an i5 processor however the hp description says a celron processor which is it?', 'Is the processor the 8300h or celeron 3865u?']"
2,does it have a disk drive?,"['Does it have a disc drive', 'Does it have an optical drive??', 'Does it have a cd dvd reader', 'does it come with ssd or hdd?', 'Does it have a dvd drive ?', 'Is there a disk drive?']"
3,does this have a warranty?,"['Any Global world wide warranty?', 'May i know if this is international warranty or local warranty?', 'Does this have international warranty?', 'Does this have global warranty?', 'Does this have international warranty??', 'Does it have international warranty', 'Does this have international warranty if I use this in another country?']"
4,will this laptop support the oculus rift VR?,"['Can it run oculus rift or any VR?', 'Does Oculus Rift S work on this laptop?', 'Is this laptop powerful enough to run an oculus rift?', 'Can this run oculus rift', 'will this laptop support the oculus rift VR?', 'Can it work on oculus rift or any vr devices?', 'Does anyone know if i can run an oculus rift vr on this laptop?', 'Can this machine run steam vr with a windows mixed reality headset?']"
5,does the product come with an international warranty?,"['I will buy it from Mexico, does it have warranty?', 'I want to ship it to india . Does it has international 1 year warranty or just domestic ?', 'Does it have international warranty ?', 'Does it come with international warranty?', 'Does it come with international warranty and how long is it?', 'Does it have an international warranty because I live in malaysia and if yes how long is it ?']"
6,a peru en cuantos días llega el envió?,"['a peru en cuantos días llega el envió?', 'Cuánto me saldría en total con envío a México? cp. 68285', 'Envían a Honduras? Y cobran por envio?', 'Buenas, porque en la descripción de abajo tiene un procesador y disco duro diferente, cual es el real?', 'Porque se apaga la pantalla y vuelve a encender']"
7,is the color of the keyboard backlight changing?,"['Is the keyboard backlight color changeable?', 'Is the keyboard green backlight not just green colored?', 'Can the keyboard lighting be turned off?', 'can you turn off the keyboard backlight?', 'Is the keyboard rgb?']"
8,what would be the max frame rate for fortnite because i am looking for something to play when i take it on a trip?,"['what is the max frame rate for fortnite because i am looking for something to play while i am on a trip?', 'what would be the max frame rate for fortnite because i am looking for something to play when i take it on a trip?', 'Can it run fortnite at decent settings at a decent fps?', 'Can this run fortnite on 60fps+ on medium to high settings?', 'Is this laptop can run fortnite? And how many fps ( frame per second )']"
9,Does this have the gtx 1050ti?,"['Is this available with a gtx 1060?', 'Can anyone confirm if this comes with a gtx1050 or gtx1050ti? friend bought one and says his only came with a 1050 according to system scan.', 'Does this have the gtx 1050ti?', ""does it come with a gtx 1050ti or a normale gtx 1050 ? the keyboard light is editable or it's green default ?"", 'Does this have the gtx 1050ti ?']"
10,Is there m.2 slot available for ssd?,"['Is there m.2 slot available for ssd?', 'Does this laptop support a nvme m.2 ssd?', 'Why type of slot is the m.2 ssd slot? nvme/pcie or sata (iii)?', 'What is the maximum size supported for m.2 drives and ssds?', 'Does it have additional ram slot and additional slot for ssd.?']"
