1,does it have bluetooth?,"['Does this come with build in bluetooth?', 'Does it have bluetooth to connect ear phones?', 'Does this have bluetooth for headphones/drives?', 'Does this have bluetooth?', 'Is it Bluetooth 4?', 'does it have bluetooth?', 'is it bluetooth?']"
2,does it come with a charger?,"['Does this item come with battery', 'Does this come with a battery?', 'is the battery removable/replaceable?', 'Do It come With Charger ?', 'Does it come with a charger', 'Does it come with charger and battery?', 'Does it come with a charger?', 'Dose it come with a charger', 'Does it come with the powercord to charge the laptop?', 'how can i purchase a spare charger for this ?']"
3,does it have a built in cddvd drive?,"['Do tis come with a dvd cd drive', 'Does it have a cd drive?', 'does this carry a cd drive', 'does it have a built in cd/dvd?', 'Does it have a built in cd/dvd drive?', 'Does this come with a CD drive?']"
4,Can you play the sims on this?,"['Can you play the sims on this?', 'Can you download and play Sims 4 on this?', 'Can a person play Sims on this?', 'Can you play games on it', 'Would this be good for playing the sims 4?', 'Can i play world of Warcraft on this?..']"
5,download microsoft office from the official website?,"['Can you download microsoft Office on here?', 'Does this come with microsoft office', 'Is it possible to load ms office on this . . . or office 365. if so, is it actually practical? just need to use excel and write a letter in word.', 'Can i use microsoft office on this?', 'Can you download Microsoft office on it']"
6,can you play minecraft on it?,"['Can you play minecraft on it?', 'Can I play Fortnite on it', 'Can you play Minecraft?', 'Can you play fortnite on it?', 'Can minecraft java edition run on this?', 'Will Minecraft java edition work on this?']"
7,can u play roblox,"['can you play roblox on this?', 'can u play roblox', 'Can you download roblox and play roblox on this?', 'Can this laptop download and play roblox?', 'does it play roblox?']"
