1,can i play fortnite?,"['Can I play fortnite?', 'does it play fortnite', 'Can you play fortnite on this?', 'this is an odd question, but could you play Fortnite on this computer?', 'Can I play Fortnite', 'Can I play Fortnite on it']"
2,what kind of memory card can i use?,"['What kind of memory card does it take?', 'Does it have a memory card slot', 'the microSD media card reader how many GB does it supports ?', 'What is recommended SD card for additional memory?', 'What is the max sd card memory I can put on this pc?', 'What’s the largest sd card that can be installed?', 'Does this have external memory chip?', 'How many gb sd card will it hold?']"
3,can i play games like a sim on my laptop?,"['Can you play games like the sims on this laptop?', 'Can you play 3D avatar games with this. Laptop?', 'Can i play star stables online on this laptop?', 'Is this laptop good for light gaming?', 'can you download yoworld (facebook game) in this laptop? if yes, please send me a pic. thanks!', 'Can you download 3D games or any games on this computer?']"
4,"My computer usage is basic. i go online and want a fast connection, stream tv and write in word or google docs. will this laptop work for all that?","['My computer usage is basic. i go online and want a fast connection, stream tv and write in word or google docs. will this laptop work for all that?', 'I want to work as a data entry job from home,is this laptop suitable?', 'My mac just died and I need a computer for my online class. Is this computer fast enough to support an online class (videos, writing papers etc)', 'I want a laptop for facebook, email and web surfing only. Do you recommend this?', 'I only would use this laptop for writing and maybe brief research while I write. Is this suitable for a writer?', 'Is this a good laptop for just using Microsoft word and excel?']"
5,does this has an ethernet port?,"['does this have a VGA port?', 'Does this have an ethernet port?', 'Does this computer have Ethernet port?', 'Does it have a port to connect to an lcd?', 'Does it have an ethernet port?', 'Does this laptop have a hmdi port?']"
6,what usb ports are included in the laptop?,"['A USB is included with the laptop?', 'Does it have a usb 3.0', 'Does this laptop have a usb cord', 'Does this laptop come with a charging unit?', 'Does this have a usb slot?']"
7,is it possible to pack the battery?,"['Does it come with a charger ?', 'does this item come with battery and charger?', 'Does it come with battery?', 'does battery come with computer?', 'Hi does this come with battery and charger?', 'What replacement charger do I need?', 'Does it include a battery? It says ""Battery required""']"
