1,"With this intel optane, can i still add ssd with this? Thanks","['Can i have the 1td sata, the 16 gb of optane and an adicional ssd? if so, how much storage could the ssd have?', 'Can the optane module be replaced with a traditional m.2 ssd?', 'Can i add a ssd to the gv62 8rd-200 its the one that cames with the intel optane', 'With this intel optane, can i still add ssd with this? Thanks', 'The model that comes with the 256 nvme ssd can i add an ssd sata to it?', 'What kind of ssd do i need to replace the optane drive?', 'Is there an extra slot to install an ssd along with the intel optane memory already installed?', 'Can you change out the optane memory for a larger m.2 ssd drive?', 'Are the 16gb optane 1tb model the same as ssd model are they the same laptop but the storage spaces different?', 'Since this comes with 256gb nvme ssd. can i add another 1tb ssd? thanks.', 'On the 8300h with 16gb optane and 1tb HDD can you ""ADD"" another m.2 ssd?', '1. i can increase intel optane memory in this laptop? 2. it is possible to deliver to ssd instead of intel optane memory?']"
2,does he have a global warranty?,"['Im buying this from the Philippines. How do I claim the warranty in the event i encounter any problems?', ""Is there a global warranty on this? (I'm living outside the US)"", 'Does it have global warranty?', 'Does this have international warranty ?', 'Does it have global warranty', 'Is the warranty limited to usa or covers worldwide including india?']"
3,does the laptop support an external 144hz monitor?,"['does the laptop support external 144hz monitor?', 'Does it support external.monitor of 144hz', 'Can I use a external gpu in this laptop?', 'Can I use an external gpu in this laptop?', 'Does it support external monitor of 144hz?']"
4,can it run fortnite?,"['Will it run fortnite good', 'can it run fortnite?', 'Is it powerful enough to play fortnite on it?', 'Would this one run Fortnite well?', 'Can you play Fortnite?', 'What settings do fortnite run on? If able to run at all']"
5,what is the speed of the RAM 2400 mhz. or 2666 mhz?,"['can RAM be installed with 2666 mhz speed? Will it work at 2666 mhz?', 'How fast is the ram?', 'what is the speed of the RAM 2400 mhz. or 2666 mhz?', 'Since this information is quite conflicting, is the ram 2400 or 2666? also, what ram would work for this system?', 'If i want to increase the ram..which ram should i buy ?..and is it 2400mhz or 2666 mhz ?']"
6,are the virtual reality headsets coming?,"['Is it VR ready?', 'To play vr do you still need pc?', 'Is it VR ready', 'And ready for virtual reality?', 'Is it vr ready?', 'Is this VR ready?', 'How well can this run VR?']"
7,does it have windows 10?,"['Does this have windows 10', 'Does this run windows 10 without issues as it will be a work computer as well?', 'Does it have windows 10 installed?', 'Can I put Windows 7 on this machine? Win 10 is just terrible.', 'does it come with windows 10 64 bit installed or not']"
8,Is the charger work on 220v?,"['does the charger support 230 volts?', 'What type of plug does the charger come with?', 'Does it come with a charger?', 'can i use it to a 220 volts?', 'Is the charger work on 220v?', 'Can I use it to a 220 volts?']"
9,Can you play sims 4 on this laptop?,"['Can you play sims 4 on this laptop?', 'can you play sims 4 on it with cc and packs?', 'can i play fifa 19 or the new god of war on this laptop?', 'can you play call of duty and assassin creed on this laptop?', 'Can this run The Sims 4+expansions???', 'Will this computer work well for the sims 4 and all the expansions and CC?', 'Does this laptop work well for the sims 4 with mods?', 'Will this laptop run the Sims game?', 'Will this laptop handle world of warcraft?']"
10,Will this laptop run games like the total war series and Divinity original sin 2?,"['Will this laptop run games like the total war series and Divinity original sin 2?', 'Will this laptop work games like The Isle and Saurian?', 'Can i use this laptop for games like cities skylines, heart of iron 4 and total war series?', 'How well would this laptop run wow or counter strike?', 'Do you think this would be a good school laptop if I want to play gta and other similar games on it? Can it handle games like gta, rainbow, etc?', 'Is this computer able to run world of warcraft and star wars the old republic?']"
11,does it matter if we get to see all the original hardware?,"['es 100% nueva? , si soy de Mexico me pueden enviar la versión con el teclado en español?', 'Cuanta memoria de almacenamiento trae el disco duro ?', 'Cuánto dura la batería? (Uso normal y jugando)', 'qué transformador trae? es posible cambiar el transformador a una norma de mi país?', 'Hola! cuanta memoria RAM soporta como maximo?', 'Se puede aumentar la memoria RAM y hasta cuánto?', 'Es nuevo y viene con todos los accesorios originales?']"
12,can you list the suggestions for a ram upgrade?,"['I want to upgrade de ram Card, with a 16gb ram card, could you tell me wich type of card should I bougth?', 'Is this 2 x 4gb of ram or 1 stick of 8? what ram do i have to get to upgrade to 16gb?', 'ram upgrade suggestions?', ""What brand ram comes with this model? i'd like to upgrade with matching ram. (max is 32gb, right?) thanks!"", 'How much ram can i upgrade to? what cards should i buy and will upgrading void the warranty?', 'What ram stick you be recommended for a single 16 gb ram stick?', 'what type of ram can i buy for this laptop? i want to upgrade to at leat 16 gb']"
13,does it have a m2 slot?,"['The i5 model has a M.2 slot?', 'Does this laptop have an m.2 slot to upgrade to an SSD?', 'Does the laptop has m.2 slot to add an SSD?', 'The m.2 slot support nvme pci x 2 ? or nvme pci x 4 ?', 'Does it have an m.2 slot?', 'Does it have an m.2 slot']"
14,how do i create a ssd?,"['Can you replace the hard drive with an ssd?', 'Can i add a ssd?', 'Can I replace the 1tb HDd for a ssd?', 'Since this laptop has got hybrid storage, can we add ssd later on along with hdd?', 'Can i add an ssd?', 'Can I add a ssd ?', 'Can i install a ssd?', 'can I add ssd?', 'Will exchanging the hdd with an ssd void the warranty?', 'Can i add hard disk 1tb hdd with ssd?']"
15,Does the 1tb hdd version have a slot for a m.2 ssd nvme?,"['Does the 1tb hdd version have a slot for a m.2 ssd nvme?', 'Does 256gb nvme ssd $650 version have a an expandable hardrive slot?', 'Does this msi gv62 8rd-200 come with ssd', 'Can you add a ssd preferably a nvme?', 'Can you install an additional ssd card so that the computer has more than 1tb of storage?', 'Does it have m.2 port and if yes, will a b and m keyed ssd will fit in it?']"
16,is the backlighting on a keyboard only red?,"['Does it only light up red on keyboard?', 'Does the keyboard change colors?', 'Can the lighting on the keyboard be turned off?', 'Is the keyboard backlighting only red?', 'Can you shut off the backlight red keyboard?']"
