1,is this touchscreen?,"['is this touch screen?', 'It says touchscreen', 'Is it touch screen??', 'Is it touchscreen?', 'is this a touchscreen?', 'does the touch screen works fine?', 'Is this a touch screen?', 'Is this a touchscreen?', 'Is it touch screen?', 'Does this have a Touchscreen ?']"
2,Can a wireless mouse be used with this?,"['Can a wireless mouse be used with this?', 'Does it come with a mouse', 'Can this computer be controlled by plugging a conventional mouse into a USB port?', 'Does this have a port so I can add a wireless mouse', 'can you use a mouse?', 'Does this have a protective sleeve and mouse?', 'can you use a mouse with this?', 'Can you use a Bluetooth mouse?']"
3,when does the auto update period end?,"['when is the auto update expiration for this unit?', 'what is the update expiration on this unit?', 'What is the Auto Update Expiration date for this product.', 'When do the auto updates expire on this', 'what is the auto update policy expiration on this chromebook?', 'When do the OS autoupdates expire on this machine?', 'when is the end of life updates for this product? release date?', 'What is the update expiration?']"
4,does it have a hdmi port?,"['does it have a spot for a HDMI card?', 'Does it have a slot for an sd card?', 'Does this have an hdmi port?', 'Does it have a hdmi port?', 'Does this computer have a video out port?', 'does it have a hdmi port?']"
5,does the product come with a charger?,"['Where can I find a replacement charger for this? Ours stopped working.', 'Does it come with a charger? I am assuming that it does, but no where is one mentioned.', 'What type of charger does this use?', 'Does it come with a charger?', 'My battery will not charge. Even though i use the model number, a replacement battery doesnt show up on amazon. Any ideas?', 'What type of charger does this take?', 'I have this computer and need to buy a replacement charger. Can someone link me to the correct one?', ""I lost the cord/adapter. anybody know what the best choice is for a replacement? i assume it's usb c but i don't know the wattage."", 'No where can I find the charger included with order. Is it?', ""Help, not sure what to do. Had it not quite six months and it won't charge or turn on. Has anyone had this problem?""]"
6,does your computer have a virus protection?,"['Does it have anti virus protection?', 'Does it have virus protection?', 'Is virus protection installed?', 'Does this come with virus protection', 'Does it have built in virus protection?', 'Does it need anti virus Application', 'Does it have built in antivirus?', 'Virus protection?']"
7,Is there a warranty ?,"['Does this have a manufactures warranty?', 'What is the HP factory warranty on this model?', 'what does warranty cover?', 'Where is my warranty?', 'Is there a warranty ?', 'Can you buy a warranty for this laptop?']"
8,Does this have bluetooth,"['Does it have bluetooth', 'Does this have Bluetooth?', 'Does this model have bluetooth?', 'Can i use Bluetooth devices?', 'Does this have bluetooth']"
