1,Does this laptop come with its charger ?,"['Does this laptop come with its charger ?', 'Is the charger included?', 'Wait..so does it come with a charger?', 'Does this laptop come with a warranty?', 'Is this laptop compatible with usb-c docking stations?', 'Does this laptop have a built-in video camera?', 'Does it come with a charger? and is this charger for 110 volts or 240?', 'Does it come with a charger?', 'Does this model comes with the ac & battery wall charger?', 'Does this laptop have a video port so i can plug in my monitor?']"
2,How do i activate the 1 year office 365 subscription?,"['I purchased the laptop with 1 year free office 365, how do I set that up?', 'What does Office 365 come with?', ""It advertises one year free of office 365, but when i click on buy office 365 tab it states there's only one month free. am i missing another tab?"", 'How do you get the free Office 365? Just received the computer and there is nothing about it.', 'If I buy used is office 365 still included free for a year', 'Can I use the 365 office subscription for another computer?', 'How do I activate my Office 365 one year subscription? The only options are one month trial or purchase a year.', 'The office 365 one year subscription is not working. the product code on the box is too short and it did not come pre installed. how do i activate it?', 'How do I set up my free office 365', 'Can I activate the office 365 subscription on a different device instead of this one?', 'How do i activate the 1 year office 365 subscription?', ""How am i supposed to access the free version of one year of microsoft office 365? i don't see how to do it""]"
3,can we use this pc to do photoshop?,"['Can I view my pics and do some lite editing with the appropriate software using this laptop?', 'Would this laptop work for editing videos ?', 'can I use this laptop for photoshop editing?', 'Does this laptop have photoshop?', 'Can you do video editing on this laptop']"
4,how do i change from windows 10 to windows 10?,"['Can I change it from windows 10 s to windows 10 home?', ""Is there a certificate or id or something to update (not upgrade) from windows s to windows 10? i would hate to get stuck with microsoft's s mode."", 'Can you upgrade the os to something like win10 pro or home? not the s version?', 'Can this be switched to windows 10 home for free? is it difficult to delete s mode?', 'Can this product be taken out of S Mode and put into Windows 10 home mode.', ""I don't see free upgrade from windows 10s to full windows 10 home. is it still offered free?"", 'Can i upgrade or switch to windows 10 home/pro for free?or i need to pay for the upgrade?']"
5,does it have an sd card slot?,"['Does it have an SD card slot?', 'Is there a slot for sim card ?', 'Will this support a 128gb SD card or larger?', 'does it come with memory card?', ""I need an sd card for my laptop (this one) what's the link for it?"", 'When an SD card is inserted, does it stick out of the side of the laptop, or is it flush with the rest of the laptop?']"
6,fiicamente el equipo tiene algun daño?,"['fiicamente el equipo tiene algun daño?', 'Una foto de la tapa, quiero ver su condicion', 'De cuanto es el disco duro?', 'Cual es el precio', 'La dirección de envío del remitente acá en chile express la colocaron mal cómo puedo solucionar eso? Necesito mi envío', 'Hola hice mi pedido desde 28 quisiera saber cuando lo envía ya debía el día hoy Star enviando el producto']"
