1,is there a thunderbolt 3 port for pcs?,"['Is there a thunderbolt 3 port ?', 'Does this have a thunderbolt 3 port? If so, how many pcie lanes?', 'Which specific thunderbolt 3 docks are confirmed to work with this specific computer, the msi gs65 stealth thin?', 'Does the thunderbolt 3 connection support an external gpu dock? if so, how many pcie lanes are available to this port?', 'Can I charge the laptop through the Thunderbolt 3 port?', 'Can i use an egpu with this? and also how many thunderbolt 3 lanes does it have?']"
2,can i add an additional ssd in the gs-65 stealth thin-051?,"['does the samsung 970 evo 1tb ssd (mz-v7e1t0bw) nvme m.2 v-nand internal solid ssd fit/work into the msi gs65?', 'Can i add a samsung 960 evo 1tb internal solid state drive m.2 drive?', ""Did you guys already install the samsung 970 evo nvme ssd into this laptop? Because I don't really know how to configure the laptop :)"", 'Does the gs65 stealth thin have a space for a 2.5"" hd/ssd in addition to the pre-installed nvme m.2?', 'Gs65 has only 256gb ssd or conventional hard disk storage is also there?', 'Is it compatible with the samsung 970 evo 1tb - nvme pcie m.2 2280 ssd (mz-v7e1t0bw) sold here?', 'Can i add an additional ssd in gs-65 stealth thin-051 ?', 'Can i able to add an anothet ssd m.2 like the black sn750 1tb nvme?']"
3,is it possible to add a m2 ssd or do i have to update the current one installed?,"['Is there an empty 2.5 ssd/hdd slot for additional upgrade ?', 'It may have been answered but can you add a second SSD drive in this system?', 'can i upgrade to a 2tb sshd 2.5 inch?', 'Does this laptop support a 2nd drive? ssd pcie/sata? 2.5 hdd?', 'is it possible to add an additional m.2 ssd or will i have to upgrade the current one installed', 'I see this has a 512gb ssd. is there any room to upgrade this and/or add an hdd?', 'Would i be able to upgrade the ssd?', 'Can this ssd card change to 512gb', 'SSD upgrade', 'Can I put a 2.5"" 1tb ssd in it or only a extra m.2?']"
4,Does this have an extended warranty option,"['Does this come with a 1 year manufacturer warranty?', 'How long is the warranty? Is it brand new?', 'Does it come with international warranty? Will the warranty work in India?', 'Is there an international warranty? Is there an option for 3 year extended warranty?', 'Does this have international warranty?', 'How long is the warranty? Is it brand new Laptop？', 'Does this have an extended warranty option', 'The item have warranty?', 'does this come with global warranty?', 'Can you include some extra warranty?']"
5,Does the product come with windows 10 home or pro?,"['Does the product come with windows 10 home or pro?', 'I need to make sure this has windows 10 pro installed, not windows 10 home. Please comfirm.', 'Does it come with windows 10 pre installed? What version?', 'Does it really have windows 10 professional ? not home?', 'Can you get Windows 10 Pro?', 'What operating system does it have? tech details say ""windows 10 home"" but the product page says ""win 10 pro"".', 'does this have windows pro']"
6,does it have a fingerprint sensor?,"['does it have finger print sensor?', 'Does this have fingerprint reader?', 'Does this laptop have a fingerprint sensor?', 'Does it have a fingerprint sensor', 'Does it have a finger print reader? Newegg is selling the same laptop with same prize but with finger print reader. Please suggest']"
7,Does anyone know for sure if the msi gs65 stealth thin-051 has thunderbolt and can support an external gpu?,"['Does anyone know for sure if the msi gs65 stealth thin-051 has thunderbolt and can support an external gpu?', ""I researched on internet that thunderbolt support egpu which msi gs65 stealth-432 has but you replied it doesn't support egpu? clarify"", 'Is there a full gtx 1060 variant for the msi gs65 stealth series or are they all max q variants?', 'Can this support an external gpu like the razer core?', 'Msi gs65 stealth thin-051 is this model full gtx 1060 or gtx 1060 max-q?', 'What’s the hard drive speed of the gs65 stealth thin and how many drives slot does it come?']"
8,What’s the battery life?,"['How is the Battery Life on this laptop?', 'How is the battery life on this thing when not playing games?', 'How long is it’s battery life', 'What’s the battery life?', 'How long does the battery last?', 'how long will the battery last?', 'How long is the battery life with no charging cables?', 'About how long is the battery life per full charge?', 'What is the manufacturer’s stated battery life?', 'Is the battery life for all models roughly the same?']"
