1,"Does it include 128 gb ssd + 1 tb hdd as specified in the description, that is, two disks?","['Does it include 128 gb ssd + 1 tb hdd as specified in the description, that is, two disks?', 'The description says you have a 128gb ssd and a 1tb hdd, is that description correct?', 'Does this model have an open space to add another 2.5 inch hdd? other models have ssd and 1 tb hdd.', 'how many m.2 slots does it have? Does it have room for a 2.5"" SSD?', 'Can an hdd storage drive be added to the 256gb sdd model?', 'in the matter of the product it says ""128gb ssd + 1t gb"" and in the details it says that the product is 256gb ssd. which one of them is real?', 'Does this only has an SSD and not a normal hard drive?', 'for the Ryzen 5 model, is the storage 128ssd + 1tb of hdd?', 'In the product options i get that it is a ryzen 5 | 256 gb ssd but the product description says they are8gb ddr4 ram y 128 gb ssd + 1 tb hdd which one', 'Can a HDD drive be added to the 256gb ssd model?', 'Good afternoon, do the amd model comes with a 1tb hdd and 128 gb ssd or only with 256 gb ssd?', 'Can i add an extra hdd? does it has an expansion slot? thanks', 'Does this only have the 256 ssd or does it have an additonal storage drive?']"
2,does this have two ram slots,"['Is it dual channel ram 2x 4g ?', 'Does this have 2 ram slots', 'Is the ram on the f512da-eb51 dual channel?', 'Is the RAM soldered on or are there 2 dimm slots, allowing dual channel memory?', 'Is the ram for the f512da-eb51 dual channel?', 'Does this laptop have dual channel memory?']"
3,Is it touchscreen?,"['Does this laptop have a touchscreen?', 'Is this a touch screen ?', 'Why does this laptop have a tablet mode?', 'Does the laptop has available Touchscreen feature?', 'Is it touchscreen?', 'Is it Touchscreen ?']"
4,can i upgrade my ram?,"['Is it possible to remove the soldered ram module in order to upgrade the ram with two modules of 8gb each?', ""since one of the memory modules are soldered in, wouldn't adding an 8GB stick be a mismatch with the 4GB that's soldered in?"", ""Is the ram running in dual channel? if there's any ram soldered, is it set up to run in dual channel if the dimm module matches the soldered ram?"", 'Is it the ram soldered? can i upgrade the ram?', 'What if the soldered on RAM fails?']"
5,how long can battery life be?,"['How long is the battery life?', 'what is the battery capacity and expected average life per charge?', 'Is there a way of knowing how much power is left on the computer battery?', 'What is the battery life of the model with amd r5 3500u?', 'Battery life']"
