1,Have international warranty???,"['International warranty? Argentina? For repair or change?', 'Have international warranty???', 'Have international warranty?? Brasil???', 'Does this warranty is international warranty?', 'International warranty in Chile?']"
2,Is the screen touch screen?,"['It has a touchscreen?', 'is this a touch screen monitor or?', 'Which model has the touchscreen display with the screenpad?', 'Is the screen touch screen?', 'Is this as a touch screen?', 'This laptop have Screen touch ??', 'Does this computer have a touch screen?']"
3,how big is 16gb or 8gb ram?,"['Does it have 16gb ram or 8? The title says 8 but in the description 16...', 'İs it 16gb as option or 8gb as title ram?', 'Is this really 16gb ram? i thought the 13” version supports up to 8gb ram only ? is this brand new', 'Hi dear, this product have ram ram 16gb or 8gb?', ""Does it actually has 16gb of ram? Because there's not other asus zenbook 13 laptop with this spects online"", 'Does this model have16gb or 8gb of ram? Description now says 8.', 'Does this laptop have single or dual channel ram?', 'Is this 16gb or 8gb RAM ?', 'Does it carry 16 gb or 8gb of ram? In the description it says 16gb but in the name it says 8gb of ram', 'Is it 16gb (as in tge specs) or 8gb (as in the product ""title"" and description) RAM?', 'The ram in this model is 16 gb ? because the product header says it is 8 gb but in product specification it is written it is 16 gb. so can you please', 'Can we upgrade ram to 32gb? also description says it is ddr3 ram but some replies say it is ddr4..what is correct spec?', 'In overview its 8gb ram and in discription its given 16gb ram which is it?', 'Is this 16gm or 8gb ram ? the header says 8gb but on every other description it says 16gb.']"
4,Is any spanish keyboard available?,"['I want it with Spanish keyboard', 'Do you have a Spanish keyboard ?', 'Do you have it with spanish keyboard? Thanks!', 'I will be ordering from Germany. Does it come with English keyboard?', 'Is any spanish keyboard available?', 'spanish keyboard available?', 'Spanish keyboard ?']"
5,Does it come with 1year warranty if I use it in Hong Kong?,"['Does it come with 1year warranty if I use it in Hong Kong?', ""I'm planning on bringing this when I leave the country. Is there an int'l warranty?"", 'Is the international warranty that comes with this laptop covered in the Philippines?', 'Does it have an International warranty? and is it covers service in Kuwait?', 'Does this have international warranty? Does the warranty covered in india?', '1. Does it have an international warranty? Colombia? for how long? 2. Does it have a touch screen?', 'Can I have one year warranty in Hong Kong?', 'Do you have international warranty that covers the Hong Kong?', 'Does the product have international warranty ? How about Singapore?']"
6,Hola! Están haciendo envíos a Argentina?,"['Compre este producto y lo devolvieron, quisiera saber porque?', 'Hola, tienes funda original Asus para este equipo? Gracias', 'hola, me gustaria sabercon que viene el computador. cargador? funda? y cuanto pesa la caja con todo?', 'Hola! Están haciendo envíos a Argentina?', 'Hola... es posible pedirlo con teclado es español?', 'Tiene alguna conexion para audifonos?', 'Hola, existe este modelo con teclado en español, que incluya letra ñ?']"
