1,is the 16GB ram installed 1 stick of 16 or two 8GB sticks,"['is the 16GB ram installed 1 stick of 16 or two 8GB sticks', 'Is ram 2x8 or 1x16?', 'About the RAM, is it 2 sticks (8+8) or 1 (16)?', 'Is the RAM installed on dual or single channel?', 'About the ram, is there a model which ships with 1 x 16gb stick rather than 2 x 8gb sticks. if so, please share the link below ?', 'Is the ram a single 8gb stick or 2 4gb sticks? Also is there expandable standard hard drive spaces?', 'The memory that comes with it is 1x16gb or 2x8gb in dual channel?', 'Will this laptop support 64gb of ram using two 32gb stick?', 'Second, does it comes with single 16gb ram or dual channel?', 'Is the 17” version with 8g of ram or 16g? says both', 'How the 16gb ram form? 1x16gb or 2x8gb?', 'Can i swap 1x8gb for 1x32gb stick of ram into this to expand it to 40gb of ram?']"
2,does the product comes with a warranty?,"['Do you get international travelers warranty with it ?', ""i've read it does not come with international warranty but if something break i can ship it back and claim warranty ?"", 'Does it come with an international warranty? Specifically will the warranty be eligible in Serbia?', 'Does the product have warranty and is that valid in Turkey?', 'does it have any Internation Travel warranty?', 'Does it have international warranty? Does this warranty cover Uruguay?', 'Does this have warranty if shipped overseas?', 'Does it have international warranty in india', 'International warranty?', 'does this have international warranty or travelers warranty?', 'How does the warranty work for International shipping?', 'Does it have global warranty ?', 'Does it have international warranty?', 'Does the laptop come with an International Warranty?', 'Is there International Warranty on this laptop?', 'will my warranty be an international one ?']"
3,Warranty of this laptop ?,"['If I found and issue with the laptop, will I send it for repairs?', 'Do i get international warranty for this laptop is i purchased it. I am from india.please reply?', 'Is it possible to return a faulty unit of this laptop if it was shipped internationally (outside us)?', 'Warranty of this laptop ?', 'Can I return the laptop after I tested it out a bit?']"
4,Does shipping free when i ship it to philippines?,"['Does shipping free when i ship it to philippines?', 'Is this free shipping fee to Indonesia?', 'Can this be shipped to the Philippines?', 'How much will it cost for the shipping and taxes because I am from the philippines. Thank you', 'Can it ship to southeast asia?', 'Does it have free shipping to india']"
5,how much max ram can it support?,"['Is the ram expandable?', 'can upgrade the ram? is it 2 slot for ram?', 'how much max ram can it support?', 'Is the ram upgradable to 32gb?', 'Is this Laptop have upgradeable ram and storage?', 'Can the ram be upgraded to 32 gb ?', 'What is the max amount of RAM that can be installed?']"
6,Can I add a 1tb ssd in the second m.2 slot?,"['Would the WD black 500gb ssd work in the extra slot?', 'Can up put an extra 1tb ssd for me instead of this original 256 ssd inside the laptop if i am buying this?', 'Does the ""ph315-52-78vl"" model have a 2.5"" ssd bay? or only m.2 ssd slots?', 'Last, for the 2.5 empty slot, do I use any ssd? do I need any adaptor?', 'Could you tell me if this ssd ""samsung ssd 860 evo 500gb 2.5 inch sata iii internal ssd (mz-76e500b/am"" fits in this computer?', 'Does the open m.2(the one apart from the pcie ssd already installed) slot supports sata ssd like wd blue of 1tb? Can you tell me if I can add 1tb m.2?', 'Can I add a 1tb ssd in the second m.2 slot?', 'Can i use sabrent 1tb rocket nvme pcie ssd in it using secondary m.2 slot?']"
7,Will this laptop support samsung ssd 970 evo nvme m.2 1tb?,"['Can i install a v-nand ssd samsung 860 evo into this laptop?', 'This pc support a samsung 970 evo plus 1tb???', 'Is samsung 970 evo plus ssd 500gb - m.2 nvme suitable for helios 300?', 'Will a samsung (970 evo) or hp (ex 9x0) nvme ssds work with this laptop (512gb or 1tb) ?', 'I bought a samsung 1tb ssd sata, will i be able to install it on this laptop?', 'Can this laptop support the samsung 970 evo 500gb - nvme pcie m.2 2280 ssd???', 'Samsung 970 evo 500gb - nvme pcie m.2 2280 ssd (mz-v7e500bw) works fine in this computer?!', 'It is comatible with ssd m.2 2280 samsung 970 evo 1tb pcie 3.0 x4', 'Will this support a 980 pro pcie 4.0 nvme ssd?', 'Can this laptop support evo 970 nvme m.2 500gb?', 'in the second free m.2 ssd slot, can i install one of this ""samsung 970 evo 1tb ssd (mz-v7e1t0bw) nvme m.2 v-nand internal solid state drive""?', 'Can i add 2 tb Samsung 860 evo ""2.5"" ssd', 'can anyone tell me if a xpg gammix 512gb s11 pro 3d nand pcie nvme gen3x4 m.2 2280 ssd will work with this machine? im new to pcie ssds.', 'Does the laptop support a second pcie nvme ssd gen3x4 aside from the included 256gb ssd?', 'Will this laptop support samsung ssd 970 evo nvme m.2 1tb?', 'Have any of the 1tb m.2 nvme ssds been found compatible with this laptop?', 'Does the laptop ssd slot support samsung mzvlw256hehp pm961 256gb m.2 nvme pcie?', 'Can I use a 500gb 970 evo plus as my boot drive with this laptop?']"
8,Can you change the ssd to a 1tb ssd?,"['Can you change the ssd to a 1tb ssd?', 'Is there a way to get this product installed with a 1tb hdd along with the existing 256gb ssd?', 'Can I upgrade ssd upto 1 tb?', 'Is it easy for me to add a 1tb hdd to it?', 'Can i add my 1tb evo 970 ssd to this? (without removing the current 256gb one)', 'Is there any version with 256 ssd and 1tb hdd? same options?', 'Can someone please tell me how i can add additional 1tb hdd to the laptop? or/and a ssd']"
9,Is there any way I can add an extra HDD without anulling the warranty?,"['Is there any way I can add an extra HDD without anulling the warranty?', 'Can i add HDD ?', ""I've seen some videos where they found a paper stating that adding an extra hdd/ssd could limit in some way the warranty. can someone explain this?"", ""could you tell me If I opened the empty hard drive slot and installed an additional Hdd or Ssd drive , would that revoke the manufacturer's warranty?"", 'If I buy and open up to upgrade additional hdd, will it void the warranty? is there other option which has already installed additional hdd?', 'does upgrading the hard drive void the warranty ?', 'Will my 1 year warranty that the laptop comes with be voided if I add a hard drive myself?']"
10,"Im a little confused, can i add a second m.2 ssd AND a 2.5 ssd in addition to the storage it comes with?","['Can i install a 2tb m.2 ssd? if not, can i use 2tb 2.5 form factor ssd? or only i can use 2tb shdd ?', 'Does this model support a sabrent 1tb rocket nvme pcie m.2 2280 internal ssd? i am getting restart issues after installing this 2nd ssd.', 'Do i need to buy support brackets separately to install 2.5 ssd?', 'Can i put an m.2 ssd without breaching the warranty?', 'Is the default ssd m.2 type?', 'What is the read/write speed of the m.2 ssd?', 'Can i add both a 2nd pcie nvme m.2 ssd, plus a 2.5"" form factor sata drive?', 'Does adding an M.2 ssd void the warranty? Or is the warranty void only for the 2.5"" bay?', 'If i buy ssd 2.5 inch, will i be able to run them in raid mode?', 'What brand is the pcie nvme m.2 256gb SSD, and can I add a 2nd pcie nvme m.2 256gb SSD in Raid format?', 'Im a little confused, can i add a second m.2 ssd AND a 2.5 ssd in addition to the storage it comes with?', 'Has anyone had a successful install of either a 1tb (or 2tb) nvme pcie m.2 2280 internal ssd in second m.2 slot? if so, any recommendations, links?']"
11,when is it gonna be available for purchase?,"[""When it is available for purchase?? It's been more than month now after official launch"", 'When will this be available to order?', 'I have preordered this, when does it release?', 'Do you think this product will be released in the next 3 months?', 'When will it be available', 'When is it going to be available?', 'Any estimated date when it will ship?', 'When will it release on the website?', 'When is its estimated date of availability?', 'when will it be in stock?', 'When will it be back in stock?', 'What is its launch date??', 'when will it be available?', 'When it is available to buy ?', 'When will be available for sale', 'When will it be available?', 'When is it going to be available for purchase?', 'When will this be available?', 'When will it be available to purchase?']"
12,what is the maximum ram size that can be upgraded to?,"['How to upgrade memory RAM?', 'Hi can you upgrade ram and ssd ?', 'Can it be upgraded to 16 GB of ram?', 'can you upgrade the memory ram to 32gb? how much it cost?', 'What is the maximum amount of ram it can be upgraded to?']"
13,Does this laptop can shipping please,"['Does this laptop can shipping please', 'When will this laptop be in stock?', 'I am in nigeria and i want to purchase this laptop. will it be delivered to my nigerian address at my door step?', 'This laptop can be ship to saudi Arabia?', 'Anybody shipped this laptop from us to india, i lived in india also explain the warranty for indian buyers?', 'Will this laptop work if I use it in the Philippines?', 'Will this laptop ship to Russia?', 'Does this laptop have global warranty?', 'Is Amazon the only place to buy this laptop? Also when will there be a restock or rough estimate?', 'Does this laptop ship together with the hdd kit for us to install a new one?', 'Is this laptop available for installment?', 'i am from India how to check my shipping charges for this laptop', 'Ordering this laptop, does it come with additional costs due to shipping abroad, in Romania?', 'Does this laptop ship globally?']"
14,does it come with acer's global warranties?,"['I live in sri lanka and i ordered this laptop. is the warranty provided by acer valid in sri lanka?', ""Hi, is this the acer official store? because of lack of reviews i'm not sure whether i buy this laptop here or anywhere else."", 'if i buy it from malaysia, can i claim warranty with acer malaysia?', 'I am thinking to buy this product from India but will the warranty and return policy be applicable for this laptop ?', 'Does acer provide you with a warranty? If so, does it affect the warranty if I open up the laptop and add some extra ssd?', 'Hello, i live in the uk. i would like to ask if there is warranty from acer in uk and for how long? thanks!', 'Does this machine have a global warranty for acer?', 'Does this laptop come with 1 year warranty from acer already?', ""Does the machine support acer's global warranty?"", 'Warranty for this laptop if I’m staying in Malaysia?']"
15,does it take custom duty charge if i purchase it for shipping to india,"['if i ordered it from india do i get the charging cable for india and do i have to pay some more taxes', 'What will be the price if I was to order this from India?', 'does it take custom duty charge if i purchase it for shipping to india', 'Do I have to pay extra charges since I am getting it delivered to India?', 'How much duty and tax i have to pay when i order it in india ?', 'if i order it from india do i get an indian style charger and do i have to pay extra taxes and shipping fee']"
16,Does this ship with nordic keyboard layout?,"['Is it possible to have this shipped with a UK keyboard?', 'Does this ship with the option to pick nordic keyboard layout?', 'Is there a model with a keyboard in Spanish?', 'If ordering from the uk is the keyboard layout the same as if i bought it here? And it would come with us plug on the power brick?', 'Does it come with arabic keyboard?', 'Does this come with a rgb keyboard?', 'Does this ship with nordic keyboard layout?']"
17,This laptop suport 144Hz ?,"['This laptop suport 144Hz ?', 'is this model 144hz ?', 'Can I use a 144hz monitor on this model?', 'If you hook this up to an external 1080p 144hz monitor, does it support 144hz?', 'Can this laptop run an external monitor at 144hz? If so which cable should I get? (My external display has a displayport)', ""What is the refresh rate of this laptop? on acer it doesn't say 144hz so how can i be sure it's 144hz before purchasing?""]"
18,"Dice que envíos gratis a Colombia pero quisiera saber si cobran en aduanas y aranceles, etc?","['alguno de ustedes presento problemas a la hora de comprar este equipo para enviarlo a colombia, ademas quisiera saber si tiene teclado rgb y cargador?', 'Se puede importar a Colombia? Y que costo tendría', 'Hola buenas , yo soy de chile y el precio que es CLP 913,686 ese el precio final o hay que pagar aduanas etc saludos', 'Cuanto cuesta el envío?', 'Dice que envíos gratis a Colombia pero quisiera saber si cobran en aduanas y aranceles, etc?', 'Si compro este producto desde españa, debo comprar un adaptador para cargar el portatil?', 'Buenas tardes. Si compro el producto para Perú me cobraran impuesto en mi pais .??', 'se puede pedir el teclado en español?', 'como proceder en una garantia con el fabricante en colombia ?']"
19,When will this be in stock?,"['When will this be in stock?', 'When will this item be available?', 'When will more of these be in stock it says theres only one left?', 'For me, the item is Temporarily out of stock. There is a probable date to be available?', 'how often does this come back into stock?', 'When can we expect the product to be in stock?', 'when will this be back in stock', 'Any idea when this will be back in stock ?', 'When will this item be avalable ?!', 'When it will stock?', 'Any idea when these will be back in stock, ie. 1st week of June? Been out of stock since 1st week of May.', 'any idea when this will be back in stock?', 'Is this going to be available any time soon on amazon?', 'Its temporarily out of stock for so long now. When it will be available for urgent buying? (need to get it imported from a relative)']"
20,tell me the import fees in india?,"['What is Shipping and import fees to india?', 'What are the importing fees for India?', 'How much custom duty charges we need to pay to ship it to India?', 'How much do i have to pay for importing this item in India?', 'Any extra costs for shipping to india', 'what will be the import fees for India']"
21,can i get the rgb keyboard?,"['Can u tell me the price difference between this model and the one with customisable 4/3 rgb keyboard?', 'Were i can get the rgb keyboard model?', 'Does this model come with tb3 and rgb keyboard? if not where is the model which have these features?', 'When the rgb keyboard version will be available? And how much will it cost?', 'When will the model ph315-52-72rg with rgb keyboard be available?', 'Does this model contains rgb backlit keyboard?']"
22,is there a warranty in qatar or jordan?,"['Is the warranty vaild in Qatar?', 'Is warranty included in Saudi arabia?', ""i'm from kuwait. if i buy then how will i claim my warranty if need be?"", 'Is there a warranty in Jordan or Qatar ?', 'Is the warranty valid in Egypt ?']"
23,does it have thunderbolt 3 ?,"['Dose it have thunderbolt 3 connection ?', 'Does it have thunderbolt?', 'Does it support thunderbolt 3?', 'Does this laptop have thunderbolt in it?', 'does it have thunderbolt 3 ?']"
24,how much can i spend on importing my laptop to india?,"['What will be the final cost for importing this laptop to India?', 'It says the laptop can be shipped to pakistan what will be the charges ??', 'If I buy this laptop in italy will I have to pay any import tax or deposit or the price displayed will be the final one?', 'Can i buy this laptop (ph315-52-78vl) from india with cod (cash on delivery)?', ' Can i import this laptop in india and plug into the mains with the ac adaptor provided if i import the laptop in india?']"
