1,can i play sims?,"['Can you play the sims 3 ?', 'Can I play sims?', 'Can you play sims on this laptop?', 'Can you play sims!?', 'Can you play sims 4?']"
2,is this a touch screen?,"['is this labtop touch screen?', 'Is this touchscreen , as a described on the advertisement?', 'Its touchscreen?', 'is it touchscreen?', 'is the screen touch screen?', 'Is this a touch screen', 'Is it touch screen?', 'Is this touch screen?', 'Is this Laptop is a touch screen', 'Is it touchscreen', 'Is it touchscreen ?', 'Is this touchscreen?', 'Is this model a touchscreen?']"
3,can i use google chrome on my computer?,"['Can you use google chrome on this computer ?', 'Can i use google on this computer', 'Does it come with google or can you download google chrome?', 'Does this support google chrome or Firefox ?', 'Can you use google chrome on this?']"
4,does it have bluetooth and wifi?,"['Does it have wifi & bluetooth?', 'Does it use wifi?', 'Does it have wi-fi card? and usb port?', 'Is this bluetooth compatible?', 'Does it connect with Bluetooth', 'Does it have Wi-Fi card?', 'Is there Bluetooth on this laptop?']"
5,does this come with a charger?,"['Does it come with charger?', 'Does it come with a charger?', 'What charger do I buy for this laptop?', 'Does it come with a power cord?', 'What kinda charge comes with it', 'Is there a charger that comes with this computer?', 'Does this labtop come with the battery?', 'Does it have an charger']"
6,Is this a good laptop for online school and worl at home purposes?,"['Is this a good laptop for people going to graduate school?', 'Is this laptop good for editing photos and videos as well as editing things like books?', 'Is this a good laptop for online school and worl at home purposes?', 'is this computer really good to work with and fast?', ""I'm looking for a good laptop for college. Would this work good?""]"
7,will this laptop be helpful for editing videos or not?,"['Is this laptop good for editing Vlogging videos?', 'Is this cheap laptop perfect for video editing? I’m an YouTuber who doesn’t have a computer yet?', 'Does this laptop have a camera?', 'Does this laptop include a webcam?', 'Can I edit videos on this laptop?']"
8,Does it have a webcam?,"['Does this model have a webcam ?', 'does it have a video camera', 'Does it have webcam built in?', 'Does it have a webcam?', 'Does this have a Webcam', 'Does it have a camera?', 'Does this have a camera ?', 'Does this laptop have a webcam on it']"
9,can we play roblox on this laptop?,"['I know this is not a gaming laptop but can it run simple programs like Minecraft or Roblox?', 'This laptop good to play Roblox?', 'Is this laptop powerful enough to handle Roblox?', 'Will roblox run smoothly on this computer?', 'Can you play roblox with this laptop?', 'Will this laptop run Dungeons and Dragons Online?', 'Can u play Roblox on this laptop?']"
10,can i use a sd card in this laptop?,"['Can i us a sd card for storage in this laptop', 'Can I put a sd card in this laptop and move programs onto the sd card?', 'What is the biggest sd card that will work with this laptop?', 'Can i use a sd card for storage in this laptop', 'Can you expand the storage on this laptop?']"
