1,can the ram and internal storage be upgraded?,"['Can the RAM and internal storage be upgraded?', 'Is the RAM upgradable?', 'can ram be increased to 8 gb?', 'RAM expandable?', 'Does this laptop have ram slots that you can add more ram gb’?', 'Is the ram upgradable', 'can the 4gb memory be upgraded?', 'Can you add an extra ram stick or is the limit 4 gb?']"
2,does it come with a charger?,"['Is there a way to buy just the charger? If so how?', 'Is there a replacment charger that i can buy for this computer?', 'does it come with charging cord?', 'Can i charge it with usb c?', 'How can i get a new charger for this laptop? Does the new model use the same charger?', 'Does it come with a charger?', 'Does this laptop comes with a charger ?', 'can I charge it with usb-c port?']"
3,how many usb ports do you have?,"['How many USB ports are there?', 'Is there a usb port', 'How many hdmi ports?', 'How many 3.0 USB ports?', 'How many usb ports does this have?']"
4,is this laptop good for programming?,"['Is this laptop good for programming', 'Is this a good laptop for college student?', 'Does this laptop work well with gaming?', 'Is this laptop good with Graphic Designing?', 'Would this be a good laptop for studio equipment ?']"
5,does this laptop have a usb link?,"['Does this laptops have a usb 3.0 (or usb 3.1 gen 1) port.', 'Does it have a USB port?', 'Does this laptop have a flash drive port?', 'Does this come with a ethernet port?', 'Does anyone know for certain whether this laptop can en charged via the usb-c port?', 'Does this laptop have a usb hook up?']"
6,is it hdmi?,"['Does this have a hdmi port?', 'Does it have an Ethernet port?', 'Does this have an hdmi input port? For streaming with a capture card?', 'Does it have an ethernet port?', 'Does it have a hdmi or mini hdmi port?', 'Does it have hdmi']"
7,Can I play PC games on it?,"['Can I play PC games on it?', 'can i use this computer for gaming?', 'Can it run Minecraft?', 'Would i be able to play minecraft on it?', 'Can u game on it?']"
