1,Does it come with charger?,"['Does it come with a power cord?', 'Does it come with charger?', 'Is there a charger that comes with this computer?', 'Does it have an charger', 'Does it come with a charger?', 'where is the cord?']"
2,is this bluetooth compatible?,"['Is this bluetooth compatible?', 'Can it pair with bluetooth?', 'Does it connect with Bluetooth', 'Is there Bluetooth on this laptop?', 'This laptop has Bluetooth?']"
3,is this a touchscreen?,"['Is this touchscreen?', 'Is this a touch screen', 'Its touchscreen?', 'is it touchscreen?', 'is the screen touch screen?', 'Is this Laptop is a touch screen', 'Is this touchscreen , as a described on the advertisement?', 'Is it touch screen?', 'Is this model a touchscreen?', 'Is it touchscreen ?', 'is this labtop touch screen?', 'Is this laptop touchscreen?', 'Is this touch screen?', 'Is it touchscreen']"
4,does it have a webcam?,"['Does this model have a webcam ?', 'Does it have webcam built in?', 'Does it have a webcam?', 'Does this have a camera ?', 'Does this laptop include a webcam?', 'does it have a video camera', 'Does it have a camera?', 'Does this have a Webcam', 'Does this laptop have a webcam on it']"
5,Is this a good laptop for online school and worl at home purposes?,"['Is this a good laptop for people going to graduate school?', 'Is this laptop good for editing photos and videos as well as editing things like books?', 'Is this a good laptop for online school and worl at home purposes?', ""I'm looking for a good laptop for college. Would this work good?"", 'is this computer really good to work with and fast?']"
6,Can you play roblox with this laptop?,"['Is this laptop powerful enough to handle Roblox?', 'Can this computer handle roblox', 'This laptop good to play Roblox?', 'Will roblox run smoothly on this computer?', 'Can u play Roblox on this laptop?', 'Can you play roblox with this laptop?']"
7,Can I play sims?,"['Can you play sims!?', 'Can you play sims 4?', 'Can you play the sims 3 ?', 'Can I play sims?', 'Can you play sims on this laptop?']"
