1,does this have a webcam?,"['Is there a camera?', 'Does this have a Webcam', 'Does it have webcam built in?', 'does it have a video camera', 'Does it have a webcam?', 'Does it have a camera?', 'Does this have a camera ?']"
2,is this a good laptop for online school?,"['Is this a good laptop for people going to graduate school?', 'is this computer really good to work with and fast?', 'Is this a good laptop for online school and worl at home purposes?', 'Is this laptop good for editing photos and videos as well as editing things like books?', ""I'm looking for a good laptop for college. Would this work good?""]"
3,can i use a sd card in this laptop?,"['Can i use a sd card for storage in this laptop', 'Can I put a sd card in this laptop and move programs onto the sd card?', 'Can i us a sd card for storage in this laptop', 'What is the biggest sd card that will work with this laptop?', 'Can you expand the storage on this laptop?']"
4,is this a touchscreen display?,"['Is this touchscreen?', 'Is this touch screen?', 'is it touchscreen?', 'Is this Laptop is a touch screen', 'is this labtop touch screen?', 'Is it touch screen?', 'Is it touchscreen', 'Is this touchscreen , as a described on the advertisement?', 'is the screen touch screen?', 'Is this model a touchscreen?', 'Is it touchscreen ?', 'Its touchscreen?', 'Is this a touch screen']"
5,does it come with a charger?,"['What charger do I buy for this laptop?', 'Is there a charger that comes with this computer?', 'Does it come with charger?', 'Does it come with a charger?', 'Does it have an charger']"
6,is it legal to play sims?,"['Can I play sims?', 'Can you play sims on this laptop?', 'Can you play sims!?', 'Can you play The Sims on this', 'Can you play the sims 3 ?', 'Can you play sims 4?']"
7,is bluetooth compatible?,"['Is this bluetooth compatible?', 'Is there Bluetooth on this laptop?', 'Does it connect with Bluetooth', 'Can it pair with bluetooth?', 'This laptop has Bluetooth?']"
