1,how will this laptop be suitable for video editing?,"['Is this laptop good for drawing, video editing, and/or animation? like krita, davinci resolve, and blender respectively?', 'Can this laptop handle adobe Illustrator/ photoshop well?', 'Is this laptop good for video editing?', 'Is this a good laptop for writing?', 'Is the laptop great for coding software?', 'I want to by this to edit and upload YouTube videos, is this good for that or are there any good suggestions for a different laptop if any?', 'Would this be a good laptop for video editing?', 'Is the laptop great for video editing?', 'Is this Laptop good for photo editing (Photoshop/ Lightroom)?']"
2,Does this have dvd/cd slot?,"['Does this have dvd/cd slot?', 'Does it have a dvd drive?', 'Does this have a side door where you can play cds or dvds or can you add a new harddrive that allows cds or dvds?', 'Does this laptop have a discdrive?', 'does this have a dvd drive?', ""Can you play DVD's on this?"", 'Does it have a slot for sd cards?', 'Does this laptop have a pc DVD player?', 'does this have a SD Slot for Pictures?']"
3,can this laptop be used as a monitor?,"['Can this laptop be used as a monitor? (hooked up via hdmi to a gaming console)', 'Can you connect this laptop to an external monitor on extended screen setting? If so what cable will I need to connect it?', ""Is this laptop capable of being connected to a hd tv? i bought the laptop for thanksgiving present so won't open the box for about 3 weeks."", 'Can this be used as a gaming laptop?', 'Would this computer be good for gaming?', 'Can this laptop support four monitors with an hdmi splitter?']"
4,is that the touchscreen?,"['Is this a touchscreen?', 'is it touch screen?', 'Is this computer touch screen?', 'Does it have a touch screen?', 'Is this touchscreen?', 'Is it a touchscreen?', 'Is it touch screen?', 'Is this computer touchscreen?', 'Does this have a touch screen?', 'Is this a touch screen laptop?', 'Is this laptop or notebook a touchscreen?']"
5,is this a good laptop?,"['Is this a good quality laptop?', 'What kind of can i use for this laptop', 'Is this a good laptop for runescape?', 'is the laptop small?', 'Is this laptop linux compatible?', 'Is this a laptop or notebook/chromebook?', 'Is this laptop compatible with Apple?']"
6,can you upgrade the ram?,"['Can be RAM upgraded ??', 'I want to upgrade the ram what kind of ram should i get', 'What brand or type of ram should I buy to upgrade? Thanks', 'can you upgrade the ram?', 'Is the ram upgradable from 4gb to 8gb?', 'What sort of games could this handle with and without upgrading ram?', 'Is it possible to upgrade the ram to 16gb, or even 32?', 'What is the existing ram? 2666 or 3200? cause ram upgrade should be compatible to existing ones. thanks.']"
7,what is s mode?,"['What does S mode mean', 'What does ot mean S Mode?', 'what is S mode?', 'What is windows s mode?', 'What is s mode and what does it do?']"
8,What type of HDD does this laptop support?,"['Can you add a sata hdd to this laptop. does it have a slot for the sata hard drive?', ""I would like to add a wd10spzx (1tb wd blue mobile hard drive 2.5'' 7mm 5400rpm) to the second empty 2.5 slot, does this laptop support it?"", 'Does the laptop have a DVD drive.', 'Does it have sata 2.5 for upgrading the storage?', 'What type of HDD does this laptop support?', 'What kind of hard drive does have sata ii o sata iii, can i install a old hdd sata 3.0', ""Does this laptop have an empty sata hard drive slot? i've seen yes and no on this listing; which is it?""]"
9,What edition of Windows 10 is it when taken out of S mode?,"['Does this laptop require buying windows 10 to get out of S mode?', 'Can you take off S mode?', 'Why does the microsoft store say i am ""running non-genuine windows 10 home"" when i attempt to switch out of s mode? it won\'t allow a switch.', 'Can you switch off S mode to regular windows ?', ""There's no charge to switch out of s mode. on your pc running windows 10 in s mode, open settings > update & security > activation. in the switch???"", 'What edition of Windows 10 is it when taken out of S mode?', 'If you opt-out of S mode, does it void any warranties?', 'What exactly is Windows 10 in S mode?', 'What is windows 10 in s mode? this is for personal use storage, i want a faster processor, better graphics, and love the backlit board! recommend?', 'What is difficult about windows 10 is s mode?']"
10,Can I connect this to two external monitors? If not what hub should I get?,"['Can I connect this to two external monitors? If not what hub should I get?', 'Can you hook up to a second monitor?', 'I have (1) external monitor hooked up via hdmi, but would like to connect a (2nd) external monitor...is there a way to do that on this computer?', 'I want to connect this with another monitor. What docking station would I need?', 'Can i hook up an external monitor?']"
11,does the crucial 16gb ddr4 2666 ram work on this laptop?,"['Will crucial 16gb single ddr4 2666 work on this laptop? 260 pin', 'will this ram fit this computer? crucial ballistix sport lt 2666 mhz ddr4 dram laptop gaming memory single 8gb (pc4-21300) cl16 bls8g4s26bfsdk (gray)', 'If i replace the 4 gb ram with this one, will it work? ----samsung 32gb ddr4 2666mhz ram memory module for laptop computers (260 pin sodimm, 1.2v) m47', 'will this ram fit this computer? crucial 16gb kit (8gbx2) ddr4 2666 mt/s (pc4-21300) sr x8 sodimm 260-pin memory - ct2k8g4sfs8266', 'Is this compatible with two ""samsung 16gb ddr4 pc4-21300, 2666mhz""?', 'I see 288 and 260 pin ddr4 2666mhz memory. please advise which this uses. thanks']"
12,is it compatible with hp printers?,"['My canon 3922 printer will not hook up with this, what printer will work with this?', 'is this computer compatible with the hp envy 5055 wireless printer', 'Is it compatible with hp printer?', 'Can I connect a printer to it?', 'Would this laptop be compatible with my HP wireless printer?', 'Well, i have an old canon printer ip1800, will not connect and about to trow the whole thing out. is it my printer?']"
13,can i play sims 4 on the same laptop?,"['Is this a good laptop to play sims 4 on?', ""How would this do running the new Diablo 2 remastered? I'm looking for a cheap laptop to play it when it releases."", 'Does this run the sims 4 fast?', 'Is this a good computer for playing sims?', 'What cpu should i get if i want this laptop for sims 4 ?']"
14,can i add a second 1tb ssd drive?,"['Can i add a second 1tb ssd drive? If so will the 128gb already in, add to it?', 'do I need to get a cable to add a second 2.5"" ssd? What kind of cable do I need and where can I get it?', 'Could this be upgraded to 1 tb ssd?', 'can more hard drive be added?', 'Is there any solution to expand the 128gb ssd storage?']"
15,"Si quiero aumentarle una memoria ram de 8gb, cuál recomiendan?","['Buenas, quiero una recomendación sobre un buen ssd 500gb ( buena marca ), también quiero expandir la memoria ram a 32gb cuáles me recomiendan?! gracia', 'Hola, recién adquirí esta laptop, cual Hdd de 1tb, Ram 16gb para poder expandir', 'Se le puede colocar una tarjeta ram de 16g en un lado y en el otro dejarle la de 4gb que trajo? soy un neófito en cuanto a computadoras', 'Si quiero aumentarle una memoria ram de 8gb, cuál recomiendan?', 'Entiendo que soporta hasta 16 G de ram, que memoria de 8G me recomiendan para comprar dos?']"
