1,how could you play roblox with this new laptop?,"['Is this laptop powerful enough to handle Roblox?', 'This laptop good to play Roblox?', 'Can this computer handle roblox', 'Will roblox run smoothly on this computer?', 'Can you play roblox with this laptop?', 'Can u play Roblox on this laptop?', 'I know this is not a gaming laptop but can it run simple programs like Minecraft or Roblox?']"
2,Does it have a webcam?,"['Does it have a camera?', 'does it have a video camera', 'Is there a camera?', 'Does this laptop have a camera?', 'Does it have webcam built in?', 'Does it have a webcam?', 'Does this have a Webcam', 'Does this model have a webcam ?', 'Does this have a camera ?', 'Does it have a camera amd mic?']"
3,can we use google chrome?,"['Can you use google chrome on this computer ?', 'Can i use google on this computer', 'Does it come with google or can you download google chrome?', 'Does this support google chrome or Firefox ?', 'Can you use google chrome on this?']"
4,Is this a good laptop for online school and worl at home purposes?,"['Is this a good laptop for people going to graduate school?', 'Is this laptop good for editing photos and videos as well as editing things like books?', 'Is this a good laptop for online school and worl at home purposes?', 'is this computer really good to work with and fast?', ""I'm looking for a good laptop for college. Would this work good?""]"
5,is this a touch screen?,"['is the screen touch screen?', 'Is this touchscreen , as a described on the advertisement?', 'is it touchscreen?', 'Is this a touch screen', 'Is it touch screen?', 'Is this touch screen?', 'Is this Laptop is a touch screen', 'Is it touchscreen', 'Is it touchscreen ?', 'Is this touchscreen?', 'Is this laptop touchscreen?', 'is this labtop touch screen?', 'Is this model a touchscreen?']"
6,is it compatible with bluetooth?,"['Can it pair with bluetooth?', 'Is this bluetooth compatible?', 'This laptop has Bluetooth?', 'Does it connect with Bluetooth', 'Is there Bluetooth on this laptop?']"
7,can i use a sd card in this laptop?,"['Can i use a sd card for storage in this laptop', 'Can I put a sd card in this laptop and move programs onto the sd card?', 'What is the biggest sd card that will work with this laptop?', 'Can i us a sd card for storage in this laptop', 'Can you expand the storage on this laptop?']"
8,is it possible to play sims?,"['Can you play sims!?', 'Can I play sims?', 'Can you play sims on this laptop?', 'Can you play sims 4?', 'Can you play the sims 3 ?', 'Can you play The Sims on this']"
9,does it come with a charger?,"['Does it come with a charger?', 'Does it come with charger?', 'What charger do I buy for this laptop?', 'Does it come with a power cord?', 'What kinda charge comes with it', 'Is there a charger that comes with this computer?', 'Does this labtop come with the battery?', 'Does it have an charger']"
