1,does it have bluetooth?,"['does it have bluetooth', 'does this acer aspire 5 product have bluetooth? why is it not mentioned in the descriptions?', 'Does this laptop have bluetooth?', 'Tiene conexión Bluetooth?', 'is it bluetooth enabled?']"
2,is it good to use this laptop to do all kinds of programming and learning?,"['Is this a good laptop for programming?', 'Would you consider this laptop good for graphic design? does it run photoshop, illustrator, or indesign well?', 'Would this be a good laptop for Final Draft 11?', 'Would this be a good laptop for online classes?', 'Is this laptop good with running 3D modeling programs?']"
3,is this laptop compatible with online gaming?,"['can this laptop play league of legends?', 'Is this laptop compatible with online gaming?', 'Can this laptop do light gaming', 'does this laptop play fortnite?', 'Can this laptop play the sims 4 well?', 'Can these laptop run games like ""Overwatch"" well?']"
4,Does the A515-54-51DJ have additional space for a second drive?,"['Is there room to install a 2.5"" hard drive?', 'Can I add another internal hard drive to this computer?', 'What 500gb SSD drive can be installed for second storage?', 'Does the A515-54-51DJ have additional space for a second drive?', 'Does this have room for a sata hdd?', 'Is there a hard drive kit to install the additional hard drive?', 'Can you add a second hdd to this laptop?']"
5,does it have a audio jack?,"['Will a microphone plugged into the headphone jack work?', 'does the microphone work well?', 'does it have a audio jack?', 'Does it have a audio jack?', 'does it have an input for headphones and a mic?', 'Does this have a headphone jack?']"
6,what do you think?,"['Can this laptop accept 1 or 2 tb pcie nvme ssd?', 'Can the samsung ssd 970 pro 512gb - nvme pcie m.2 2280 ssd compatible in this laptop?', 'Is samsung ssd 970 pro 512gb - nvme pcie m.2 2280 ssd compatible with this?', 'Can pcie nvme ssd be upgraded ?', 'Is it possible to upgrade the NVMe ssd with something bigger?', 'is the pcie nvme support this xpg sx8200 pro 512gb 3d nand nvme gen3x4 pcie m.2 2280 solid state drive r/w 3500/3000mb/s ssd?', 'Can i replace the 256 nvme ssd with 2 tb samsung nvme ssd', ""Does this laptop's extra ssd slot support sata iii?"", 'Can i add an additional nvme pcie m.2 drive into an internal slot?']"
7,is an adaptercharger included?,"['Looking for a replacent charger for this model?', 'Looking for an extra charger, can someone reccomend one please?', 'Can someone please tell me what charger I need to order for this?', 'I broke my charger where can I find a replacement?', 'Which specific battery can be purchased as a replacement for the original battery in the A515-54-51di?', 'I am looking to buy another charger that works with this laptop, can anyone add the link?', 'Does anyone have the link to a new charger for this computer ?', 'Is an adapter/charger included?', 'What kind of charger does it use? My charger broke and I can’t find one that fits to replace it.']"
8,does this laptop come with a charger and accessories,"['Does this laptop come with acer charger?', 'Is this laptop black or silver? The Acer website shows this model as black.', 'Does this laptop come with a charger and accessories', ""Which Acer charging cables are compatible with this model? My brother's dog ate the one that came with it."", 'Can you use docking station with this laptop?', 'My laptop came without a charger can you please send it?', ""What's the deal with this laptop? Does it need to be charged? Does it have a long lasting battery?"", 'Does this laptop come with microsoft?']"
9,can i add another hdd or ssd to my device?,"['can you add a second hdd or ssd and if so how big?', 'Is there a second drive bay to add a HDD?', 'Can you advice what exact model hdd or ssd can be additional installed?', ""I'd like to add a second ssd, what kind of ssd exactly should I buy?"", 'Can i add additional ssd?']"
10,Great with Elgato hd60 S? Capture card for console stream.,"['Great with Elgato hd60 S? Capture card for console stream.', 'Great with streaming with Elgato hd60S?', 'Can this laptop stream consoles via obs using the elgato hd60 s capture card?', 'Great for elgato hd60s capture card? and photoshop?', 'Will this work with an elgato hd60s?']"
