1,how can i get a 16gb ram ram?,"['Will the 16gb ram be available soon? For the 13 inch 2019 model', 'How do you get the 16gb ram version?', 'Can i change the ram to 16gb ?', 'Does it have 8gbs or 16gbs of ram?', 'How much ram does this model have?', 'How much ram? need 16gb.', 'Can i get any of these models with 16gb of ram? would like the 13"" with 256gb ssd and 16gb of ram', 'Can this be purchased with 16gb of ram since you can not upgrade after purchase?', 'If i want to buy the 2019 model and i want to buy it with 16 gb ram, how should i do?', 'Is there an option for 16 gb of ram?', 'How yo buy the 16gb ram version?', 'can buy a 16Gb of ram version through amazon or do i have to get that through apple?', 'How much RAM does this model have?']"
2,Can I choose the keyboard in Arabic,"['Can i get it with Arabic keyboard ? I mean outsit on keyboard key?', 'am I able to get one with Arabic and English keyboard ?if yes How?', 'Can I choose the keyboard in Arabic', 'Dose the Keyboard contain Arabic language', 'How can I order a keyboard in Arabic?']"
3,does the car have a disc drive?,"['Does it have a disc drive ?', 'Does it have a USB port?', 'Does it have an sd slot?', 'Does it have a dvd player & does it work well', 'Does it has a hdd storage', 'Does it have a port for a flash drive?']"
4,is there international warranty?,"['Does it have international warranty ?', 'Does it come with a warranty?', 'Is it eligible for apple international warranty and if i got any damaged product can I replace it?', 'Does it have international warranty?', 'The warranty is international?', 'Does it have direct warranty with apple? i will buy in the usa and bring to brazil, the warranty about also in brazil?', 'Does this come with a warranty?', 'If i bought this in usa for using it in latin america, the product has the warranty?', 'is it have international warranty?', 'Is the warranty valid internationally, i.e. outside the US too ?']"
5,como la pido con teclado español?,"['como la pido con teclado español?', 'Hola, en caso de comprar el articulo con ustedes, para cualqueir tipo de soporte y/o reclamacion y/o garantia fuera de US... cual es el procedimiento?', 'Hay con teclado en español?', 'Si la compro hoy me la entregan máximo hasta el 04/09 en Luisiana ?', 'Se puede poner teclado en español?', 'El teclado es en español? Se le habla y escribe?', 'El teclado incluye la “ñ”??', 'Con qué viene en la caja ?', 'Puedo conseguir con teclado en español?', 'Tienes disponibiliad con teclado en español (con la letra ""ñ"")?', 'Como la pido con Teclado en español?', 'Si compro hoy es posible que me lo entreguen máximo hasta el 04/09 en Luisiana ?', 'Tiene teclado en español?', 'De que año es ?', 'Cómo hago paraque me lo configure con teclado en español????', 'Teclado con la opción de ñ?', 'la pantalla es tactil?', 'Viene con teclado en español?', 'Hay forma que aunque la mac no tenga teclado en español, pueda poner la ñ?', 'Cual es la mejor opción para la carrera de arquitectura', 'Como elijo con teclado en español?', 'opciones de pagó?', 'Se puede enviar a chile?', 'Se puede pedir con teclado en español?', 'Necesito comprar con el teclado en español, como podría hacer?']"
6,which is the version year of macbook?,"['What mac os is installed on this computer', 'What mac operating systemd does this have - mojave or catalina?', 'Which year of this macbook?', 'what version of mac os is this?', 'What version year is this macbook?']"
7,how do i select a 16gb ram?,"['How do you order the 16 gb (of ram) model through Amazon?', 'How come Amazon is not selling the 16gb version for 13” laptops?', 'I would need this exact model but with 16gb ram, do you have any available?', 'Can i buy 16gb of ram? what is the price with 16gb ram, 256gb and 2.4ghz? and why is the price cheaper than apple.com?', 'where can i upgrade to 16 GB of ram?', 'If i want upgrade to 16GB of ram, can i pay for that upgrade online?', 'How do I get it with 16 gigs of ram?', 'How can i specify 16gb ram?', 'I need 16gb of 2133mhz lpddr3 not the 8gb apparantly shipped so how do i order the different model #?', 'Is there anyway to specify ram 16 gb to this model?', 'Whats the ram - 8gb or 16gb?', 'How can i choose 16gb ram.', 'Can you order with upgraded memory to 16gb?']"
8,how much ram does a computer have?,"[""I can't find ram memory anywhere, how much ram ?"", 'How much RAM does this come with?', 'How much RAM does this have?', 'What Ram does this have?', 'How many gb of ram does this have?', 'How much RAM?', ""Can't find memory info, is memory >= 16GB?"", 'This is a misleading, since they do not tell you how much ram comes with the computer. i am guessing 8gb but who knows?', ""Can't find memory info, is it >= 16RAM?"", ""How much ram does this configuration have? it's not in the description"", 'How much ram?', 'how much ram?']"
9,how can i order it using a spanish keyboard?,"['I Q: Hi, there is a chance to order it with a spanish keyboard? (no language switching from Os)', ""Do it have the spanish keyboard? ( i'd like to have the Ñ and the ´)"", 'Can I order it here in Amazon with the spanish keyboard?', 'Can i buy with a portuguese Keyboard?', 'Can i order it with the spanish keyboard? so it has the “ñ” and the accents', 'Hi, is it possible to order it with a spanish keyboard (not only the OS option)?', 'Hi, is it possible to order it with a spanish keyboard (not the OS only)?', 'HI, do you sell the physical spanish keyboard version of this Macbook?', 'Can i order it with Arabic keyboard ?', 'Hi, there is a chance to order it with a spanish keyboard?']"
10,is this the 2019 model?,"['is this the 2019 model?', 'Is this the most recent model as of November 1, 2019?', 'Is this the 2019 model?', 'Is this a 2019?', 'Is this the July 2019 refreshed model?', 'Its is 2019 model ?', 'Hi is this the new model 2019?', 'Is this 2018 or 2019?', '2019 model or 2018?']"
11,Is this the most recent macbook pro that was released in july 2019?,"['Is this the latest macbook with the touch bar?', 'Is this the latest model and true to the advertisement. Touch Bar? 2019?', 'Is it new macbook pro ?', 'Is this the latest macbook pro 2019 with touchbar and touch id?', 'What year is this macbook pro? does it still come with the original warranty from apple?', 'Is this the 2019 model with Touch Bar', ""Hello, i want to know if it's Macbook pro 2018?"", 'when this macbook pro will be available ?', 'Is this the most recent macbook pro that was released in july 2019?']"
12,Does this have the magic keyboard or the butterfly keyboard?,"['Does this have the magic keyboard or the butterfly keyboard?', 'Is this a butterfly keyboard? Or scissor?', 'Is this macbook is with butterfly keyboard or scissors keyboard?', 'Which keyboard is this? Butterfly or scissor? Have heard of issues and worry at the cost which I’m getting', 'Is this 2019 model has the same butterfly keyboard?', 'Does this have the so-called “butterfly switch keyboard” or the “scissor switch” keyboard as on the newer 16” models?', 'Does this have the magic keyboard or butterfly?']"
