1,when do you get the mx150?,"['When will the version with MX150 either in 13 or 14 inch be available?', 'Do you know when the the model with the MX150 will come out?', 'When is the model with the mx150 coming ?', 'is it has the mx150?', 'When will the mx150 version be available?', 'Does it have the MX150 dedicated graphics ?', 'Does it have a graphic card if not is there a different version of it with mx150']"
2,Does it have touch screen?,"['is the screen a touchscreen? 14inch model?', 'Can I get 14"" touchscreen model? If yes, by when?', 'Does this laptop have touchscreen interface?', 'Is it touchscreen?', 'Does this computer have a touch screen?', 'Is this having touch display ?', 'Does the laptop have a touchscreen?', 'Does this have a touch screen?', 'Does it have touch screen?', 'Is it a touchscreen?', 'I want to know if the 14 screen is touch screen in this model? thanks', 'It says there are two touch screens. Is this true?', 'Does this model have touch screen?']"
3,does this product has international warranty?,"['Does this come with International Warranty!', 'How long is the warranty and is it international?', 'Is the warranty global in case of international shipping?', 'Does it have international warranty ?', 'Can i buy extended warranty outside US?']"
4,can a laptop charge using usb c?,"['Can i charge this laptop with usb-c charger pd 60w?', 'can it be charged by usb-c?', 'Can you charge the laptop over usb c?', 'Can the laptop charge via usb-c?', 'Can you charge this laptop over usb-c ?', 'Can the laptop be charged with the usb-c port?', 'Can you charge the laptop through the usb-c port?', 'can you recommend a suitable charger that I can use with this laptop and in Europe?']"
5,can you list the return policies on the laptop?,"['what is the return policy on this laptop?', 'Can I return this laptop if I don’t like it', 'Whats the return policy on this laptop?', 'What is the return policy on this laptop?', 'what is the return policy on this laptop? I would like to get it but if all the same issues arise as they have for other people i dont want it']"
6,What's the difference between this and ux433fa-dh74?,"['Why does the model name is ux433fa-dh74 instead of ux433fn as listed on asus website?', ""What's the difference between this and ux433fa-dh74?"", 'Does the ux433fa-dh74 model have ddr4 or ddr3l?', 'Can someone tell me please, does "" ux433fa-dh74"" model has nvidia gpu or not? answers wary on this topic.', 'What is the difference between ux433fa and ux433fn?', 'Why is there two models, one is fa and fn, the one sold by amazon is ux433fa-dh74 but the one on asus site has the other one ux433fn-dh74? difference?']"
7,is this model equipped with nvidia geforce mx150?,"['Does this model include nvidia geforce mx150?', 'Does this have the mx150 gpu?', 'Does this have a dedicated graphics card with 4GB of memory? I need that as a minimum for school and am having trouble decyphering the specs.', 'This producto is 14"" with nvidia geforce mx 150?', 'Are you able to install a dedicated graphics card onto the 14"" model (ux433fa)?', 'This model has intel graphics, not geforce mx150?', 'is this model integrated Intel graphics only or does it have MX150?', ""Where can a I find a 14' model with gtx m150 graphics?""]"
8,does the display look matte or glossy?,"['Which variations have a matte screen and which have glossy?', 'Does this laptop have a matte or glossy display?', 'Is the display matte or glossy?', 'Does this laptop have a gloss or matte display?', 'Which 14"" model comes with the glossy screen?']"
