1,Does it come with the Active Pen 2?,"['Does it come with the Active Pen 2?', 'I ordered the ""81ss000dus"" model and got it today, but didn\'t see the ""included pen"" as advertised or answered as here. shoud i ask amazon or lenovo?', 'its compatible with lenovosactive pen 2??', 'Does the active pen come with the 12 gb model?', ""it's compatible with lenovo's active pen 2?"", ""Does the pen come with batteries? Mine doesn't seem to have them."", 'Which active pen works with the lenovo flex14 3700? mine did not include a pen in the box.', 'Is the active pen included with the 12 gb ram model?', 'The pen that they send, is it a lenovo pen or just a regular pen?', 'which model number is this theres 2 listed? and does it come with an on board pen', 'does it come with the pen?', 'Can i upgrade the pen to active pen 2 when ordering?', 'Is the pen have bluetooth connectivity?']"
2,Does this come with 8 or 12 RAM memory ?,"['I see that it has 12gb of ram but how much hard drive memory does it have?', 'So 4 gb is soldered and 8 gb is replaceable. Can you tell me what kind of ram it uses? With full specification if its possible please 😇', 'Does the 12gb ram model have a removable battery? Does it have an optical drive?', 'Is this the 12gb ram version? I only want the 12gb ram one.', 'As for the 12gb ram version, how long does it usually take to come back in stock?', 'Is this misleading? It says 12 gb ram but in reviews it sounds like its only 8 gb.', 'Does this come with 8 or 12 RAM memory ?', ""Is there a model available with 12 gb of ram and 500 or more gb of storage ? 256 doesn't seem like much""]"
3,does this have wifi compatibility?,"['does it have a WiFi compatibility?', 'Hey , I have seen some complaints about the wifi in this device , could someone tell there opinion about the connectivety ?', 'Does this laptop have wireless 802.11ac ?', ""It has wi'fi or bluetooth only"", 'Is it LTE compatible']"
4,can you list the types of chargers compatible with this computer?,"['is there a way to charge this laptop using a portable power bank? I cant find the proper cable for this laptop with a USB end', 'what type of charger is compatible with this laptop?', 'Can the laptop get charged via usb c port? If not, does the power adapter run on 220V?', ""So i'm in south africa. will i need more than a wall-side adaptor to charge this laptop or will be included charger be fine?"", 'I purchased this laptop but I don’t know how to insert the battery of the pen. Can someone help me?', 'i received my laptop today, but the charging cord is missing, do i haveto order it separately?', 'Can this laptop charge over usbc?', 'I read that usb-c port isn\'t able to charge. how is works then the ""lenovo usb-c laptop power bank""?']"
5,Is there 220/240v charger available?,"['Is there 220/240v charger available?', 'Is there 240 volt charger available?', 'Can it work with 220v? Or I need to buy a converter', 'Does it come with a charger?', 'Can I use it with 220 volt ?']"
6,"Is 81ss000dus equipped with 8 or 12gb ram, also is 81ss000dus a hd or fhd display?","['Is 81ss000dus equipped with 8 or 12gb ram, also is 81ss000dus a hd or fhd display?', 'Is this listed correctly? there are errors with the product info. is it the 81ss000dus and does it come with 12gb and 1080p screen', 'What’s the resolution for the 81ss000dus? It sais full hd meaning 1080p? Or is it less. Is the only different with the dus and sus the ram or no?', 'Is this model the 81ss000dus or the 81ss0005us? as it is advertised as 81ss000dus but listed as 81ss0005us in ""other technical details"".', ""Could the community confirm if i'm right, there two models: 81ss000dus (12 gb ram, 1366 x 768 hd) and 81ss0005us (8 gb ram, 1920 x 1080 fhd)?"", 'What is the 81ss000dus screen resolution', 'Is this model 81ss000dus?', 'I need to know if model 81ss000dus (12 gig ram) has a backlit keyboard?', 'Dose the model 81ss000dus have fingerprint and backlit keyboard? i know the 81220005us have them but i want the 12gb ram.', 'For the 81ss000dus version, is it possible to upgrade the ram and ssd? any recommendation? looking for 512gb and checking how much ram is possible.', 'Is there a difference between 8gb ram model and 12gb ram model?', ""What's the screen resolution of the screen(model 81ss000dus)? there seem to be conflicting details on this.""]"
7,how can i replace my pen tip?,"['How do you replace the tip of the pen and where can tips be purchased? Mine appears to missing the tip.', 'How can one replace/order the pen tip for this model ?', 'How do you change the pen tip? the current one appears to be broken. does not stick out. told there 3 tips. frustrating...', 'How do you replace the tip of the pen? Second time asking....', 'I need to replace the pen, but have noticed there are so many different pens. Which one exactly should I order for replacement for this device?']"
8,Does the usb c support display?,"['Does the usb-c port support displayport mode and power delivery?', 'Does the usb c support display?', 'Does the usb-c support connection of a second display? can i connect a monitor to the usb-c hub?', 'If the usb-c does not allow display/video. will the other usb ports provide this? i am just trying to get a docking station that actually works.', 'Does the usb-c support power delivery?', 'Can you charge it through the usb-c port?', 'Does the usb-c port support being hooked up to a docking station for 2 monitors?']"
9,is there an international warranty option?,"['Does this model have an international warranty,valid in India?', 'Is it possible to add an international warranty? Thinking of buyint it and deliver to Israel', 'Is there an international warranty option?', 'Is this product ship to india? If so , may i have to pay anything extra ?', ""Hello, i want to purchase this product but i'm worried about warranty issue. i'm from israel. do you provide warranty in my country?"", 'Does it have manufacturer warranty?', 'Hi, is the warranty international?', 'Does it have international warranty? will it be valid in united arab emirates?', 'International warranty']"
10,why does the screen resolution say 1920x1080 and the max screen resolution say 1440x900?,"['Why does the screen resolution say 1920x1080 pixels and the max screen resolution say1440x900 pixels', 'What is the actual screen resolution? it says screen resolution 1920x1080 pixels, max screen resolution 1440 x 900 pixels - what does it mean?', 'Technical details lists these stats. which is correct? screen resolution= 1920x1080 pixels & max screen resolution= 1440 x 900 pixels', 'Screen resolution 1920 x 1080, max screen resolution 1440 x 900. how can the max resolution be significantly lower ?', 'Why exactly is it listed with display resolution max at 1440x900? You claim it if full 1920x1080, but list the max at much lower.']"
11,what do you recommend for your ram upgrade with 16gb of storage?,"['Does the 12gb ram version is up gradable?, if so how in which ram configuration? also can i replace the ssd to a larger capacity, which ssd can i put?', 'if you get 12gb or Ram...how much more can be upgraded?', 'can I upgrade the ram up 16gb?', 'Not concerned with a warranty. Should I upgrade to 12gb or 20gb? Will this device utilize 20gb of ram?', 'Can the memory ram be expanded also in the r5/12 ram new release version?', 'For the 12 gb version, is there still an open slot to upgrade the ram? did lenovo just fill the two ram slots with a 8 gb and 4 gb card?', 'Is it possible to purchase the 12gb ram model and upgrade the ram myself, or is it saudered on?']"
12,does the model 81ss0005us have a backlit keyboard and fingerprint scanner,"['Does the model 81ss0005us have a backlit keyboard and fingerprint scanner', 'Does the 81ss000dus model come with a back lit key board as well?', 'Does 81ss000dus model onclude backlit and fingerprint?', 'Does this laptop model 81ss000dus has a fingerprint reader', 'Does this model have the fingerprint reader?']"
