1,Tiene teclado en español?,"['Tiene teclado en español?', 'El teclado incluye la “ñ”??', 'Como la pido con Teclado en español?', 'El teclado es en español? Se le habla y escribe?', 'Tienes disponibiliad con teclado en español (con la letra ""ñ"")?', 'Si la compro hoy me la entregan máximo hasta el 04/09 en Luisiana ?', 'Necesito comprar con el teclado en español, como podría hacer?', 'la pantalla es tactil?', 'Qué año es ?', 'Hay forma que aunque la mac no tenga teclado en español, pueda poner la ñ?', 'que año es?', 'Viene con teclado en español?', 'Teclado con la opción de ñ?', 'Se puede poner teclado en español?', 'Si compro hoy es posible que me lo entreguen máximo hasta el 04/09 en Luisiana ?', 'Se puede pedir con teclado en español?', 'De que año es ?', 'Hay con teclado en español?', 'Se puede enviar a chile?', 'Como elijo con teclado en español?', 'Cómo hago paraque me lo configure con teclado en español????', 'Puedo conseguir con teclado en español?', 'Con qué viene en la caja ?', 'como la pido con teclado español?']"
2,Is this 2019 version?,"['Is this 2019 version?', 'Is this the 2019 model?', 'is this the 2019 model?', 'Hi is this the new model 2019?', 'Is this a 2019?', 'Is this the 2019 release', 'Is this 2018 or 2019?', 'Its is 2019 model ?', 'Is this the latest Version? 2019', 'Is this the 2020 newest version?']"
3,does it have international warranty?,"['If i bought this in usa for using it in latin america, the product has the warranty?', 'Does it have international warranty?', 'is it have international warranty?', 'The warranty is international?', 'Does it have international warranty ?', 'Does it have direct warranty with apple? i will buy in the usa and bring to brazil, the warranty about also in brazil?', 'Is the warranty valid internationally, i.e. outside the US too ?']"
4,is there a charger included?,"['Is there a charger included?', 'What is the watts of the charger that is included?', 'What does it come with? Does it include a charger?', 'Does the charger still incorporate the magsafe feature?', 'Are there usb-c charge cable and power adapter included?']"
5,How do you get the 16gb ram version?,"['How can i specify 16gb ram?', 'Whats the ram - 8gb or 16gb?', 'How do I get it with 16 gigs of ram?', 'If i want to buy the 2019 model and i want to buy it with 16 gb ram, how should i do?', 'How yo buy the 16gb ram version?', 'how much ram?', 'Is there anyway to specify ram 16 gb to this model?', 'How do you order the 16 gb (of ram) model through Amazon?', 'is there any posibile way of upgrading to 16 gb ram?', 'Can i change the ram to 16gb ?', 'Is there an option for 16 gb of ram?', 'How can I specify the 16GB version?', 'How can i choose 16gb ram.', 'How much RAM?', 'How much ram? need 16gb.', 'Does it have 8gbs or 16gbs of ram?', 'If i want upgrade to 16GB of ram, can i pay for that upgrade online?', 'How much ram?', 'where can i upgrade to 16 GB of ram?', 'How do you get the 16gb ram version?']"
6,does the phone have a touch id or a touch bar?,"['Tiene touch bar ? Touch ID ?', 'Does this have touchbar?', 'Does this have the Touch Bar?', 'Touch bar and Touch id?', 'Does it have touch ID and touch bar?', 'With touch bar and Touch id?']"
7,How much ram does this model have?,"['Can this be purchased with 16gb of ram since you can not upgrade after purchase?', 'can buy a 16Gb of ram version through amazon or do i have to get that through apple?', 'How much ram does this model have?', 'Can i buy 16gb of ram? what is the price with 16gb ram, 256gb and 2.4ghz? and why is the price cheaper than apple.com?', 'Can i get any of these models with 16gb of ram? would like the 13"" with 256gb ssd and 16gb of ram', 'How much RAM does this model have?', 'Will the 16gb ram be available soon? For the 13 inch 2019 model', 'I would need this exact model but with 16gb ram, do you have any available?', 'Can you order with upgraded memory to 16gb?']"
8,Does this have the magic keyboard or the butterfly keyboard?,"['Does this have the so-called “butterfly switch keyboard” or the “scissor switch” keyboard as on the newer 16” models?', 'Does this have the magic keyboard or the butterfly keyboard?', 'Is this 2019 model has the same butterfly keyboard?', 'Does this have the magic keyboard or butterfly?', 'Did the keyboard of this 13"" version will change for the same ""magic keyboard"" in the 16"" macbook version?', 'Is this macbook is with butterfly keyboard or scissors keyboard?', 'Which keyboard is this? Butterfly or scissor? Have heard of issues and worry at the cost which I’m getting', 'Is this a butterfly keyboard? Or scissor?']"
9,"Hi, is it possible to order it with a spanish keyboard (not the OS only)?","['Hi, is it possible to order it with a spanish keyboard (not only the OS option)?', 'Hi, is it possible to order it with a spanish keyboard (not the OS only)?', 'Hi, there is a chance to order it with a spanish keyboard?', 'I Q: Hi, there is a chance to order it with a spanish keyboard? (no language switching from Os)', 'can i choose Spanish Keyboard?', 'Can i order it with Arabic keyboard ?', 'Can i order it with the spanish keyboard? so it has the “ñ” and the accents']"
10,Can I choose the keyboard in Arabic,"['Dose the Keyboard contain Arabic language', 'How can I order a keyboard in Arabic?', 'am I able to get one with Arabic and English keyboard ?if yes How?', 'Can I choose the keyboard in Arabic', 'Can i get it with Arabic keyboard ? I mean outsit on keyboard key?']"
11,Is this the most recent macbook pro that was released in july 2019?,"['Is it new macbook pro ?', 'Is this the latest macbook with the touch bar?', 'Is this the latest macbook pro 2019 with touchbar and touch id?', 'when this macbook pro will be available ?', 'Is this the most recent macbook pro that was released in july 2019?', ""Hello, i want to know if it's Macbook pro 2018?""]"
12,How much RAM does this have?,"['What Ram does this have?', 'Where, in the product information of this ad, does it specify the RAM?', 'Why is the ram not listed?!! How are you supposed to know what you are buying?', 'How much RAM does this come with?', 'How many GB of memory does this have?', ""Why doesn't the listing show RAM?"", 'How many gb of ram does this have?', 'How much RAM does this have?', ""How much ram does this configuration have? it's not in the description""]"
