1,¿tiene garantía de apple desde la compra hasta un año?,"['¿tiene garantía de apple desde la compra hasta un año?', 'La garantía es de un año? Apple Care puede adquirirse en cualquier país?', 'Tiene garantía global? De cuánto tiempo? La garantía es directamente con Apple?', 'Si uno se fuera para otro país la garantía sigue disponible en las tiendas apple del otro pais', 'Cuánto tiempo de garantía tiene luego de comprarla? La vez pasada compré un ipad y ya venía con 1 mes y medio de garantía menos', 'Es refubrished? Porque el precio es más barato que el de la propia apple']"
2,De cuanto tiempo es la garantia?,"['De cuanto tiempo es la garantia?', 'Ya viene con garantia o es el plan de protección que tienes que comprar?', 'Es nueva? Tiene la garantía de un año si compro ahora?', 'Tiene garantía?', 'Cuánto tiempo de Garantían tiene?', 'Este es el último modelo? Tiene garantía en Colombia?', 'Puedo pedirla con teclado en español y si la garantia es internacional', 'Cuanto pesa con todo y caja?']"
3,what is a model number?,"['Dowhat is the model number????', 'Which model number is this?', 'model number?', 'Whats the Model number?', 'What’s the model number', 'what is the model number?', 'What is the model number?']"
4,Is it the newest 2019 macbook air?,"['Is this Macbook Air late 2018?', 'Is it the newest 2019 macbook air?', 'Is this genuine 2019 new model with apple warranty?', 'What is the model number of latest macbook air released in july 2019?', 'Is it Mac Book 2019 or 2018?', 'One more question is this the lastest 2019 MacBook Air that came out this year']"
5,Puedo pedirlo con teclado en español?,"['Puedo pedirlo con teclado en español?', 'Necesito este producto pero me equivoque queria cambiar la direccion de envio porque no llegaba a tiempo. Que debo hacer para que me lo envíen', 'es nueva?', 'Se puede pagar a plazos y como?', 'No me queda claro lo del teclado. Español tambien?', 'Hola se puede comprar con teclado en español ? se venden así en eeuu?', 'El teclado tiene la letra “ñ”?', 'Esta maquina se puede pedir con teclado en español (ñ)?', 'Cómo se puede comprar a pagos?', 'Se puede hacer que llegue a Peru?', 'Tienen despacho a Chile?']"
6,does it have a charger?,"['Does it come with detached usb and charger?', 'Does it come with the charger?', 'does it come with usb-c chg cable?', 'Is a charger included', 'does it come with power adapter?', 'does this include a charger?', 'Is power usb power adapter and charge cable included?', 'Does it come with charger']"
7,is this the model of 2019,"['This is the 2019 model, right?', 'Is this 2018 model or 2019 model?', 'Is this the 2019 model ?', 'Is this a 2019 model', 'Is it 2019 model??', 'Is this a 2019 model ?', 'What is the difference between the 2018 model and the 2019?', 'Is this the 2019 model', 'Is this the 2019 or 2018 model?']"
8,It includes with one year global warranty from apple?,"['It includes with one year global warranty from apple?', 'Apple Warranty Statement: coverage is 1 year from date of original retail purchase by end-user purchaser. Why do some posters claim it is not covered?', 'Can I add AppleCare warranty to the order?', 'Does it come with a global warranty?', 'Does this laptop comes with global warranty ?', 'Would this come with Apple’s on year warranty?', 'Is the warranty of apple products apple’s warranty?', 'Is it comes with international warranty?', 'Does it come with apple care for the first year?', 'Is this a true apple product? Will it fall under apple warranty?', 'Does the laptop come with Global Warranty?', 'Does it cover international warranty?', 'Does it come with a warranty?']"
9,can i order a spanish keyboard?,"['Can I order one with Spanish keyboard?', 'i would like to buy it and change the keyboard to a French azerty keyboard. How is that possible?', 'Hi, can you buy with Spanish keyboard? Thank you', 'It has Spanish keyboard?', 'I want to buy this product but i need it with the french keyboard (azerty). is it possible ?', 'Can i asked for a spanish keyboard? and if i buy it today, the free shipping is from 15 to 20 august. can i have it from 18 to 20 august? thanks', 'How can we order the macbook air with a spanish keyboard?', 'Hi. Can I order it with a portuguese keyboard? Thanks', 'Can I get spanish keyboard?', 'Hi, there is a chance to order it with a spanish keyboard?']"
10,what model year does this laptop comes with?,"['Does it comes with international warranty? What model is this laptop? What is the main diference with the latest model?', 'Is this laptop the latest made?', 'Is this a 2019 model? When does the warranty expire on this device?', 'What year is this laptop ? 2018 or 2017 model ?', 'What is the model number for this laptop? Trying to get a case that matches. Thanks', ""What is the model number of this laptop? the 2019 version is mvfh2ll/a. is this the one they're calling the 'latest model'?"", 'Is this the newest laptop ?', 'Do this computers have warranty?', 'What model year is this laptop?']"
11,is there a warranty on this item?,"['does this product includes warranty? their is contradictory answers for this question here so can some one please provide reliable answer for this?', 'Does this have warranty?', 'Any warranty with this item?', 'Does this product have a warranty that comes with it?', 'Does the seller gives international warranty ?', 'How long is this product under warranty?', 'Is this under warranty', 'Is it a warranty on this item', 'Is there warranty on this ?', 'Does this comes with a warranty?']"
12,can i add applecare after purchasing it?,"['Can I add AppleCare after buying it ?', 'How much time do i have to buy apple care?', 'Can I add AppleCare after purchasing it?', 'Does this come with Apple care availability?', 'Is Applecare included?']"
