1,how much ram is supported?,"['How much more ram could i put into it and would it make a diffrents for gaming?', 'can i upgrade the stock ram and add 2 new ram sticks that are more powerful? like 3200?', 'Can i add a ddr5 ram?', 'Can i add more ram or another drive?', 'How much RAM is supported?', 'would a “ oloy ddr4 ram 16gb (1x16gb) 2400 mhz cl17 1.2v 260-pin laptop gaming sodimm for intel (md4s162417izsc)” fit in the laptop?']"
2,Are the 256 pcie ssd included on the sata or nvme slot? ( model with r4 3550h + 1650),"['Are the 256 pcie ssd included on the sata or nvme slot? ( model with r4 3550h + 1650)', 'Does the 1650 version have a sata ssd slot, i have a samsung 860 evo?', '256gb nvme? O sata ?', 'If it comes with 256 gb of pcie ssd then can i add an m.2 to it?', 'Does this laptop have pcie or nvme ssd?']"
3,How many FPS does it run on fortnite,"['How much fps will i get on fortnite with low setting and how much fps will i get with unlimited frames on fortnite?', 'How many FPS does it run on fortnite', 'Fortnite on all low settings give about 50-55 fps in game, anyone knows y?? and i only get about 60-65 on all low in creative mode', 'Can i play fortnite at 60 fps', 'If you play fortnite with all settings at low/off except for view distance at max, what fps can you expect?']"
4,is this the regular gti 1650 mobile card or the max-q version?,"['Is the laptop actually a gtx 1650 or a 1650 maxq in disguise?', 'is the gtx 1650 mobile max q version or max p?', 'Is this the regular gtx 1650 mobile card, or is it the max-q version?', 'Is this using the actual desktop version of the gtx 1650 or is it some sort of laptop version?', 'Does this have the ryzen 5 or 7 / 1650 or 1660ti in it, the discription says ryzen 5 and gtx 1650 ? (would like exact details if possible)', 'Why does asus support (the manufacturer) claim that this device includes a full 1650 gpu when the model number of the gpu is a max-q version?', 'is the asus tuf 505dt has a 1650 or 1650 maw q as a graphic carte?']"
5,does warranty work in the philippines?,"['Does warranty work in Philippines?', 'Is the warranty international?', 'Does, it got warranty in Philippines?', 'Is the international warranty valid in Brazil?', 'Does it have warranty in the Philippines?', 'Is the International warranty valid on india ?']"
6,Ram specification ?????????,"['What are the exact specifications of the ram? timings, latency, speed?', 'How many ram slots does it have', 'what i want to know is this the ram memory is separate from the graphics memory', 'What ram type does it need like ddr4 sodimm or bec im confuzzeled i wanna know the exact ram type plox?', 'Ram specification ?????????', 'What RAM frequencies are compatible?', 'what frequencies of ram memory comes the laptop', 'Whats the cas latency and freq of the 8gb ram it comes with?']"
7,would crucial 32gb kit (16gbx2) ddr4 2400 mt/s (pc4-19200) dr x8 sodimm 260-pin memory - ct2k16g4sfd824a ram upgrade be compatible with this laptop?,"['would crucial 32gb kit (16gbx2) ddr4 2400 mt/s (pc4-19200) dr x8 sodimm 260-pin memory - ct2k16g4sfd824a ram upgrade be compatible with this laptop?', 'Can i add this type of ram?? crucial 32gb kit (16gbx2) ddr4 2666 mt/s (pc4-21300) dr x8 sodimm 260-pin memory', 'does it matter what brand of ram i get to upgrade this to 16 or would any 8gb laptop stick work?', 'is this the correct ram to buy? ""crucial 32gb kit (16gbx2) ddr4 2666 mt/s (pc4-21300) dr x8 sodimm 260-pin memory - ct2k16g4sfd8266""', 'Can the seagate firecuda gaming sshd 1tb sata 6.0gb/s 2.5"" hdd be used in this laptop? it\'s model st1000lx015', 'can this laptop handle hyperx predator ddr4 rgb 16gb kit 3200mhz cl16 dimm xmp ram memory / infrared sync technology black (hx432c16pb3ak2/32)?', 'Is this compatible with samsung 8gb ddr4 2666mhz ram memory module for laptops (260 pin sodimm, 1.2v) m471a1k43cb1?', 'will any ram that is ddr4, 2400mhz so-dimm, 1.2v, 260 pin work in the tuf fx505dt? what about that + cl17 non ecc unbuffered (pc4 19200)?']"
8,does it have a dual channel ram for the 8gb model?,"['Does it have an empty ram slot? and its easy to add a new ram module? (asus tuf fx505dt)', 'Can anyone link the ram that would work for this laptop?', 'What is the model number of the 8gb sick of RAM that ships with this?', 'Is this single or dual channel ram? also there is a slot for 2.5 hdd right?', 'Asus tuf 505 dt comes with 1 stick 2400 mhz ram, can i replace with faster ie 2666 mhz will it post at 2666?', ""Is there a ram qvl somewhere for the fx505dt? i'm wondering if it would support 3200mhz ram at all, as there are no ram settings in the bios."", 'does it have dual channel ram for the 8 GB model?', 'Is the asus tuf fx505dt gaming laptop, 15.6 user upgradeable, can i upgrade the ram?', ""Is the ram/memory stick that's already in the laptop single- or dual-channel? and what are the specs on the stick so i can add a 2nd stick?"", 'Does this laptop come with 1x8gb stick of RAM of 2x4gb?']"
9,does the ryzen 5 3550h bottlenecks the gtx 1650?,"['I cant find any reviews on the ryzen 5 model with the gtx 1650. i dontveven find this build configuration on the asus site. anybody actually buy this?', 'The ryzen 5 model has amd radeon rx vega 8 or nvidia geforce gtx 1650?', 'Hello i want the ryzen 5 version with the gtx 1650 but i was wondering can i change it to intel core i5 or core i7? is that possible with asus fx505dt', 'Could anyone who bought the ryzen 5 with gtx 1650 version write down your thoughts about the product?', 'does the ryzen 5 3550h bottlenecks the gtx 1650?']"
10,can i add an additional 250 gb ssd using the existing one?,"['Can i add an extra 250 gb ssd keeping the existing one?', 'Can i add a 2.5"" ssd as a secondary drive? answers on amazon seem contradictory.', 'Does this model have expandable ram and room for another ssd?', 'Can i extend ssd to 500 gb?', 'Can i add another hard disk (1tb hdd)?', 'Can i add a 1 tb hard drive apart from the 256gb ssd it brings or do i have to remove this to install the 1tb hd?', 'Can a 1 T HD (not an ssd) be added?']"
11,is it possible for storage to be expandable?,"['Is the storage expandable?', 'Can I add 1tb of storage to it?', 'Can you upgrade the storage on this thing?', 'Is the storage and ram upgradable?', 'Can I add storage space, and what do I need to do so/what parts should I get?']"
12,can you support a second hard drive?,"['Can it support a second hard drive? If so, what size?', 'You could add a hard disk to this laptop', 'Does it hold a secondary drive?', 'Can I install an additional Hard Drive?', 'can you put in another hard drive?', 'Can i put another hard drive, apart from the one that already has?', 'can i add a 2.5 hard drive?', 'Does this have a traditional HDD as well?']"
13,is vr compatible?,"['Has anyone ran VR on this pc?', 'Is this vr ready?', 'Is this good for VR?', 'Can i play VR games', 'Virtual reality?']"
14,¿El teclado es en español?,"['¿El teclado es en español?', 'Desde qué país y ciudad envía el producto?', 'Cual es la referencia del procesador?', 'Es cierto que llegaría el 22 de mayo?', 'Tiene envío a España?']"
15,Can the ryzen 5 3550h gtx 1650 run smoothly cs:go at ultra settings 1080p?,"['Can the ryzen 5 3550h gtx 1650 run smoothly cs:go at ultra settings 1080p?', 'Can the ryzen 7 gtx 1660ti model run vr?', 'I have seen that it can run gta 5 at max settings, but can it run gta 5 smoothly on max settings?', 'Can this model with ryzen 5 and gtx 1650 run the game maneater?', 'Does the 120hz refresh rate of this laptop plays really good the cs:go?', 'How much fps in maneater with this model ryzen 5 3550h + gtx 1650?', 'Can the GTX 1650 run modern games at high settings, thanks. Also, does it have a ThunderBolt 3 port? 👍', 'How much fps while playing cs:go at max graphics settings?']"
16,Can this run gta 5?,"['can ryzon 5 256g version run gta 5?', 'Can this run gta5?', 'Can the ryzen 5 | 256g | gtx 1650 play arma 3 and squad?', 'can the 256g model run gta 5?', 'Can this run gta 5?']"
17,what ram would i need to upgrade to 16gb?,"['So i’m upgrading the ram with 2666 16gb. the 8gb stick on the original stick says 3200.... so what can this thing handle?', 'What is the procedure of inserting a 8 gb ram stick into the 8 gb model?', 'Trying to upgrade to 16g ram - whats the correct info on the other stick ?', 'If I were to upgrade to 32 GB of ram, what would be the correct sticks to buy?', 'Ram goes up to 2400 so I installed 2666 for the second ram can I install 2400 speed ram?', 'This model is supposed to work with ddr4 2666 mhz, if i want to add another 8gb stick, what speed should i get (or what speed is the one included)?', 'What ram would I have to buy to upgrade to 16gb?', 'will this take 16 GB Sticks at 3200mhz?']"
18,can it run 100+ fps in fortnite,"['can it run 100+ fps in fortnite', 'Can i play fortnite up to 120 hz ?', 'How many fps run Fortnite ?', 'Does it have backlit display? and how many fps does it run with high settings in fortnite?', 'Can the asus tuf fx505dt-ah51 can run fortnite at a decent frame rate?']"
19,how can i use the 2 slot in my m2 for an additional ssd card?,"['Is there a second m2 slot to add an additional ssd? Is the 8gb of installed ram one stick or two 4gb sticks?', 'If i get another ram stick, do i really need to upgrade the ssd? Also, is it possible to replace the battery with a better one?', 'How many ram slot? laptop comes with 8gb of ram, is it with one 8gb or two 4gb ram?', 'Do you also need to buy a bracket to install the second ssd? also is it in the sata3 format or the m.2 format?', ""What's the biggest ssd card i can put on the m.2 slot? 1tb, 2tb?"", 'Are the drive slots m.2 or sata? how manny expansion slots?']"
