1,can i order a spanish keyboard?,"['Hi, there is a chance to order it with a spanish keyboard?', 'It has Spanish keyboard?', 'Hi. Can I order it with a portuguese keyboard? Thanks', 'Hi, can you buy with Spanish keyboard? Thank you', 'Can I order one with Spanish keyboard?']"
2,does it come with international warranty?,"['Is it comes with international warranty?', 'does this product includes warranty? their is contradictory answers for this question here so can some one please provide reliable answer for this?', 'Does this comes with a warranty?', 'Does it cover international warranty?', 'Does this laptop comes with global warranty ?', 'Does this product have a warranty that comes with it?', 'Does it come with a warranty?', 'Is it a warranty on this item', 'Does the seller gives international warranty ?', 'It includes with one year global warranty from apple?', 'Does it come with a global warranty?', 'Any warranty with this item?', 'Is there warranty on this ?', 'Does this have warranty?', 'Does the laptop come with Global Warranty?']"
3,De cuanto tiempo es la garantia?,"['Si uno se fuera para otro país la garantía sigue disponible en las tiendas apple del otro pais', 'Cuánto tiempo de Garantían tiene?', 'La garantía es de un año? Apple Care puede adquirirse en cualquier país?', 'Puedo pedirla con teclado en español y si la garantia es internacional', 'De cuanto tiempo es la garantia?', '¿tiene garantía de apple desde la compra hasta un año?', 'Cuánto tiempo de garantía tiene luego de comprarla? La vez pasada compré un ipad y ya venía con 1 mes y medio de garantía menos', 'Es refubrished? Porque el precio es más barato que el de la propia apple', 'Es nueva? Tiene la garantía de un año si compro ahora?', 'Tiene garantía global? De cuánto tiempo? La garantía es directamente con Apple?']"
4,can i add applecare after buying it?,"['How much time do i have to buy apple care?', 'Does this come with Apple care availability?', 'Does it come with apple care for the first year?', 'Can I add AppleCare warranty to the order?', 'Can I add AppleCare after buying it ?', 'How much is the extra applecare warranty?', 'Can I add AppleCare after purchasing it?']"
5,is this the model of 2019?,"['Is this a 2019 model ?', 'Is this 2018 model or 2019 model?', 'What is the difference between the 2018 model and the 2019?', 'Is this the 2019 or 2018 model?', 'Is this a 2019 model', 'This is the 2019 model, right?', 'Is this the 2019 model', 'Is this the 2019 model ?', 'Is it 2019 model??', 'This is quite confusing. Is this the 2019 model, or the 2018 one without True Tone?']"
6,is this an actual Apple product ?,"['Is this a real Apple product? One of the reviews says it isn’t.', 'Is this a true apple product? Will it fall under apple warranty?', 'is this an actual Apple product ?', 'Is this from Apple, will it come in the original packaging? Also, it is the 2019 model correct?', 'Is this genuine 2019 new model with apple warranty?']"
7,No me queda claro lo del teclado. Español tambien?,"['No me queda claro lo del teclado. Español tambien?', 'Esta maquina se puede pedir con teclado en español (ñ)?', 'Se puede pagar a plazos y como?', 'Necesito este producto pero me equivoque queria cambiar la direccion de envio porque no llegaba a tiempo. Que debo hacer para que me lo envíen', 'Cómo se puede comprar a pagos?', 'es nueva?', 'Hola se puede comprar con teclado en español ? se venden así en eeuu?', 'El teclado tiene la letra “ñ”?', 'Se puede hacer que llegue a Peru?', 'Puedo pedirlo con teclado en español?', 'Cuanto pesa con todo y caja?']"
8,Does it come with charger,"['Does it come with detached usb and charger?', 'Is power usb power adapter and charge cable included?', 'does it come with power adapter?', 'Does it come with the charger?', 'does this include a charger?', 'Does it come with charger', 'Is a charger included', 'does it come with usb-c chg cable?']"
9,what is a model number?,"['Which model number is this?', 'what is part model number', 'Dowhat is the model number????', 'Model number', 'What’s the model number', 'What year is this model?', 'Can someone tell which exact model number is this?', 'what is the model number?', 'whats the model #?', 'Whats the Model number?', 'model number?', 'What year model is this?', 'What is the model number?']"
10,which year is the laptop?,"['What year was this laptop released?', 'Is this laptop the latest made?', ""What is the model number of this laptop? the 2019 version is mvfh2ll/a. is this the one they're calling the 'latest model'?"", 'What year is this laptop ? 2018 or 2017 model ?', 'Is this the newest laptop ?', 'What model year is this laptop?']"
