1,does this laptop have memory slots?,"['Does this laptop have only one memory slot or two?', 'Im seeing answers here from the lenovo reps stating that this model, 81lk00hdus, has two ram slots... is that true?', 'Does this laptop have a SD card reader?', 'why does it have only one RAM slot ?', 'Is this model single slot or dual slot for memory cards? can i upgrade to 16gb RAM?']"
2,tell me the maximum ram a computer can support?,"['How much RAM can laptop support?', 'Can i upgrade the ram for this laptop? example to 16 gb of ram , with which ram setup is deliver?', 'Can i add RAM?', 'Is it possible to upgrade the ram?', 'Whats a good 16gb ram upgrade for this laptop?', 'What ram should I get to preform an upgrade I’m not very tech savvy so a link would be perfect']"
3,is this the gtx 1650 or the super?,"['Does this model actually have a gtx 1650? for $600!!!!', 'Is it gtx 1650 super?', 'Is the gtx 1650 the undervolted max-q version or is it a regular 1650?', 'Is this gtx 1650 or 1650 super?', 'Does this option actually come with the GTX 1650 graphics card or the GTX 1050?']"
4,What is the battery life?,"['What is the battery life like?', 'What is the battery life?', 'What is the battery life for normal use?', 'What is the rated battery life for this model?', 'What is the actual battery life of this thing? With normal usage and heavy browsing/engineering programs, how long would the battery last?']"
5,Does this model have an empty ram channel as well as the 8 gig slot?,"['How many ram slots does it has? which is the max capacity in gb for ram and which models are compatible with? ca i add a hdd?', 'Does it have and empty ram and HDD slot?', 'Does this have a 4gb on board ram + plus an 8gb replaceable ram, or this it just ship with an 8gb replaceable ram?', ""Does it has 2 slots for ram and 2 slots for rom? What's the maximum capacity for both ram and rom? Does the 8gb ram is a single chip or 2x4gb ram??"", 'Is the ram ddr4 or sodimm. Also, can I replace the graphics card', ""Does it have an empty ram slot? and it's easy to add a new ram module for an inexperienced user?"", 'Does this model have an empty ram channel as well as the 8 gig slot?']"
6,Cuáles son sus especificaciones?,"['buenas tardes cual es la velocidad del procesador?', 'Alguien de Ecuador me podría decir si es que pago impuesto y de ser así cuánto?', 'Cuáles son sus especificaciones?', 'Soy de ciudad de México y me gustaría saber si el precio que muestra es el total o también tengo que pagar el envío por aparte (porque no lo muestra)?', 'Cobran aduana para enviar a México?', 'teclado latinoamericano?', 'De cuanto es la frecuencia de la pantalla?', '¿cuál es el modelo del procesador? Gracias', 'Se puede realizar la compra en cuotas?']"
