1,is this a good laptop for a college student to study?,"['Will this be a good laptop for a college student for studies?', 'My almost 9 year old enjoys writing stories. This laptop would be used primarily for that purpose nothing else. Would you recommend this laptop?', 'Is this computer good for a student that does online classes?', 'Is this laptop ok for first time owners?', 'I’m going to start online school next year would this be a good computer for that?', 'is this a good laptop to watch netflix on and store photos and videos? Pretty much all I will use it for.', 'Is it a good laptop for a typical high school student who just wanna search around on the web and type papers for class', 'Is this laptop good for online college', 'Can this be used as a work laptop?']"
2,can you play roblox?,"['Can i play gaming on this like roblox', 'can you play roblox/minecraft?', 'Can you play roblox on here', 'Can you play Roblox on this?', 'Can you play roblox?', 'Can you play roblox on this??']"
3,is this a touchscreen?,"['Is it touchscreen?', 'Is it touch screen?', 'Is touchscreen', 'is it a touch screen??', 'Is this touchscreen?', 'Is this a touchscreen', 'is it a touch screen', 'Is this unit a touchscreen', 'Is this laptop touchscreen?', 'Is this item a touchscreen?', 'Is this a touchscreen?', 'Is this model a touchscreen ?']"
4,does it have a webcam?,"['Does it have a webcam', 'Does it have built in camera and microphone?', 'How is the webcam on this? I need it for school but my homework is video taking so the webcam is the most important part for me.', 'Does this have a webcam', 'Does this computer have a camera?']"
5,Does this have Wifi?,"['do it have wifi?', 'Can we use it with wifi?', 'Does this computer have built in wi- ft?', 'Does this have Wifi?', 'It works with wifi?']"
6,Does it have a dvd player?,"['Does it have a dvd player?', 'Does it play dvd', 'Does this have a DVD player', 'Does it have a disc drive?', 'Does this have a dvd drive?', 'Does it have a rom drive for cds?']"
7,does this have a charger?,"['Where’s the charger?', 'Does it come with charger?', 'Does it come with a charger ?', 'I bout this item recently, was it supposed to come without the charger?', 'Does it bring charger ?', 'Does this computer come with a charger?', 'Does this come with its charger?', 'Does it come with a charger?', 'Does it come with charger', 'Does it come with its own charger', ""Where can i buy a charger? I lost mine and i don't know which one to get for it""]"
8,does it have a disc drive?,"['Does this have a cd drive', 'Does this have a cd drive?', 'Doea it have a cd rom?', 'Is there a disc drive', ""Can i also use cd's on this? Does it have a disk reader?""]"
