1,does it have a cd drive?,"['Does this have a CD drive?', 'does this item I just purchased have a cd hard drive', 'Does it have a dvd / cd player', 'Does it have a CD burner', 'Does it contain a hard drive?', 'Does this laptop have a cd rom', 'Does it have a cd-rom?', 'Does it have cd drive']"
2,Does it come with a battery and charger?,"['Do this come with the battery', 'Is this computer suppose to not work without being plugged in? Cause mine said no battery detected.', 'Does it come with a battery and charger?', 'does this unit come with the battery and charging adaptor?', 'Does it come with a charger?', 'Does the laptop comes with charger?', 'Do cords for charging and plugging in come with this item', 'Does It come with a battery?', 'Does it come with a charger cord?', 'What kinda charger does it use. I need to get two.', 'Does it come with power cord?', 'How long is the battery life?']"
3,Can you play a game like sims 4 on this?,"['Can you play a game like sims 4 on this?', 'Can you play sims 4 on this ?', 'Can i play games like the sims', 'Can you play Fortnite on this? and is it capable of hooking up to a Gaming controller?', 'can i play games on it good', 'Do you think Sims 4 would run on this']"
4,does playing for gaming really work?,"['Is it good for gaming?', 'Is it good for gaming and for school', 'Is it good for gaming ?', 'Is it good for steam games', 'Is this any good for gaming?']"
5,Does this laptop have a touchscreen display?,"['Does this laptop have a touchscreen display?', 'does this laptop have a backlit keyboard?', 'Is this laptop a chromebook?', 'Please is the screen for this laptop available', 'Is this a touchscreen?']"
6,Replace charger,"['I lost my charger which one should i order?', 'What is the name of the laptop charger cord ? I need to replace it', 'If we have lost our charger for the device, what is a replacement we can order?', 'What should I do if I received product without charger', 'Replace charger']"
7,what should i get this laptop for in college?,"['Is this laptop good for college work ?', 'Will this laptop work well for streaming movies and YouTube as well as surfing the internet?', 'Is this computer good for online classes?', 'How good is this laptop', 'Is this laptop good for college work?', 'Would this be a good business starter laptop?']"
