1,Does it have a disc drive?,"['Does this have a cd drive?', 'Does this have a DVD player', 'Does this have a dvd drive?', ""Can i also use cd's on this? Does it have a disk reader?"", 'Does this have hdmi port? CD Drive?', 'Does it have a disc drive?', 'Is there a disc drive', 'Does it have a rom drive for cds?', 'Doea it have a cd rom?', 'Does this product have a disc reader?', 'Does this have a cd drive']"
2,is this a touchscreen?,"['Is this a touchscreen?', 'Is this item a touchscreen?', 'Is this laptop touchscreen?', 'Is this touchscreen?', 'is it a touch screen??', 'Is it touchscreen?', 'Is touchscreen', 'Is it touch screen?', 'Is this model a touchscreen ?', 'Is this a touchscreen', 'Is this unit a touchscreen', 'is it a touch screen']"
3,Can I play sims 4 on ?,"['can you play the sims on the laptop?', 'Can you play sims 4 on this?', 'Can this run sims 4?', 'Can I play sims 4 on ?', 'Can you download sims 4 on it?', 'Is this laptop compatible/capable of running Sims4 and other high power games?']"
4,can this be used as a work laptop?,"['Can this be used as a work laptop?', 'Does this laptop have a USB port?', 'Is it a good laptop for a typical high school student who just wanna search around on the web and type papers for class', 'Will this be a good laptop for a college student for studies?', 'is this a good laptop to watch netflix on and store photos and videos? Pretty much all I will use it for.', 'Is this laptop ok for first time owners?', 'Is this laptop a second hand laptop', 'Is this a mini laptop?', 'Is this laptop user friendly? Can I get wifi?', 'Can you hard wire this to your internet and would it be good to use for working from home on?', 'Is this laptop good for online college', 'Is it a 2 in 1 laptop']"
5,is there an ethernet cable on this laptop?,"['Can you connect an Ethernet cable on this laptop?', 'ethernet port', 'Does it have USB and or wired ethernet interfaces?', 'Does this laptop have a LAN connection?', 'Can I connect this laptop to a monitor?']"
6,does this have wifi?,"['Can we use it with wifi?', 'Does this have Wifi?', 'Does this computer have built in wi- ft?', 'do it have wifi?', 'It works with wifi?']"
7,does the car come with charging points?,"['Does it bring charger ?', 'Does it come with its own charger', 'Does it come with cords?', 'Does it come with charger?', 'Does it come with a charger?', 'Does it come with a charger ?', 'Does this come with its charger?', 'Where’s the charger?', ""Where can i buy a charger? I lost mine and i don't know which one to get for it"", 'I bout this item recently, was it supposed to come without the charger?', 'Does this computer come with a charger?', 'Does it come with charger']"
8,Can you play roblox?,"['Can you play roblox?', 'Can you play roblox on here', 'can you play roblox/minecraft?', 'Can you play Roblox on this?', 'Can you play roblox on this??', 'Can i play gaming on this like roblox']"
9,does it have a webcam,"['Does this have a webcam', 'Does it have a webcam', 'How is the webcam on this? I need it for school but my homework is video taking so the webcam is the most important part for me.', 'Does this computer have a camera?', 'does this have a port for uploading pictures from a digital camera?']"
10,can you upgrade my ram for this setup?,"['Can you upgrade the ram?', 'Can you add more RAM to this computer?', 'How much Ram does it have', 'Can you upgrade the RAM and the hard drive? and if you can, give me a link to rhe upgraded hard drive.', 'Can you expand the ram gb?']"
