1,Is this a surface pro 7?,"['Is this a surface pro 7?', 'What colors does Surface Pro 7 come in?', 'Is this a surface pro 6 or pro 7? Some of the reviewers said they received a surface pro 6 although the device is listed as pro 7.', 'Does this surface pro 7 connect to wifi?', 'this is the surface pro 7, correct?', 'Does this surface pro come with windows 10 pro?', 'Who is Surface Pro 7 for? Who do you see buying this device?', 'Is this really a surface pro 7? the reviews seem to indicate that it is really a surface pro 6.']"
2,do i get warranty from this company if i have an international contract with a manufacturer?,"['1.Is this offer an international warranty ? 2.How many years ?', 'Can you please confirm if the warranty is only USA or global warranty?', 'does this product still has a warranty if it ships to another country (ex: Taiwan)?', '1 year global warranty?', 'Is there International warranty for this purchase?', 'Do this give international warranty ?', 'Do this come international warranty ?', 'Does it have global warranty?', 'Does it offer international warranty ? And is there an option for extended international warranty ?', ""As a new machine does this include the 1-year manufacturer's warranty?"", 'Is there a warranty in China?']"
3,Does it come with the keyboard?,"['Hey. Does it already come with a keyboard? If not, which model should I choose?', 'which keyboard is suitable for it?', 'Does this computer have a keypad with it', 'is the keyboard included? could be black ?', 'Does it come with the keyboard?', 'Does the keyboard include it?']"
4,Does the i7 have more cpu than i5?,"['Does the i7 have more cpu than i5?', 'i5 or i7?', 'Is it the Core i5 1.1ghz up to 3.7ghz?', 'which 10th gen i7 processor is in this?', '1. on i7, is this core™ i7-1065g7 processor ? 2. does it comes with microsoft original box ?']"
5,does the surface pro pro 7 work?,"['Is surface pro 7 compatible with surface dial?', 'Are previous surface type covers compatible with surface pro 7?', 'Will my surface pro 6 accessories work with the 7? keyboard/pen... ?', 'What pen is recommended for this surface pro 7?', 'I have a keyboard and pen that I used with my surface pro will the work with surface pro 7?']"
