1,Does is it come with charger ?,"['Does it come with a charger cable?', 'I know the device support 110 and 220 but the charger it comes with it it is also supports 110 and 220 ?', ""I bought this and accessories for it as well. Why doesn't it have the C port?"", 'Does is it come with charger ?', 'What charger does this use?']"
2,show the differences between surface pro 7 and surface pro x?,"[""What's the difference in surface pro 7 and surface pro x?"", 'Are previous surface type covers compatible with surface pro 7?', 'What is the Difference between surface pro 7 and surface pro 7 for business?', 'What are the key differences between surface pro 7 and surface pro 6?', 'Is there a difference between the retail and non-retail package/box of the surface pro 7 ?']"
3,which 10th gen i7 processor is in this?,"['which 10th gen i7 processor is in this?', 'Is this the 10th generation processor?', 'Does the i7 have more cpu than i5?', '1. on i7, is this core™ i7-1065g7 processor ? 2. does it comes with microsoft original box ?', 'Is it a 8 core cpu', 'which I5 processor is in this?']"
4,can this provide international warranty?,"['1.Is this offer an international warranty ? 2.How many years ?', 'Do this give international warranty ?', 'does this product still has a warranty if it ships to another country (ex: Taiwan)?', 'Is there International warranty for this purchase?', 'Do this come international warranty ?', 'Can you please confirm if the warranty is only USA or global warranty?', 'Does it have global warranty?', 'Does it offer international warranty ? And is there an option for extended international warranty ?', '1 year global warranty?', ""As a new machine does this include the 1-year manufacturer's warranty?"", 'Is there a warranty in China?']"
5,does this come with a keyboard or pen?,"['Does this come with the pen and keyboard?', 'Does this come with a pen?', 'Hey. Does it already come with a keyboard? If not, which model should I choose?', 'Does it come with the keyboard?', 'is the keyboard included? could be black ?', 'Does it come with the keyboard or pen?', 'Does this computer have a keypad with it']"
6,can you buy a business version of surface pro 7 from amazon?,"['Can you buy the business version of the surface pro 7 through amazon?', 'Who is Surface Pro 7 for? Who do you see buying this device?', 'Hi amazon, i’m faisal from saudi arabia and i want buy new microsoft surface pro 7 from your website but i’m worried about warranty ?', 'Can i pre-order the surface pro 7 through amazon?', 'Is the seller microsoft company itself? if yes, is there warranty on microsoft surface pro 7?']"
7,will there be an surface pro 7?,"['What colors does Surface Pro 7 come in?', 'Is this really a surface pro 7? the reviews seem to indicate that it is really a surface pro 6.', 'Is this a surface pro 6 or pro 7? Some of the reviewers said they received a surface pro 6 although the device is listed as pro 7.', 'Is this a surface pro 7?', 'this is the surface pro 7, correct?']"
