1,tell me the difference between surface pro 7 and surface pro x?,"[""What's the difference in surface pro 7 and surface pro x?"", 'Are previous surface type covers compatible with surface pro 7?', 'What are the key differences between surface pro 7 and surface pro 6?', 'What is the Difference between surface pro 7 and surface pro 7 for business?', 'Is there a difference between the retail and non-retail package/box of the surface pro 7 ?']"
2,are there any warranty programs offered by the manufacturers that will give international warranty to the products?,"['does this product still has a warranty if it ships to another country (ex: Taiwan)?', 'Does it offer international warranty ? And is there an option for extended international warranty ?', 'Is there International warranty for this purchase?', 'Is there a warranty in China?', 'Can you please confirm if the warranty is only USA or global warranty?', 'Do this give international warranty ?', 'Do this come international warranty ?', 'Does it have global warranty?', '1.Is this offer an international warranty ? 2.How many years ?']"
3,is surface pro 7 compatible with surface dial?,"['Is surface pro 7 compatible with surface dial?', 'Will my surface pro 6 accessories work with the 7? keyboard/pen... ?', 'this is the surface pro 7, correct?', 'What pen is recommended for this surface pro 7?', 'I have a keyboard and pen that I used with my surface pro will the work with surface pro 7?']"
4,does it come with a keyboard or pen?,"['Does this come with the pen and keyboard?', 'Does this computer have a keypad with it', 'Does this product come with the type cover (typing keyboard that can protect this tablet)', 'Does it come with the keyboard?', 'Hey. Does it already come with a keyboard? If not, which model should I choose?', 'Does it come with the keyboard or pen?', 'Does this come with a pen?']"
5,Incluye el teclado y el lápiz?,"['Incluye el teclado y el lápiz?', 'Incluye el cargador?', 'Mi pregunta es si el precio incluye el teclado cover ?', 'Viene con teclado y lapiz?', 'viene con el teclado y el mouse?', 'Cual teclado es el que le sirve ?', 'incluye la cubierta del teclado?', 'trae el teclado']"
6,is this a surface pro 7?,"['Is this really a surface pro 7? the reviews seem to indicate that it is really a surface pro 6.', 'will the dock for surface pro 4 fit the pro 7?', 'Does this surface pro come with windows 10 pro?', 'Is this a surface pro 6 or pro 7? Some of the reviewers said they received a surface pro 6 although the device is listed as pro 7.', 'Is this a surface pro 7?', 'why do people receive surface 6 when purchasing surface 7?', 'What colors does Surface Pro 7 come in?', 'It seems that i was sent a surface pro 6 but paid for and ordered a surface pro 7, how do you intend to fix this issue?']"
