1,Does it come with keyboard?,"['Is the keyboard included in this price', 'Is the keyboard being sold, is it a microsoft surface pro 7 keyboard or one that is compatible with the tablet?', 'Does this computer at this price of $799 includ the keyboard?', 'does this come with a keyboard?', 'Does it come with keyboard?', 'Does this come with the keyboard ?', 'Does this product come with the type cover keyboard?', 'SO does this item come with a Surface keyboard? at 899 price? Thanks', 'Is the keyboard included ?']"
2,does this have the 10 gen i7 processor?,"[""What is the processor for this product? Is it 'intel core i5' or is it '8032' as mentioned in the summery table below?"", 'Where do you see the processor model number that you compared against the i5-1035g4 ?', 'The description says 10th generation, but in the specs it says 8032 for processor which makes me think it is only like 8th generation. Which is it?', 'Does this have the 10 gen I7 processor?', '1. does it comes with win10 pro ? 2. is is quad-core 10th gen intel® core™ i5-1035g4 processor ? 3. does it come in original box ?']"
3,how can it be controlled with the surface pro 4 keyboard?,"['Is it compatible with the Surface Pro 4 keyboard?', 'Does it include the Signature (leather) keyboard or the Pro (rubber) keyboard?', 'Is the surface pen included with the surface pro 7', 'Can I use the same Keyboard I use for my surface 3?', 'can I use the surface pro 4 pen with the surface pro 7?']"
4,does the product come with an international warranty?,"['1.Is this offer an international warranty ? 2.How many years ?', 'does it have an international warranty?', 'Will this have an international warranty ?', 'Is there manufacturer warranty?', 'does this product have manufacturer warranty?']"
5,does it have a charger?,"['Does it charge via power delivery and usb cable?', 'Can I use this, while fully charged, and the charger is plugged in? Will there any be damages to the battery?', 'Is a power cord included?', 'Does it come with a charger?', 'Does it have a usb a port?']"
