1,Is this a 10w or 25w MX250? And has anyone overclocked the gpu and the memory to see a performance boost?,"['Is this a 10w or 25w MX250? And has anyone overclocked the gpu and the memory to see a performance boost?', 'What video card does it have? mx250 25 watt version (1d13 device id)?', 'Mx250 has 25 watt tdp with 1d13 id offering a real performance boost but in 1d52, the tdp is limited to 10 watts while speed of the chip is 32% lower?', 'is it possible to add in a mx150 or gpu if the model i got for the zenbook13 onlny has intel graphics?', 'If i choose model ux334flc-ah79, will it come with a dedicated nvidia geforce mx250 graphics card and a usb 3.0 to rj-45 ethernet adapter? thanks!']"
2,Is any spanish keyboard available?,"['Do you have a Spanish keyboard ?', 'spanish keyboard available?', 'I want it with Spanish keyboard', 'Do you have it with spanish keyboard? Thanks!', 'Spanish keyboard ?', 'Is any spanish keyboard available?']"
3,why does nvidia stickers come with nvidia graphics?,"['why there is an Nvidia Sticker? does this come with Nvidia Graphics?', 'I ordered a product without a nvidia card, no card shows up on divice manager but i do have an nvidia geforce sticker. is this normal?', 'Why does the laptop have an nvidia geforce sticker on it but in device manager says it only has intel graphics?', 'Does this have Nvidia graphics?', 'Why is a nivida sticker there?']"
4,does your laptop has a finger print reader?,"['does this laptop has finger print reader?', 'does this laptop come with a pen or do you need to purchase extra ones?', 'This laptop have Screen touch ??', 'does it have fingerprint reader ?', 'Is there a fingerprint reader on this model?', 'Does this computer have a touch screen?', 'Is this laptop touch screen or no?']"
5,Hola! Están haciendo envíos a Argentina?,"['hola, me gustaria sabercon que viene el computador. cargador? funda? y cuanto pesa la caja con todo?', 'Hola, tienes funda original Asus para este equipo? Gracias', 'Compre este producto y lo devolvieron, quisiera saber porque?', 'Hola... es posible pedirlo con teclado es español?', 'Funciona para conectar a la corriente directamente a peru ?', 'Hola! Están haciendo envíos a Argentina?', 'Hola, existe este modelo con teclado en español, que incluya letra ñ?']"
6,is this really 16gb ram?,"[""Does it actually has 16gb of ram? Because there's not other asus zenbook 13 laptop with this spects online"", ""Will this item be restocked soon or is it no longer sold? i cannot find the zenbook with these same specs on asus's website."", 'I have a doubt the ram memory of the laptop is actually DDR3?', 'Does this laptop have single or dual channel ram?', 'Is this really 16gb ram? i thought the 13” version supports up to 8gb ram only ? is this brand new', 'Why it is i7 and 16gb ram? i thought zenbook 13 is i5 and 8gb ram? pls explain because my mom gonna buy this laptop this july', 'Does it have 16gb ram or 8? The title says 8 but in the description 16...', 'Does this model have16gb or 8gb of ram? Description now says 8.']"
7,İs it 16gb as option or 8gb as title ram?,"['İs it 16gb as option or 8gb as title ram?', 'Does it carry 16 gb or 8gb of ram? In the description it says 16gb but in the name it says 8gb of ram', 'Hi dear, this product have ram ram 16gb or 8gb?', 'The ram in this model is 16 gb ? because the product header says it is 8 gb but in product specification it is written it is 16 gb. so can you please', 'In overview its 8gb ram and in discription its given 16gb ram which is it?', 'What is the amount and type of ram? the bold text for the header says 8gb, other places it says 16gb. some places say ddr3, others ddr4!', 'Is this 16gb or 8gb RAM ?', 'Is this 16gm or 8gb ram ? the header says 8gb but on every other description it says 16gb.', 'Is it 16gb (as in tge specs) or 8gb (as in the product ""title"" and description) RAM?']"
8,does this model have a dedicated gpu?,"['Is there an nvidia gpu in this laptop (i7-8565u)? there is an nvidia sticker, but i only see the integrated intel 620 gpu in device manager.', 'my zenbook came with a nvidia sticker but no dedicated gpu :( made me so sad. Is there any way I could purchase one from you guys please ? :(', 'Can someone tell me please, does "" ux333fa-ab77"" model has nvidia gpu or not? answers wary on this topic.', 'One more thing. does this have a dedicated gpu?', 'Does this model have a dedicated GPU?']"
9,Is the ram ddr3 or ddr4?,"['What type of ram does it have? product description says ddr4 but specs from amazon says ddr3', 'what is the memory speed? not just ddr4.. because the sus site only shows ddr3 for this model', 'Can we upgrade ram to 32gb? also description says it is ddr3 ram but some replies say it is ddr4..what is correct spec?', 'Ia the ram type ddr4 or ddr3?', 'Is the ram ddr3 or ddr4?']"
10,this model have international warranty? Is Israel covered?,"['this model have international warranty? Is Israel covered?', 'Is Qatar covered under International warranty?', 'Does the product have international warranty ? How about Singapore?', 'Does this have international warranty? Does the warranty covered in india?', 'Does this warranty is international warranty?', 'Is the international warranty for this model covered in Bulgaria?', 'Is the international warranty covered in The Bahamas? Thanks!']"
11,Does it come with 1year warranty if I use it in Hong Kong?,"['Does it come with 1year warranty if I use it in Hong Kong?', 'Does it have an International warranty? and is it covers service in Kuwait?', ""I'm planning on bringing this when I leave the country. Is there an int'l warranty?"", 'What is the warranty period for this product? is it an international warranty or us warranty only?', 'Does It comes with a warranty? And how long?', '1. Does it have an international warranty? Colombia? for how long? 2. Does it have a touch screen?', 'Is the international warranty that comes with this laptop covered in the Philippines?', 'Do you have international warranty that covers the Hong Kong?', 'Can I have one year warranty in Hong Kong?']"
12,Is the screen touch screen?,"['It has a touchscreen?', 'Which model has the touchscreen display with the screenpad?', 'Is the screen touch screen?', 'Is this as a touch screen?', 'is this a touch screen monitor or?']"
13,does the usb-c supported docking station support multiple hdmi ports?,"['Does this version of usb-c support a docking station that has multiple hdmi ports?', 'Does this computer have a standard usb a 3.1 port? what type hdmi plug is needed?', ""Confused about the usb-c capabilities. Why wouldn't the port support a docking station w/ 2x hdmi ports, allowing 2x monitor use?"", 'Does this model have hdmi 2.0?', 'Does anyone know if the usb-c is capable of ""displayport alternate mode""? i\'d like to have 2 extended displays - my adapter requires this mode.', 'On the presentation there\'s an info stating that ""usb-c and usb 3.1 gen 2"" are available on this model. is this true?']"
