1,does it offer international warranty?,"['What about the International warranty? Is it same as the standard warranty for 1 year in any country?', 'Is there an international warranty for this product if yes how can I redeem?', 'does it support international warranty ?', 'Does product comes with International warranty?', 'Does this come with an international warranty?']"
2,does it come with a charger?,"['Does this computer come unopened with all accessories like charging cable etc?', 'Do the charging cable and power pack come with the laptop?', 'Does this product come with the original laptop box?', 'This comes new right unopened and with all the stuff inside like the charger and usb-c cable?', 'does it come with a charger ?', 'does this come with the Apple charger?']"
3,what year is macbook pro?,"['What OS comes with 2019 macbook pro?', 'What year is this MacBook Pro?', 'What Version of macOS will this come with?', 'what year of this macbook?', 'Will this macbook pro model permit the installation of os x el capitan?', 'What year is the Mac book pro ?']"
4,Puedo tener teclado en español?,"['Puedo tener teclado en español?', 'Puedes enviarlo a España?', 'Teclado español', 'me gustaría con teclado en español! se puede?', 'Puedo pagarlo en pagos y cómo hacerlo', 'Quiero comprar el producto pero necesito estar seguro de contar con teclado en español, ¿cómo debo hacer?', '¿Cómo puedo elegir o configurar que el teclado sea en español?', 'Como hago para comprarla con teclado en español?', '¿Como selecciono que el teclado sea en español (con tecla ñ) al momento de hacer la compra?', 'La quiero con teclado en español ¿que hago?', '¿Puedo pedir teclado en español y enchufe europeo?', 'puedo pedir el teclado en español?', 'La pantalla es tactil?', '¿Tiene disponible con teclado en español?', 'Hola se puede configurar para teclado en español ???', 'hola queria saber si lo puedo pedir con teclado en español con la letra Ñ gracias', 'tiene teclado para espanol de sud america ?', 'Como se puede comprar con el teclado español?', 'Se puede configurar el teclado en idioma español? O sea, que tenga la tecla ñ. Gracias.', 'Se puede pedir con teclado en español ??', 'Por qué no llega a mi dirección? Estoy en colombia', 'Se puede conseguir la máquina con teclado con letra ñ?', 'puede existir la opcion de que venga con teclado es español', 'Es teclado mariposa o de tijera?', 'Quiero comprar, pero quiero que sea de 13 pulgadas, lo tienes disponible?', 'Por que no se puede enviar a chile ningun mac nuevo', 'Puedo pedirlo con teclado en español ?', 'Buenas si el producto tiene algún daño . Se lo puede devolver ?']"
5,Do you still get the free year of AppleTv with purchase here?,"['If i buy this laptop here do i get the 1 yr free apple tv?', 'Is apple tv included when i buy from amazon?', 'Will this macbook pro 16 inch get os updates from apple? also, consumer reports states apple is giving away 1 year free apple +tv no matter where purc', 'Is the apple+ tv subscription for one year still included at this time? (august 2020)', 'Do you still get the free year of AppleTv with purchase here?']"
6,how much ram does this model has?,"['The title says that it comes with 16gigs of ram but the description at the bottom says 4. Which is it???', 'To confirm, this model comes with 16 MB of Ram?', 'how much ram does this model come with?', 'The heading on this product says 16gb. in the lower standard description it says 8 gb. please clarify???', 'How much RAM does it have?']"
7,Does this come with the full 12 month warranty from Apple?,"['Will this have the full 12 month warranty from Apple when I purchase it?', 'does it have guarantee from apple?', 'does it has warranty? with apple? or amazon? can i buy apple care after?', 'Does this come with the full 12 month warranty from Apple?', 'Does this still eligible for Apple original warranty?', 'I know it comes with a year warranty, but what if later i want to purchase the applecare 3 year warranty? is it within that year?', 'What is the Warranty and if it needs repair, will apple work on the computer even though it was sold on Amazon?']"
8,cuanto tiene de memoria ram el pc cor i 7?,"['¿la memoria ram es ddr4?', 'Hola estoy preocupado, porque en el anuncio dice 1gb de Ram, y yo suponía que tenia 16gb de Ram, alguien me puede confirmar cuánto trae?', 'cuanto tiene de memoria ram el pc cor i 7?', 'Cuantas gb de ram trae esta computadora, leo que diste hasta 64, pero cual es la que trae ella, no le veo esa informacion por ninguna parte', 'Cantidad de memoria RAM? Tiene la i9', 'Envias de 32 gb de ram si te lo piden?']"
9,is it possible to buy a macbook with a spanish keyboard?,"['Is it possible to buy this Macbook with Spanish keyboard instead of English?', 'can you sell with spanish keyboard?', 'is it possible to buy this one with Spanish keyboard', 'can i buy this macbook with an arabic keyboard ?', 'Can i buy this computer with a azerty french keyboard?', 'Is this the macbook pro with the new, updated keyboard with more mechanical travel? not the ""clicky"" 1st generation?', 'Is it possible to buy it in Amazon with a Spanish Keyboard?', 'How can I order macbook Pro 16 with russian keyboard? I know about that option on apple site.']"
10,are there other models that have models for 2020?,"['It is now August, 2020; is this 2020 model now?', 'Is this a late 2019 or a mid 2020 model?', 'is this a 2020 model', 'Is this the 2019 or 2020 model?', 'Is this the 2020 model?']"
