1,Como se puede comprar con el teclado español?,"['Buenas si el producto tiene algún daño . Se lo puede devolver ?', 'me gustaría con teclado en español! se puede?', 'Como se puede comprar con el teclado español?', 'Porque no me permite comprar este producto, por política?', 'Por que no se puede enviar a chile ningun mac nuevo', '¿Cómo puedo elegir o configurar que el teclado sea en español?', 'tiene teclado para espanol de sud america ?', '¿Tiene disponible con teclado en español?', 'Como hago para comprarla con teclado en español?', 'La quiero con teclado en español ¿que hago?', '¿Puedo pedir teclado en español y enchufe europeo?', 'puedo pedir el teclado en español?', 'Puedo pedirlo con teclado en español ?', 'Se puede pedir con teclado en español ??', 'Hola se puede configurar para teclado en español ???', '¿Como selecciono que el teclado sea en español (con tecla ñ) al momento de hacer la compra?', 'Quiero comprar el producto pero necesito estar seguro de contar con teclado en español, ¿cómo debo hacer?', 'Puedo tener teclado en español?', 'Quiero comprar, pero quiero que sea de 13 pulgadas, lo tienes disponible?', 'hola queria saber si lo puedo pedir con teclado en español con la letra Ñ gracias']"
2,does the kit has a magic keyboard?,"['Does this have Magic Keyboard?', 'Este ya trae magic keyboard?', 'Does it have butterfly or magic keyboard?', 'Can you send me the computer with the backlit magic keyboard in spanish?', 'does it have a backlit keyboard?']"
3,will my order come with an international warranty?,"['Does product comes with International warranty?', 'What type warranty comes with this product?', 'What about the International warranty? Is it same as the standard warranty for 1 year in any country?', 'Will warranty be covered in India if i buy it from Amazon.com if yes do i need to pay an additinal amount ?', 'Is there an international warranty for this product if yes how can I redeem?', 'does it support international warranty ?', 'Does this come with an international warranty?']"
4,Is this the 2019 or 2020 model?,"['is this 2020? or 2019?', 'Is this the 2019 or 2020 model?', 'is this the 2019 or the 2020 version?', 'Is this the 2020 model?', 'It is now August, 2020; is this 2020 model now?', 'is this late 2019?', 'Is this a late 2019 or a mid 2020 model?']"
5,cuanto tiene de memoria ram el pc cor i 7?,"['cuanto tiene de memoria ram el pc cor i 7?', 'Cuantas gb de ram trae esta computadora, leo que diste hasta 64, pero cual es la que trae ella, no le veo esa informacion por ninguna parte', 'Envias de 32 gb de ram si te lo piden?', 'Hola estoy preocupado, porque en el anuncio dice 1gb de Ram, y yo suponía que tenia 16gb de Ram, alguien me puede confirmar cuánto trae?', '¿la memoria ram es ddr4?', 'Cantidad de memoria RAM? Tiene la i9', 'Mac book pro 16, quiero confirmar cual es la memoria ram con que esta pre configurado, y si se puede instalar el sistema operativo en español']"
6,Does this have the 4gb or the 8gb gpu?,"['Does this have the 4gb or the 8gb gpu?', 'How much GPU memory does this model come with? It only says “GDDR6” with no actual amount.', 'Is this model build with a 4gb or 8gb radeon graphics? the description is not specific.', 'This model comes with the radeon pro 4gb or intel graphics???', 'How much vram does this one have? 8 or 4 gb?']"
7,why is this cheaper than buying it from apple?,"['why is this cheaper than directly from apple?', 'Why is this a few hundred dollars cheaper than Apple’s site?', 'Why is this cheaper than buying it from Apple?', 'Why is this cheaper than buying from Apple? Is it less than an anyway to buying it from apple', 'Is this sold from Apple? Prices for same product vary-why? Return policy?']"
8,which year does this macbook come in?,"['what year is this mac book?', 'what year of this macbook?', 'What year is this MacBook Pro?', 'Is it MacBook 16 ? Last model for now ?', 'What year is the Mac book pro ?', 'What year model is this MacBook??']"
9,is this the newest macbook pro?,"['Is this the newest MacBook pro model? And does it come with apple guarantee?', ""Should i buy this or wait for apple's new 16-inch arm-based silicon macbook pro? (my current macbook pro is from 2014)"", 'Is fbis the newest MacBook? If not what model is this?', 'Is this eligible for the apple trade in price of my current macbook pro?', 'Will this macbook pro model permit the installation of os x el capitan?']"
10,does the apple ipod touch come with a 12-month warranty?,"['does it has warranty? with apple? or amazon? can i buy apple care after?', 'Does this still eligible for Apple original warranty?', 'I know it comes with a year warranty, but what if later i want to purchase the applecare 3 year warranty? is it within that year?', 'What is the Warranty and if it needs repair, will apple work on the computer even though it was sold on Amazon?', 'Will this have the full 12 month warranty from Apple when I purchase it?', 'Does this come with the full 12 month warranty from Apple?']"
11,is it possible to buy this one with Spanish keyboard,"['Is it possible to buy this Macbook with Spanish keyboard instead of English?', 'is it possible to buy this one with Spanish keyboard', 'can you sell with spanish keyboard?', 'Is it possible to buy it in Amazon with a Spanish Keyboard?', 'can i buy this macbook with an arabic keyboard ?', 'How can I order macbook Pro 16 with russian keyboard? I know about that option on apple site.']"
