1,"How much more ram can I add, and what “make/model” is recommended?","[""What ram can i get to match the existing ram that comes with this laptop?( i'm thinking of getting one crucial 8gb ddr4-2400 sodimm)"", 'Can the ram be upgraded? if yes, how many slots and what is the largest ram', 'can i install more RAM?', 'would this be an upgrade for my computer? asus vivobook f510ua 15.6” full hd nanoedge laptop, intel core i5-8250u processor, 8gb ddr4 ram, 1tb hdd, us', 'Is the current memory module actually any good? should i buy another hynix hma81gs6afr8n-uh 8gb ddr4-2400 sodimm or do i get two corsair 8gb modules?', 'can I add RAM to this laptop?', 'What is the maximum ram on this system? can it be upgraded at home?', 'This lap top has ddr4 ? and what is ram type:ddr3 sdram', 'How much more ram can I add, and what “make/model” is recommended?', 'What ram type is it? do i need to add the recommended crucial mx300 275gb sata m.2 (2280) internal solid state drive - ct275mx300ssd4 ?', ""What's the timing and speed of the 8gb ram already installed?"", 'Which ram is compatible for asus vivobook f510ua fhd laptop, intel core i5-8250u, 8gb ram, 1tb hdd?', 'Can this be upgraded to 32gb RAM?', 'Which model of ram memory card is so i can buy same and what is max ram that can run this laptop', 'If i buy more ram for the second slot, does the size/speed have to match the 8gb ram preinstalled?', 'What 16 and/or 32 GB ram upgrade in particular is recommend for this laptop?', 'I want to upgrade the ram, what’s the best one ?', 'What type of ram do i need to buy to upgrade this to 16gb?', ""Somebody can clarify me if the laptop supports up to 32 gb of ram? i saw some comments from asus where mentions that it's just supports up to 16gb"", 'Is this the one i want for 8gb more? crucial 8gb single ddr4 2400 mt/s (pc4-19200) dr x8 sodimm 260-pin memory - ct8g4sfd824a ?', 'does this laptop come with 1 8gb stick of RAM or 2 4gb?', 'Can I upgrade the RAM, if I leave the included one will the new one have to be the same model?']"
2,Does this laptop have a webcam?,"['Does this laptop have an hd webcam?', 'Does this laptop have Webcam?', 'Does this laptop come with IPS screen?', 'Is this computer suitable for skype/ webcam?', 'Is this laptop good for editing and uploading videos to YouTube?', 'Asus vivo book f510ua laptop does it have webcam', 'Does this have a Webcam? If so, which type?', 'Is this laptop a touch screen?', 'does this laptop have a webcam for video skyping use etc?', 'Is it brand new? does it have a dvd reader? webcam?', 'Does this laptop have a webcam?']"
3,Does it have a backlit keyboard?,"['Hi, does this notebook have a full size keyboard? Thanks', 'Does it have Backlit Keyboard?', 'Does This Laptop has a backlit keyboard?', 'Is there a keyboard cover that fits this model?', 'does this computer have a backlit keyboard', 'Does it have a backlit keyboard?', 'Does it have backlit keyboard?', 'Does this laptop have a backlit keyboard?', 'Does it have a backlit keyboard available?', 'Does this have a backlit keyboard?', 'Does this have backlit keyboard?', 'How durrable is this computer and how good is the keyboard?', 'does it have backlit keyboard?']"
4,when will you release this item?,"['When will be this item released?', 'Is there an ETA when this item will be available and in stock?', 'When the item will be available?', 'When will this product be released?', 'When will it be released?', 'When will this product become available again?', 'When will this product be available?', 'When is the release date?', 'When will this item be available', 'when it will be available to buy ?']"
5,does this have an ssd slot?,"['Is there a pcle slot for an ssd add on?', 'Does this computer has extra space for interior ssd? if there is, which type? pci-e, sata 3.0 or m.2? maybe other types too, please let me know.', 'does this have a slot for SSD?', 'Does this laptop have an extra slot to add a hdd?', 'does it come with a m.2 ssd slot?']"
6,is it possible to replace hd with ssd?,"['Does the 1tb hdd version have room to put in an additional ssd so you can have an ssd and hdd in the laptop at the same time?', 'Does the f510ua-ah51 hold both the ssd and the hd or do you have to replace the hd to add the ssd?', 'Will i have to install the ssd hard drive if i choose the model with 1tb hdd + 128gb ssd?', 'Is it possible to add an ssd and keep the hdd as secondary drive easily?', 'can i replace the hdd with ssd?', 'If i add a ssd on the 1tb version by myself, will the warranty be still valid?', 'Can the hdd be replaced with an ssd by the user?', ""I'm adding 500 gb ssd, is 1tb drive still in? Can os be on ssd?"", 'Does this have space for two hard drives?', 'Does this system boot from the ssd or the 1tb hdd?', 'what samsung evo 500gb ssd is a compatible replacement for 1tb hdd?', ""For what does the 128 ssd and 1tb hdd it's usefull"", 'Does this notebook have space for a m.2 or pcie ssd, in addition to the 1tb hdd?', 'To the seller or anyone who bought 128 ssd + 1tb hdd option, does the ssd come preinstalled inside the laptop? Or does it require manual installation?', 'Is the ssd +hdd one comes with a ssd and hdd ? Are both choises having the same specs', 'Does the 1tb model have space for an ssd or just 1 hdd?', 'Can i replace the 1t hhd with an 1t ssd??', 'Would it be more affordable to purchase the 1tb model without the ssd, and just install one ssd myself?', 'Would i have to remove the 1gb hd to install a non m.2 ssd?', 'Can i add another internal hdd?', 'Is the HD replaceable with SSD?', 'I bought the 1tb hdd version. if i install a new ssd will the warranty be void?', 'Will i be able to use both the 1tb hdd and ssd if i install a ssd? which ssd should i buy? i would prefer a link for that. where to install the ssd?', 'Does it support 1tb ssd sata?', 'How to change hdd with ssd 2.5 on this laptop', 'CAn I order this laptop with a 128 or 256 ssd and keep the hdd?', 'Can you add a ssd to thef510ua-ah51 model? if so,are there 2 slots in the laptop,one for hdd,and one for ssd? thanks!']"
7,Is the RAM upgradeable?,"['Is the ram upgradable ?', 'Ram and hdd are upgradable?', 'Will 2133mhz ram work in this, anyone know?', 'Is the RAM upgradeable?', 'Is ram upgradable to 12 or 16gb?', 'Can the memory be upgraded? if so, how much ram does it hold?', 'What brand ram is used?', 'is ram upgradable?', 'Does this have a second ram slot to have upgrade and have m.2 slot for upgrading?', 'Is the ram module and hdd upgradeable or soldered?', 'Can you add more Ram?', 'have a m.2 slot ? the ram is upgradeable ?', 'Does it support dual rank ram?']"
8,Does it have m.2 (ssd) slot?,"['Can anyone confirm it has a ssd m.2 nvme slot in addition of the hdd?', 'Are there specific instructions on adding thessd m.2 sata drive?', 'Can I add an ssd in the $500 dollar machine, like is there an extra sata or m.2 slot or do I replace the hard drive?', 'Does this laptop support nvme ssd,?', 'Is the m.2 slot in the laptop nvme?', 'Does this have an m.2 drive, or am i able to upgrade to windows 7???', ""Can anyone confirm what kind of slot for ssd it has? Can't bear the 100% disk kusage"", 'If i include to buy sata m.2 (2280) internal ssd in the package, is it already installed or i will installed it seperately?', 'What brand and model number is the ssd combo drive this unit ships with? thanks.', 'Does the current shipping asus f510ua (mar-2019 version) support the nvme ssd or the stata iii m.2 ssd or either one you choose ?', 'Dose it has m.2 ssd?', 'Does this laptop have two hard drive slots?', 'Does this have another hard drive slot?', 'Does this laptop have a M2 slot and supports Nvme?', 'Did anyone here include to buy sata m.2 (2280) internal ssd in the package, is it already installed or i will intalled it seperately?thanks', 'If i install an m.2 ssd in the extra slot, can i boot from that?', 'Does it have m.2 (ssd) slot?', 'Iºve seen the question asked but i want to confirm the model... does the asus vivobook f510ua support nvme ssd 2280 expansion?']"
9,Can i install 256gb ssd samsung evo on the empty m.2 slot?,"['Can i install 256gb ssd samsung evo on the empty m.2 slot?', 'Are there spare slots for additional memory and m.2 ssd?', 'Can it support a 240gb m.2 ssd instead of a 128gb one? Not in 2.5 inch form factor but in m.2 ff?', 'Is samsung 860 evo 500gb 2.5 inch sata iii internal ssd (mz-76e500b/am) compatible to this laptop?', 'Will samsung 970 evo 500gb - nvme pcie m.2 2280 ssd (mz-v7e500bw) support to this 1tb hdd model laptop?']"
10,is this in a dvd drive?,"['it have cd/dvd reader ?', 'Does this computer have a DVD drive?', 'Does this laptop come with a dvd/cd slot please?', 'does this have a dvd /cd drive', 'Does this computer have a dvd drive', 'Does this laptop include a cd/dvd player', 'does this have a dvd drive?', 'Does it have a cd burner', 'Does it have a dvd slot?', 'Does this have a cd/dvd drive ?', 'Does this unit have a DVD burner?', 'Does this have a dvd burner', 'Does it have a dvd rw drive?']"
11,what's the windows 10 version?,"['Windows 10 version? Home? Pro?', 'so is it Win10 Home or Pro?', 'windows 10 home or professional', 'Can this model be purchased with windows 10 pro instead of windows 10 home?', 'Does this unit have windows 10 pro or home, both are stated in the description', 'hi, conflicting information, the bullet point states: windows 10 pro, windows home. so how do i select/ensure win 10 pro?? thank you']"
12,Can the hard drive be upgraded to ssd?,"['Can you upgrade to only an ssd drive?', 'can I use both an ssd and hard drive', 'I think i bought the pc without ssd, and it is pretty slow a lot of the times. can i buy one seperately?', 'Is the hard drive upgradable? such SSD?', 'What SSD should i get to upgrade before i boot up the computer?', 'Which model ssd can i add?', 'Can you install an SSD into this computer relatively easy?', 'What type of ssd', 'Do you have to disassemble to replace hdd with ssd?', 'Can the hard drive be upgraded to ssd?', 'Is it possible to swap out hard disk be with ssd?', 'How hard is it to install an ssd? do you have to disassemble the whole computer like you do with my current toshiba?']"
13,is this laptop new or used?,"['Is this laptop new or used?', 'I am going to carry around the laptop a lot. Is it durable and will last at least five years?', 'Does this laptop feel flimsy or sturdy? What about its build quality?', 'Is this a brand new or refurbished laptop?', 'what are the pros and cons of this laptop and should I consider buying it.']"
14,can i add any type of graphics card to it?,"['Can i add any type of graphics card on to it? Any additional slots', 'Can i add a external graphics card to this pc via pcie?', 'Could I add a graphics card to this laptop or will I have to stick with the Intel one?', 'Can I put an extra graphics card? What ram do you recommend if I want to increase it?', 'Does this support external graphics cards? My friend doesnt want his razer core anymore and offered to give it to me, so i want to know.', 'What is the graphics card on this machine? And is it changeable?', 'Can you upgrade the graphics card for this laptop?', 'What type of graphics card does this have?', 'can you add a gpu card?', 'Is there a way to add a laptop GPU to this?', 'Is there any external graphics cards that are compatible']"
15,Is the battery replaceable?,"[""If the battery is not removable, what do you do when it's time for a new battery? Buy a new laptop?"", 'Is the battery replaceable?', 'is the battery replaceable?', 'Is the battery removable?', 'Is Battery replaceable?', 'I understand battery is not removable, will asus replace battery after 1 yr?']"
16,what about international warranty?,"['international warranty?', 'Will I have warranty in Korea?', 'warranty cover in Brazil', 'Does it has international warranty outside US ?', 'Does the global warranty cover India ?', 'Will I have warranty in Israel?', 'Does it have International warranty ( in India )', 'Is the international warranty valid in Armenia or Germany?', 'Is the international warranty valid in Saudi Arabia ?', 'Does international warranty cover in HongKong?', 'Does international warranty cover in Costa Rica?', 'Is it global warranty?', 'Is the international warranty valid in Sri Lanka?', 'Is international warranty covers in india?']"
17,Does this laptop come with Intel only or Intel i5?,"['Is there a difference between this laptop and one that clearly states that it’s an i5 processor and on that states it’s an i5 quad core processor? Wha', 'It says intel i5-8250u processor which has 3.40 ghz, but your product description says 1.6 ghz. is it tryly the 8250u? thanks', 'Does this laptop has a nvda or amd graphic card or not?', 'Does this laptop come with Intel only or Intel i5?', 'What is the difference between core i5 $558 and fhd core i5 $499 models?', 'I see the processor speed is advertised as 1.6 as a quad processor and other comparables are above 2. Is this a noticable difference?']"
18,Is the keyboard backlit?,"['Will be available a variant with backlit keyboard?', 'I am concerned because I swear this said it had a backlit keyboard when I purchased it, as did another reviewer. It does or it does not?', 'back lite keyboard?', 'Does anyone know if this unit comes with backlight keyboard?', 'Have backlit keyboard ?', 'can you upgrade the keyboard to be backlit?', 'Is the keyboard backlit?', 'is the keyboard backlit?', 'does it have a lighted keyboard?', 'Is there a similar model to this that has a backlit keyboard?']"
19,Is this computer a good computer for the price?,"['Is this computer a good computer for the price?', 'Is this a Great computer for hard core editting, adding more memory, ssd, hd and more, also is it ok for gaming', 'is this a good gaming laptop', 'is this a good enough computer for college use without having to add ssd?', 'Is this a good laptop for school?']"
20,How is the battery life? how many hours?,"['What is the battery life like? Browser use and intense use cases?', 'How long does the battery last in this laptop while watching movies?', 'How long does battery last?', 'What’s the battery life (hours) for this laptop?', 'How is the battery life? how many hours?', 'Battery life?']"
21,does this laptop have microsoft word?,"['Does this laptop have microsoft word?', 'Does it have microsoft office', 'Does the computer have the office installed?', 'Is this laptop still offered with Microsoft Office. I don’t see the option anymore.', 'does this laptop use windows ink?', 'is this laptop come with microsoft office? becouse mine doesnt have it activated.']"
22,Is the screen IPS?,"['Is the screen IPS or not?', 'Is the screen IPS?', 'Is the display an ips fhd 1920x1080?', 'IPS screen?', 'does it have ips panel?', 'Screen is ips or tn?', 'Does this laptop has IPS sceen?', 'is the display an ips display?', 'Is display IPS?', 'Does it have IPS display?']"
23,does this laptop support usb c charging?,"['May I use the laptop by charging it but without the battery?', 'Does this laptop support usb c charging', 'Do the laptop has fast charging support ?', 'can we charge the laptop through usb typec?', 'Is there a car charger available for this laptop?', 'Can i charge this laptop via usb c? what can you do with a usb type c port on a laptop anyway?', 'Does this laptop charge with the usb c port?']"
24,will optane work with this laptop?,"['Does this laptop support intel optane drive to accelerate the hdd?', 'does this support intel optane memory', 'This laptop is ready for Intel optane?', 'Can this laptop increase solid-state drives and memory?', 'Can I use Intel Optane M.2 16 GB here?', 'Will intel optane work on this laptop?', 'Does this laptop support optane?', 'Is laptop intel optane compatible?', 'Can this handle Intel optane memory?']"
25,does it have the warranty?,"['does it have global warranty?', 'Does f510ua has a international warranty ? it yes, does it apply to hong kong?', 'Does the warranty of this product cover in Japan?', 'I live on Korea. Is it world warranty that covers it?', 'Does this Model has Warranty in Switzerland ?', 'If i buy this laptop in usa will the warranty be valid in india?', 'Is that have any Warranty in hong kong?', 'Is it 1 year or 2 years warranty ? Is it global warranty?', 'I understand it has 1 year international warranty, if my machine is not functioning, I can go to areas outside US for repairs, is it correct?', 'Do i get global warranty when i purchased this laptop from this store?']"
26,battery life,"['battery life', 'What is practical battery life?', 'how long does the battery last?', 'Battery life appears to be dismal, right?', 'How is battery', 'what is the battery runtime?', 'How long does it take to charge battery?']"
27,is it bluetooth enabled?,"['Does it have bluetooth and web cam?', 'Hi, I would like to know if this computer has bluetooth?', 'is equipped with bluetooth?', 'Does this have bluetooth?', 'Does this notebook support Bluetooth?', 'Does it have a dvd drive, webcam, and bluebooth?', 'Does this model have bluetooth?', 'Does it have camera?']"
28,does it use ddr3 or ddr4?,"['Does the 8th generation version have ddr 3 or ddr 4 ram ??', 'What is computer memory type on specification it says ddr3 sdram , is it ddr3 or ddr4?', 'This laptop sports an 8th gen cpu... so why does it have listed that it uses ddr3 memory? is it ddr3 or ddr4? is the ram upgradeable, and by how much?', 'This model already having 8gb ddr4 can i ad 16 gb ddr4 or you recommend 8 gb ddr4', 'is this board ddr4 or ddr3 compatible?', 'Does it use ddr3 or ddr4']"
29,is it safe to use it for gaming?,"['Is this good for gaming especially fortnite?', 'Is it good for world of Warcraft?', 'Is it good for gaming?', 'Is this good for gaming at all?', 'can it play fortnite']"
