1,what type of keyboard is backlit?,"['Does the keyboard light up?', 'Does it have a backlit keyboard?', 'Does the: ""keyboard light up"" at night? for the price, I\'m having doubts..', 'how do i turn on the backlight on the keyboard?', ""Why doesn't mine have backlit keyboard?"", 'Please settle this, is the keyboard back lit?', 'Backlit keyboard? Does it have one']"
2,does a camera work?,"['Does it have a camera?', 'Does it have a built in camera?', 'Does this have web cam ?', 'Does this hp computer has a camera?', 'Does it have a webcam', 'Does this laptop have a camera?']"
3,will this connect to a printer?,"['Will this connect to a printer?', 'What printer would work with it? Could i use it for just writing books?', 'Does this connects to a deskjet 1000 printer?', 'Can I use my house printer with this? Is the keyboard lighted & will it store my pictures?', 'Is this compatible with an hp printer?', 'Can You print to an HP printer without needing cables or downloading any extra programs?', 'I have a printer hp envy 4502 will i be able to connect this computer with it?', 'Is this compatible with a brother printer', 'Is this compatible for printing shipping labels on a label printer? There’s mixed reviews that it works for wireless printers.', 'Can i print from a cannon pixma mg2522 printer with usb plug in?', 'Can I use my hp printer with this? Is the keyboard lighted & will it store my pictures?']"
4,can i connect another monitor to this using one of the usb ports?,"['I have a chrome book now that i can not connect to my other monitor. will this connect to another monitor? thank you.', 'Can i connect another monitor to this using one of the usb ports', 'Connect to a monitor?', 'Can i use one of the usb ports on this to connect another monitor', 'Can I hook a monitor up this this chromebook']"
5,Does this laptop good for coding?,"['Does this laptop good for coding?', 'Can I use this laptop for coding and developing applications', 'Is this laptop good for internet usage?', 'Is this laptop good for gaming', 'Is this laptop good for at home online jobs ?']"
6,which wireless mouse is compatible with this laptop?,"['which wireless mouse is compatible with this laptop?', 'Can I use a wireless mouse ?', 'Do u need a mouse for this laptop?', 'Does this computer come with a mouse, or at the very least, can i plug a conventional mouse into the usb port?', 'What mouse should I buy that fits this chromebook?']"
