1,What's max ram this nitro can be upgraded?,"[""What's max ram this nitro can be upgraded?"", 'What type of ram stick should i use to upgrade the ram?', 'What 8gb ram card would be best to use to upgrade this computer?', ""What is the max ram mhz that this laptop's motherboard can support? Like 32GB 3200mhz."", 'Can I upgrade ram to 16', 'Upgrading the ram and the ssd what is the maximum it supports?']"
2,"Es posible conseguirlo con el teclado latino (tenga la letra ""Ñ"") ?","['Hola,tiene lalaptop con teclado en español,osea que el teclao tengo la letra Ñ?', 'hola ¿Quisiera saber cuales son las proporciones de la caja del producto y su peso total?', 'El teclado está en español ?', 'Es posible conseguirlo con el teclado latino (tenga la letra ""Ñ"") ?', 'Buen día, se puede pedir con teclado en español que tenga la letra Ñ?', 'hola, es que le voy a comprar este computador a mi hijo y quería preguntar que si se puede enviar a Colombia ?', 'Buen día, hacen envíos con teclado español que incluya la letra ""Ñ""?', 'Si pido hoy en cuanto tiempo llega a Colombia con el envio gratis?']"
3,does it come with a charging cord?,"['Does it come with charging cord?', 'Is it possible to purchase the charger for this? I lost mine', ""What is the charger's wattage?"", 'Does it come with a decent charger? Last laptop I got off amazon charger went dead In only 4 months', 'If I buy this used will it come with a charger?', 'Can you use the ubs c to charge it or anything else to charge it besides the default charger']"
4,can i play gta 5?,"['Can i play GTA 5?', 'Can you play gta5 on this laptop??', 'Can play gta 5 smooth !', 'Can I play gta 5 with fiveM on this?', 'Can it play gta5?']"
5,is quest 2 compatible?,"['Can i play oculus quest on this ?', 'Can I play oculus rift on this', 'Could I use this with the Oculus Quest 2??', 'Can I use oculus link?', 'Is this laptop vr ready? i’m going to be playing with an oculus quest link, games like boneworks, half-life alyx.', 'Is this compatible with the oculus rift s? Does it have a display port?', 'Is this Oculus Quest 2 compatible?', 'Can I play with the oculus quest?', 'Can i play oculus rift s on this?', ""Is this laptop compatible with the oculus quest 2? I see some people say yes while other's say no?""]"
