1,Tienen teclado con español ?,"['Tienen con teclado en español?', '¿Dónde sale la opción de cambiar el idioma del teclado?', 'Puedo pedir que el teclado sea el español ?', 'Quisiera saber si ustedes me podrían enviar la factura física junto con la computadora?', 'Con obtener artículos en pagos?!', 'Senouede comprar con el Teclado en español?', 'El teclado viene en español o como lo paso a español', 'El teclado en español?', 'Se puede comprar con teclado en español? Muchas Gracias', 'El teclado es en español , ?', 'Necesito factura a nombre de empresa me la podrían enviar junto con la compra?', 'Donde elijo la opción con teclado en español??', 'Viene con teclado en español?', 'Alguna con teclado en español?', 'Es posible con teclado en español?', 'Cómo solicito al comprar el teclado en español?', 'Hola, tenes con procesador i5?', 'donde esta la opción de adquirirlo con teclado en español?', 'Tienen teclado con español ?', 'Alguien ya compro? Que tan seguro eso?', 'Como puedo solicitar el teclado en español?', 'Como se puede cambiar la opción de teclado a Español, no encuentro esa opción, me ayuda?', 'Tiene teclado en español?', 'De qué año es?', 'el teclado es en espanol?', 'Tendrán despacho a Chile en algún momento?.', 'Viene con el empaque original?']"
2,do you know if the processor is a core i3 or a core i5?,"['Que procesador tiene nuevo apple macbook air de 512 gb core i3 o i5? cuando le doy a comprar no cuadra en la descripción', '¿compre 1 macbook, orden 114-2450512-8102632, no me percaté que teclado sea versión español, antes q envíen podría ser con versión español?', 'duda es si el procesador es core i3 o i5? se refiere a la velocidad de la computadora??? Gracias...', 'Veo cuando selecciono la opción de 256 gb que en las especificaciones aparece el procesador i3, y cuando cambio a 512 gb cambia a i5, esto es cierto?', 'Deseo comprar una apple macbook air de memoria 512 gb mi duda es si el procesador es core i3 o i5?', 'En la descripción aparece core i3 pero en detalles apetece core i5, cuál es en verdad?', 'La macbook es i5 cuando le cambio el almacenamiento 512gb. Está información es correcta?', 'Hola, necesito saber algo, cuál procesador es más rápido, el core i5 de 5th gen de la versión 2017, o el core i3 de 10th gen versión 2020?', 'Buenas tardes, si selecciono la opción de 512gb el procesador que viene es i5?']"
3,do the laptops have a magic keyboard or do the laptops have them?,"['Does this laptop have the ""magic keyboard"" ?', 'Does this have the magnetic keyboard?', 'Is this a laptop', 'Does this laptop have the stupid butterfly keys?', 'Isn’t the magic keyboard not so great with the new 2020 laptop model?', 'Does it have tool bar on top of keyboard?']"
4,can i buy 16gb ram?,"['Can I buy extra ram for this to be 16 GB ram?', 'Is it possible to get the 16 gb ram and i5 model?', 'Can the RAM be upgraded?', 'Is any way to have 16gb of ram?', 'Can I add more ram to this model? I want 16 go ram instead of 8.', 'Can i upgrade the memory from 8gb into 16gb?', 'Can i take out the 8gb ram and put 2 8s in it to make it 16gb??']"
5,Is this the macbook air 2020 model? thanks,"['What is the latest model? The product description says latest model, i5 processor but the apple site on July 30, 2020 says the macbook air is a i7 pro', 'What are the differences between the 2019 and 2020 MacBook Air?', 'How does this compare to the 2020 MacBook Pro?', 'Why isnt it listed as 2020 macbooks air?', 'Does amazon sell the new 2020 macbook air with the i5 processor? if so, can you please post a link?', 'Is this the macbook air 2020 model? thanks', 'What year is this MacBook air']"
6,do people actually have a warranty?,"['Tendria garantia internacional? es que comprare en usa pero luego me ire a Panamá. Aca tambien hay tiendas apple', 'Cuánto tiene de garantía?', 'Cuánto tiempo de garantía?', 'Se puede comprar el apple care antes que se acabe el año de garantía?', 'Garantía de este producto? Tendría el año de garantía con Apple directamente ?', 'Cuenta con garantía internacional?']"
7,does it come with a charger?,"['If i want to buy an extra charger for the 2020 macbook air, where would i find one?', 'Is there a charging place on the Mac book?', 'Does this come with the charger for the apple macbook air???', 'What kind of charger comes with this laptop?', 'Does it come with a charger', 'Does it come with a charger ?']"
8,Is this computer with core i5?,"[""Is the 10th generation i5 a dual or quad core? It doesn't say in the description."", 'Any idea what model number the I5 is, as there are many different model numbers? Thank you in advance.', 'It said 10th Generation Intel Core i3 processor but what is the clock speed?', 'In the perform section it says it comes with an intel i7 processor but under tech details it says it comes w/an intel i5 processor, which is it?', 'i5 processor is which generation?', 'Does this have the 10th gen quad-core intel® core™ i5 processor at 1.1ghz?', 'is this i5 quad core 8threads or dual core 4 threads ?', 'Is this computer with core i5?']"
9,how do you program a i5 based on the'specifications' on the device?,"['este modelo es i5 si? No esta claro en la descripcion', 'Como hago para comprar la i5 como dice en las especificaciones ?', 'Me sale en especificaciones que es i5 y en el nombre me sale i3 y leo la preguntas y responden que es i3 y tb i5 me confundo', 'Cómo hago para tener una i5 ? Cual debo comprar', 'El nuevo modelo el procesador es i5?', 'hola! por favor me pueden confirmar si el procesador es el i5 décima generación?', 'Buenos días, es core i3 o core i5? En las especificaciones dice i5']"
10,Can you add Apple care after purchasing?,"['Can you add Apple care after purchasing?', ""How can i purchase apple care after purchasing the macbook? on apple's website it says it's not eligible and i just received it today!"", 'Does it come with Apple Care ?', ""How do i add applecare proaction plan after purchase? it said i can add it & when i went to the apple site it says i'm not eligible. got it today!"", 'How do I purchase apple care for this product?']"
11,Can it come with the Keyboard in Spanish?,"['I want this spanish keyboard. Do you sell?', 'Hi, can I get this product woth the Spanish keyboard', 'I would like one with factory settings of the physical keyboard in Spanish. Can you choose that option?', 'Can it come with the Keyboard in Spanish?', 'Do you have it with keyboard in spanish?', 'Is it available with Latin American Keyboard?']"
12,how do you choose a simple arabic keyboard?,"['Hello, how can i have arabic keyboard?', 'Can i choose backlit magic keyboard arabic?', 'can i get it with Arabic characters printed on the keyboard?', 'How can i choose arabic keyboard?', 'Is there a Turkish keyboard option ?']"
13,which software is included?,"['Does it come with preloaded software like ms word and excel?', 'Is Word for Mac included in preloaded software?', 'Does it come with picture storage and editing? Word processor?', 'What software included?', 'What software is included?']"
