1,Does this have a backlit keyboard?,"['Does this have a backlit keyboard?', 'Does it have a removable keyboard?', 'Do this backlight the keys on the keyboard when opened in laptop mode?', ""Why does it say in the title it has a backlit keyboard if it doesn't?"", 'Backlit keyboard?', 'Does this have a backlit keyboard ?', 'does this have a backlit keyboard?', 'Does it have keypad back light', 'how do I turn on backlit keyboard']"
2,Does it have a microSD slot?,"['Does the micro sd card stick out when it is inserted or can it be stored inside witihout sticking out?', 'Does this chromebook have a micro sd slot? if so, is the inserted card contained entirely within the body, or does it stick out when inserted?', 'Does it have a microSD slot or reader for memory expansion?', 'What size micro sd card?', 'Does it have a microSD slot?']"
3,what printer is compatible with this chromebook?,"['Read reviews on other Chromebooks about it only being compatible with certain printers. Is that the same with this one?', 'what printer is compatible with this Chromebook?', 'How to get chromebook to wirelessly connect to canon pixel printer?', 'Can you print documents from this chrome book (wireless printing)?', 'i can not get this chromebook to connect wirelessly to my canon mx472 printer? what do I need to do?', 'can I print from this chromebook?', 'Will this Chromebook work with any cloud ready/capable printer such as HP?']"
4,Does it have stylus support?,"['Does it have stylus support?', 'does it support any type of active stylus and if so what type/model?', 'what stylus is compatible with the cp311-2h-c679?', 'Is there a storage spot for a stylus?', 'Does it work with digital pen?']"
5,is it a touchscreen?,"['Is it a touch screen?', 'Touch screen?', 'Is this a touchscreen?', 'does this chromebook have a touchscreen?', 'Is it touch screen?', 'Is this touchscreen? The answers vary so I am confused!!']"
