1,Does it have a charger included?,"['Does it have a charger included?', 'I need a new charger what kind do I need to order?', ""It's come with the charger?"", 'does this come with a charger to be used internatioally?', 'Does the it include european electric plug for the charger?', 'This come with a charger?', 'the description is ""Device Only"" - does it come with a charging cord?']"
2,i want to change the ram slot to 32gb,"['How much ram does it support? (I want change the ram slot to 32GB)', 'Does this laptop has 8gb of ram or it upgradable to 8gb?', 'I would like to know if it has an empty ram slot as i would like to add another 8 gigs of ram', 'Can i add 16gb of ram instead of the slotted 4gb so that the total ram is 20gb ?', 'I read that 4 gb of the ram is soldered onto the motherboard & the other 4 gb of ram is in the one memory slot. is it still running in dual channel?', 'Is the the ram upgradable? i understand that there is 4gb ram soldered to the motherboard and another 4gb in the one ram memory slot.']"
3,Que significa que el teclado viene en ingles?,"['Buenas, en que tiempo se carga completamente la bateria? Muchas gracias.', 'Viene con cargador ?', '¿el teclado está en español?', 'Buenos días, intento hacer mi compra y no me permite dice que no me la pueden enviar, saben a qué se debe esto ?', 'Que significa que el teclado viene en ingles?']"
4,Tendran algun otro modelo con teclado en español?,"['Tendran algun otro modelo con teclado en español?', 'Este modelo es pantalla tactil ?', 'Como podría aumentar el almacenamiento?', '¿La pantalla es antireflejos?', 'Tendrá disponible con teclado en español?', 'Tienen este mismo modelo pero con teclado en español?', 'Hola necesito comprar 4 unidades podria venderme?', 'Una consulta, el teclado esta en español?', 'Tiene teclado retroiluminado?', 'La pantalla es calidad ips o tn ?']"
5,Can you play sims 4 on this?,"['Can you play sims 2 and 3 on this ?', 'Can I use this for gaming (Sims 4)?', 'Can you play Sims 4 well on this laptop?', 'Will this support The Sims?', 'Can you play sims 4 on this?']"
