1,Is the ram in dual channel?,"['Is the ram 2x8 or 1x16 if you selet the 16g/512g option?', 'Is the ram in dual channel?', 'Does the RAM run in dual channel mode?', 'Anyone know what the ram is configured as? aka single or dual channel memory?', 'Can you add ram? i purchased 8gb. can i upgrade to 16gb?', 'I know there is just only one slot onboard for ram. However is it possible to replace the 8gb ram included by 16gb ram on my own?', 'Is the ram upgradable? is it 1x8gb or 2x4gb?']"
2,can a laptop be charged from a usb c port?,"['Can i use a usb c charger to charge the laptop? is the included power adapter a usb c power adapter or one that goes into the circular power slot ?', 'Does this support usb-c charging?', ""What charger can I use to charge this laptop in a car? A cellphone usb c car charger doesn't charge it."", 'Can this laptop be charged via usb c port?', 'can you charge THIS laptop (sf314-42-r9yn) via the usb type c port?? yes or no. if yes, what charger are you using? thanks.', 'Can I charge this laptop with 65 watt usb c?', 'Does this use a usb-c charger?', 'can I use a usb c docking station to charge/run this laptop (draw power from docking station not the oem power supply)?', 'Can the laptop be charged with usb c cable or is it only by the usual pin plug?']"
3,Can the ram be upgraded?,"['Can the ram be upgraded?', 'Can more ram be added?', 'Ram upgrade ?', 'is the ram upgradeable?', 'Can the ram on this be easily upgraded? the specs on this are amazing besides just the 8gb of ram... would like to know if i can easily expand it.', 'Is the ram upgradable ?', 'RAM can be upgraded?', 'Ram upgradable?', 'Can you add more Ram?', 'What speed does the RAM run at?', 'Can ram memory be expanded?', 'Can the ram be updated?', 'Are the ram and sdd hard drive upgradeable?', 'Can you upgrade the Ram?', 'What is the maximum memory it supports to be upgraded?', 'Can you easily install additional RAM?', 'Can you upgrade ram?', 'Does this have dual channel RAM?', 'Is RAM expandable ?', 'It is possible to upgrade the ram?']"
4,does this come with an ac charger?,"['does this come with an ac power charger?', 'Does the battery charger work with 220v? Planing to import it to Argentina. Thank you', 'Has it charger (say laptop only)?', 'Is the power charger 110-240v (I need 240v)?', 'can you charge it with a usb a to usb c cord ?', 'Does this come with an ""Acer"" charger or is it an off brand?', 'How much does the charger weigh?', 'Does it support 65w usb-c charging? what type of charge is included?', 'what is the part number for the charger? I need to order an extra.', 'Can this be charged through usb C?', 'Can this be charged through usb c port?']"
5,how many watt hours does a battery have?,"['What is your average battery life?', 'How much watt/hours is the battery?', 'What is the battery life? It says 11.5 hrs here but on the website it says under 8????', 'What size is the battery?', 'How many watt hours does the battery have?']"
6,does this model have any international warranty?,"[""Does this computer has international warranty? I'm in south america, Paraguay to be specific"", 'Does this laptop come with international one year warranty, if i bought it from here and ship back to taiwan, can i get international warranty', ""Hi! will i benefit from international warranty should something go wrong? i'm writing from turkey and i know it won't have local warranty. thank you"", ""How to receive global warranty, I don't mind paying extra, as I travel my region is Japan currently , & english laptop are not available here ?"", 'Does this model have international warranty?']"
7,is there a manufacturers warranty?,"['Does it have a 1 year or a 3 year warranty?', 'Is it 3 years warranty in Israel?', 'What is the warranty?', 'What is the Warranty on this product ?', 'Is there a manufacturers warranty?']"
8,el teclado viene latino?,"['Hola! Cuánto demoran en enviar? Compré el 11 de Mayo', 'las especificaciones son las mismas que se detallan ?', 'Cuanto tarda el envío si vivo dentro del país?', 'el teclado viene latino?', 'Teclado en español']"
9,When Will this be available?,"['when will this be available to order?', 'Has this actually been released? If not, what is the release date?', 'When is this going to be back in stock?', 'When Will this be available?', 'When is this going to be available?', 'When will this be back in stock?']"
