1,which pen is supported in chromebook?,"[""I got lenovo active pen but it wasn't compatible with levenoflex5,13inch chromebook. Which one can I get"", 'Is the Lenovo pen (Model 1930000000j00) compatible with this laptop? Any other recommended pen ?', 'which pen is supported for this chromebook? please provide exact model since there are many.', 'What is the difference between this model and the ""lenovo chromebook flex 5 (13”) 2 in 1 laptop"" 88ipfc51448 that is coming soon?', 'Will my lenovo active pen (sd60g97200) work with this chromebook screen?']"
2,which stylus will work with chromebook?,"['Can I use a chromebook stylus with device?', 'What kind of stylus will work with this Chromebook?', 'What stylus works best with this chromebook?', 'Does this chromebook support palm rejection? Or do you have to have a stylus with palm rejection?', 'Can you use a stylus with this chromebook?']"
3,if i buy the core i3 with 8gb of ram will there be an i5?,"['Will there be an i3/8gb/128gb version available?', 'Will there be an Core i3 version with 8gb ram available, or an i5 available?', 'Lenovo, when will you be releasing the i5, 8gb version? Thanks!', 'When will the 8gb ram, 128 gb ssd, with either the i3 or i5 processor version be available ?', 'Hello, will there be a model coming soon with 8gb of ram?']"
4,which lenovo pen should i buy?,"['Which Lenovo Pen will work with this?', ""Can Lenovo please link to a specific stylus that is compatible with this product? I can't find any and don't want to guess."", 'Can i use the lenovo active pen on this device?', 'Which Lenovo pen can be used?', 'What part number is the compatible Lenovo digital pen?', 'Which pen(s) are compatible with Flex 5 13""?']"
5,what stylus is it compatible with?,"['what stylus is it compatible with?', 'Does it come with a stylus?', 'can this be used with any stylus?', 'does this bring a stylus or does it work with one?', 'Where can I find a compatible digital pen?', 'What stylus is it compatible with?', 'Could you suggest a stylus that would work with it?', 'Stylus available? How can I get it?']"
6,does the sd card slot exist?,"['Is there a sd card slot?', 'Is there a memory slot for expansion? is it micro sd? max memory size?', 'Can you use a larger sd card for storage', 'Memory slots are only micro sd or is it a multi reader or full size sd? and this can be used to read and write to? so this can work as external drive?', 'Will a Micro SD card sit flush with the edge, or stick out a bit?']"
