1,Does this have backlit keyboard?,"[""I need to know if this has a backlit keyboard, for sure. It doesn't advertise it does but I've seen contradicting answers. Yes or no?"", 'Does this have backlit keyboard?', 'Does this have a backlit keyboard?', 'Does the backlight for the keyboard go out after a few seconds as one reviewer stated?', 'Does this laptop come with a backlight keyboard?', 'is the keyboard backlit?']"
2,does this laptop have its own charger?,"['Does this laptop come with its own charger?', 'I have a charger from a lenovo ideapad 110-15isk. can i use it with this computer? thanks.', 'How many volt and amperes does the 65w usb-c charger used by this laptop support?', 'Is there a Matching case for this laptop?', 'Does anyone who bought it know if the laptop adapts its charger to 220v or just 120v? You can see it in the wall charger Thanks', 'This laptop use usb c charger?', 'I have my power cord from my lenovo ideapad, will that work with this laptop for my ac power connection?', 'What dock station can i use to charge this laptop and connect usb devices and one hdmi output?', 'Trying to find an extra charger for it. Is this one flex 5 1470 or 1480?', 'What is the replacement battery for this laptop? Mine is dead.', 'Does the laptop come with a charger included?', 'Hi! Does this ""notebook only"" option come with a charger as well as the pen?', 'Mine came with a usb-c charger, but the laptop has a specific charging port separate from the usb-c port, so am i missing a cable?', 'Does this have usb c charging(for the laptop) or is it the usual laptop pin plug charger?', 'Does this charge via usb-c?', ""Does this laptop include an active pen like last year's model? Additionally, what is the battery capacity? I only see battery life estimates. Thanks!""]"
3,is there a way to enable multiple monitor support?,"['Can this handle dual monitors other than the laptop screen? would a dual hdmi to usb splitter work?', 'Is there a docking station or other tech to enable multiple monitor support?', 'does these have ports to connect with dual monitor setup (hdmi + vga, or other options)', ""Does this support two external monitors? I've been seeing some mixed responses to this question."", 'Will a universal, standard USB 3.1 port replicator allow for multiple external monitor screens (2) in addition to the laptop display itself as a 3rd?', 'Will this support a usb c type docking station? if not pls suggest a docking stn that will work with this model. i want to connect two hdmi monitors', 'Can this handle a triple monitor setup?']"
4,does this come with a pen?,"['Does it come with a pen?', 'Does this comes with a stylus?', 'Hi Is the pen included??', 'Does it come with a pen in the box? if so, which one ? (Lenovo gen 1 or 2)', 'Is the pen working out of the box in ububtu?', 'Does this come with a pen? There is a review that says it does.', 'Is there a slot that i can put the pen in?', 'what is the piece of black plastic that comes on the pen for?', 'Is this model limited to the lenovo-brand active pen only, or can it support other active pens?', 'Does it come with the pen?', 'Is the Lenovo digital pen included? Thanks.', 'Does this include a pen?']"
5,is there an extra slot for a ssd?,"['Is there an additional slot for ssd or hd along with the base ssd slot?', 'Is the ssd user accessible? or is there a 512gb version available?', 'Is there a sata slot such that a sata ssd can be added? assuming a certified technician does it.', 'Is there a version of this model with a 512gb SSD?', 'Is there an extra slot for a ssd?', 'Is there a slot to add an internal hdd?', 'If it only has one hard drive slot, how would you get all the os and software to a new ssd if you replaced it?', 'Is there an empty m.2 slot for a second SSD on the motherboard?', 'Can you add a second drive? what is the capacity if i wanted to swap out the original ssd drive?', 'Can you upgrade the ssd to 1tb storage with the provided slots?', 'Can the SD Card slot be used for additional storage like for big video files or games or do you have to upgrade the ssd?']"
6,What is a good screen protector for this?,"['Is the screen with a microfilm or protector? Because i received mine with a scratch!', 'What is a good screen protector for this?', 'has anyone found a screen protector for this?', 'Has anyone found a plastic or glass screen protector for this?', 'Has anyone found a screen protector for this particular model?']"
7,"Buen día, cómo hago para que me entreguen la factura de mi compra?","['Buen día, cómo hago para que me entreguen la factura de mi compra?', 'Buenas tardes porfavor para hacer la compra a donde puedo pedir la factura al vendedor? No quiero el recibo sino la factura porque a donde envío decla', 'Existe alguna garantía posterior a la compra?, con que viene el equipo?', 'Buenas tardes porfavor para hacer la compra a donde puedo pedir la factura al vendedor?', 'Buen día. Se puede adquirir con teclado en español? Gracias', 'Hola, se puede elegir teclado en español?']"
8,Are there any cases or skins that fit this laptop?,"['Are there any cases or skins that fit this laptop?', 'Where can I find fitting hard shell cases for this specific laptop?', 'Can someone please give me a link on where to buy a hardshell case for this laptop? Im having a hard time finding one :(', 'Where can I buy a shell for this laptop?', 'which one of the hard shell case fits this laptop']"
9,does the sony p710 pro come with a stylus or an active pen?,"['Does this laptop come with stylus or active pen?', ""can i upgrade the pen? I got a stylus with my laptop and it behaves funny. Can't tell if the issue is with the software or the pen."", 'Best stylus to pair with Lenovo Flex 5?', 'where does the stylus fit on this model? The last Lenovo I bought did a very poor job in that the stylus was snapped to the side of the screen.', 'Can I use any stylus with this? What’s special about using the digital stylus?', 'Does the pen/stylus need a separately-purchased battery?', 'Does the stylus have a holding compartment built in like a nintendo ds for example?', 'What is the model number of the included stylus? I am trying to order the stylus that comes with this laptop for another laptop.', 'I need to buy a new stylus, which would be compatible?', 'Is everyone getting an active pen with their laptop because mine did come with a stylus that was not the official lenovo active and i cant get it work']"
10,is it true that this model has dual channel ram?,"['Does this model have dual channel RAM?', 'Does this have dedicated RAM for gaming?', 'Is the 16gbs of ram running in dual channel configuration or is it a single 16gb module?', 'Does anybody knows if the ram is ddr4 or lpddr4?', 'Is there an available ram slot?', 'I understand the ram is soldered to the motherboard, does it have an additional ram slot for increasing the capacity?']"
11,"Considerando la calidad de los materiales, recomendarían la compra de esta laptop? Es sólida o parece frágil?","['Cuando la uso con la bateria se me calienta y me deja el abanico encendido y no me enciende la laptop, algún contacto de lenovo?', 'Considerando la calidad de los materiales, recomendarían la compra de esta laptop? Es sólida o parece frágil?', 'He leido varias versiones acerca de la construcción de esta laptop, quisiera saber si es toda plástica o tiene partes de aluminio o metal?', 'Ademas del costo de la laptop y el gasto de envio, ¿Se tiene o es posible que me cobren cargos extras por aduana u otros motivos?', 'El lapiz se gusrda en el laptop (viene incrustado)', 'Alguien que haya comprado este producto recientemente en Mexico sabe si ¿se debe cargos extras (por aduana,etc.) ademas del costo de la laptop y env?']"
