1,"Buenas tardes, hice mi pedido hace 48 horas aproximamadente, mi pregunta es ¿cuánto se demoran en hacer el envío?","['Cuánto tardan en enviarlo? Realicé el pedido y el pago desde hace 3 días y aún no lo envían', 'Viene con el teclado en español? La letra ñ', 'Hola, facturan la compra? Y en qué tanto tiempo la hacen de ser así?', 'Trae su cargador y todo verdad?', 'Hola hace aproximadamente 48 horas hice el pedido pero aún ni me hacen el cargo a mi tarjeta. Es normal que demoren tanto en enviar el pedido?', 'hola buen dia, recibo un correo informando que el producto llegaría el día 30 de septiembre pero aun no han hecho el cobro a mi tarjeta todo bien ?', 'Buenas hice el pedido el 31 de octubre y hasta la fecha no se hace el envío a pesar que ya se hizo el cobro. Cuando se dará el envío?', 'Cuanto es la duración de la batería?', 'Buenas tardes, hice mi pedido hace 48 horas aproximamadente, mi pregunta es ¿cuánto se demoran en hacer el envío?', 'Se le puede hacer una mejora en la Ram y almacenamiento?']"
2,what kind of extra ram does it support?,"['Can you please fix the listing. Is it 4 or 8 gb of ram?', 'Does the 8gb ram configuration have dual channel ram? Or is it a single 8gb ram stick?', 'What 8gb ram specifically should I get?', 'what ram memory uses, 3200mhz?', 'It says it comes with 8gb of ram, is it 2x4gb or 1x8gb?', 'Is this gaming laptop a 8gb ram or 4gb ram?', 'What is the max amount of ram that can be added?', 'What kind of extra ram does it support?', 'The 8gb of ram that comes with this model, is at 3200mhz or 2400mhz?']"
3,How do I change keyboard color?,"['How do I change keyboard color?', 'Can I change the light color of the keyboard?', 'can I make the keyboard any other color at will?', 'How do i change the keyboard color on the fx505gt-ab73 laptop?', 'Can you change the keyboard lights to a static one color? If so is it just with the keyboard or do I need an application?']"
4,Dioes it come with ram 1x8 or 2x4?,"['Dioes it come with ram 1x8 or 2x4?', 'Is there an option to buy this model with 16GB ram? Or do i have to add additional ram myself?', 'Will any DDR4 ram fit in this?', 'Is 8gb ram dual rank or single rank?', 'What kind of ram and company specific do I have inside and what I need to buy as an upgrade?', 'Viene con 1x8 o 2x4 en los slots de ram?', 'What is the exact Ram stick that comes in it so that i could match it?']"
5,can i add a second ssd?,"['Can i add a second ssd? i have a samsung evo nvme 500gb.', 'dose this come with a 2.5 inch SSD or a m.2 Nvme?', 'Can you switch out the existing ssd and replace/upgrade it to a 1tb ssd (samsung evo)?', ""Can you add a 2nd m.2 ssd? this page says yes, but manual isn't clear."", 'After reading the q&a i am not clear. can i add a hard drive beyond the ssd it comes with? if ye is the a size limitation?']"
6,what size hdd fits in this?,"['Will the 15mm 2.5in hdd work?', 'Can a 0.32"" thick SSD fit on the additional slot?', 'Do you need to buy the bracket to install the 2.5 ssd? on this laptop', 'what size hdd fits in this?', 'What size hdd can this be upgraded with?']"
