1,Can it run Sims 3 and sims 4 with mods included?,"['Can it run Sims 3 and sims 4 with mods included?', 'Will this Computer run Sims 3 (Not Sims 4) without crashing?', 'Can it run the sims4 and all the expansions?', 'can this laptop run fallout 4 (with mods) and skyrim (with mods) ?', 'Will it run dead by daylight and sims 4 without any issues? Those are pretty much the only games I’d play']"
2,este modelo es el de core i5 de 10 y 1650ti ?,"['Buenos días, escogí la core i7 y abajo sale rtx 2060 pero en la descripción sale i5 gtx 1650; en realidad es una i7 con rtx 2060 por 890?', 'La drescripcion general se contradice de los detalles del equipo. esta es i7 9na generacion con nvidia geforce rtx 2060?', 'este modelo es el de core i5 de 10 y 1650ti ?', 'Cuando se selecciona procesador i7-9750, en la descripción sale intel core i5-9300h, al final qué procesador sería ?', 'Favor me aclaran, viene con procesador procesador intel core i5-10300h o intel core i5-9300h?', 'Que tarjeta gráfica tiene la intel i7, gtx 1650 o rtx 2060?']"
3,what 8 ram come inside this nitro 5 2666 mhz or 3200 mhz?,"['this nitro 5 come with a 8gb of ram can i add a 16gb ram to have a total of 24gb of ram?', 'What is the max ram and max speed of ram for the Nitro 5?', 'can i upgrade ram to 32gb on this laptop?', 'nitro AN515-55-59KS what ram i can purchase i want to add another 8gb ram can someone tell me please what ram i can purchase to add another 8 gb?', 'whta ram this computer support between this two 2400 mt/s or 2666 mt/s for nitro 5 AN515-55-59 KS ? please help', 'Can this one easy update to more ram size as expand to 32G ? Is it available have one empty ram input slot?', 'can i mix ram 8gb ram with a 16gb ram? to make 24 rams?', 'what 8 ram come inside this nitro 5 2666 mhz or 3200 mhz?']"
4,Is the rtx 2060 gpu 115w or 80w version ?,"['Is the rtx 2060 gpu 115w or 80w version ?', ""What kind of gpu does this actually have? the listing says nvidia geforce rtx 2060 but in another answer a couple people said it's gtx, not rtx."", 'Does anyone know for certain if this uses the newer 115 watt rtx 2060 or the older 80 watt version?', 'What is the rtx 2060 wattage on this acer nitro 5? laptop?', 'Does anyone know how many watts the 2060gpu utilizes? How gimped is it compared to the discreet/maxQ', 'Will this laptop be able to cool the rtx 2060?', 'Is the 2060 in this laptop the new 115 watt variant or the old 80w or 90w?', 'How does this nitro rtx 2060 compare to the helios 300 rtx 2060?']"
5,can this laptop work with oculus rift s,"['can this laptop work with oculus rift s', 'Can I use Oculus Quest 2 on this laptop?', 'Can I connect Oculus Quest 2 to this laptop?', 'Can it connect to oculus rift', 'I have an Oculus Quest 2, can I use it for that?', ""Is it possible to run oculus rift s? it requires a display port which my model doesn't have, is there a way to open it up and install display port?"", 'Does this have the mini display port? Is the laptop VR ready?', 'Can it connect to oculus rift s', ""I've seen conflicting answers on whether or not this laptop is vr ready. Is it?""]"
6,what ram stick is needed to upgrade to 16gb (2x8 dual channel)?,"['looking to upgrade to 16gb ram so i was wondering what 8gb ram stick should i buy that would be compatible with this model?', 'if im looking to upgrade the ram to a 32 gb what do i do and where do i find the correct ram stick(s)?', 'Which 8Gb of ram would i need to expand it?', 'I have purchased i5 model which came with micron 8gb memory installed. which ram stick can i add for compatibility? is it must be crucial?', 'what ram stick is needed to upgrade to 16gb (2x8 dual channel)?', 'I would like to upgarde to a 16gb of ram. Can someone suggest which 16gb ddr4 to buy?']"
