1,how can we add ssds to a 2060?,"['Can i add an ssd to the 2060 model?', 'Can i add an sata ssd to the 2060 model?', 'Am i able to add an ssd on the 2060 model?', 'Can you add a 2.5 2tb sshd to the rtx 2060 model', 'Does the rtx 2060 version have an open slot for an additional laptop hdd or ssd?']"
2,what is the average battery life for daily use?,"['How long does the battery last?', 'What is the response time of the screen, and how many cells does the battery have?', 'what is the average battery life for daily use?', 'what is the battery size?', 'how many watt hours is the battery?']"
3,Does the rtx 2060 (144 hz) come with windows hello?,"['Does the rtx 2060 (144 hz) come with windows hello?', 'Does it have single zone rgb or bre-key rgb ? And does it have ir camera for windows hello ? For the rtx2060', 'For the rtx 2060 | fhd 144hz | 512gb base model, does it come with a card reader slot ?', 'Does support windows hello? (model with i7 9750h, rtx 2060)', 'Does the RTX 2060 version (144 hertz) come with windows hello?']"
4,does it come with a 1 year international warranty?,"['Hello, i live in dubai, does this have international 1 year warranty from razer if i buy it from amazon?', 'Does it have 1 year international razer warranty?', 'I need to know before i order , does it come with 1 year international limited warranty from razer?', 'Many times asked this question and nobody responded. Please Does this laptop come with razer 1 year international warranty?', 'For the one with i7 9750h with rtx2060, is the warranty directly with razer or amazon?', 'Does this come with 1 year international warranty from razer? I live in dubai and i need to know.', 'Is the warranty with amazon o razer directly?']"
5,can i upgrade my ram to 32 gb?,"['what is the specs of ram if I wanted to purchase upgrades? Thanks!', 'Are the 16gb ram expandable post-purchase?', 'Can you upgrade to 32gb or 64gb ram?', 'Can i upgrade the ssd and ram of this laptop?', ""I'm looking to upgrade mine to 32gb of ram, but am wonder if there is a limit to the clock speed of the ram (2666, 3200, 3600)?"", 'Can you upgrade the ram to 32 GB?']"
