1,Can this be used with a docking station?,"['Can this be used with a docking station?', 'Can this be docked on a HP docking station', 'What docking station works best?', 'Does this work with 2013 slim docking station?', 'Is there a dock that would coincide with this laptop?']"
2,can you list the specific model numbers for this laptop?,"['What is the specific model number of this laptop?', 'Can someone post a photo of the bottom of the laptop? no one has actually shared the model of this hp laptop.', 'what is the exact laptop model?', 'What HP model number information for this laptop?', 'What is the mode number of this laptop? Does it come with Microsoft word?']"
3,Does it have a webcam?,"['Does it have a webcam?', 'Does it come with a camera and can it be used with zoom ?', 'Does it have a webcam', 'Does it have a camera ?', 'Does this product have a camera?', 'what is the webcam?']"
4,does it come with a charger?,"['Do this come with a charger?', 'Does the power adapter come ready to plug in to the wall?', 'Does this have the conventional type power cord or is it different? Photo looks like a different set-up', 'Is the battery included?', ""Where do I find a charger for this computer? Why doesn't this laptop come with a charger?"", 'Does it come with a charger?', 'Does it come with a power cord. How do you charge the battery?', 'I am thinking of buying it and I would like to know if it has a charger?', 'does it come with a charger?']"
5,is it a touchscreen?,"['Is this a touchscreen', 'Is this touch screen? I see a few answers suggesting yes and few other no. I need touchscreen version. Thanks!', 'Is it touch screen?', 'Does it have touch screen?', 'Does it have a touch screen?', 'Is this laptop touch screen?', 'Is this a Touchscreen?', 'is this laptop touch screen', 'does this computer have touch screen?']"
6,what is warranty on this product?,"[""Would the seller please answer two questions: What is the warranty? Why isn't it listed on the product page?"", ""Can you purchase an extended warranty with this? I don't see it offered anywhere."", 'What is the warranty on this product?', 'Does it have warranty?', 'Can I buy extra warranty for this?']"
