1,why is this priced so high at $1999 / $1500 when it's supposed to be $1199 ?!,"['Why does this keep jumping from $1,199 to ""buy starting at $1,600""? Is it because it is just selling out?', ""why is this priced so high at $1999 / $1500 when it's supposed to be $1199 ?!"", 'Why did the price changed $1,199 to $1,400+??', 'The price was $999 yesterday but it went up too much. Will it go down? I was trying to buy it at $999', 'Why is the price of this $1,196.90, lower than the $1500 at bestbuy and other places? Is it just on sale, or is this opened or not as good?']"
2,Anyone know when this will be back in stock?,"['When will it be on stock from the amazon seller again?', 'When will this be back in stock?', ""I was going to buy it but it's sold out. When will it be available?"", 'When will it be back on sale!!! It is currently sold out :(', 'Any idea when this will be back in stock?', 'When will this be in stock?', 'Will this be in stock any sooner?', 'When will this restock? I was just about to order it for school.', 'I hit buy only to have it go out of stock at that moment, when will Amazon have it again for $1199?', 'Anyone know when this will be back in stock?']"
3,Can i put 64 gig of ram in this?,"['Only 6gb of ram? Is that a typo in the product description? Should it be 16 gb of ram?', 'Does it come with a 16gb memory module or 2x 8gb?', 'Can i put 64 gig of ram in this?', 'Hello, i want to make sure i buy the exact fit ram i need? it says that it comes with 1x 16 gig ram stick leaving 1 slot open for another 16 gig ram.', 'Is the ram at all expandable to 32gb or 64gb?']"
4,¿Cómo se puede elegir el teclado en Español?,"['¿Cómo se puede elegir el teclado en Español?', 'Por favor necesito saber si la computadora estará disponible seguro el 4 de Marzo como dice el anuncio. Que pasa si ya pago ahorita?', 'Incluye envío a un estado de USA', '¿El idioma del sistema operatativo puede ser cambiado por el usuario fácilmente?', 'Soy de colombia, si compro el equipo y resulta con algún defecto puedo aplicar garantía aquí en colombia o es únicamente en usa?', 'Donde veo el Alexa incorporado ?', 'Si quiero comprar el portatil hay teclado para latinoamerica con la letra ñ ?', 'Con el código del juego es para descargarlo gratis o para descuento solamente', 'Mi computadora hace unos días me presento como rayas en la pantalla, todavía tiene garantia pero la gente de Acer no me da respuesta de mi solicitud', 'Todavia quedan referencias? la iba a comprar mañana y ya no aparece?', 'donde esta el Código de juego? por que el pc que les compre, se descarga en 1 hora, sin jugar nada']"
5,What power variant is this RTX 2060 is using? Is it the 80 or the 115?,"['Which model of the rtx 2060 is this running (e.g. founders, ventus, etc.)?', 'Does anyone know for certain if this uses the newer 115 watt rtx 2060 or the older 80 watt version?', 'How many watts is the rtx 2060?', 'Does this laptop has the 90 or 115 watt version of the rtx 2060? manufactures should be clear with this.', 'What is the version of rtx 2060 that this laptop has? is the 90w version or the 115 watt version? manufactures should be very clear with this.', 'What power variant is this RTX 2060 is using? Is it the 80 or the 115?']"
6,Are the keyboards different colors like in the display pic?,"['Are the keyboards different colors like in the display pic?', 'Does the keyboard have backlit?', 'Is the keyboard RGB or blue?', 'Dose this model have RGB keyboard?', ""The light-up keyboard...programmable, or are the colors what we see in the photo and that's that?"", 'Does this one have different color keyboard light? Or just blue?']"
7,When will Amazon restock this laptop?,"['When will this laptop be restocked? There are many other sellers but their prices are high.', 'When will Amazon restock this laptop?', ""Is amazon going to restock this item? I don't want to pay $1500 for a laptop that is advertised as $1199 on the manufacturer website."", 'I bought this laptop but it came with a defective charger, where can I buy a replacement one.? Acer support said they ran out of stock.', 'Why is there another seller selling the same laptop with the same specs at 1399?']"
8,Pueden colocarle 32 de ram para cómprala con eso de una vez ?,"['Se puede cambiar la ram a ddr5 o 6 de 32 gb?', 'La laptop al comprarla viene con 6 gb de ram o 16?', 'se puede actualizar hasta 64 gb la ram??', 'Se puede cambiar la ram por 32 gb 3200 mhz o debe ser en 2666 mhz?', 'Pueden colocarle 32 de ram para cómprala con eso de una vez ?']"
9,does this laptop have a display port directly connected to the gpu or does it have a display port to usb-c?,"[""Does this laptop has a display port? if so, its connected directly to the nvidia card? i'm trying to run an oculus rift s on this laptop."", 'I want to use an oculus rift-s with this laptop. Does it have enough usb ports + mini display port?', 'support oculu rift s? is display port wired to nvidia gpu?', 'Will this laptop support Oculus Rift S?', 'Is this laptop compatible with the oculus rift s? (does it have a displayport directly connected to the gpu?, or does it have displayport to usb-c?)']"
10,Can I purchase a warranty?,"['Can I purchase a warranty?', 'If i buy it i have a warranty? I live in israel', 'How is the warranty details? especially for international because i live in hk.', 'How does the warranty works outside the us, ?i bought one and now i’m living in another country', 'Does this product have manufacturers warranty?', ""What are the terms of the warranty? Return seems to not be accepted if it's opened etc"", 'Can you get a warranty extended for two years?', 'Do they offer an extended warranty after you register it? If so, how much is it?']"
11,Does it come with global / international warranty?,"['Does it has international warranty? I want to order and I´m from Colombia', 'Does this have international warranty?', 'Hi, does this comes with international warranty? I do not stay in the US', 'Does it come with global / international warranty?', 'Does this model have an international warranty?']"
12,how can i use the usb c port for a display connection?,"['Is there a way to utilize the usb c port for a display connection?', 'Does the usb type c supports alternate mode to connect an external display?', 'Does the usb-c support video out to display port?', 'Can i connect a usb-c docking station for power, mouse, external monitor, etc., connections?', 'Does the Usb C port support charging?']"
13,"Hi, does it support another nvme ssd disk?","['Which is the best brand 2.5 nvme SSD to install to add extra storage?', 'Can i put a 1tb ssd nvme on the second slot?', 'Can i use sk hynix gold p31 1tb pcie nvme gen3 m.2 2280 internal ssd - up to 3500mb/s"" to extend my storage? or does it require a specific piece?', 'Hi, does it support another nvme ssd disk?', 'this one have a nvme ssd??', 'I have the 512gb that came with it, i bought a 1tb 2.5 ssd...now can i add a 2tb nvme? or does it only support 1tb nvme?', 'can i use ""samsung (mz-v7e1t0bw) 970 evo ssd 1tb - m.2 nvme interface internal solid state drive with v-nand technology, black/red""?']"
14,is the 2060 the 115v version?,"['is the 2060 the 115v version?', 'this is the full size 2060 and not the 2060 max Q right?', 'Is this using the new 115w RTX 1060, or last years 95w?', 'Does this have the new version of 2060 that goes up to 115w ?', 'Is the rtx 2060 115 watt of 80 watt?']"
15,are you ready to take care of your laptop?,"['hice la compra de la laptop pero todavía no me cobran tengo que esperar hasta que lo envíen ?', 'quiero hacer la compra de una laptop pero me sale esta notificacion de amazon: Mensaje importante Ha surgido un problema con determinados artículos de', 'cuando vuelve a estar disponible la laptop?', 'Hola. Me interesa esta laptop, pero queria saber si tienen una con teclado español latinoamericano. Quedo atento. Saludos y gracias', 'Buenas, cuando ingresa de nuevo ésta laptop?']"
