1,"How to buy it with the 80whr battery instead of the 60whr+2.5""hdd?","['is there a way to remove the 2.5 drive to upgrade the battery to 80wh?', 'The battery is 60 mwh instead of 80 mwh. is there any vacant ssd slot for this model?', 'Would this battery be the correct one for the 80 w/hr upgrade? 5B10W86194', 'How to buy it with the 80whr battery instead of the 60whr+2.5""hdd?', 'Can it be upgraded to 80wh battery? If yes can you please specify the part number?']"
2,why is this laptop not listed on lenovo website?,"['Is this new product without any problems? Can I ask why it is not on lenovo website yet? Thank you.', 'Is this a genuine laptop directly coming from Lenovo company or is it a referred piece?', 'Why is this computer not listed on lenovo website?', 'Any way to buy this from Lenovo directly with a few years on site warranty?', 'i have been searching more informatión about this product, why there is no informatión in the lenovo page? and the second picture says it have a 1650', 'Apparently this unit is sold my Lenovo directly. I wonder if they allow changes/customization, to the unit?', 'Why is this laptop not listed on lenovo website?']"
3,how long does a warranty last?,"['What is the warranty? How long?', 'Can I pay to extend the 1-year limited manufacturer warranty? How much?', 'What is the warranty of this product?', 'How long is the warranty period?', 'Where can I find detailed information about the manufacturer warranty for this specific product ?', 'Is it possible to extend the base 1-year warranty?']"
4,is there a second m2 ssd on the market?,"['Is there space for a second m.2 SSD for future expansion?', 'Is there another slot for storage other than the M.2 for the 512GB?', 'Does this have space to add a 2.5mm drive?', 'Is there additional slots for ssd or nvme storage?', 'Can you add both an extra m.2 nvme stick as well as a 2.5 in ssd in addition to the stock m.2 nvme ssd that comes with the computer?']"
5,can you list the colors of the keyboard?,"['Is the keyboard backlit and if so is it RBG or customizable?', 'I know this has a backlit keyboard but do the letters on the keys light up?', 'Is the backlit keyboard white or rgb?', 'Does it have a backlit keyboard?', 'Does this model have a backlit keyboard?', 'Does the keyboard have RGB capabilities?', 'What is the color of the backlit keyboard?', 'Can the white backlit keyboard be replaced with an aftermarket RGB backlit keyboard?', 'Backlit keyboard?']"
6,international warranty?,"['It has an international warranty or not?', 'This laptop has international warranty? (for example if a buy it at us an bringing it back to el salvador, could i make my warranty valid here? )', ""This laptop has international warranty? model number 82b1000aus if i'm buy it and the product come to israel, i have a warranty through lenovo israel?"", 'is there any way to buy with international warranty? located in Israel', ""Good morning, Lenovo's warranty is Global, for example, could you use the warranty in Colombia?"", 'international warranty?']"
7,What size are the m.2 nvme ssd slots of this device? 2242 or 2280? are they pci 3 or sata controlled?,"['What size are the m.2 nvme ssd slots of this device? 2242 or 2280? are they pci 3 or sata controlled?', 'Is this laptop compatible with m.2 (non-nvme) western digital 2tb ssd wds200t2b0b?', 'Do the M.2 slots run on pcie 3 or 4?', 'Does this laptop (82b1000aus) have expandable storage? could i put an extra sata or m.2 nvme in it?', 'Is the 2nd nvme slot 2280 size? also, does it come with a hard drive caddy/cable for a 2.5"" hdd as shown in the teardown pictures for other versions?']"
