1,No tienen con teclado en español?,"['hola buenas noches el producto es nuevo? viene con el teclado en español? y cuanto seria el envio para chile?', '¿El teclado viene también en español?', 'Como hago para indicar que quiero con teclado español ?', 'Este articulo tiene teclado en español?', 'saben cuando llegarán nuevamente para comprar (color gris)??? y realizan envío a chile???', 'Me pueden enviar con teclado en español latinoamericano?', 'hacen envio a chile, si es asi, cuanto se demora en llegar ? saludos', 'Tienes con teclado en español?', 'Está disponible con teclado en español?', 'Teclado en español?', 'Hola... quisiera pedirla con 16 de ram y teclado español. Puede ser? Gratis.', 'hola! Es posible ordenar esta referencia con teclado en español?', 'No tienen con teclado en español?', 'hacen envios a Chile?', 'Hola, necesito saber el paso final (producto + paquete + accesorios) ya que la importare y necesitaría saber el peso total del envío?', 'Hola quería saber si la garantía cubre en latinoamerica por ejemplo soy de chile me cubre la garantía?', 'Buen día acabo de comprar un de color gris espacial. se puede cambiar por una plateada? muchas gracias.', 'La quiero con teclado en español?', 'De cuanto es la garantia del equipo a partir d ela compra?', 'Se puede pedir con teclado en español?', 'Porque no permiten enviarlo a mi casillero en usa ?']"
2,does the 512 gb model come with the 8 core cpu?,"['If I buy the one with 512gb does it come with the 8 core gpu?', 'Can you buy the 8-core gpu model with 8gb ram and 512gb storage?', 'Does this absolutely new laptop for 949 $ ? does it with 8 core gpu graphics ?', 'Is this the 7-core gpu or 8-core gpu version? the description says (ridiculously) ""up to 8-core gpu"".', 'is the 256 gb model on Amazon 8-core GPU?', 'Is this 7 core or 8 core gpu?', 'Does this have a 7 or 8 core GPU?', 'Is this 8 core or 7 core gpu model? description says 8 core gpu but wanted to confirm?', 'This says 8 gpu on the specs but is priced like the 7 gpu on the apple website. which one is it? are the specs on this correct?', 'Does the $1,249.99 option come with the 8-core gpu or is it the same model as the $999.99 option with only increased ssd storage?', 'Is this the 512gb 8 core cpu and 8 core gpu?', 'Does the 512gb model come with an 8 core gpu or 7 core gpu?', 'The gold color edition of the 512gb ssd is cheaper at $1199. is this gold edition still an 8 core gpu ?', 'Does this model have the 8 core gpu?', 'Does the 512gb model comes with the 8 core gpu?']"
3,How I can order 16gb ram model of macbook air 13 m1 ?,"['Hello, can i buy here this macbook m1 with 16gb ram? how can i do this?', ""I'm trying to order macpro13 with arabic keyboard and 16g ram how can i do it?"", 'Is this same m1 macbook air model available in 16 gb ram variant?', 'How I can order 16gb ram model of macbook air 13 m1 ?', 'Can the m1 macbook air be configured with 16gb of ram through amazon? only seeing 8gb options.']"
4,can i plug a cd player into it?,"['can i plug a cd player into it?', 'can it play dvd’s or cd’s?', 'Comes with internal CD player?', 'Can I connect a CD player?', 'Does it have usb ports so i can play music from a thumb drive?']"
5,does it have a touchscreen?,"['Is the screen touchscreen?', 'Does it have touchscreen?', 'Does it have the Touch Bar?', 'Is this a touch screen?', 'does it have touch screen?']"
6,what should i do when my ram is 16gb?,"['How do I get this in 16gb ram', 'Can i order with 16gb ram?', 'can be ordered with 16gb of ram from amazon?', 'how to order the 16 gb RAM variant?', 'How do i change the ram to 16 gb or is that option not available on amazon?', 'no 16GB ram option?']"
