1,Is this same m1 macbook air model available in 16 gb ram variant?,"['Can the m1 macbook air be configured with 16gb of ram through amazon? only seeing 8gb options.', 'Hello, can i buy here this macbook m1 with 16gb ram? how can i do this?', 'Mb air m1 on apple can buy 16gb why not on amazon?', 'can be ordered with 16gb of ram from amazon?', 'Does the new MacBook Air comes with more ram?', 'Is this same m1 macbook air model available in 16 gb ram variant?', 'How I can order 16gb ram model of macbook air 13 m1 ?', 'How do i change the ram to 16 gb or is that option not available on amazon?']"
2,does this item have usb ports?,"['Does this item have USB ports?', 'is the cable included with this item?', 'Is this a brand new one? It comes in a sealed box with original accessories? Thanks', 'Does this charge via usb c?', 'Does this have USB ports and a input for headphones?', 'Does it have usb ports so i can play music from a thumb drive?']"
3,Como hago para indicar que quiero con teclado español ?,"['En qué parte de la compra se debe especificar el teclado en español', 'Se puede ordenar con teclado en español, en Amazon?', '¿El teclado viene también en español?', 'Hola, necesito pedir con teclado en español y con 16gb de ram, como puedo hacer la compra.?', 'Como hago para indicar que quiero con teclado español ?', 'Este articulo tiene teclado en español?', 'El adaptador de Corriente que entrada tiene?', 'Puedo elegir el teclado en español? Can i select spanish keyboard?', 'Me pueden enviar con teclado en español latinoamericano?', 'hacen envio a chile, si es asi, cuanto se demora en llegar ? saludos', 'Tienes con teclado en español?', 'Viene con licencia de windows? Y con teclado en español?', 'Lo necesito en español, tienes el link para hacer la compra por Amazon', 'Está disponible con teclado en español?', 'Teclado en español?', 'Hola... quisiera pedirla con 16 de ram y teclado español. Puede ser? Gratis.', 'hola! Es posible ordenar esta referencia con teclado en español?', 'No tienen con teclado en español?', 'hacen envios a Chile?', 'Hola, necesito saber el paso final (producto + paquete + accesorios) ya que la importare y necesitaría saber el peso total del envío?', 'Si compro este articulo y presenta defecto de calidad, podría reclamar en algún distribuidor en Colombia.', 'Buen día acabo de comprar un de color gris espacial. se puede cambiar por una plateada? muchas gracias.', 'La quiero con teclado en español?', 'De cuanto es la garantia del equipo a partir d ela compra?', 'Se puede pedir con teclado en español?', 'Porque no permiten enviarlo a mi casillero en usa ?', 'hola buenas noches el producto es nuevo? viene con el teclado en español? y cuanto seria el envio para chile?']"
4,is this a legit apple product?,"['Is this a legit Apple product, original, brand new, unopened box?', 'Is it have the same garantee of apple store? is it new on locked box?', 'does this come in original packaging?', 'is the product new? and has Apple worldwide warranty?', 'Does the macbook air comes in an apple box?', 'They do not have a gold in Apple store, is this a new and genuine apple product?']"
5,does the 512gb model comes with the 8 core gpu?,"['is the 256 gb model on Amazon 8-core GPU?', 'Can you buy the 8-core gpu model with 8gb ram and 512gb storage?', 'If I buy the one with 512gb does it come with the 8 core gpu?', 'Does the $1,249.99 option come with the 8-core gpu or is it the same model as the $999.99 option with only increased ssd storage?', 'Is this the 512gb 8 core cpu and 8 core gpu?', 'Does the 512gb model come with an 8 core gpu or 7 core gpu?', 'The gold color edition of the 512gb ssd is cheaper at $1199. is this gold edition still an 8 core gpu ?', 'Does this model have the 8 core gpu?', 'Does the 512gb model comes with the 8 core gpu?']"
6,is this a 7 core or 8 core gpu?,"['Is this the 7-core gpu or 8-core gpu version? the description says (ridiculously) ""up to 8-core gpu"".', 'Is this 7 core or 8 core gpu?', 'Does this have a 7 or 8 core GPU?', 'Is this 8 core or 7 core gpu model? description says 8 core gpu but wanted to confirm?', 'On model mgnd3ll/a,how many gpu core? it says up to 8gpu core. do you need to buy something or upgrade to make it 8gpucore?', 'This says 8 gpu on the specs but is priced like the 7 gpu on the apple website. which one is it? are the specs on this correct?', 'What is the actual gpu on this particular macbook air? is it the 7 core gpu or the 8 core gpu?']"
7,does it have touch screen?,"['Does it have touchscreen?', 'Does it have the Touch Bar?', 'Does this one have the Touch ID?', 'Is the screen touchscreen?', 'Is this a touch screen?', 'does it have touch screen?']"
