1,Como hago para indicar que quiero con teclado español ?,"['Si compro este articulo y presenta defecto de calidad, podría reclamar en algún distribuidor en Colombia.', 'Como hago para indicar que quiero con teclado español ?', 'Me pueden enviar con teclado en español latinoamericano?', 'Hola, necesito saber el paso final (producto + paquete + accesorios) ya que la importare y necesitaría saber el peso total del envío?', 'En qué parte de la compra se debe especificar el teclado en español', 'De cuanto es la garantia del equipo a partir d ela compra?']"
2,is it a 7 core or 8 core gpu?,"['Is this a 8-core cpu?', 'Is this 7 core or 8 core gpu?', 'Is it 8 core CPU', 'Does this have a 7 or 8 core GPU?', 'Is this 8 core or 7 core gpu model? description says 8 core gpu but wanted to confirm?', 'Is this the 512gb 8 core cpu and 8 core gpu?', 'Does this model have the 8 core gpu?']"
3,It is international warranty ?,"['It is international warranty ?', 'is the warranty world wide? if I take the laptop with me to Qatar can I still have warranty?', 'Is it under warranty?', 'Is the warranty international? can i buy this in the us and have it covered in latin america for example?', 'Is the warranty international?']"
4,do you have any languages of your choice or you have the option to learn spanish?,"['Buen día acabo de comprar un de color gris espacial. se puede cambiar por una plateada? muchas gracias.', '¿El teclado viene también en español?', 'saben cuando llegarán nuevamente para comprar (color gris)??? y realizan envío a chile???', 'El color gold es amarillo o rosado?', 'Hola... quisiera pedirla con 16 de ram y teclado español. Puede ser? Gratis.', 'Se puede pedir con teclado en español?', 'hola buenas noches el producto es nuevo? viene con el teclado en español? y cuanto seria el envio para chile?']"
5,is this apple product the original apple product?,"['Is this a legit Apple product, original, brand new, unopened box?', 'Is it have the same garantee of apple store? is it new on locked box?', 'does this come in original packaging?', 'Is this a brand new one? It comes in a sealed box with original accessories? Thanks', 'is the product new? and has Apple worldwide warranty?', 'Does the macbook air comes in an apple box?', 'They do not have a gold in Apple store, is this a new and genuine apple product?']"
6,Does the 512gb model comes with the 8 core gpu?,"['Does the $1,249.99 option come with the 8-core gpu or is it the same model as the $999.99 option with only increased ssd storage?', 'Can you buy the 8-core gpu model with 8gb ram and 512gb storage?', 'Does this absolutely new laptop for 949 $ ? does it with 8 core gpu graphics ?', 'is the 256 gb model on Amazon 8-core GPU?', 'If I buy the one with 512gb does it come with the 8 core gpu?', 'This says 8 gpu on the specs but is priced like the 7 gpu on the apple website. which one is it? are the specs on this correct?', 'Does the 512gb model come with an 8 core gpu or 7 core gpu?', 'The gold color edition of the 512gb ssd is cheaper at $1199. is this gold edition still an 8 core gpu ?', 'Does the 512gb model comes with the 8 core gpu?']"
7,if i have a computer in spanish it might be possible to have it?,"['Porque no permiten enviarlo a mi casillero en usa ?', 'Este articulo tiene teclado en español?', 'hacen envio a chile, si es asi, cuanto se demora en llegar ? saludos', 'Tienes con teclado en español?', 'Está disponible con teclado en español?', 'Teclado en español?', 'No tienen con teclado en español?', 'La quiero con teclado en español?']"
8,"Hola, quisiera comprarla con 16 gb de ram y teclado español. me pueden ayudar?","['Hola, necesito pedir con teclado en español y con 16gb de ram, como puedo hacer la compra.?', 'Gracias por su respuesta anterior. cómo hago si quiero que el ram sea de 16 gb ?', 'Hola, quisiera comprarla con 16 gb de ram y teclado español. me pueden ayudar?', 'De los 512 GB cuántos están disponibles al ser nueva?', 'Hola! se puede pedir con 16 gb de ramm disco de 1 tb y teclado en español (con la tecla ñ)? qué precio tendría y cuánto tardaría en enviarse? gracias!']"
9,Can i order with 16gb ram?,"['Can i order with 16gb ram?', 'How do I get this in 16gb ram', 'can be ordered with 16gb of ram from amazon?', 'how to order the 16 gb RAM variant?', 'How I can order 16gb ram model of macbook air 13 m1 ?', 'How do i change the ram to 16 gb or is that option not available on amazon?', 'no 16GB ram option?']"
10,will there be a touch screen?,"['Does this one have the Touch ID?', 'Does it have touchscreen?', 'What does Touch ID consist of?', 'Does it have the Touch Bar?', 'Is this a touch screen?', 'does it have touch screen?']"
11,is there a new magic keyboard built in?,"['Does this have the new magic keyboard built in?', 'What is the wirless recharging magic keyboard? I thought this was for ipad pro?', 'Doesn’t it come with the built in magic keyboard? Why is there an option to add it for $99?', 'Why would you have to add the magic keyboard as an accessory? I thought it automatically came installed in it??', 'What is the difference between the ""magic keyboard"" that\'s built-in on this macbook and the stand-alone ""magic keyboard""?']"
