1,how do i buy the new apple macbook pro m1 with 16gb of ram?,"['It is available the macbook pro 13 with 16Gb?', 'I want to buy this same macbook but with 16 gb instead of 8 gb does amazon offer the 16gb in this form?', ""how I' can buy the new apple MacBook pro M1 with 16gb ram"", 'Can you buy the new apple macbook pro 13” with 16gb ram on amazon?', 'When will the new macbook pro 13 with m1 chip be available on amazon with 1tb hard drive?', ""how I' can buy the new apple MacBook pro M1 with 16gb ram?"", 'Will the 16gb ram macbook pro m1 be available eventually?', 'Do you have this mac pro m1, 512g, 16gb ram?', 'Is mac book pro with 16gb ram available ?, i cannot see ot anywhere on amazon or on apple website', 'Is there an option to order the new 13"" macbook pro with the 16gb ram?']"
2,is it possible to use a tetrado in spanish?,"['Viene en su caja?', 'Se puede comprar con teclado en español y letra ñ?', 'quiero que venga con teclado en español como lo selecciono para esto', '¿Cómo puedo pedir con teclado español latinoamérica?', 'Hola cuando estará disponible?', 'Se puede pedir con teclado en español ?', 'Se puede adquirir con teclado en español?']"
3,How much is the 16gb ram model?,"['Is the model with 16gb of ram going to be offered?', 'When dose the 16gb ram version will be available for buying ?', 'is there a 16gb ram version offered through Amazon?', 'Where is the 16gb ram one?', 'Is it possible to order this with 16GB ram on Amazon?', 'Why no 16GB ram version on amazon?', 'is 16 giga ram available ?', 'How do I get the 16gb ram version?', 'When does the 16gb of ram release for macbook pro 13inches m1 chip on amazon.com?', 'Will amazon sell the 2020 macbook pro m1 with 16gb ram later?', 'When can we expect the 16gb ram m1 chip model to arrive for shopping in amazon?', 'What about the 16 gb ram model?', 'Where is the 16GB model, will it be available on Amazon?', 'When is the 16gb of ram version going to be for sale??', 'How much is the 16gb ram model?', 'Would be possible to pre order the 16gb ram and 1tb setting?', 'Will amazon sell the 16gb ram version?', 'Will the 16gb ram model be offered?', 'Does it have 16Gb Ram option ?', 'When is the 16gb ram model going to be available on Amazon?', 'Can we buy a version with 16gb of ram on amazon?', 'When will amazon get the 16gb ram versions of all the m1 macs?', 'No 16gb version? Will it come?', 'Can i have it in m1 chip with 1tb ssd and 16gb of ram?', 'Where is the option to upgrade to 16gb of ram/memory?', 'how can I get it with 16gb of ram?']"
4,how is a macbook pro different from a macbook air?,"['How does a macbook pro compare to a macbook air?', 'what is the diifference between macbook pro and macbook air?', 'How is this better than the m1 macbook air?', 'Is there a downside for purchasing the macbook pro from amazon vs direct from apple ? many thanks !', ""Rather than ssd what's the difference between macbook pro and air?"", 'How is this new macbook pro different from macbook air in that airdrop most of the time does not work? what changed?']"
5,is it possible to have it with the Arabic keyboard?,"['Is there keyboard English/Arabic', 'can you customize it with arabic/english keyboard?', 'Is it possible to have a russian keyboard?', 'How I can get it with Arabic Keyboard please', 'is it possible to have it with the Arabic keyboard?']"
6,where can i get the macbook pro m1 with 16gb ram?,"['When can i get 16gb ram macbook pro m1 available on amazon?', 'Where do i find the option on amazon (not apple website) to purchase the 13"" macbook pro with m1 chip and 16 gb ram??', 'How soon macbook m1 chip 13"" 16gb will be available?', 'will apple make a 16"" macbook pro with M1 chip?', 'Will amazon stock the 16gb ram version of m1 macbook pro or air? i can’t buy directly from apple cos i intend to use my amazon wallet to pay.']"
