1,when is amazon going to launch a 16gb ram macbook?,"['When will amazon get the 16gb ram versions of all the m1 macs?', 'I want to buy this same macbook but with 16 gb instead of 8 gb does amazon offer the 16gb in this form?', 'When dose the 16gb ram version will be available for buying ?', 'is there a 16gb ram version offered through Amazon?', 'Why do none of these preconfigured Macbooks have 16gb of Ram?', ""how I' can buy the new apple MacBook pro M1 with 16gb ram"", 'Can you buy the new apple macbook pro 13” with 16gb ram on amazon?', 'Is it possible to order this with 16GB ram on Amazon?', 'Why no 16GB ram version on amazon?', 'When does the 16gb of ram release for macbook pro 13inches m1 chip on amazon.com?', 'Will amazon sell the 2020 macbook pro m1 with 16gb ram later?', 'How soon macbook m1 chip 13"" 16gb will be available?', 'When can we expect the 16gb ram m1 chip model to arrive for shopping in amazon?', 'When will the new macbook pro 13 with m1 chip be available on amazon with 1tb hard drive?', 'When is the 16gb of ram version going to be for sale??', ""how I' can buy the new apple MacBook pro M1 with 16gb ram?"", 'Is the model with 16gb of ram going to be offered?', 'Will amazon sell the 16gb ram version?', 'Will you provide the new macbook pro with 16 ram?', 'Will the 16gb ram model be offered?', 'will apple make a 16"" macbook pro with M1 chip?', 'When is the 16gb ram model going to be available on Amazon?', 'Can we buy a version with 16gb of ram on amazon?', 'Can I choose 16gb ram upgrade through Amazon?', 'Will the 16gb ram macbook pro m1 be available eventually?', 'Do you have this mac pro m1, 512g, 16gb ram?', 'When can i get 16gb ram macbook pro m1 available on amazon?', 'Is mac book pro with 16gb ram available ?, i cannot see ot anywhere on amazon or on apple website', 'Will amazon stock the 16gb ram version of m1 macbook pro or air? i can’t buy directly from apple cos i intend to use my amazon wallet to pay.', 'Is there an option to order the new 13"" macbook pro with the 16gb ram?']"
2,what's the price of 16gb ram?,"['Can i get the 16 gb ram with arabic kayboard ?', 'Where is the 16gb ram one?', 'is 16 giga ram available ?', 'How do I get the 16gb ram version?', 'What about the 16 gb ram model?', 'How much is the 16gb ram model?', 'Would be possible to pre order the 16gb ram and 1tb setting?', 'Does it have 16Gb Ram option ?', 'Can i have it with 16 gb RAM and arabic keyboard ?', 'Can i have it in m1 chip with 1tb ssd and 16gb of ram?', 'Where is the option to upgrade to 16gb of ram/memory?', 'how can I get it with 16gb of ram?']"
3,does it come with the magic keyboard?,"['Does this come with the magic keyboard?', 'Does it come with the magic keyboard', 'It states it comes with magic keyboard but then says often people add it as an assesory. Is it included?.', 'Does this model have a backlit keyboard?', 'Does this have the awful butterfly keyboard?']"
4,Can i select 16gb memory instead of 8gb?,"['Can i select 16gb memory instead of 8gb?', 'Available with 16GB?', 'How can i change the 8 gb to the 16 gb?', 'Why aren’t 1tb/2tb ssd and 16gb memory offered?', 'Why is there no option to upgrade to 16gb ram?']"
5,is it possible to have it with the Arabic keyboard?,"['Is there keyboard English/Arabic', 'can you customize it with arabic/english keyboard?', 'Is it possible to have a russian keyboard?', 'How I can get it with Arabic Keyboard please', 'is it possible to have it with the Arabic keyboard?']"
6,Se puede pedir con teclado en español ?,"['Viene en su caja?', 'Se puede comprar con teclado en español y letra ñ?', 'quiero que venga con teclado en español como lo selecciono para esto', '¿Cómo puedo pedir con teclado español latinoamérica?', 'Hola cuando estará disponible?', 'Se puede pedir con teclado en español ?', 'Se puede adquirir con teclado en español?']"
7,will the 16gb phone be available in india on amazon?,"['Will you be offering the 16gb 1tb version through amazon soon?', 'Do you offer a 1TB storage upgrade for the M1 13""?', 'Where is the 16GB model, will it be available on Amazon?', 'When will the 1tb ssd option with the m1 chip be available for purchase on amazon?', 'No 16gb version? Will it come?']"
