1,Como hago para indicar que quiero con teclado español ?,"['Hola... quisiera pedirla con 16 de ram y teclado español. Puede ser? Gratis.', '¿El teclado viene también en español?', 'Hola, necesito pedir con teclado en español y con 16gb de ram, como puedo hacer la compra.?', 'Como hago para indicar que quiero con teclado español ?', 'Este articulo tiene teclado en español?', 'Gracias por su respuesta anterior. cómo hago si quiero que el ram sea de 16 gb ?', 'Me pueden enviar con teclado en español latinoamericano?', 'hacen envio a chile, si es asi, cuanto se demora en llegar ? saludos', 'Tienes con teclado en español?', 'Está disponible con teclado en español?', 'Teclado en español?', 'Hola, quisiera comprarla con 16 gb de ram y teclado español. me pueden ayudar?', 'hola! Es posible ordenar esta referencia con teclado en español?', 'No tienen con teclado en español?', 'Hola, necesito saber el paso final (producto + paquete + accesorios) ya que la importare y necesitaría saber el peso total del envío?', 'Hola! se puede pedir con 16 gb de ramm disco de 1 tb y teclado en español (con la tecla ñ)? qué precio tendría y cuánto tardaría en enviarse? gracias!', 'Buen día acabo de comprar un de color gris espacial. se puede cambiar por una plateada? muchas gracias.', 'En qué parte de la compra se debe especificar el teclado en español', 'La quiero con teclado en español?', 'Se puede pedir con teclado en español?', 'hola buenas noches el producto es nuevo? viene con el teclado en español? y cuanto seria el envio para chile?']"
2,does the 512gb model come with the 8 core gpu?,"['If I buy the one with 512gb does it come with the 8 core gpu?', 'Can you buy the 8-core gpu model with 8gb ram and 512gb storage?', 'Does this absolutely new laptop for 949 $ ? does it with 8 core gpu graphics ?', 'Is this the 7-core gpu or 8-core gpu version? the description says (ridiculously) ""up to 8-core gpu"".', 'is the 256 gb model on Amazon 8-core GPU?', 'Is this 7 core or 8 core gpu?', 'Does this have a 7 or 8 core GPU?', 'Is this 8 core or 7 core gpu model? description says 8 core gpu but wanted to confirm?', 'This says 8 gpu on the specs but is priced like the 7 gpu on the apple website. which one is it? are the specs on this correct?', 'Does the $1,249.99 option come with the 8-core gpu or is it the same model as the $999.99 option with only increased ssd storage?', 'Is this the 512gb 8 core cpu and 8 core gpu?', 'Does the 512gb model come with an 8 core gpu or 7 core gpu?', 'The gold color edition of the 512gb ssd is cheaper at $1199. is this gold edition still an 8 core gpu ?', 'Does this model have the 8 core gpu?', 'Does the 512gb model comes with the 8 core gpu?']"
3,are there any other options for windows mobile m1 computers besides 16gb ram?,"['Is this same m1 macbook air model available in 16 gb ram variant?', 'Hello, can i buy here this macbook m1 with 16gb ram? how can i do this?', 'Does the new MacBook Air comes with more ram?', 'What generation is the Macbook Air with M1 chip?', 'How I can order 16gb ram model of macbook air 13 m1 ?', 'Can the m1 macbook air be configured with 16gb of ram through amazon? only seeing 8gb options.']"
4,Can i order with 16gb ram?,"['How do I get this in 16gb ram', 'Can i order with 16gb ram?', 'can be ordered with 16gb of ram from amazon?', 'how to order the 16 gb RAM variant?', 'How do i change the ram to 16 gb or is that option not available on amazon?', 'no 16GB ram option?']"
5,why is there an international warranty?,"['Is it under warranty?', 'It is international warranty ?', 'is the warranty world wide? if I take the laptop with me to Qatar can I still have warranty?', 'Is the warranty international? can i buy this in the us and have it covered in latin america for example?', 'Who given warranty on this laptop']"
6,is the product new? and has Apple worldwide warranty?,"['Does it have warranty in any apple store (worldwide)?', 'Is it have the same garantee of apple store? is it new on locked box?', 'Does it come with the free 1 year warranty like it says it does on the apple website or does that no apply to the amazon product?', 'is the product new? and has Apple worldwide warranty?', 'does this come with a one year warranty before buying applecare?']"
7,does it have touch screen?,"['Does this one have the Touch ID?', 'Does it have touchscreen?', 'What does Touch ID consist of?', 'Does it have the Touch Bar?', 'Is this a touch screen?', 'does it have touch screen?']"
