1,When can i get 16gb ram macbook pro m1 available on amazon?,"['Is there an option to order the new 13"" macbook pro with the 16gb ram?', 'is there a 16gb ram version offered through Amazon?', 'Why do none of these preconfigured Macbooks have 16gb of Ram?', ""how I' can buy the new apple MacBook pro M1 with 16gb ram"", 'Can you buy the new apple macbook pro 13” with 16gb ram on amazon?', 'Is it possible to order this with 16GB ram on Amazon?', 'van a tener el nuevo MacBook Pro 13” con 16 de ram?', 'When does the 16gb of ram release for macbook pro 13inches m1 chip on amazon.com?', 'Where do i find the option on amazon (not apple website) to purchase the 13"" macbook pro with m1 chip and 16 gb ram??', 'Will amazon sell the 2020 macbook pro m1 with 16gb ram later?', 'How soon macbook m1 chip 13"" 16gb will be available?', 'When will the new macbook pro 13 with m1 chip be available on amazon with 1tb hard drive?', 'On the new macbook air, i hear you cannot add ram once purchased; is this possible on the macbook pro?', 'It is available the macbook pro 13 with 16Gb?', ""how I' can buy the new apple MacBook pro M1 with 16gb ram?"", 'Is the model with 16gb of ram going to be offered?', 'Would be possible to pre order the 16gb ram and 1tb setting?', 'Will amazon sell the 16gb ram version?', 'Will you provide the new macbook pro with 16 ram?', 'Will the 16gb ram model be offered?', 'Does it have 16Gb Ram option ?', 'When is the 16gb ram model going to be available on Amazon?', 'Can we buy a version with 16gb of ram on amazon?', 'When will amazon get the 16gb ram versions of all the m1 macs?', 'Will the 16gb ram macbook pro m1 be available eventually?', 'Do you have this mac pro m1, 512g, 16gb ram?', 'When can i get 16gb ram macbook pro m1 available on amazon?', 'Van a tener el nuevo MacBook Pro de 13” con 16 de ram?', 'Is mac book pro with 16gb ram available ?, i cannot see ot anywhere on amazon or on apple website', 'Will amazon stock the 16gb ram version of m1 macbook pro or air? i can’t buy directly from apple cos i intend to use my amazon wallet to pay.']"
2,how much will 16gb ram cost in india?,"['When is the 16gb of ram version going to be for sale??', 'When dose the 16gb ram version will be available for buying ?', 'Where is the 16gb ram one?', 'Why no 16GB ram version on amazon?', 'is 16 giga ram available ?', 'How do I get the 16gb ram version?', 'When can we expect the 16gb ram m1 chip model to arrive for shopping in amazon?', 'What about the 16 gb ram model?', 'How much is the 16gb ram model?', 'No 16gb version? Will it come?', 'Why is there no option to upgrade to 16gb ram?', 'Where is the option to upgrade to 16gb of ram/memory?', 'how can I get it with 16gb of ram?']"
3,does it still have the original apple packaging?,"['Is it new and does it come with the original Apple packaging?', 'Whats the difference with this and with one in the apple store? Is it only the price?', 'Is this refurbished? Why is it cheaper than Apple store?', 'Does the laptop comes in a new package like in apple?', 'Is this product covered by any sort of warranty or apple care? Does it matter that it is from a vendor?']"
4,Se puede pedir con teclado en español ?,"['Se puede comprar con teclado en español y letra ñ?', 'quiero que venga con teclado en español como lo selecciono para esto', '¿Cómo puedo pedir con teclado español latinoamérica?', 'Hola cuando estará disponible?', 'Se puede pedir con teclado en español ?', 'Cómo puedo escribir la letra ñ o acentuar vocales?', 'me cobran algún impuesto además del valor que refleja si la envío a una dirección en usa?', 'se puede modificar el teclado para tener el latinoamericano con la ""Ñ"" en el teclado?', 'Viene en su caja?', '¿Teclado español latinoamericano?', 'Soy turista en usa, con retorno el 8 de mayo, y quisiera evitar el pago de los impuestos, eso es posible? muchas gracias', 'Se puede adquirir con teclado en español?']"
5,how does a macbook pro compare to a macbook air?,"['what is the diifference between macbook pro and macbook air?', 'How does a macbook pro compare to a macbook air?', 'explain to me please. pro differs from air only with touch control panel?', 'How is this better than the m1 macbook air?', ""Rather than ssd what's the difference between macbook pro and air?"", 'How is this new macbook pro different from macbook air in that airdrop most of the time does not work? what changed?']"
6,does it have a charger?,"['Is this supposed to come with a cord to charge it?', 'It seems to be a small box to hold a power adapter. Everything is in one slender box?', 'Is the charger sold separately?', 'Does it charge using usb-c?', 'Douse it come with a charger']"
7,Does the 13 inch brand new MacBook pro from the apple shop on amazon still come with one free year of apple care?,"['Does the 13 inch brand new MacBook pro from the apple shop on amazon still come with one free year of apple care?', ""Does this MacBook have manufacturer's warranty? and is it directly from Apple or a third party seller?"", 'My current mac i bought at apple. is this new one up and running right out of the box? i am 70 years old and not very computer savvy.', 'If i buy a new macbook from amazon does apple guarentee it?', 'Does the new laptop come with one year of apple care?']"
