1,does the 512gb model come with the 8 core gpu?,"['is the 256 gb model on Amazon 8-core GPU?', 'Can you buy the 8-core gpu model with 8gb ram and 512gb storage?', 'If I buy the one with 512gb does it come with the 8 core gpu?', 'Does the $1,249.99 option come with the 8-core gpu or is it the same model as the $999.99 option with only increased ssd storage?', 'Is this the 512gb 8 core cpu and 8 core gpu?', 'Does the 512gb model come with an 8 core gpu or 7 core gpu?', 'The gold color edition of the 512gb ssd is cheaper at $1199. is this gold edition still an 8 core gpu ?', 'Does this model have the 8 core gpu?', 'Does the 512gb model comes with the 8 core gpu?']"
2,Tienes con teclado en español?,"['La quiero con teclado en español?', 'Se puede ordenar con teclado en español, en Amazon?', '¿El teclado viene también en español?', 'Como hago para indicar que quiero con teclado español ?', 'Este articulo tiene teclado en español?', 'El adaptador de Corriente que entrada tiene?', 'Puedo elegir el teclado en español? Can i select spanish keyboard?', 'Me pueden enviar con teclado en español latinoamericano?', 'hacen envio a chile, si es asi, cuanto se demora en llegar ? saludos', 'Tienes con teclado en español?', 'Está disponible con teclado en español?', 'Teclado en español?', 'Hola... quisiera pedirla con 16 de ram y teclado español. Puede ser? Gratis.', 'hola! Es posible ordenar esta referencia con teclado en español?', 'No tienen con teclado en español?', 'hacen envios a Chile?', 'Hola, necesito saber el paso final (producto + paquete + accesorios) ya que la importare y necesitaría saber el peso total del envío?', 'En qué parte de la compra se debe especificar el teclado en español', 'Se puede pedir con teclado en español?', 'Porque no permiten enviarlo a mi casillero en usa ?', 'hola buenas noches el producto es nuevo? viene con el teclado en español? y cuanto seria el envio para chile?']"
3,is it compatible with touchscreen?,"['Is the screen touchscreen?', 'Does it have touchscreen?', 'Does it have the Touch Bar?', 'Is this a touch screen?', 'does it have touch screen?']"
4,how much memory should i order if i have 16gb of ram?,"['can be ordered with 16gb of ram from amazon?', 'How do I get this in 16gb ram', 'Can i order with 16gb ram?', 'how to order the 16 gb RAM variant?', 'How I can order 16gb ram model of macbook air 13 m1 ?', 'Can the m1 macbook air be configured with 16gb of ram through amazon? only seeing 8gb options.', 'How do i change the ram to 16 gb or is that option not available on amazon?', 'no 16GB ram option?']"
5,is this an international warranty?,"['Is the warranty international? can i buy this in the us and have it covered in latin america for example?', 'It is international warranty ?', 'is the warranty world wide? if I take the laptop with me to Qatar can I still have warranty?', 'Is it under warranty?', 'Is the warranty international?']"
6,"Hola, quisiera comprarla con 16 gb de ram y teclado español. me pueden ayudar?","['Hola! se puede pedir con 16 gb de ramm disco de 1 tb y teclado en español (con la tecla ñ)? qué precio tendría y cuánto tardaría en enviarse? gracias!', 'Hola, necesito pedir con teclado en español y con 16gb de ram, como puedo hacer la compra.?', 'Gracias por su respuesta anterior. cómo hago si quiero que el ram sea de 16 gb ?', 'Hola, quisiera comprarla con 16 gb de ram y teclado español. me pueden ayudar?', 'De los 512 GB cuántos están disponibles al ser nueva?']"
