1,can you test a 16gb microsd card to see if it fits this machine?,"['Is this compatible with two ""samsung 16gb ddr4 pc4-21300, 2666mhz""?', 'will this ram fit this computer? crucial ballistix sport lt 2666 mhz ddr4 dram laptop gaming memory single 8gb (pc4-21300) cl16 bls8g4s26bfsdk (gray)', 'Memory ram crucial ct8g4sfs8266 is compatible?', 'If i replace the 4 gb ram with this one, will it work? ----samsung 32gb ddr4 2666mhz ram memory module for laptop computers (260 pin sodimm, 1.2v) m47', 'What is the speedof the ram installed? 2400 or 2666? will this ram work?https://www.amazon.com/samsung-pc4-21300-2666mhz-sodimm-laptop/dp/b07hjb2ksr/', 'will this ram fit this computer? crucial 16gb kit (8gbx2) ddr4 2666 mt/s (pc4-21300) sr x8 sodimm 260-pin memory - ct2k8g4sfs8266', ""Hi, i have mta4atf51264hz-2g6e1 4gb ram preinstalled. ordered another 4gb kit ct4g4sfs8266. now i'm wonder will these kits be compatible?"", '8gb ddr4 2666 udim memory will it?', 'Will crucial 16gb single ddr4 2666 work on this laptop? 260 pin', 'I see 288 and 260 pin ddr4 2666mhz memory. please advise which this uses. thanks']"
2,how do i connect this to two external monitors?,"['I want to connect this with another monitor. What docking station would I need?', 'Is there a portable monitor that I can use to put on my table and enjoy my movie time with my friends? It should be well connected with my Acer.', 'Can you hook up to a second monitor?', 'Can a monitor be hooked up to this laptop?', 'Can you use two external displays with the 5-3500u cpu using a docking station?', 'Can i hook up an external monitor?', 'Can I connect this to two external monitors? If not what hub should I get?']"
3,does this card have a slot for sd cards?,"['Does it have a slot for sd cards?', 'Does this laptop have a SD card slot / input?', 'Does this laptop have a MicroSD card reader slot?', 'Can I add an SD card for more storage?', 'does this have a SD Slot for Pictures?', 'Why doesn’t it have an SD card slot?']"
4,is this laptop good for video editing?,"['Is this laptop good for streaming?', 'Is this laptop good for video editing?', 'I want to by this to edit and upload YouTube videos, is this good for that or are there any good suggestions for a different laptop if any?', 'Is this lap top any good for Videogames?', 'Would this be a good laptop for video editing?', 'Will this laptop be good for a USB mic podcasting?', 'Is this computer ryzen7 good for streaming HD?', 'Is the laptop great for video editing?']"
5,is this a good laptop for writing?,"['Is this laptop good for drawing, video editing, and/or animation? like krita, davinci resolve, and blender respectively?', 'Can this laptop handle adobe Illustrator/ photoshop well?', 'Is this a good laptop for writing?', 'Is the laptop great for coding software?', 'Is this Laptop good for photo editing (Photoshop/ Lightroom)?']"
6,can you remove s mode?,"['What are the major disadvantages to disabling S Mode?', 'How do I switch out of S mode?', 'Can you take off S mode?', 'Can you switch off S mode to regular windows ?', 'If you opt-out of S mode, does it void any warranties?', 'Does taking out of S mode go to Home or Pro?', 'What is difficult about windows 10 is s mode?']"
7,is this a touch screen pc?,"['Is this a android computer?', 'Is this computer touch screen?', 'Does this computer have a touchscreen?', 'Does this have a touch screen?', 'Is this a touch screen laptop?']"
8,is a ryzen 3 3350u better than a amd ryzen 3 3000 for minecraft or games?,"['is a ryzen 3 3350u better than a amd ryzen 3 3000 for minecraft or games?', 'What is the difference between the amd ryzen 3 3200u and the amd ryzen 3 3350u quad-core mobile processor? is one laptop better than the other?', 'is there any major difference between ryzen 3 and ryzen 5 models besides the processor?', 'Is it cheaper to get the ryzen 3 and upgrade ram and ssd or get the ryzen 5', 'Can the one with amd ryzen 3 3200u run minecraft and roblox?']"
9,Does this laptop require buying windows 10 to get out of S mode?,"['Why does the microsoft store say i am ""running non-genuine windows 10 home"" when i attempt to switch out of s mode? it won\'t allow a switch.', ""There's no charge to switch out of s mode. on your pc running windows 10 in s mode, open settings > update & security > activation. in the switch???"", 'What edition of Windows 10 is it when taken out of S mode?', 'Does this laptop require buying windows 10 to get out of S mode?', 'Does the computer only come in s mode? has anyone received a device that was not in windows 10 s mode?']"
10,"Si quiero aumentarle una memoria ram de 8gb, cuál recomiendan?","['Buenas, quiero una recomendación sobre un buen ssd 500gb ( buena marca ), también quiero expandir la memoria ram a 32gb cuáles me recomiendan?! gracia', 'Hola, recién adquirí esta laptop, cual Hdd de 1tb, Ram 16gb para poder expandir', 'La Memoria Ram se puede expandir a 16gb?', 'Se le puede colocar una tarjeta ram de 16g en un lado y en el otro dejarle la de 4gb que trajo? soy un neófito en cuanto a computadoras', 'Si quiero aumentarle una memoria ram de 8gb, cuál recomiendan?']"
11,is this touchscreen?,"['Is this a touchscreen?', 'is this a tuch screen?', 'Does it have a touch screen?', 'Is it a touchscreen?', 'Is it touch screen?', 'Is this computer touchscreen?', 'Is ths non touch screen??', 'Is this laptop or notebook a touchscreen?', 'Is this touchscreen?']"
12,how much memory does a laptop have?,"['How many ram expansion slots are there? what is the maximum ram for this computer? is it ssd?', 'How many Ram slots are in this laptop? 1x8gb or 2x4gb?', 'What are specifications of ram and ssd? i am planning to upgrade ram and memory', 'how much ram does the laptop come with?', 'The ryzen 7 8gb ram version, how many ram slots have and how many are used? which kind of ram can be use to upgrade this laptop?']"
13,will this be helpful for gaming?,"['Does this computer work well when online gaming?', 'Is it good for gaming?', 'Is this a good laptop to play sims 4 on?', 'Is this a good laptop for runescape?', 'Does this laptop play pc games like geforce', 'Is this a good computer for playing sims?', 'Can this be used as a gaming laptop?', 'Would this computer be good for gaming?', 'What gaming can you do on this laptop?']"
14,i want to upgrade my ram what kind of ram should i get?,"['How do I upgrade the memory and hardware (and recommendations)?', 'I want to upgrade the ram what kind of ram should i get', 'What brand or type of ram should I buy to upgrade? Thanks', 'how do i upgrade to 16g memory?', 'can you upgrade the ram?', 'Is it possible to upgrade the ram to 16gb, or even 32?']"
15,what is s mode?,"['What does S mode mean', 'What does ot mean S Mode?', 'what is S mode?', 'What is windows s mode?', 'What is s mode and what does it do?']"
16,is there a memory option for the ryzen 5 3500u and why?,"['Does this have the same upgrade options as the ryzen 3 version? i.e. 2 ram slots, one m.2, and one 2.5""? also, is the ram configured in dual-channel?', 'How many ram slots does the ryzen 5 8gb version has?', 'Please clarify which processor uses this equipment, amd ryzen 3 3200u or amd ryzen 3 2200u', 'Is the 3500u version running on dual channel ram?', 'The Ryzen 5 3500u version comes with 1x8 or 2x4 memory ram?', 'The ryzen 5 version is 2 slots of 4 gb or 1 of 8gb?', 'Which is the frequency ram on the Ryzen 5 3500u version ? 2400 or 2666?', ""Is the ram in dual channel (2x4gb)? Isn't R5 3500u a quad-core processor? And are the keyboards backlit?"", 'The ryzen 5 version comes with 8gb ram and 256gb pci ? and it comes with the 4 screws for the sdd in the box? thank you very much', 'For the ryzen 5 3500u w 8gb ram... does this have 1 stick of 8 gb ram installed? or 2 sticks of 4gb installed?', 'How much ram can it support? And are both slots removable or only one?', 'does the acer aspire 5 ryzen 5 3500u A515-43-R5RE come with two removable ram slots? with one? or is there a second one soldered in?']"
17,is this laptop compatible with apple products?,"['Is this laptop compatible with Apple?', 'does this laptop come with a fingerprint reader ?', 'Is this laptop linux compatible?', 'Hello, I want to buy this laptop. Is it have fingerprint?', 'Is this a good quality laptop?']"
18,can you list the options for upgrading ssd?,"['Can you add a second SSD hard drive without any modifications other then adding to this computer', 'Can i add a second 1tb ssd drive? If so will the 128gb already in, add to it?', 'What are the exact specifications for the ssd if i want another. do i have to replace, or is there a spot for another additional ssd?', 'do I need to get a cable to add a second 2.5"" ssd? What kind of cable do I need and where can I get it?', 'what are the options for upgrading the ssd? What kind of drive can go in the second slot? Does it require a cable?']"
19,Does it have a web cam,"['Does it have a web cam', 'Does this come with a web cam privacy shutter?', 'Does it have a camera', 'Does this have a web cam?', 'Does this have built in screen recorder?']"
20,This have a single slot for ram or two? so i can know if i buy an 8gb ram to replace the original.,"['This have a single slot for ram or two? so i can know if i buy an 8gb ram to replace the original.', 'Where can I buy an identical ram stick for this?', ""in the description say it comes with 8gb ram, but you say it've 4gb, how much it comes really"", 'You can be more acurrurate please with the model of the ram? Im searching in amazon before order this laptop, but I dont find it.', 'Is the ram dual channel for the 8gb model 256gb ssd? if so, which ram upgrades are the best? does this laptop have space for another storage drive?', 'Can anyone recommend the exact brand and model of ram stick to purchase to upgrade this system? i either wanna add a 4gb stick or two new 8 gb sticks', 'What is the existing ram? 2666 or 3200? cause ram upgrade should be compatible to existing ones. thanks.']"
21,How much Ram?,"['Is the ram upgradable from 4gb to 8gb?', 'Can be RAM upgraded ??', 'What sort of games could this handle with and without upgrading ram?', 'Can I mix the ram? As in adding 8 gigs with the current 4 gigs?', 'How much Ram?']"
22,Can this run games like dota 2 and gta V?,"['Can this run games like dota 2 and gta V?', 'Will this be able to run grand theft auto v?', 'can it run games like fortnite and Minecraft?', 'Will i be able to play GTA 5 and warzone smoothly on this?', 'Can this run games like csgo, rust and gta?']"
23,is it compatible with hp printers?,"['Can I connect a printer to it?', 'is this computer compatible with the hp envy 5055 wireless printer', 'Is it compatible with hp printer?', 'What kind of printer you need for this labtop', 'Would this laptop be compatible with my HP wireless printer?', 'My canon 3922 printer will not hook up with this, what printer will work with this?']"
